timestamp,temperature
1996-11-01-11:00,30
1996-11-01-12:00,28
1996-11-01-13:00,24
1996-11-01-14:00,24
1996-11-01-16:00,23
1996-11-01-17:00,21
1996-11-01-18:00,21
1996-11-01-19:00,21
1996-11-01-20:00,19
1996-11-01-21:00,19
1996-11-01-22:00,19
1996-11-01-23:00,19
1996-11-02-00:00,19
1996-11-02-01:00,19
1996-11-02-02:00,20
1996-11-02-03:00,22
1996-11-02-04:00,23
1996-11-02-05:00,26
1996-11-02-06:00,28
1996-11-02-07:00,30
1996-11-02-08:00,31
1996-11-02-09:00,31
1996-11-02-10:00,31
1996-11-02-11:00,30
1996-11-02-12:00,27
1996-11-02-13:00,25
1996-11-02-14:00,22
1996-11-02-15:00,21
1996-11-02-16:00,19
1996-11-02-17:00,20
1996-11-02-18:00,19
1996-11-02-19:00,19
1996-11-02-20:00,17
1996-11-02-21:00,17
1996-11-02-22:00,17
1996-11-02-23:00,17
1996-11-03-00:00,17
1996-11-03-01:00,16
1996-11-03-02:00,17
1996-11-03-03:00,19
1996-11-03-04:00,22
1996-11-03-05:00,22
1996-11-03-06:00,26
1996-11-03-07:00,28
1996-11-03-08:00,28
1996-11-03-09:00,29
1996-11-03-10:00,29
1996-11-03-11:00,27
1996-11-03-12:00,26
1996-11-03-13:00,22
1996-11-03-14:00,22
1996-11-03-15:00,21
1996-11-03-16:00,21
1996-11-03-17:00,20
1996-11-03-18:00,20
1996-11-03-19:00,19
1996-11-03-20:00,19
1996-11-03-21:00,19
1996-11-03-22:00,17
1996-11-03-23:00,17
1996-11-04-00:00,18
1996-11-04-01:00,15
1996-11-04-02:00,17
1996-11-04-03:00,20
1996-11-04-05:00,26
1996-11-04-06:00,28
1996-11-04-07:00,28
1996-11-04-08:00,29
1996-11-04-09:00,29
1996-11-04-10:00,29
1996-11-04-11:00,27
1996-11-04-12:00,25
1996-11-04-13:00,23
1996-11-04-16:00,21
1996-11-04-17:00,21
1996-11-04-18:00,18
1996-11-04-19:00,18
1996-11-04-21:00,17
1996-11-05-04:00,24
1996-11-05-05:00,26
1996-11-05-06:00,29
1996-11-05-07:00,30
1996-11-05-08:00,30
1996-11-06-07:00,28
1996-11-06-08:00,29
1996-11-06-09:00,29
1996-11-06-10:00,29
1996-11-06-11:00,28
1996-11-06-12:00,25
1996-11-06-13:00,24
1996-11-06-14:00,20
1996-11-06-15:00,19
1996-11-06-17:00,19
1996-11-06-18:00,19
1996-11-06-19:00,18
1996-11-06-20:00,17
1996-11-06-21:00,16
1996-11-06-22:00,16
1996-11-06-23:00,15
1996-11-07-00:00,15
1996-11-07-01:00,17
1996-11-07-02:00,18
1996-11-07-03:00,19
1996-11-07-04:00,23
1996-11-07-05:00,25
1996-11-07-06:00,27
1996-11-07-07:00,29
1996-11-07-08:00,29
1996-11-07-09:00,30
1996-11-07-10:00,30
1996-11-07-11:00,29
1996-11-07-12:00,25
1996-11-07-13:00,24
1996-11-07-14:00,22
1996-11-07-15:00,20
1996-11-07-16:00,19
1996-11-07-17:00,19
1996-11-07-18:00,19
1996-11-07-19:00,18
1996-11-07-20:00,17
1996-11-07-21:00,17
1996-11-07-22:00,16
1996-11-07-23:00,15
1996-11-08-00:00,15
1996-11-08-01:00,15.5
1996-11-08-02:00,16
1996-11-08-03:00,18
1996-11-08-04:00,21
1996-11-08-05:00,24
1996-11-08-06:00,27
1996-11-08-07:00,28
1996-11-08-08:00,29
1996-11-08-09:00,29
1996-11-08-10:00,28
1996-11-08-11:00,27
1996-11-08-12:00,23
1996-11-08-13:00,21
1996-11-08-14:00,21
1996-11-08-15:00,20
1996-11-08-16:00,20
1996-11-08-17:00,19
1996-11-08-18:00,19
1996-11-08-19:00,18
1996-11-08-20:00,17
1996-11-08-21:00,17
1996-11-08-22:00,16
1996-11-08-23:00,16
1996-11-09-00:00,16
1996-11-09-01:00,15
1996-11-09-02:00,16
1996-11-09-03:00,18
1996-11-09-04:00,21
1996-11-09-05:00,24
1996-11-09-07:00,27
1996-11-09-08:00,28
1996-11-09-09:00,28
1996-11-09-11:00,27
1996-11-09-12:00,25
1996-11-09-13:00,21
1996-11-09-14:00,20
1996-11-09-15:00,19
1996-11-09-16:00,19
1996-11-09-17:00,18
1996-11-09-18:00,17
1996-11-09-19:00,17
1996-11-09-20:00,17
1996-11-09-21:00,15
1996-11-09-22:00,15
1996-11-09-23:00,15
1996-11-10-00:00,14
1996-11-10-01:00,14
1996-11-10-02:00,15
1996-11-10-03:00,18
1996-11-10-04:00,22
1996-11-10-05:00,24
1996-11-10-06:00,26
1996-11-10-07:00,28
1996-11-10-08:00,29
1996-11-10-09:00,29
1996-11-10-10:00,29
1996-11-10-11:00,27
1996-11-10-12:00,23
1996-11-10-13:00,21
1996-11-10-15:00,18
1996-11-10-16:00,19
1996-11-10-18:00,18
1996-11-10-19:00,17
1996-11-10-20:00,16
1996-11-10-21:00,15
1996-11-10-22:00,14
1996-11-10-23:00,14
1996-11-11-00:00,14
1996-11-11-01:00,15
1996-11-11-02:00,18
1996-11-11-03:00,19
1996-11-11-04:00,24
1996-11-11-05:00,27
1996-11-11-06:00,28
1996-11-11-07:00,29
1996-11-11-08:00,30
1996-11-11-09:00,28
1996-11-11-10:00,29
1996-11-11-11:00,28
1996-11-11-12:00,24
1996-11-11-13:00,23
1996-11-11-14:00,22
1996-11-11-15:00,20
1996-11-11-16:00,20
1996-11-11-17:00,20
1996-11-11-18:00,19
1996-11-11-19:00,20
1996-11-11-20:00,18
1996-11-11-21:00,17
1996-11-11-22:00,16
1996-11-12-00:00,16
1996-11-12-01:00,16
1996-11-12-02:00,21
1996-11-12-03:00,24
1996-11-12-04:00,26
1996-11-12-05:00,28
1996-11-12-06:00,30
1996-11-12-07:00,30
1996-11-12-08:00,31
1996-11-12-09:00,31
1996-11-12-10:00,30
1996-11-12-11:21,28
1996-11-12-12:00,25
1996-11-12-13:00,24
1996-11-12-14:00,23
1996-11-12-15:00,22
1996-11-12-16:00,22
1996-11-12-17:00,21
1996-11-12-18:00,21
1996-11-12-19:00,19
1996-11-12-20:00,20
1996-11-12-21:00,20
1996-11-12-22:00,18
1996-11-12-23:00,17
1996-11-13-00:00,17
1996-11-13-01:00,19
1996-11-13-02:00,20
1996-11-13-03:00,21
1996-11-13-04:00,25
1996-11-13-05:00,25
1996-11-13-06:00,26
1996-11-13-07:00,28
1996-11-13-08:00,34
1996-11-13-09:00,28
1996-11-13-10:00,28
1996-11-13-11:00,27
1996-11-13-12:00,25
1996-11-13-13:00,23
1996-11-13-14:00,22
1996-11-13-15:00,21
1996-11-13-17:00,21
1996-11-13-18:00,21
1996-11-13-19:00,20
1996-11-13-20:00,19
1996-11-13-21:00,21
1996-11-13-22:00,23
1996-11-13-23:00,20
1996-11-14-00:00,20
1996-11-14-01:00,21
1996-11-14-04:00,22
1996-11-14-05:00,25
1996-11-14-06:00,26
1996-11-14-07:00,27
1996-11-14-08:00,28
1996-11-14-09:00,28
1996-11-14-10:00,28
1996-11-14-11:00,27
1996-11-14-12:00,24
1996-11-14-13:00,21
1996-11-14-14:00,19
1996-11-14-15:00,19
1996-11-14-20:00,16
1996-11-14-21:00,15
1996-11-14-22:00,14
1996-11-14-23:00,14
1996-11-15-00:00,14
1996-11-15-01:00,14
1996-11-15-03:00,15
1996-11-15-05:00,22
1996-11-15-06:00,23
1996-11-15-07:00,25
1996-11-15-08:00,26
1996-11-15-11:00,24
1996-11-15-12:00,22
1996-11-15-13:00,19
1996-11-15-16:00,17
1996-11-15-17:00,16
1996-11-15-18:00,15
1996-11-15-19:00,14
1996-11-15-20:00,14
1996-11-15-21:00,13
1996-11-15-22:00,12
1996-11-15-23:00,12
1996-11-16-00:00,11
1996-11-16-01:00,11
1996-11-16-02:00,12
1996-11-16-03:00,15
1996-11-16-04:00,17
1996-11-16-05:00,19
1996-11-16-06:00,21.5
1996-11-16-07:00,24
1996-11-16-08:00,25
1996-11-16-09:00,25
1996-11-16-10:00,25
1996-11-16-15:00,17
1996-11-16-16:00,16
1996-11-16-17:00,15
1996-11-16-18:00,14
1996-11-16-19:00,14
1996-11-16-21:00,11
1996-11-16-22:00,11
1996-11-17-00:00,10
1996-11-17-01:00,11
1996-11-17-02:00,11
1996-11-17-03:00,14
1996-11-17-04:00,18
1996-11-17-05:00,21
1996-11-17-06:00,23
1996-11-17-07:00,25
1996-11-17-08:00,25
1996-11-17-09:00,26
1996-11-17-10:00,25
1996-11-17-11:00,24
1996-11-17-12:00,22
1996-11-17-13:00,18
1996-11-17-14:00,17
1996-11-17-15:00,17
1996-11-17-16:00,17
1996-11-17-17:00,16
1996-11-17-18:00,14
1996-11-17-19:00,14
1996-11-17-20:00,14
1996-11-17-21:00,13
1996-11-17-22:00,12
1996-11-17-23:00,12
1996-11-18-00:00,13
1996-11-18-01:00,13
1996-11-18-02:00,15
1996-11-18-03:00,17
1996-11-18-04:00,22
1996-11-18-05:00,25
1996-11-18-10:00,28
1996-11-18-11:00,25
1996-11-18-12:00,21
1996-11-18-13:00,21
1996-11-18-14:00,20
1996-11-18-15:00,19
1996-11-18-16:00,18
1996-11-18-17:00,17
1996-11-18-18:00,16
1996-11-18-19:00,17
1996-11-18-21:00,15
1996-11-18-22:00,17
1996-11-18-23:00,15
1996-11-19-00:00,16
1996-11-19-01:00,16
1996-11-19-02:00,17
1996-11-19-03:00,19
1996-11-19-04:00,20
1996-11-19-05:00,24
1996-11-19-06:00,24
1996-11-19-07:00,25
1996-11-19-08:00,25
1996-11-19-09:00,25
1996-11-19-10:00,25
1996-11-19-11:00,23
1996-11-19-12:00,19
1996-11-19-13:00,17
1996-11-19-15:00,17
1996-11-19-16:00,16
1996-11-19-17:00,17
1996-11-19-18:00,16
1996-11-19-19:00,16
1996-11-19-20:00,16
1996-11-19-21:00,15
1996-11-19-22:00,17
1996-11-19-23:00,17
1996-11-20-00:00,17
1996-11-20-01:00,17
1996-11-20-02:00,22
1996-11-20-03:00,19
1996-11-20-05:00,22
1996-11-20-06:00,23
1996-11-20-08:00,25
1996-11-20-09:00,25
1996-11-20-10:00,23
1996-11-20-11:00,22
1996-11-20-12:00,21
1996-11-20-13:00,20
1996-11-20-14:00,21
1996-11-20-15:00,20
1996-11-20-16:00,20
1996-11-20-17:00,19
1996-11-20-18:00,19
1996-11-20-19:00,16
1996-11-20-20:00,17
1996-11-20-21:00,16
1996-11-20-22:00,14
1996-11-20-23:00,14
1996-11-21-01:00,14
1996-11-21-02:00,15
1996-11-21-03:00,15
1996-11-21-04:00,16
1996-11-21-05:00,19
1996-11-21-06:00,22
1996-11-21-07:00,23
1996-11-21-08:00,25
1996-11-21-09:00,25
1996-11-21-10:00,25
1996-11-21-12:00,20
1996-11-21-13:00,19
1996-11-21-14:00,19
1996-11-21-15:00,19
1996-11-21-16:00,17
1996-11-21-17:00,17
1996-11-21-18:00,16
1996-11-21-19:00,15
1996-11-21-20:00,13
1996-11-21-21:00,13
1996-11-21-22:00,11
1996-11-21-23:00,11
1996-11-22-00:00,11
1996-11-22-02:00,12
1996-11-22-03:00,12
1996-11-22-04:00,16
1996-11-22-05:00,19
1996-11-22-10:00,23
1996-11-22-11:00,21
1996-11-22-12:00,19
1996-11-22-13:00,16
1996-11-22-14:00,15
1996-11-22-15:00,14
1996-11-22-16:00,15
1996-11-22-17:00,13
1996-11-22-18:00,13
1996-11-22-19:00,13
1996-11-22-21:00,12
1996-11-22-22:00,12
1996-11-22-23:00,12
1996-11-23-01:00,12
1996-11-23-02:00,14
1996-11-23-03:00,14
1996-11-23-04:00,17
1996-11-23-05:00,19
1996-11-23-06:00,20
1996-11-23-07:00,21
1996-11-23-08:00,22
1996-11-23-09:00,23
1996-11-23-10:00,22
1996-11-23-11:00,21
1996-11-23-12:00,19
1996-11-23-13:00,17
1996-11-23-14:00,16
1996-11-23-15:00,15
1996-11-23-16:00,15
1996-11-23-17:00,14
1996-11-23-18:00,14
1996-11-23-19:00,13
1996-11-23-20:00,12
1996-11-23-21:00,12
1996-11-23-22:00,11
1996-11-23-23:00,10
1996-11-24-00:00,10
1996-11-24-04:00,16
1996-11-24-05:00,19
1996-11-24-06:00,21
1996-11-24-07:00,22
1996-11-24-08:00,24
1996-11-24-09:00,24
1996-11-24-10:00,24
1996-11-24-11:00,22
1996-11-24-12:00,19
1996-11-24-13:00,16
1996-11-24-14:00,17
1996-11-24-15:00,16
1996-11-24-16:00,15
1996-11-24-17:00,13
1996-11-24-18:00,14
1996-11-24-19:00,12
1996-11-24-20:00,13
1996-11-24-21:00,11
1996-11-24-22:00,12
1996-11-24-23:00,11
1996-11-25-00:00,11
1996-11-25-01:00,12
1996-11-25-02:00,13
1996-11-25-03:00,15
1996-11-25-04:00,17
1996-11-25-05:00,20
1996-11-25-06:00,22
1996-11-25-08:00,24
1996-11-25-09:00,24
1996-11-25-10:00,25
1996-11-25-11:00,23
1996-11-25-12:00,20
1996-11-25-13:00,17
1996-11-25-14:00,17
1996-11-25-15:00,16
1996-11-25-16:00,15
1996-11-25-17:00,15
1996-11-25-18:00,14
1996-11-25-19:00,14
1996-11-25-23:00,12
1996-11-26-00:00,13
1996-11-26-01:00,12
1996-11-26-02:00,16
1996-11-26-03:00,17
1996-11-26-04:00,21
1996-11-26-05:00,25
1996-11-26-06:00,25
1996-11-26-07:00,27
1996-11-26-08:00,27
1996-11-26-09:00,27
1996-11-26-10:00,28
1996-11-26-11:00,24
1996-11-26-12:00,21
1996-11-26-13:00,19
1996-11-26-15:00,18
1996-11-26-16:00,17
1996-11-26-17:00,17
1996-11-26-18:00,15
1996-11-26-19:00,15
1996-11-26-20:00,15
1996-11-26-21:00,15
1996-11-26-22:00,14
1996-11-26-23:00,14
1996-11-27-00:00,13
1996-11-27-01:00,14
1996-11-27-02:00,15
1996-11-27-04:00,20
1996-11-27-05:00,23
1996-11-27-07:00,25
1996-11-27-08:00,25
1996-11-27-09:00,25
1996-11-27-10:00,24
1996-11-27-12:00,21
1996-11-27-13:00,18
1996-11-27-14:00,17
1996-11-27-15:00,16
1996-11-27-16:00,16
1996-11-27-17:00,15
1996-11-27-18:00,15
1996-11-27-19:00,14
1996-11-27-22:00,13
1996-11-27-23:00,12
1996-11-28-01:00,13
1996-11-28-02:00,15
1996-11-28-05:00,21
1996-11-28-06:00,23
1996-11-28-08:00,25
1996-11-28-09:00,24
1996-11-28-10:00,24
1996-11-28-11:00,23
1996-11-28-12:00,20
1996-11-28-13:00,17
1996-11-28-14:00,15
1996-11-28-15:00,17
1996-11-28-16:00,17
1996-11-28-17:00,13
1996-11-28-18:00,14
1996-11-28-19:00,14
1996-11-28-20:00,12
1996-11-28-21:00,12
1996-11-28-22:00,10
1996-11-29-09:00,23
1996-11-29-13:00,16
1996-11-29-14:00,15
1996-11-29-16:00,12
1996-11-29-17:00,12
1996-11-29-18:00,11
1996-11-29-19:00,10
1996-11-29-20:00,10
1996-11-29-21:00,10
1996-11-29-23:00,9
1996-11-30-00:00,9
1996-11-30-01:00,9
1996-11-30-02:00,10
1996-11-30-03:00,12
1996-11-30-04:00,15
1996-11-30-05:00,19
1996-11-30-06:00,21
1996-11-30-07:00,21
1996-11-30-08:00,22
1996-11-30-09:00,22
1996-11-30-10:00,22
1996-11-30-13:00,16
1996-11-30-14:00,14
1996-11-30-15:00,14
1996-11-30-16:00,13
1996-11-30-17:00,12
1996-11-30-18:00,11
1996-11-30-19:00,11
1996-11-30-20:00,11
1996-11-30-21:00,10
1996-11-30-22:00,9
1996-11-30-23:00,10
1996-12-01-00:00,9
1996-12-01-01:00,10
1996-12-01-02:00,11
1996-12-01-03:00,12
1996-12-01-04:00,15
1996-12-01-05:00,18
1996-12-01-06:00,20
1996-12-01-07:00,21
1996-12-01-10:00,22
1996-12-01-11:00,21
1996-12-01-12:00,18
1996-12-01-13:00,15
1996-12-01-14:00,14
1996-12-01-15:00,13
1996-12-01-16:00,13
1996-12-01-17:00,11
1996-12-01-18:00,13
1996-12-01-19:00,11
1996-12-01-20:00,11
1996-12-01-21:00,11
1996-12-01-22:00,9
1996-12-01-23:00,9
1996-12-02-01:00,9
1996-12-02-04:00,14
1996-12-02-05:00,17
1996-12-02-06:00,19
1996-12-02-07:00,21
1996-12-02-08:00,22
1996-12-02-09:00,23
1996-12-02-10:00,23
1996-12-02-11:00,21
1996-12-02-12:00,17
1996-12-02-13:00,16
1996-12-02-14:00,15
1996-12-02-15:00,13
1996-12-02-16:00,14
1996-12-02-17:00,13
1996-12-02-18:00,12
1996-12-02-19:00,12
1996-12-02-20:00,10
1996-12-02-21:00,11
1996-12-02-22:00,9
1996-12-02-23:00,10
1996-12-03-01:00,9
1996-12-03-03:00,15
1996-12-03-04:00,15
1996-12-03-05:00,19
1996-12-03-06:00,21
1996-12-03-08:00,22
1996-12-03-09:00,23
1996-12-03-10:00,22
1996-12-03-11:00,20
1996-12-03-12:00,18
1996-12-03-13:00,16
1996-12-03-14:00,16
1996-12-03-15:00,15
1996-12-03-16:00,14
1996-12-03-17:00,14
1996-12-03-18:00,13
1996-12-03-19:00,12
1996-12-03-20:00,12
1996-12-03-21:00,11
1996-12-04-00:00,11
1996-12-04-01:00,13
1996-12-04-02:00,14
1996-12-04-03:00,14
1996-12-04-04:00,15
1996-12-04-05:00,18
1996-12-04-06:00,21
1996-12-04-07:00,22
1996-12-04-08:00,23
1996-12-04-09:00,24
1996-12-04-10:00,24
1996-12-04-11:00,23
1996-12-04-13:00,16
1996-12-04-14:00,15
1996-12-04-15:00,15
1996-12-04-16:00,14
1996-12-04-17:00,14
1996-12-04-18:00,13
1996-12-04-19:00,12
1996-12-04-21:00,10
1996-12-04-22:00,10
1996-12-05-03:00,13
1996-12-05-04:00,15
1996-12-05-05:00,16
1996-12-05-06:00,19
1996-12-05-07:00,19
1996-12-05-08:00,21
1996-12-05-09:00,21
1996-12-05-10:00,21
1996-12-05-11:00,20
1996-12-05-12:00,19
1996-12-05-13:00,16
1996-12-05-15:00,14
1996-12-05-17:00,14
1996-12-05-18:00,14
1996-12-05-19:00,13
1996-12-05-20:00,14
1996-12-05-21:00,13
1996-12-05-22:00,10
1996-12-05-23:00,10
1996-12-06-00:00,10
1996-12-06-01:00,10
1996-12-06-02:00,11
1996-12-06-03:00,12
1996-12-06-04:00,15
1996-12-06-05:00,17
1996-12-06-06:00,20
1996-12-06-07:00,21
1996-12-06-09:00,22
1996-12-06-10:00,22
1996-12-06-11:00,21
1996-12-06-12:00,18
1996-12-06-13:00,16
1996-12-06-14:00,15
1996-12-06-15:00,13
1996-12-06-16:00,14
1996-12-06-17:00,12
1996-12-06-18:00,12
1996-12-06-19:00,12
1996-12-06-20:00,11
1996-12-06-21:00,9
1996-12-06-22:00,8
1996-12-06-23:00,8
1996-12-07-00:00,8
1996-12-07-01:00,7
1996-12-07-03:00,10
1996-12-07-04:00,14
1996-12-07-05:00,16
1996-12-07-06:00,18
1996-12-07-07:00,20
1996-12-07-08:00,20
1996-12-07-11:00,19
1996-12-07-12:00,15
1996-12-07-13:00,14
1996-12-07-14:00,12
1996-12-07-15:00,12
1996-12-07-16:00,10
1996-12-07-17:00,9
1996-12-07-18:00,9
1996-12-07-19:00,8
1996-12-07-20:00,8
1996-12-07-21:00,7
1996-12-07-22:00,7
1996-12-07-23:00,6
1996-12-08-00:00,5
1996-12-08-01:00,5
1996-12-08-02:00,6
1996-12-08-03:00,8
1996-12-08-04:00,12
1996-12-08-05:00,15
1996-12-08-06:00,17
1996-12-08-07:00,19
1996-12-08-08:00,19
1996-12-08-09:00,19
1996-12-08-10:00,19
1996-12-08-11:00,17
1996-12-08-12:00,16
1996-12-08-13:00,12
1996-12-08-14:00,11
1996-12-08-15:00,10
1996-12-08-16:00,9
1996-12-08-18:00,7
1996-12-08-19:00,7
1996-12-08-20:00,7
1996-12-08-21:00,5
1996-12-08-22:00,5
1996-12-08-23:00,5
1996-12-09-00:00,5
1996-12-09-01:00,4
1996-12-09-02:00,6
1996-12-09-03:00,9
1996-12-09-04:00,13
1996-12-09-05:00,16
1996-12-09-06:00,18
1996-12-09-07:00,18
1996-12-09-08:00,19
1996-12-09-09:00,20
1996-12-09-10:00,19
1996-12-09-11:00,18
1996-12-09-12:00,15
1996-12-09-15:00,10
1996-12-09-16:00,9
1996-12-09-17:00,9
1996-12-09-18:00,7
1996-12-09-19:00,8
1996-12-09-20:00,7
1996-12-09-21:00,7
1996-12-09-22:00,6
1996-12-09-23:00,5
1996-12-10-00:00,4
1996-12-10-01:00,4
1996-12-10-02:00,5
1996-12-10-03:00,7
1996-12-10-04:00,12
1996-12-10-05:00,14
1996-12-10-06:00,17
1996-12-10-07:00,19
1996-12-10-08:00,20
1996-12-10-09:00,20.5
1996-12-10-10:00,21
1996-12-10-11:00,18
1996-12-10-12:00,17
1996-12-10-13:00,13
1996-12-10-14:00,12
1996-12-10-15:00,10
1996-12-10-16:00,9
1996-12-10-17:00,8.5
1996-12-10-18:00,8
1996-12-10-19:00,8
1996-12-10-20:00,8
1996-12-10-21:00,6
1996-12-10-22:00,6
1996-12-10-23:00,5
1996-12-11-00:00,5
1996-12-11-01:00,5
1996-12-11-02:00,6
1996-12-11-07:00,13
1996-12-11-08:00,20
1996-12-11-09:00,21
1996-12-11-10:00,21
1996-12-11-12:00,16
1996-12-11-13:00,13
1996-12-11-14:00,12
1996-12-11-15:00,11
1996-12-11-17:00,10
1996-12-11-18:00,9
1996-12-11-19:00,8
1996-12-11-20:00,7
1996-12-11-21:00,17
1996-12-11-22:00,7
1996-12-11-23:00,6
1996-12-12-00:00,6
1996-12-12-01:00,6
1996-12-12-02:00,6
1996-12-12-03:00,9
1996-12-12-04:00,13
1996-12-12-06:00,18
1996-12-12-07:00,20
1996-12-12-10:00,21
1996-12-12-13:00,15
1996-12-12-14:00,14
1996-12-12-15:00,13
1996-12-12-16:00,11
1996-12-12-17:00,10
1996-12-12-19:00,9
1996-12-12-20:00,8
1996-12-12-22:00,7
1996-12-12-23:00,7
1996-12-13-00:00,6
1996-12-13-01:00,6
1996-12-13-02:00,8
1996-12-13-03:00,10
1996-12-13-04:00,12
1996-12-13-05:00,16
1996-12-13-06:00,17
1996-12-13-07:00,19
1996-12-13-08:00,20
1996-12-13-09:00,21
1996-12-13-10:00,21
1996-12-13-11:00,19
1996-12-13-12:00,16
1996-12-13-13:00,14
1996-12-13-15:00,12
1996-12-13-17:00,12
1996-12-13-18:00,10
1996-12-13-19:00,9
1996-12-13-21:00,7
1996-12-13-22:00,7
1996-12-13-23:00,7
1996-12-14-00:00,7
1996-12-14-01:00,7
1996-12-14-02:00,8
1996-12-14-03:00,9
1996-12-14-04:00,12
1996-12-14-05:00,15
1996-12-14-06:00,18
1996-12-14-07:00,19
1996-12-14-08:00,20
1996-12-14-09:00,21
1996-12-14-10:00,21
1996-12-14-11:00,19
1996-12-14-12:00,16
1996-12-14-13:00,14
1996-12-14-14:00,13
1996-12-14-16:00,10
1996-12-14-17:00,10
1996-12-14-19:00,8
1996-12-14-20:00,8
1996-12-14-21:00,7
1996-12-14-22:00,7
1996-12-14-23:00,7
1996-12-15-00:00,6
1996-12-15-01:00,5
1996-12-15-02:00,6
1996-12-15-03:00,9
1996-12-15-04:00,13
1996-12-15-05:00,16
1996-12-15-08:00,21
1996-12-15-10:00,21
1996-12-15-11:00,19
1996-12-15-12:00,16
1996-12-15-13:00,15
1996-12-15-14:00,14
1996-12-15-15:00,12
1996-12-15-16:00,12
1996-12-15-17:00,12
1996-12-15-18:00,12
1996-12-15-20:00,10
1996-12-15-21:00,9
1996-12-15-22:00,8
1996-12-16-00:00,8
1996-12-16-01:00,7
1996-12-16-02:00,10
1996-12-16-03:00,12
1996-12-16-05:00,17
1996-12-16-06:00,20
1996-12-16-07:00,21
1996-12-16-08:00,22
1996-12-16-09:00,23
1996-12-16-10:00,22
1996-12-16-11:00,21
1996-12-16-12:00,15
1996-12-16-13:00,15
1996-12-16-14:00,13
1996-12-16-15:00,14
1996-12-16-16:00,13
1996-12-16-17:00,13
1996-12-16-18:00,11
1996-12-16-19:00,12
1996-12-16-20:00,12
1996-12-16-21:00,11
1996-12-16-22:00,10
1996-12-16-23:00,8
1996-12-17-00:00,8
1996-12-17-01:00,9
1996-12-17-02:00,11
1996-12-17-03:00,17
1996-12-17-05:00,21
1996-12-17-06:00,21
1996-12-17-07:00,23
1996-12-17-08:00,23
1996-12-17-09:00,23
1996-12-17-10:00,23
1996-12-17-11:00,21
1996-12-17-13:00,17
1996-12-17-14:00,14
1996-12-17-15:00,13
1996-12-17-16:00,12
1996-12-17-17:00,12
1996-12-17-18:00,9
1996-12-17-19:00,9
1996-12-17-20:00,9
1996-12-17-21:00,8
1996-12-17-22:00,9
1996-12-17-23:00,8
1996-12-18-00:00,8
1996-12-18-01:00,8
1996-12-18-02:00,9.5
1996-12-18-03:00,11
1996-12-18-04:00,17
1996-12-18-05:00,14
1996-12-18-06:00,17
1996-12-18-07:00,19
1996-12-18-08:00,20
1996-12-18-09:00,20
1996-12-18-10:00,20
1996-12-18-11:00,19
1996-12-18-12:00,16
1996-12-18-13:00,14
1996-12-18-14:00,13
1996-12-18-15:00,11
1996-12-18-16:00,10
1996-12-18-17:00,11
1996-12-18-18:00,10
1996-12-18-19:00,8
1996-12-18-20:00,9
1996-12-18-21:00,8
1996-12-18-22:00,7
1996-12-18-23:00,7
1996-12-19-01:00,7
1996-12-19-03:00,9
1996-12-19-05:00,15
1996-12-19-06:00,18
1996-12-19-07:00,19
1996-12-19-08:00,19
1996-12-19-09:00,20
1996-12-19-10:00,20
1996-12-19-11:00,18
1996-12-19-12:00,15
1996-12-19-13:00,14
1996-12-19-14:00,14
1996-12-19-15:00,12
1996-12-19-16:00,10
1996-12-19-18:00,10
1996-12-19-19:00,10
1996-12-19-20:00,8
1996-12-19-21:00,9
1996-12-19-22:00,8
1996-12-19-23:00,7
1996-12-20-00:00,7
1996-12-20-01:00,8
1996-12-20-05:00,13
1996-12-20-06:00,16
1996-12-20-08:00,19
1996-12-20-10:00,19
1996-12-20-11:00,17
1996-12-20-12:00,15
1996-12-20-13:00,14
1996-12-20-14:00,13
1996-12-20-15:00,13
1996-12-20-16:00,13
1996-12-20-17:00,13
1996-12-20-18:00,12
1996-12-20-19:00,12
1996-12-20-20:00,10
1996-12-20-21:00,10
1996-12-20-22:00,10
1996-12-20-23:00,10
1996-12-21-00:00,10
1996-12-21-01:00,10
1996-12-21-02:00,10
1996-12-21-03:00,13
1996-12-21-04:00,15
1996-12-21-05:00,15
1996-12-21-06:00,17
1996-12-21-07:00,22
1996-12-21-08:00,23
1996-12-21-09:00,23
1996-12-21-10:00,23
1996-12-21-11:00,22
1996-12-21-12:00,19
1996-12-21-13:00,17
1996-12-21-14:00,18
1996-12-21-15:00,17
1996-12-21-16:00,17
1996-12-21-17:00,18
1996-12-21-18:00,18
1996-12-21-19:00,16
1996-12-21-20:00,15
1996-12-21-21:00,14
1996-12-21-22:00,9
1996-12-21-23:00,8
1996-12-22-00:00,7
1996-12-22-01:00,6
1996-12-22-02:00,5
1996-12-22-03:00,9
1996-12-22-04:00,12
1996-12-22-05:00,15
1996-12-22-07:00,19
1996-12-22-08:00,20
1996-12-22-09:00,21
1996-12-22-10:00,20
1996-12-22-11:00,19
1996-12-22-12:00,17
1996-12-22-13:00,14
1996-12-22-14:00,14
1996-12-22-15:00,13
1996-12-22-16:00,13
1996-12-22-17:00,11
1996-12-22-18:00,11
1996-12-22-19:00,9
1996-12-22-20:00,9
1996-12-22-21:00,9
1996-12-22-22:00,9
1996-12-22-23:00,9
1996-12-23-00:00,9
1996-12-23-01:00,10
1996-12-23-02:00,11
1996-12-23-03:00,11
1996-12-23-04:00,11
1996-12-23-05:00,8
1996-12-23-06:00,15
1996-12-23-07:00,17
1996-12-23-08:00,18
1996-12-23-09:00,18
1996-12-23-10:00,18
1996-12-23-11:00,17
1996-12-23-12:00,15
1996-12-23-13:00,14
1996-12-23-14:00,13
1996-12-23-15:00,13
1996-12-23-16:00,11
1996-12-23-17:00,11
1996-12-23-18:00,11
1996-12-23-19:00,10
1996-12-23-20:00,9
1996-12-24-00:00,8
1996-12-24-01:00,8
1996-12-24-02:00,9
1996-12-24-03:00,10
1996-12-24-04:00,13
1996-12-24-05:00,16
1996-12-24-06:00,18
1996-12-24-07:00,20
1996-12-24-08:00,21
1996-12-24-09:00,22
1996-12-24-10:00,22
1996-12-24-11:00,20
1996-12-24-12:00,18
1996-12-24-13:00,16
1996-12-24-14:00,14
1996-12-24-15:00,14
1996-12-24-16:00,13
1996-12-24-17:00,13
1996-12-24-18:00,13
1996-12-24-19:00,13
1996-12-24-20:00,12
1996-12-24-21:00,11
1996-12-24-22:00,10
1996-12-24-23:00,10
1996-12-25-00:00,10
1996-12-25-01:00,10
1996-12-25-02:00,11
1996-12-25-03:00,16
1996-12-25-04:00,18
1996-12-25-05:00,21
1996-12-25-06:00,22
1996-12-25-08:00,23
1996-12-25-09:00,22
1996-12-25-10:00,22
1996-12-25-11:00,21
1996-12-25-12:00,18
1996-12-25-15:00,15
1996-12-25-16:00,13
1996-12-25-17:00,13
1996-12-25-18:00,13
1996-12-25-19:00,12
1996-12-25-20:00,12
1996-12-25-21:00,11
1996-12-25-22:00,12
1996-12-25-23:00,11
1996-12-26-00:00,10
1996-12-26-01:00,10
1996-12-26-02:00,13
1996-12-26-04:00,16
1996-12-26-05:00,19
1996-12-26-07:00,21
1996-12-26-08:00,23
1996-12-26-09:00,23
1996-12-26-10:00,23
1996-12-26-11:00,22
1996-12-26-12:00,19
1996-12-26-13:00,17
1996-12-26-14:00,18
1996-12-26-15:00,17
1996-12-26-16:00,17
1996-12-26-17:00,16
1996-12-26-18:00,15
1996-12-26-19:00,13
1996-12-26-20:00,13
1996-12-26-21:00,12
1996-12-26-22:00,11
1996-12-26-23:00,11
1996-12-27-00:00,10
1996-12-27-02:00,11
1996-12-27-03:00,12
1996-12-27-05:00,16
1996-12-27-06:00,19
1996-12-27-07:00,20
1996-12-27-08:00,21
1996-12-27-09:00,21
1996-12-27-10:00,21
1996-12-27-11:00,20
1996-12-27-12:00,17
1996-12-27-13:00,16
1996-12-27-14:00,15
1996-12-27-15:00,14
1996-12-27-16:00,13
1996-12-27-17:00,13
1996-12-27-18:00,11
1996-12-27-19:00,12
1996-12-27-20:00,10
1996-12-27-21:00,11
1996-12-27-22:00,9
1996-12-28-00:00,9
1996-12-28-01:00,9
1996-12-28-03:00,11
1996-12-28-04:00,14
1996-12-28-05:00,16
1996-12-28-07:00,20
1996-12-28-08:00,21
1996-12-28-09:00,21
1996-12-28-10:00,21
1996-12-28-11:00,20
1996-12-28-12:00,18
1996-12-28-13:00,16
1996-12-28-14:00,15
1996-12-28-15:00,15
1996-12-28-16:00,14
1996-12-28-17:00,12
1996-12-28-18:00,11
1996-12-28-19:00,11
1996-12-28-20:00,11
1996-12-28-21:00,11
1996-12-28-22:00,11
1996-12-28-23:00,11
1996-12-29-01:00,10
1996-12-29-02:00,11
1996-12-29-03:00,13
1996-12-29-04:00,15
1996-12-29-05:00,18
1996-12-29-06:00,19
1996-12-29-07:00,20
1996-12-29-08:00,21
1996-12-29-09:00,22
1996-12-29-11:00,21
1996-12-29-12:00,18
1996-12-29-13:00,16
1996-12-29-14:00,15
1996-12-29-15:00,14
1996-12-29-16:00,13
1996-12-29-17:00,14
1996-12-29-18:00,13
1996-12-29-19:00,13
1996-12-29-20:00,11
1996-12-29-21:00,11
1996-12-29-22:00,10
1996-12-29-23:00,10
1996-12-30-00:00,10
1996-12-30-01:00,10
1996-12-30-02:00,11
1996-12-30-03:00,14
1996-12-30-04:00,16
1996-12-30-05:00,19
1996-12-30-06:00,21
1996-12-30-07:00,21
1996-12-30-09:00,22
1996-12-30-10:00,22
1996-12-30-11:00,21
1996-12-30-12:00,18.5
1996-12-30-13:00,16
1996-12-30-14:00,15
1996-12-30-15:00,14
1996-12-30-16:00,13
1996-12-30-17:00,13
1996-12-30-18:00,13
1996-12-30-19:00,12
1996-12-30-20:00,11
1996-12-30-21:00,11
1996-12-30-22:00,11
1996-12-30-23:00,10
1996-12-31-00:00,10
1996-12-31-01:00,11
1996-12-31-02:00,11
1996-12-31-03:00,13
1996-12-31-04:00,15
1996-12-31-05:00,18
1996-12-31-06:00,20
1996-12-31-08:00,21
1996-12-31-09:00,21
1996-12-31-10:00,21
1996-12-31-11:00,20
1996-12-31-12:00,18
1996-12-31-13:00,16
1996-12-31-14:00,15
1996-12-31-15:00,14
1996-12-31-16:00,13
1996-12-31-17:00,13
1996-12-31-18:00,12.5
1996-12-31-19:00,12
1996-12-31-20:00,11
1996-12-31-21:00,10
1996-12-31-22:00,9
1996-12-31-23:00,9
1997-01-01-00:00,9
1997-01-01-01:00,9
1997-01-01-02:00,9
1997-01-01-03:00,10.5
1997-01-01-04:00,12
1997-01-01-06:00,17
1997-01-01-07:00,19
1997-01-01-08:00,21
1997-01-01-09:00,21
1997-01-01-10:00,21
1997-01-01-11:00,20
1997-01-01-12:00,18
1997-01-01-13:00,16
1997-01-01-14:00,15
1997-01-01-15:00,14
1997-01-01-16:00,13
1997-01-01-17:00,13
1997-01-01-18:00,13
1997-01-01-19:00,12
1997-01-01-20:00,10
1997-01-01-21:00,10
1997-01-01-22:00,9
1997-01-01-23:00,9
1997-01-02-00:00,9
1997-01-02-01:00,8
1997-01-02-02:00,9
1997-01-02-03:00,10
1997-01-02-04:00,12
1997-01-02-05:00,15
1997-01-02-06:00,17
1997-01-02-07:00,19
1997-01-02-08:00,20
1997-01-02-09:00,21
1997-01-02-10:00,20
1997-01-02-11:00,19
1997-01-02-12:00,17
1997-01-02-13:00,14
1997-01-02-14:00,14
1997-01-02-16:00,12
1997-01-02-17:00,11
1997-01-02-18:30,11
1997-01-02-19:00,10
1997-01-02-22:00,9
1997-01-02-23:00,9
1997-01-03-00:00,9
1997-01-03-01:00,9
1997-01-03-02:00,10
1997-01-03-03:00,12
1997-01-03-04:00,14
1997-01-03-05:00,16
1997-01-03-06:00,19
1997-01-03-07:00,19
1997-01-03-08:00,20
1997-01-03-09:00,21
1997-01-03-10:00,21
1997-01-03-11:00,19
1997-01-03-12:00,18
1997-01-03-13:00,15
1997-01-03-15:00,14
1997-01-03-17:00,14
1997-01-03-19:00,12
1997-01-03-22:00,12
1997-01-03-23:00,11
1997-01-04-00:00,11
1997-01-04-01:00,11
1997-01-04-02:00,12
1997-01-04-03:00,14
1997-01-04-04:00,17
1997-01-04-05:00,19
1997-01-04-06:00,20
1997-01-04-07:00,20
1997-01-04-08:00,21
1997-01-04-09:00,21
1997-01-04-10:00,21
1997-01-04-11:00,20
1997-01-04-12:00,18
1997-01-04-13:00,15
1997-01-04-14:00,15
1997-01-04-15:00,15
1997-01-04-16:00,16
1997-01-04-18:00,15
1997-01-04-19:00,13
1997-01-04-20:00,13
1997-01-04-21:00,12
1997-01-04-23:00,11
1997-01-05-00:00,11
1997-01-05-01:00,11
1997-01-05-02:00,12
1997-01-05-03:00,14
1997-01-05-04:00,17
1997-01-05-05:00,20
1997-01-05-07:00,21
1997-01-05-08:00,22
1997-01-05-09:00,22
1997-01-05-10:00,22
1997-01-05-11:00,21
1997-01-05-13:00,16
1997-01-05-14:00,16
1997-01-05-16:00,14
1997-01-05-17:00,13
1997-01-05-18:00,12
1997-01-05-19:00,11
1997-01-05-20:00,11
1997-01-05-21:00,10
1997-01-05-22:00,9
1997-01-05-23:00,9
1997-01-06-00:00,9
1997-01-06-01:00,9
1997-01-06-02:00,10.5
1997-01-06-04:00,12
1997-01-06-05:00,16
1997-01-06-06:00,17
1997-01-06-07:00,19
1997-01-06-08:00,19
1997-01-06-09:00,20
1997-01-06-10:00,20
1997-01-06-11:00,18
1997-01-06-12:00,16
1997-01-06-13:00,14
1997-01-06-14:00,14
1997-01-06-15:00,13
1997-01-06-16:00,13
1997-01-06-18:00,11
1997-01-06-19:00,10
1997-01-06-20:00,10
1997-01-06-22:00,8
1997-01-06-23:00,8
1997-01-07-00:00,7
1997-01-07-01:00,7
1997-01-07-02:00,7
1997-01-07-03:00,9
1997-01-07-04:00,11
1997-01-07-05:00,15
1997-01-07-06:00,17
1997-01-07-07:00,19
1997-01-07-08:00,19
1997-01-07-09:00,20
1997-01-07-10:00,20
1997-01-07-11:00,19
1997-01-07-12:00,16
1997-01-07-13:00,14
1997-01-07-14:00,14
1997-01-07-15:00,13
1997-01-07-16:00,11
1997-01-07-17:00,11
1997-01-07-18:00,11
1997-01-07-19:00,9
1997-01-07-20:00,9
1997-01-07-21:00,8
1997-01-07-22:00,9
1997-01-07-23:00,7
1997-01-08-00:00,7
1997-01-08-01:00,7
1997-01-08-03:00,9
1997-01-08-04:00,12
1997-01-08-05:00,15
1997-01-08-06:00,17
1997-01-08-07:00,18
1997-01-08-08:00,19
1997-01-08-09:00,20
1997-01-08-10:00,19
1997-01-08-11:00,18
1997-01-08-12:00,17
1997-01-08-13:00,13
1997-01-08-14:00,13
1997-01-08-15:00,14
1997-01-08-16:00,12
1997-01-08-17:00,11
1997-01-08-18:00,12
1997-01-08-19:00,9
1997-01-08-20:00,8
1997-01-08-21:00,8
1997-01-09-00:00,7
1997-01-09-01:00,7
1997-01-09-02:00,7
1997-01-09-03:00,9
1997-01-09-04:00,12
1997-01-09-05:00,14
1997-01-09-06:00,16
1997-01-09-07:00,18
1997-01-09-08:00,19
1997-01-09-09:00,19
1997-01-09-10:00,19
1997-01-09-11:00,18
1997-01-09-12:00,17
1997-01-09-13:00,15
1997-01-09-14:00,13
1997-01-09-15:00,13
1997-01-09-16:00,11
1997-01-09-17:00,11
1997-01-09-18:00,12
1997-01-09-19:00,11
1997-01-09-20:00,11
1997-01-09-21:00,10
1997-01-09-22:00,8
1997-01-09-23:00,7
1997-01-10-00:00,7
1997-01-10-01:00,8
1997-01-10-03:00,9
1997-01-10-04:00,12
1997-01-10-05:00,14
1997-01-10-06:00,17
1997-01-10-07:00,18
1997-01-10-08:00,19
1997-01-10-09:00,19
1997-01-10-10:00,19
1997-01-10-11:00,18
1997-01-10-12:00,15
1997-01-10-13:00,14
1997-01-10-14:21,13
1997-01-10-15:00,13
1997-01-10-16:00,13
1997-01-10-17:00,12
1997-01-10-18:00,10
1997-01-10-19:00,10
1997-01-10-20:00,9
1997-01-10-21:00,8
1997-01-10-22:00,8
1997-01-11-00:00,8
1997-01-11-01:00,8
1997-01-11-02:00,7
1997-01-11-03:00,9
1997-01-11-04:00,12
1997-01-11-05:00,15
1997-01-11-06:00,17
1997-01-11-07:00,18
1997-01-11-08:00,19
1997-01-11-09:00,19
1997-01-11-10:00,19
1997-01-11-11:00,18
1997-01-11-12:00,15
1997-01-11-13:00,14
1997-01-11-14:00,14
1997-01-11-15:00,14
1997-01-11-16:00,11
1997-01-11-17:00,11
1997-01-11-18:00,9
1997-01-11-19:00,9
1997-01-11-21:00,9
1997-01-11-22:00,8
1997-01-12-03:00,9
1997-01-12-04:00,12
1997-01-12-05:00,14
1997-01-12-06:00,16
1997-01-12-07:00,17
1997-01-12-08:00,18
1997-01-12-09:00,19
1997-01-12-10:00,19
1997-01-12-11:00,18
1997-01-12-12:00,16
1997-01-12-13:00,14
1997-01-12-14:00,14
1997-01-12-15:00,12
1997-01-12-16:00,10
1997-01-12-17:00,11
1997-01-12-18:00,9
1997-01-12-19:00,9
1997-01-12-20:00,7
1997-01-12-21:00,7
1997-01-12-22:00,6
1997-01-12-23:00,6
1997-01-13-00:00,6
1997-01-13-02:00,6
1997-01-13-03:00,8
1997-01-13-04:00,11
1997-01-13-05:00,14
1997-01-13-06:00,16
1997-01-13-07:00,18
1997-01-13-11:00,18
1997-01-13-12:00,17
1997-01-13-13:00,15
1997-01-13-14:00,13
1997-01-13-15:00,11
1997-01-13-16:00,10
1997-01-13-17:00,9
1997-01-13-18:00,9
1997-01-13-19:00,8
1997-01-13-20:00,9
1997-01-13-21:00,7
1997-01-13-23:00,6
1997-01-14-00:00,5
1997-01-14-01:00,5
1997-01-14-02:00,6
1997-01-14-03:00,7
1997-01-14-04:00,10
1997-01-14-05:00,13
1997-01-14-06:00,15
1997-01-14-07:00,17
1997-01-14-08:00,19
1997-01-14-09:00,19
1997-01-14-10:00,19
1997-01-14-11:00,18
1997-01-14-12:00,16
1997-01-14-13:00,13
1997-01-14-14:00,12
1997-01-14-15:00,11
1997-01-14-16:00,11
1997-01-14-17:00,10
1997-01-14-18:00,10
1997-01-14-19:00,9
1997-01-14-20:00,9
1997-01-14-21:00,8
1997-01-14-22:00,7
1997-01-14-23:00,7
1997-01-15-00:00,7
1997-01-15-01:00,7
1997-01-15-02:00,7
1997-01-15-03:00,9
1997-01-15-04:00,11
1997-01-15-05:00,15
1997-01-15-07:00,18
1997-01-15-08:00,19
1997-01-15-09:00,20
1997-01-15-10:00,20
1997-01-15-11:00,19
1997-01-15-12:00,18
1997-01-15-13:00,15
1997-01-15-14:00,13
1997-01-15-15:00,13
1997-01-15-16:00,11
1997-01-15-17:00,11
1997-01-15-18:00,10
1997-01-15-19:00,9
1997-01-15-20:00,9
1997-01-15-21:00,7
1997-01-15-22:00,8
1997-01-15-23:00,6
1997-01-16-01:00,6
1997-01-16-02:00,6
1997-01-16-03:00,8
1997-01-16-04:00,10
1997-01-16-05:00,14
1997-01-17-00:00,8
1997-01-17-01:00,8
1997-01-17-02:00,8
1997-01-17-03:00,10
1997-01-17-04:00,13
1997-01-17-05:00,15
1997-01-17-06:00,17
1997-01-17-07:00,18
1997-01-17-08:00,19
1997-01-17-09:00,20
1997-01-17-10:00,20
1997-01-17-11:00,19
1997-01-17-12:00,16
1997-01-17-13:00,15
1997-01-17-14:00,12
1997-01-17-15:00,12
1997-01-17-16:00,11
1997-01-17-17:00,11
1997-01-17-18:00,11
1997-01-17-19:00,10
1997-01-17-20:00,9
1997-01-17-21:00,8
1997-01-17-22:00,8
1997-01-17-23:00,8
1997-01-18-00:00,7
1997-01-18-01:00,9
1997-01-18-02:00,10
1997-01-18-03:00,12
1997-01-18-04:00,15
1997-01-18-05:00,18
1997-01-18-06:00,19
1997-01-18-07:00,21
1997-01-18-08:00,22
1997-01-18-09:00,22
1997-01-18-10:00,22
1997-01-18-11:00,21
1997-01-18-12:00,18
1997-01-18-13:00,16
1997-01-18-14:00,15
1997-01-18-15:00,14
1997-01-18-16:00,15
1997-01-18-18:00,13
1997-01-18-19:00,13
1997-01-18-21:00,13
1997-01-19-00:00,11
1997-01-19-01:00,11
1997-01-19-02:00,11
1997-01-19-03:00,12
1997-01-19-04:00,12
1997-01-19-05:00,12
1997-01-19-06:00,13
1997-01-19-07:00,13
1997-01-19-08:00,14
1997-01-19-09:00,15
1997-01-19-10:00,14
1997-01-19-11:00,13
1997-01-19-12:00,13
1997-01-19-13:00,13
1997-01-19-14:00,13
1997-01-19-15:00,13
1997-01-19-16:00,12
1997-01-19-17:00,12
1997-01-19-18:00,12
1997-01-19-19:00,10
1997-01-19-20:00,11
1997-01-19-21:00,11
1997-01-19-22:00,11
1997-01-19-23:00,11
1997-01-20-00:00,11
1997-01-20-02:00,10
1997-01-20-03:00,11
1997-01-20-04:00,13
1997-01-20-05:00,14
1997-01-20-06:00,15
1997-01-20-07:00,15
1997-01-20-08:00,15
1997-01-20-09:00,16
1997-01-21-00:00,9
1997-01-21-01:00,9
1997-01-21-02:00,8
1997-01-21-03:00,9
1997-01-21-04:00,10
1997-01-21-05:00,13
1997-01-21-06:00,15
1997-01-21-07:00,16
1997-01-21-08:00,15
1997-01-21-09:00,14
1997-01-21-10:00,15
1997-01-21-11:00,14
1997-01-21-12:00,13
1997-01-21-13:00,12
1997-01-21-14:00,12
1997-01-21-15:00,11
1997-01-21-16:00,10
1997-01-21-17:00,10
1997-01-21-18:00,11
1997-01-21-19:00,10
1997-01-21-21:00,8
1997-01-21-22:00,6
1997-01-21-23:00,7
1997-01-22-00:00,6
1997-01-22-01:00,11
1997-01-22-02:00,7
1997-01-22-03:00,9
1997-01-22-04:00,8
1997-01-22-05:00,8
1997-01-22-06:00,10
1997-01-22-07:00,13
1997-01-22-08:00,14
1997-01-22-09:00,14
1997-01-22-10:00,15
1997-01-22-11:00,14
1997-01-22-12:00,13
1997-01-22-13:00,11
1997-01-22-14:00,10
1997-01-22-15:00,9
1997-01-22-16:00,9
1997-01-22-17:00,8
1997-01-22-18:00,7
1997-01-22-19:00,7
1997-01-22-20:00,7
1997-01-22-21:00,7
1997-01-22-22:00,7
1997-01-22-23:00,6
1997-01-23-00:00,6
1997-01-23-01:00,6
1997-01-23-03:00,8
1997-01-23-04:00,10
1997-01-23-05:00,13
1997-01-23-06:00,14
1997-01-23-07:00,15
1997-01-23-08:00,16
1997-01-23-09:00,16
1997-01-23-10:00,16
1997-01-23-11:00,15
1997-01-23-12:00,14
1997-01-23-13:00,13
1997-01-23-14:00,12
1997-01-23-15:00,12
1997-01-23-16:00,11
1997-01-23-17:00,10
1997-01-23-18:00,10
1997-01-23-19:00,9
1997-01-23-20:00,8
1997-01-23-21:00,7
1997-01-23-22:00,7
1997-01-23-23:00,7
1997-01-24-00:00,6
1997-01-24-01:00,6
1997-01-24-02:00,6
1997-01-24-03:00,8
1997-01-24-04:00,11
1997-01-24-06:00,16
1997-01-24-07:00,17
1997-01-24-08:00,17
1997-01-24-09:00,17
1997-01-24-10:00,17
1997-01-24-11:00,17
1997-01-24-12:00,14
1997-01-24-13:00,12
1997-01-24-14:00,12
1997-01-24-15:00,11
1997-01-24-16:00,10
1997-01-24-17:00,9
1997-01-24-18:00,9
1997-01-24-19:00,8
1997-01-24-20:00,8
1997-01-24-21:00,8
1997-01-24-22:00,6
1997-01-24-23:00,6
1997-01-25-02:00,5
1997-01-25-03:00,8
1997-01-25-04:00,13
1997-01-25-05:00,15
1997-01-25-06:00,17
1997-01-25-07:00,18
1997-01-25-08:00,19
1997-01-25-09:00,19
1997-01-25-10:00,19
1997-01-25-11:00,19
1997-01-25-12:00,12
1997-01-25-13:00,15
1997-01-25-14:00,13
1997-01-25-15:00,12
1997-01-25-16:00,11
1997-01-25-17:00,10
1997-01-25-18:00,9
1997-01-25-19:00,9
1997-01-25-20:00,9
1997-01-25-21:00,8
1997-01-25-22:00,7
1997-01-25-23:00,5
1997-01-26-00:00,6
1997-01-26-01:00,6.5
1997-01-26-02:00,7
1997-01-26-03:00,9
1997-01-26-04:00,12
1997-01-26-05:00,14
1997-01-26-06:00,16
1997-01-26-07:00,17
1997-01-26-08:00,18
1997-01-26-09:00,19
1997-01-26-10:00,19
1997-01-26-11:00,19
1997-01-26-12:00,17
1997-01-26-13:00,16
1997-01-26-14:00,15
1997-01-26-15:00,14
1997-01-26-16:00,13
1997-01-26-17:00,13
1997-01-26-18:00,12
1997-01-26-19:00,13
1997-01-26-20:00,12
1997-01-26-21:00,12
1997-01-26-22:00,12
1997-01-26-23:00,12
1997-01-27-00:00,11
1997-01-27-01:00,12
1997-01-27-02:00,11
1997-01-27-03:00,12
1997-01-27-04:00,13
1997-01-27-05:00,15
1997-01-27-07:00,20
1997-01-27-08:00,20
1997-01-27-09:00,20
1997-01-27-10:00,19
1997-01-27-11:00,19
1997-01-27-12:00,18
1997-01-27-13:00,16
1997-01-27-15:00,13.5
1997-01-27-16:00,11
1997-01-27-17:00,12
1997-01-27-18:00,12
1997-01-27-19:00,11
1997-01-27-20:00,11
1997-01-27-21:00,9
1997-01-27-22:00,8
1997-01-27-23:00,7
1997-01-28-00:00,6
1997-01-28-01:00,7
1997-01-28-02:00,7
1997-01-28-04:00,9
1997-01-28-05:00,13
1997-01-28-06:00,17
1997-01-28-07:00,18
1997-01-28-08:00,19
1997-01-28-09:00,17
1997-01-28-10:00,19
1997-01-28-11:00,19
1997-01-28-12:00,17
1997-01-28-13:00,14
1997-01-28-14:00,13
1997-01-28-15:00,13
1997-01-28-16:00,13
1997-01-28-17:00,13
1997-01-28-18:00,12
1997-01-28-19:00,11
1997-01-28-20:00,10
1997-01-28-21:00,9
1997-01-28-22:00,8
1997-01-28-23:00,7
1997-01-29-00:00,7
1997-01-29-01:00,7
1997-01-29-02:00,7
1997-01-29-03:00,9
1997-01-29-04:00,12
1997-01-29-05:00,15
1997-01-29-06:00,16
1997-01-29-07:00,17
1997-01-29-08:00,17
1997-01-29-09:00,18
1997-01-29-10:00,18
1997-01-29-11:00,18
1997-01-29-12:00,16
1997-01-29-13:00,15
1997-01-29-14:00,14
1997-01-29-15:00,13
1997-01-29-16:00,12
1997-01-29-17:00,12
1997-01-29-18:00,11
1997-01-29-19:00,11
1997-01-29-20:00,11
1997-01-29-21:00,10
1997-01-29-22:00,10
1997-01-29-23:00,10
1997-01-30-00:00,9
1997-01-30-01:00,8
1997-01-30-02:00,10
1997-01-30-03:00,14
1997-01-30-04:00,16
1997-01-30-05:00,18
1997-01-30-06:00,19
1997-01-30-08:00,21
1997-01-30-09:00,21
1997-01-30-10:00,21
1997-01-30-11:00,21
1997-01-30-12:00,19
1997-01-30-13:00,13.5
1997-01-30-14:00,15.75
1997-01-30-17:00,13
1997-01-31-02:00,8
1997-01-31-03:00,10
1997-01-31-04:00,12
1997-01-31-05:00,14
1997-01-31-07:00,17
1997-01-31-08:00,18
1997-01-31-09:00,18
1997-01-31-10:00,19
1997-01-31-11:00,18
1997-01-31-13:00,15
1997-01-31-14:00,14
1997-01-31-15:00,13
1997-01-31-16:00,12
1997-01-31-17:00,12
1997-01-31-18:00,10
1997-01-31-19:00,10
1997-01-31-20:00,11
1997-01-31-21:00,9
1997-01-31-23:00,8
1997-02-01-00:00,8
1997-02-01-01:00,8
1997-02-01-02:00,8
1997-02-01-03:00,11
1997-02-01-04:00,14
1997-02-01-05:00,17
1997-02-01-06:00,19
1997-02-01-08:00,21
1997-02-01-09:00,21
1997-02-01-10:00,21
1997-02-01-11:00,21
1997-02-01-12:00,19
1997-02-01-14:00,16
1997-02-01-16:00,15
1997-02-01-17:00,15
1997-02-01-18:00,15
1997-02-01-19:00,14
1997-02-01-20:00,14
1997-02-01-21:00,15
1997-02-01-22:00,14
1997-02-01-23:00,14
1997-02-02-00:00,15
1997-02-02-01:00,14
1997-02-02-02:00,14
1997-02-02-03:00,13
1997-02-02-04:00,13
1997-02-02-05:00,15
1997-02-02-06:00,15
1997-02-02-07:00,17
1997-02-02-08:00,18
1997-02-02-09:00,18
1997-02-02-10:00,19
1997-02-02-11:00,17
1997-02-02-12:00,16
1997-02-02-13:00,15
1997-02-02-14:00,14
1997-02-02-15:00,14
1997-02-02-16:00,13
1997-02-02-17:00,13
1997-02-02-18:00,13
1997-02-02-19:00,13
1997-02-02-20:00,13
1997-02-02-21:00,12
1997-02-02-22:00,12
1997-02-02-23:00,11
1997-02-03-00:00,10
1997-02-03-01:00,12
1997-02-03-02:00,12
1997-02-03-03:00,14
1997-02-03-04:00,16
1997-02-03-06:00,18
1997-02-03-07:00,19
1997-02-03-08:00,19
1997-02-03-09:00,19
1997-02-03-11:00,19
1997-02-03-12:00,17
1997-02-03-13:00,17
1997-02-03-14:00,15
1997-02-03-15:00,14
1997-02-03-16:00,13
1997-02-03-17:00,13
1997-02-03-18:00,13
1997-02-03-19:00,12
1997-02-03-20:00,13
1997-02-03-21:00,12
1997-02-03-22:00,11
1997-02-04-00:00,11
1997-02-04-01:00,12
1997-02-04-02:00,11
1997-02-04-03:00,11
1997-02-04-04:00,11
1997-02-04-05:00,11
1997-02-04-06:00,13
1997-02-04-07:00,15
1997-02-04-08:00,15
1997-02-04-09:00,17
1997-02-04-10:00,18
1997-02-04-11:00,17
1997-02-04-12:00,16
1997-02-04-13:00,14
1997-02-04-14:00,13
1997-02-04-16:00,12
1997-02-04-17:00,12
1997-02-04-18:00,11
1997-02-04-19:00,11
1997-02-04-21:00,8
1997-02-04-22:00,8
1997-02-04-23:00,7
1997-02-05-00:00,7
1997-02-05-01:00,7
1997-02-05-02:00,7
1997-02-05-03:00,10
1997-02-05-04:00,12
1997-02-05-05:00,16
1997-02-05-08:00,18
1997-02-05-09:00,18
1997-02-05-10:00,18
1997-02-05-11:00,18
1997-02-05-12:00,17
1997-02-05-14:00,13
1997-02-05-15:00,14
1997-02-05-16:00,13
1997-02-05-17:00,11
1997-02-05-18:00,10
1997-02-05-19:00,10
1997-02-05-21:00,9
1997-02-05-22:00,11
1997-02-05-23:00,7
1997-02-06-01:00,6
1997-02-06-02:00,6
1997-02-06-03:00,9
1997-02-06-04:00,13
1997-02-06-05:00,16
1997-02-06-06:00,17
1997-02-06-07:00,17
1997-02-06-08:00,19
1997-02-06-09:00,19
1997-02-06-11:00,19
1997-02-06-12:00,18
1997-02-06-13:00,14
1997-02-06-14:00,14
1997-02-06-15:00,12
1997-02-06-16:00,11
1997-02-06-17:00,11
1997-02-06-18:00,11
1997-02-06-19:00,10
1997-02-06-20:00,9
1997-02-06-23:00,8
1997-02-07-00:00,7
1997-02-07-08:00,14
1997-02-07-09:00,21
1997-02-07-10:00,21
1997-02-07-11:30,20
1997-02-07-12:00,18
1997-02-07-14:00,15
1997-02-07-15:00,14
1997-02-07-16:00,12
1997-02-07-17:00,11
1997-02-07-18:00,11
1997-02-07-19:00,11
1997-02-07-20:00,9
1997-02-07-21:00,9
1997-02-07-22:00,9
1997-02-07-23:00,8
1997-02-08-00:00,9
1997-02-08-01:00,9
1997-02-08-02:00,10
1997-02-08-03:00,15
1997-02-08-04:00,18
1997-02-08-05:00,22
1997-02-08-06:00,23
1997-02-08-07:00,24
1997-02-08-08:00,24
1997-02-08-09:00,24
1997-02-08-10:00,25
1997-02-08-11:00,23
1997-02-08-12:00,21
1997-02-08-13:00,19
1997-02-08-14:00,18
1997-02-08-16:00,17
1997-02-08-17:00,15
1997-02-08-18:00,15
1997-02-08-19:00,14
1997-02-08-20:00,14
1997-02-08-21:00,13
1997-02-08-22:00,11
1997-02-08-23:00,11
1997-02-09-00:00,10
1997-02-09-01:00,9
1997-02-09-04:00,13
1997-02-09-05:00,15
1997-02-09-06:00,16
1997-02-09-07:00,17
1997-02-09-08:00,19
1997-02-09-09:00,20
1997-02-09-11:00,19
1997-02-09-12:00,18
1997-02-09-13:00,17
1997-02-09-14:00,15
1997-02-09-15:00,14
1997-02-09-16:00,13
1997-02-09-17:00,13
1997-02-09-18:00,13
1997-02-09-19:00,11
1997-02-09-20:00,11
1997-02-09-21:00,11
1997-02-09-22:00,11
1997-02-09-23:00,10
1997-02-10-00:00,10
1997-02-10-01:00,9
1997-02-10-02:00,12
1997-02-10-03:00,15
1997-02-10-04:00,17
1997-02-10-05:00,19
1997-02-10-06:00,20
1997-02-10-07:00,20
1997-02-10-08:00,21
1997-02-10-09:00,21
1997-02-10-10:00,21
1997-02-10-11:00,21
1997-02-10-12:00,19
1997-02-10-13:00,17
1997-02-10-14:00,16
1997-02-10-16:00,15
1997-02-10-17:00,13
1997-02-10-18:00,13
1997-02-10-19:00,12
1997-02-10-20:00,11
1997-02-10-21:00,11
1997-02-10-22:00,11
1997-02-10-23:00,9
1997-02-11-00:00,8
1997-02-11-01:00,8
1997-02-11-02:00,8
1997-02-11-03:00,10
1997-02-11-04:00,13
1997-02-11-05:00,15
1997-02-11-06:00,18
1997-02-11-07:00,18
1997-02-11-08:00,19
1997-02-11-09:00,20
1997-02-11-10:00,20
1997-02-11-11:00,20
1997-02-11-12:00,18
1997-02-11-13:00,17
1997-02-11-14:00,16
1997-02-11-15:00,15
1997-02-11-16:00,15
1997-02-11-17:00,14
1997-02-11-18:00,12
1997-02-11-19:00,10
1997-02-11-22:00,7
1997-02-11-23:00,7
1997-02-12-00:00,7
1997-02-12-01:00,7
1997-02-12-02:00,8
1997-02-12-03:00,11
1997-02-12-04:00,15
1997-02-12-05:00,17
1997-02-12-07:00,19
1997-02-12-08:00,20
1997-02-12-09:00,20
1997-02-12-10:00,21
1997-02-12-11:00,20
1997-02-12-12:00,19
1997-02-12-13:00,16
1997-02-12-14:00,15
1997-02-12-15:00,14
1997-02-12-16:00,12
1997-02-12-17:00,14
1997-02-12-18:00,11
1997-02-12-19:00,10
1997-02-12-20:00,10
1997-02-12-21:00,10
1997-02-12-22:00,9
1997-02-12-23:00,8
1997-02-13-00:00,8
1997-02-13-01:00,8
1997-02-13-02:00,10
1997-02-13-04:00,16
1997-02-13-05:00,19
1997-02-13-06:00,21
1997-02-13-07:00,21
1997-02-13-08:00,23
1997-02-13-09:00,23
1997-02-13-10:00,23
1997-02-13-11:00,22
1997-02-13-12:00,20
1997-02-13-13:00,17
1997-02-13-14:00,16
1997-02-13-15:00,16
1997-02-13-16:00,15
1997-02-13-17:00,14
1997-02-13-18:00,13
1997-02-13-19:00,13
1997-02-13-20:00,12
1997-02-13-21:00,12
1997-02-13-22:00,10
1997-02-13-23:00,10
1997-02-14-00:00,10
1997-02-14-01:00,10
1997-02-14-03:00,14
1997-02-14-04:00,17
1997-02-14-05:00,20
1997-02-14-06:00,21
1997-02-14-07:00,22
1997-02-14-08:00,23
1997-02-14-09:00,23
1997-02-14-10:00,23
1997-02-14-11:00,23
1997-02-14-12:00,22
1997-02-14-13:00,20
1997-02-14-15:00,17
1997-02-14-16:00,17
1997-02-14-17:00,17
1997-02-14-18:00,17
1997-02-14-19:00,15
1997-02-14-20:00,14
1997-02-14-21:00,14
1997-02-14-22:00,12
1997-02-14-23:00,12
1997-02-15-00:00,11
1997-02-15-01:00,11
1997-02-15-02:00,11
1997-02-15-03:00,13
1997-02-15-04:00,16
1997-02-15-05:00,18
1997-02-15-06:00,20
1997-02-15-07:00,21
1997-02-15-08:00,22
1997-02-15-09:00,22
1997-02-15-10:30,22
1997-02-15-11:00,22
1997-02-15-13:00,20
1997-02-15-14:00,19
1997-02-15-15:00,19
1997-02-15-16:00,19
1997-02-15-18:00,18
1997-02-15-19:00,17
1997-02-15-20:00,17
1997-02-15-21:00,17
1997-02-15-22:00,16
1997-02-15-23:00,14
1997-02-16-01:00,13
1997-02-16-02:00,13
1997-02-16-03:00,16
1997-02-16-04:00,18
1997-02-16-05:00,19
1997-02-16-06:00,21
1997-02-16-07:00,21
1997-02-16-08:00,22
1997-02-16-09:00,22
1997-02-16-10:00,22
1997-02-16-11:00,21
1997-02-16-12:00,20
1997-02-16-13:00,19
1997-02-16-14:00,18
1997-02-16-15:00,17
1997-02-16-16:00,14
1997-02-16-17:00,13
1997-02-16-18:00,13
1997-02-16-19:00,12
1997-02-16-20:00,10
1997-02-16-21:00,10
1997-02-16-22:00,11
1997-02-16-23:00,9
1997-02-17-00:00,9
1997-02-17-01:00,9
1997-02-17-02:00,10
1997-02-17-03:00,13
1997-02-17-04:00,16
1997-02-17-05:00,19
1997-02-17-06:00,21
1997-02-17-07:00,21
1997-02-17-08:00,22
1997-02-17-09:00,22
1997-02-17-10:00,22
1997-02-17-11:00,21
1997-02-17-12:00,20
1997-02-17-13:00,18
1997-02-17-14:00,17
1997-02-17-16:00,14
1997-02-17-17:00,14
1997-02-17-18:00,13
1997-02-17-19:00,12
1997-02-17-20:00,12
1997-02-17-21:00,11
1997-02-17-23:00,11
1997-02-18-00:00,10
1997-02-18-01:00,10
1997-02-18-02:00,11
1997-02-18-03:00,15
1997-02-18-04:00,19
1997-02-18-05:00,21
1997-02-18-06:00,22
1997-02-18-07:00,22
1997-02-18-08:00,23
1997-02-18-09:00,23
1997-02-18-10:00,23
1997-02-18-12:00,21
1997-02-18-13:00,20
1997-02-18-14:00,18
1997-02-18-15:00,17
1997-02-18-16:00,17
1997-02-18-17:00,16
1997-02-18-18:00,15
1997-02-18-19:00,15
1997-02-18-20:00,14
1997-02-18-21:00,13
1997-02-18-22:00,13
1997-02-18-23:00,11
1997-02-19-00:00,10
1997-02-19-01:00,12
1997-02-19-02:00,13
1997-02-19-03:00,17
1997-02-19-05:00,21
1997-02-19-06:00,23
1997-02-19-07:00,22
1997-02-19-08:00,23
1997-02-19-09:00,23
1997-02-19-10:00,23
1997-02-19-11:00,23
1997-02-19-12:00,21
1997-02-19-13:00,19
1997-02-19-14:00,18
1997-02-19-15:00,17
1997-02-19-17:00,14
1997-02-19-18:00,14
1997-02-19-19:00,12
1997-02-19-20:00,12
1997-02-19-21:00,11
1997-02-19-22:00,11
1997-02-19-23:00,10
1997-02-20-00:00,9
1997-02-20-01:00,9
1997-02-20-02:00,10
1997-02-20-04:00,16
1997-02-20-05:00,18
1997-02-20-06:00,20
1997-02-20-07:00,21
1997-02-20-12:00,20
1997-02-20-15:00,16
1997-02-20-17:00,15
1997-02-20-19:00,13
1997-02-20-20:00,12
1997-02-20-21:00,11
1997-02-20-22:00,10
1997-02-20-23:00,10
1997-02-21-00:00,10
1997-02-21-01:00,10
1997-02-21-03:00,14
1997-02-21-04:00,17
1997-02-21-05:00,19
1997-02-21-06:00,21
1997-02-21-07:00,22
1997-02-21-10:00,23
1997-02-21-11:00,22
1997-02-21-12:00,21
1997-02-21-13:00,18
1997-02-21-14:00,18
1997-02-21-15:00,17
1997-02-21-17:00,14
1997-02-21-18:00,12
1997-02-21-19:00,12
1997-02-21-20:00,12
1997-02-21-21:00,12
1997-02-21-22:00,11
1997-02-22-00:00,10
1997-02-22-01:00,11
1997-02-22-02:00,12
1997-02-22-03:00,15
1997-02-22-04:00,18
1997-02-22-05:00,20
1997-02-22-06:00,22
1997-02-22-07:00,23
1997-02-22-08:00,24
1997-02-22-15:00,16
1997-02-22-16:00,15
1997-02-22-17:00,15
1997-02-22-18:00,15
1997-02-22-19:00,13
1997-02-22-20:00,13
1997-02-22-21:00,12
1997-02-22-22:00,12
1997-02-22-23:00,11
1997-02-23-00:00,11
1997-02-23-01:00,11
1997-02-23-02:00,12
1997-02-23-04:00,19
1997-02-23-05:00,21
1997-02-23-06:00,23
1997-02-23-07:00,24
1997-02-23-08:00,24
1997-02-23-09:00,25
1997-02-23-10:00,25
1997-02-23-11:00,25
1997-02-23-12:00,23
1997-02-23-13:00,20
1997-02-23-14:00,19
1997-02-23-15:00,18
1997-02-23-16:00,17
1997-02-23-17:00,17
1997-02-23-18:00,15
1997-02-23-19:00,15
1997-02-23-20:00,15
1997-02-23-21:00,14
1997-02-23-22:00,13
1997-02-23-23:00,14
1997-02-24-00:00,13
1997-02-24-01:00,13
1997-02-24-02:00,15
1997-02-24-03:00,19
1997-02-24-04:00,23
1997-02-24-05:00,25
1997-02-24-06:00,26
1997-02-24-07:00,28
1997-02-24-08:00,29
1997-02-24-09:00,29
1997-02-24-10:00,29
1997-02-24-12:00,26
1997-02-24-13:00,24
1997-02-24-14:00,23
1997-02-24-15:00,21
1997-02-24-16:00,21
1997-02-24-18:00,20
1997-02-24-20:00,18
1997-02-24-21:00,18
1997-02-24-22:00,17
1997-02-24-23:00,17
1997-02-25-00:00,17
1997-02-25-01:00,17
1997-02-25-03:00,18
1997-02-25-04:00,19
1997-02-25-05:00,20
1997-02-25-06:00,22
1997-02-25-07:00,24
1997-02-25-08:00,25
1997-02-25-17:00,19
1997-02-25-18:00,19
1997-02-25-19:00,18
1997-02-25-20:00,17
1997-02-25-21:00,17
1997-02-25-23:00,16
1997-02-26-00:00,16
1997-02-26-01:00,15
1997-02-26-02:00,16
1997-02-26-03:00,19
1997-02-26-04:00,22
1997-02-26-05:00,24
1997-02-26-06:00,25
1997-02-27-07:00,25
1997-02-27-08:00,25
1997-02-27-12:00,23
1997-02-27-13:00,22
1997-02-27-15:00,20
1997-02-27-21:00,13
1997-02-27-22:00,11
1997-02-27-23:00,11
1997-02-28-00:00,11
1997-02-28-01:00,11
1997-02-28-02:00,12
1997-02-28-03:00,15
1997-02-28-04:00,18
1997-02-28-05:00,22
1997-02-28-06:00,24
1997-02-28-07:00,25
1997-02-28-09:00,26
1997-02-28-10:00,26
1997-02-28-11:00,26
1997-02-28-16:00,19
1997-02-28-17:00,18
1997-02-28-19:00,16
1997-02-28-20:00,15
1997-02-28-21:00,15
1997-02-28-22:00,15
1997-03-01-02:00,17
1997-03-01-05:00,28
1997-03-01-06:00,29
1997-03-01-09:00,32
1997-03-01-10:00,32
1997-03-01-11:00,31
1997-03-01-12:00,28
1997-03-01-13:00,25
1997-03-01-14:00,25
1997-03-01-15:00,24
1997-03-01-16:00,24
1997-03-01-17:00,23
1997-03-01-18:00,23
1997-03-01-19:00,22.5
1997-03-01-20:00,22
1997-03-01-21:00,20
1997-03-01-22:00,19
1997-03-01-23:00,19
1997-03-02-00:00,18
1997-03-02-01:00,17
1997-03-02-02:00,18
1997-03-02-03:00,20
1997-03-02-04:00,23
1997-03-02-06:00,25
1997-03-02-07:00,26
1997-03-02-08:00,28
1997-03-02-09:00,27
1997-03-02-10:00,27
1997-03-02-12:00,25
1997-03-02-13:00,23
1997-03-02-14:00,22
1997-03-02-15:00,20
1997-03-02-16:00,19
1997-03-02-17:00,18
1997-03-02-18:00,17
1997-03-02-19:00,16
1997-03-02-20:00,15
1997-03-02-21:00,13
1997-03-02-22:00,12
1997-03-02-23:00,11
1997-03-03-00:00,10
1997-03-03-01:00,9
1997-03-03-02:00,10
1997-03-03-04:00,17
1997-03-03-05:00,19
1997-03-03-06:00,20
1997-03-03-07:00,22
1997-03-03-08:00,23
1997-03-03-09:00,23
1997-03-03-12:00,21
1997-03-03-13:00,19
1997-03-03-14:00,19
1997-03-03-15:00,18
1997-03-03-16:00,17
1997-03-03-17:00,15
1997-03-03-18:00,14
1997-03-03-19:00,13
1997-03-03-20:00,13
1997-03-03-21:00,11
1997-03-03-22:00,11
1997-03-03-23:00,10
1997-03-04-00:00,10
1997-03-04-01:00,10
1997-03-04-02:00,11
1997-03-04-03:00,14
1997-03-04-04:00,18
1997-03-04-05:00,20
1997-03-04-06:00,22
1997-03-04-07:21,23
1997-03-04-08:00,23
1997-03-04-09:00,24
1997-03-04-10:00,23
1997-03-04-11:00,23
1997-03-04-12:00,22
1997-03-04-13:00,21
1997-03-04-14:00,20
1997-03-04-15:21,17
1997-03-04-16:00,16
1997-03-04-17:00,15
1997-03-04-18:00,15
1997-03-04-19:00,14
1997-03-04-20:00,13
1997-03-04-22:00,13
1997-03-04-23:00,12
1997-03-05-00:00,11
1997-03-05-01:00,11
1997-03-05-02:00,13
1997-03-05-03:00,16
1997-03-05-04:00,20
1997-03-05-05:00,22
1997-03-05-06:00,24
1997-03-05-07:00,24
1997-03-05-08:00,25
1997-03-05-09:00,25
1997-03-05-10:00,26
1997-03-05-11:00,26
1997-03-05-12:00,24
1997-03-05-13:00,21
1997-03-05-14:00,20
1997-03-05-15:00,19
1997-03-05-16:00,18
1997-03-05-17:00,18
1997-03-05-18:00,18
1997-03-05-19:00,17
1997-03-05-20:00,16
1997-03-05-21:00,15
1997-03-05-22:00,16
1997-03-05-23:00,15
1997-03-06-00:00,15
1997-03-06-01:00,15
1997-03-06-02:00,16
1997-03-06-03:00,21
1997-03-06-04:00,23
1997-03-06-05:00,25
1997-03-06-06:00,26
1997-03-06-07:00,27
1997-03-06-08:00,27
1997-03-06-09:00,29
1997-03-06-10:00,28
1997-03-06-11:00,28
1997-03-06-12:00,27
1997-03-06-13:00,24
1997-03-06-14:00,23
1997-03-06-15:00,21
1997-03-06-16:00,21
1997-03-06-17:00,19
1997-03-06-18:00,18
1997-03-06-19:00,18
1997-03-06-20:00,18
1997-03-06-21:00,17
1997-03-06-22:00,17
1997-03-06-23:00,17
1997-03-07-00:00,16
1997-03-07-01:00,16
1997-03-07-02:00,18
1997-03-07-03:00,21
1997-03-07-04:00,23
1997-03-07-05:00,25
1997-03-07-06:00,26
1997-03-07-07:00,26
1997-03-07-08:00,27
1997-03-07-09:00,26
1997-03-07-10:00,26
1997-03-07-11:00,26
1997-03-07-12:00,25
1997-03-07-13:00,23
1997-03-07-14:00,22
1997-03-07-15:00,21
1997-03-07-16:00,21
1997-03-07-17:00,20
1997-03-07-18:00,20
1997-03-07-19:00,20
1997-03-07-20:00,19
1997-03-07-22:00,17
1997-03-07-23:00,17
1997-03-08-00:00,16
1997-03-08-01:00,16
1997-03-08-02:00,17
1997-03-08-03:00,21
1997-03-08-04:00,22
1997-03-08-05:00,25
1997-03-08-06:00,26
1997-03-08-07:00,28
1997-03-08-08:00,28
1997-03-08-09:00,29
1997-03-08-10:00,28
1997-03-08-11:00,27
1997-03-08-12:00,27
1997-03-08-13:00,25
1997-03-08-14:00,23
1997-03-08-15:00,23
1997-03-08-16:00,21
1997-03-08-17:00,20.5
1997-03-08-18:00,20
1997-03-08-19:00,21
1997-03-08-20:00,20
1997-03-08-21:00,18
1997-03-08-22:00,17
1997-03-08-23:00,17
1997-03-09-00:00,17
1997-03-09-01:00,16
1997-03-09-02:00,17
1997-03-09-03:00,19
1997-03-09-04:00,22
1997-03-09-05:00,24
1997-03-09-07:00,27
1997-03-09-08:00,28
1997-03-09-09:00,28
1997-03-09-10:00,28
1997-03-09-11:00,28
1997-03-09-12:00,27
1997-03-09-13:00,24
1997-03-09-14:00,23
1997-03-09-15:00,23
1997-03-09-16:00,23
1997-03-09-17:00,22
1997-03-09-18:00,22
1997-03-09-19:00,19
1997-03-09-20:00,17
1997-03-09-21:00,17
1997-03-09-22:00,16
1997-03-09-23:00,15
1997-03-10-00:00,15
1997-03-10-01:00,15
1997-03-10-02:00,17
1997-03-10-03:00,18
1997-03-10-04:00,21
1997-03-10-05:00,24
1997-03-10-06:00,26
1997-03-10-07:00,27
1997-03-10-08:00,28
1997-03-10-09:00,27
1997-03-10-10:00,27
1997-03-10-11:00,26
1997-03-10-12:00,25
1997-03-10-13:00,23
1997-03-10-14:00,23
1997-03-10-15:00,21
1997-03-10-16:00,21
1997-03-10-17:00,20
1997-03-10-18:00,18
1997-03-10-19:00,18
1997-03-10-20:00,17
1997-03-10-21:00,16.5
1997-03-10-22:00,16
1997-03-10-23:00,15
1997-03-11-00:00,16
1997-03-11-01:00,16
1997-03-11-02:00,18
1997-03-11-03:00,21
1997-03-11-04:00,24
1997-03-11-05:00,27
1997-03-11-06:00,28
1997-03-11-07:00,30
1997-03-11-08:00,29
1997-03-11-09:00,30
1997-03-11-10:00,30
1997-03-11-11:00,29
1997-03-11-12:00,28
1997-03-11-13:00,26
1997-03-11-14:00,25
1997-03-11-15:00,24
1997-03-11-16:00,23
1997-03-11-17:00,22
1997-03-11-18:00,20
1997-03-11-19:00,20
1997-03-11-20:00,19
1997-03-11-21:00,17
1997-03-11-22:00,17
1997-03-11-23:00,16
1997-03-12-00:00,16
1997-03-12-01:00,15
1997-03-12-02:00,17
1997-03-12-04:00,23
1997-03-12-05:00,26
1997-03-12-06:00,27
1997-03-12-07:00,28
1997-03-12-08:00,29
1997-03-12-09:00,29
1997-03-12-10:00,29
1997-03-12-11:00,29
1997-03-12-12:00,27
1997-03-12-13:00,25
1997-03-12-14:00,24
1997-03-12-15:30,23
1997-03-12-16:00,22
1997-03-12-17:00,22
1997-03-12-18:00,21
1997-03-12-19:00,21
1997-03-12-20:00,21
1997-03-12-21:00,20
1997-03-12-22:00,20
1997-03-12-23:00,21
1997-03-13-00:00,20
1997-03-13-01:00,18
1997-03-13-02:00,17
1997-03-13-03:00,20
1997-03-13-04:00,21
1997-03-13-06:00,21
1997-03-13-07:00,23
1997-03-13-08:00,24
1997-03-13-09:00,25
1997-03-13-10:00,25
1997-03-13-11:00,24
1997-03-13-12:00,23
1997-03-13-15:00,21
1997-03-13-16:00,20
1997-03-13-17:00,20
1997-03-13-18:00,20
1997-03-13-19:00,20
1997-03-13-20:00,19
1997-03-13-21:00,18
1997-03-13-22:00,18
1997-03-13-23:00,18
1997-03-14-00:00,18
1997-03-14-01:00,18
1997-03-14-03:00,21
1997-03-14-04:00,23
1997-03-14-05:00,24
1997-03-14-06:00,26
1997-03-14-07:00,26
1997-03-14-08:00,25
1997-03-14-09:00,23
1997-03-14-10:00,23
1997-03-14-11:00,23
1997-03-14-12:00,22
1997-03-14-13:00,21
1997-03-14-14:00,21
1997-03-14-15:00,20
1997-03-14-16:00,20
1997-03-14-17:00,18
1997-03-14-18:00,18
1997-03-14-19:00,18
1997-03-14-20:00,17
1997-03-14-22:00,17
1997-03-14-23:00,17
1997-03-15-00:00,18
1997-03-15-01:00,18
1997-03-15-02:00,18.5
1997-03-15-03:00,19
1997-03-15-05:00,22
1997-03-15-06:00,25
1997-03-15-08:00,27
1997-03-15-09:00,27
1997-03-15-10:00,26
1997-03-15-11:00,26
1997-03-15-12:00,25
1997-03-15-13:00,23
1997-03-15-14:00,23
1997-03-15-15:00,22
1997-03-15-16:00,22
1997-03-15-17:00,20
1997-03-15-18:00,20
1997-03-15-19:00,20
1997-03-21-07:00,25
1997-03-21-08:00,26
1997-03-21-09:00,26
1997-03-21-10:00,26
1997-03-21-11:00,26
1997-03-21-12:00,25
1997-03-21-13:00,24
1997-03-21-14:00,23
1997-03-21-15:00,22
1997-03-21-16:00,20
1997-03-21-19:00,19
1997-03-21-20:00,18
1997-03-21-21:00,17
1997-03-21-22:00,16
1997-03-21-23:00,17
1997-03-22-00:00,16
1997-03-22-01:00,17
1997-03-22-02:00,17
1997-03-22-03:00,18
1997-03-22-04:00,19
1997-03-22-05:00,17
1997-03-22-06:00,19
1997-03-22-07:00,23
1997-03-22-09:00,25
1997-03-22-10:00,25
1997-03-22-11:00,24
1997-03-22-12:00,23
1997-03-22-13:00,23
1997-03-22-14:00,21
1997-03-22-15:00,20
1997-03-22-16:00,19
1997-03-22-17:00,19
1997-03-22-18:00,18
1997-03-22-19:00,17
1997-03-22-20:00,15
1997-03-22-21:00,15
1997-03-22-23:00,14
1997-03-23-00:00,13
1997-03-23-01:00,14
1997-03-23-02:00,15
1997-03-23-03:00,17
1997-03-23-04:00,21
1997-03-23-05:00,23
1997-03-23-06:00,24
1997-03-23-07:00,24
1997-03-23-08:00,25
1997-03-23-09:00,25
1997-03-23-10:00,25
1997-03-23-11:00,25
1997-03-23-13:00,22
1997-03-23-15:00,21
1997-03-23-18:00,18
1997-03-23-20:00,15
1997-03-23-21:00,15
1997-03-23-22:00,15
1997-03-23-23:00,14
1997-03-24-00:00,13
1997-03-24-01:00,13
1997-03-24-02:00,15
1997-03-24-04:00,22
1997-03-24-05:00,23
1997-03-24-06:00,25
1997-03-24-07:00,25
1997-03-24-09:00,27
1997-03-24-10:00,26
1997-03-24-11:00,26
1997-03-24-12:00,25
1997-03-24-13:00,25
1997-03-24-14:00,22
1997-03-24-15:00,19
1997-03-24-16:00,19
1997-03-24-17:00,18
1997-03-24-18:00,17
1997-03-24-19:00,17
1997-03-24-20:00,16
1997-03-24-21:00,16
1997-03-24-22:00,15
1997-03-24-23:00,15
1997-03-25-00:00,14
1997-03-25-01:21,14
1997-03-25-02:00,16
1997-03-25-03:00,19
1997-03-25-04:00,23
1997-03-25-05:00,24
1997-03-25-06:00,26
1997-03-25-07:00,27
1997-03-25-08:00,27
1997-03-25-09:00,28
1997-03-25-10:00,27
1997-03-25-11:00,27
1997-03-25-12:00,26
1997-03-25-13:00,24
1997-03-25-14:00,23
1997-03-25-15:00,21
1997-03-25-16:00,22
1997-03-25-17:00,20
1997-03-25-18:00,19
1997-03-25-19:00,18
1997-03-25-20:00,18
1997-03-25-21:00,17
1997-03-25-22:00,16
1997-03-25-23:00,16
1997-03-26-00:00,15
1997-03-26-01:00,16
1997-03-26-02:00,18
1997-03-26-03:00,20
1997-03-26-04:00,23
1997-03-26-05:00,25
1997-03-26-06:00,26
1997-03-26-07:00,27
1997-03-26-08:00,28
1997-03-26-09:00,29
1997-03-26-10:00,29
1997-03-26-11:00,28
1997-03-26-12:00,27
1997-03-26-13:00,25
1997-03-26-14:00,23
1997-03-26-15:00,23
1997-03-26-16:00,21
1997-03-26-17:00,20
1997-03-26-18:00,19
1997-03-26-20:00,17
1997-03-26-21:00,18
1997-03-26-22:00,17
1997-03-27-00:00,16
1997-03-27-01:00,16
1997-03-27-02:00,19
1997-03-27-03:00,22
1997-03-27-06:00,29
1997-03-27-07:00,30
1997-03-27-08:00,31
1997-03-27-09:00,31
1997-03-27-10:00,31
1997-03-28-05:00,28
1997-03-28-06:00,28
1997-03-28-07:00,28
1997-03-28-08:00,27
1997-03-28-09:00,27
1997-03-28-10:00,26
1997-03-28-11:00,25
1997-03-28-12:00,25
1997-03-28-13:00,23
1997-03-28-14:00,23
1997-03-28-15:00,23
1997-03-28-16:00,22
1997-03-28-17:00,22
1997-03-28-18:00,21
1997-03-28-19:00,20
1997-03-28-20:00,20
1997-03-28-22:00,18
1997-03-28-23:00,18
1997-03-29-00:00,17
1997-03-29-01:00,17
1997-03-29-02:00,17
1997-03-29-03:00,18
1997-03-29-04:00,20
1997-03-29-05:00,20
1997-03-29-06:00,21
1997-03-29-07:00,21
1997-03-29-08:00,21
1997-03-29-09:00,23
1997-03-29-10:00,24
1997-03-29-11:00,24
1997-03-29-12:00,24
1997-03-29-13:00,22
1997-03-29-14:00,21
1997-03-29-15:00,20
1997-03-29-16:00,20
1997-03-29-17:00,19
1997-03-29-18:00,18
1997-03-29-19:00,18
1997-03-29-20:00,17
1997-03-29-21:00,17
1997-03-29-22:00,16
1997-03-29-23:00,16
1997-03-30-00:00,16
1997-03-30-01:00,16
1997-03-30-02:00,18
1997-03-30-04:00,22
1997-03-30-05:00,24
1997-03-30-06:00,25
1997-03-30-07:00,26
1997-03-30-08:00,27
1997-03-30-09:00,27
1997-03-30-12:00,26
1997-03-30-14:00,23
1997-03-30-15:00,22
1997-03-30-16:00,21
1997-03-30-17:00,21
1997-03-30-18:00,20
1997-03-30-19:00,20
1997-03-30-20:00,19
1997-03-30-21:00,18
1997-03-30-23:00,18
1997-03-31-00:00,18
1997-03-31-01:00,18
1997-03-31-02:00,20
1997-03-31-03:00,24
1997-03-31-04:00,25
1997-03-31-08:00,27
1997-03-31-09:00,26
1997-03-31-10:00,27
1997-03-31-11:00,26
1997-03-31-13:00,24
1997-03-31-14:00,24
1997-03-31-15:00,23
1997-03-31-16:00,23
1997-03-31-17:00,22.5
1997-03-31-19:00,22
1997-03-31-21:00,20
1997-03-31-22:00,21
1997-03-31-23:00,20
1997-04-01-02:00,22
1997-04-01-03:00,23
1997-04-01-04:00,25
1997-04-01-05:00,26
1997-04-01-06:00,27
1997-04-01-07:00,27
1997-04-01-08:00,27
1997-04-01-09:00,28
1997-04-01-10:00,28
1997-04-01-11:00,27
1997-04-01-12:00,26
1997-04-01-13:00,25
1997-04-01-14:00,24
1997-04-01-15:00,24
1997-04-01-16:00,22
1997-04-01-17:00,21
1997-04-01-18:00,20
1997-04-01-19:00,19
1997-04-01-20:00,19
1997-04-01-21:00,19
1997-04-01-23:00,19
1997-04-02-00:00,18
1997-04-02-01:00,19
1997-04-02-02:00,19
1997-04-02-03:00,22
1997-04-02-04:00,25
1997-04-02-05:00,27
1997-04-02-06:00,27
1997-04-02-07:00,29
1997-04-02-08:00,29
1997-04-02-09:00,28
1997-04-02-10:00,28
1997-04-02-11:00,26
1997-04-02-12:00,22
1997-04-02-13:00,21
1997-04-02-14:00,19
1997-04-02-15:00,19
1997-04-02-17:00,18
1997-04-02-18:00,19
1997-04-02-19:00,19
1997-04-02-20:00,18
1997-04-02-21:00,17
1997-04-02-22:00,17
1997-04-02-23:00,16
1997-04-03-00:00,16
1997-04-03-01:00,16
1997-04-03-02:00,16
1997-04-03-03:00,16
1997-04-03-04:00,18
1997-04-03-05:00,20
1997-04-03-06:00,22
1997-04-03-07:00,22
1997-04-03-08:00,22
1997-04-03-09:00,22
1997-04-03-10:00,24
1997-04-03-11:00,24
1997-04-03-12:00,22
1997-04-03-13:00,21
1997-04-03-14:00,15
1997-04-03-15:00,16
1997-04-03-16:00,16
1997-04-03-17:00,16
1997-04-03-20:00,15
1997-04-03-21:00,15
1997-04-03-22:00,15
1997-04-03-23:00,15
1997-04-04-00:00,15
1997-04-04-01:00,15
1997-04-04-03:00,18
1997-04-04-04:00,20
1997-04-04-05:00,21
1997-04-04-06:00,23
1997-04-04-07:00,24
1997-04-04-08:00,25
1997-04-04-09:00,25
1997-04-04-10:00,26
1997-04-04-11:00,25
1997-04-04-12:00,23
1997-04-04-13:00,21
1997-04-04-14:00,21
1997-04-04-15:00,20
1997-04-04-20:00,16
1997-04-04-21:00,16
1997-04-04-22:00,16
1997-04-04-23:00,16
1997-04-05-00:00,15
1997-04-05-01:00,15
1997-04-05-02:00,15
1997-04-05-03:00,18
1997-04-05-04:00,21
1997-04-05-05:00,23
1997-04-05-06:00,24
1997-04-05-07:00,25
1997-04-05-09:00,26
1997-04-05-10:00,26
1997-04-05-11:00,26
1997-04-05-12:00,25
1997-04-05-13:00,24
1997-04-05-14:00,22
1997-04-05-15:00,21
1997-04-05-17:00,19
1997-04-05-18:00,18
1997-04-05-19:00,17
1997-04-06-00:00,15
1997-04-06-03:00,20
1997-04-06-04:00,22
1997-04-06-05:00,24
1997-04-06-06:00,25
1997-04-06-07:00,25
1997-04-06-08:00,26
1997-04-06-09:00,27
1997-04-06-10:00,27
1997-04-06-11:00,26
1997-04-06-12:00,25
1997-04-06-13:00,23
1997-04-06-14:00,23
1997-04-06-15:00,23
1997-04-06-16:00,21
1997-04-06-17:00,20
1997-04-06-19:00,19
1997-04-06-20:00,17
1997-04-06-21:00,18
1997-04-06-22:00,17
1997-04-06-23:00,17
1997-04-07-00:00,16
1997-04-07-01:00,16
1997-04-07-02:00,18
1997-04-07-03:00,21
1997-04-07-04:00,22
1997-04-07-05:00,24
1997-04-07-06:00,26
1997-04-07-07:00,27
1997-04-07-08:00,28
1997-04-07-09:00,29
1997-04-07-10:00,28
1997-04-07-11:00,28
1997-04-07-12:00,28
1997-04-07-13:00,26
1997-04-07-14:00,26
1997-04-07-15:00,25
1997-04-07-16:00,23
1997-04-07-17:00,23
1997-04-07-18:00,21
1997-04-07-19:00,21
1997-04-07-20:00,20
1997-04-07-21:00,20
1997-04-07-22:00,20
1997-04-07-23:00,19
1997-04-08-00:00,19
1997-04-08-01:00,21
1997-04-08-02:00,23
1997-04-08-03:00,25
1997-04-08-04:00,27
1997-04-08-05:00,29
1997-04-08-06:00,29
1997-04-08-07:00,30
1997-04-08-08:00,31
1997-04-08-09:00,32
1997-04-08-10:00,33
1997-04-08-11:00,33
1997-04-08-12:00,32
1997-04-08-13:00,29
1997-04-08-14:00,27
1997-04-08-17:00,24
1997-04-08-18:00,24
1997-04-08-19:00,23
1997-04-08-20:00,24
1997-04-08-21:00,28
1997-04-08-22:00,22
1997-04-08-23:00,21
1997-04-09-00:00,20
1997-04-09-01:00,21
1997-04-09-02:00,23
1997-04-09-03:00,10
1997-04-09-04:00,26
1997-04-09-05:00,27
1997-04-09-06:00,27
1997-04-09-07:00,28
1997-04-09-08:00,29
1997-04-09-09:00,28
1997-04-09-10:30,28
1997-04-09-11:00,27
1997-04-09-14:00,24
1997-04-09-15:00,23
1997-04-09-16:00,23
1997-04-09-17:00,22
1997-04-09-18:00,22
1997-04-09-20:00,21
1997-04-09-21:00,20
1997-04-09-22:00,20
1997-04-09-23:00,19
1997-04-10-00:00,19
1997-04-10-03:00,27
1997-04-10-04:00,28
1997-04-10-05:00,28
1997-04-10-06:00,29
1997-04-10-08:00,31
1997-04-10-10:00,31
1997-04-10-11:00,31
1997-04-10-12:00,30
1997-04-10-14:00,27
1997-04-10-21:00,21
1997-04-10-22:00,21
1997-04-10-23:00,20
1997-04-11-00:00,19
1997-04-11-01:00,20
1997-04-11-02:00,23
1997-04-11-03:00,25
1997-04-11-04:00,28
1997-04-11-05:00,29
1997-04-11-06:00,31
1997-04-11-07:00,31
1997-04-11-08:00,32
1997-04-11-09:00,33
1997-04-11-10:00,33
1997-04-11-11:00,33
1997-04-11-12:00,32
1997-04-11-13:00,30
1997-04-11-14:00,29
1997-04-11-15:00,27
1997-04-11-16:00,27
1997-04-11-17:00,26
1997-04-11-18:00,25
1997-04-11-19:00,24
1997-04-11-20:00,23
1997-04-11-21:00,23
1997-04-11-22:00,23
1997-04-11-23:00,22
1997-04-12-00:00,21
1997-04-12-01:00,23
1997-04-12-02:00,26
1997-04-12-03:00,28
1997-04-12-04:00,31
1997-04-12-05:00,31
1997-04-12-06:00,33
1997-04-12-07:00,33
1997-04-12-08:00,34
1997-04-12-09:00,35
1997-04-12-10:00,34
1997-04-12-11:00,34
1997-04-12-12:00,33
1997-04-12-13:00,31
1997-04-12-15:00,29
1997-04-12-16:00,27
1997-04-12-17:00,26
1997-04-12-18:00,26
1997-04-12-19:00,25
1997-04-12-20:00,24
1997-04-12-21:00,24
1997-04-12-22:00,23
1997-04-12-23:00,24
1997-04-13-00:00,23
1997-04-13-01:00,25
1997-04-13-02:00,26
1997-04-13-03:00,27
1997-04-13-04:00,29
1997-04-13-05:00,30
1997-04-13-06:00,31
1997-04-13-07:00,32
1997-04-13-08:00,33
1997-04-13-09:00,33
1997-04-13-10:00,34
1997-04-13-11:00,34
1997-04-13-12:00,33
1997-04-13-13:00,30
1997-04-13-14:00,29
1997-04-13-15:00,27
1997-04-13-17:00,27
1997-04-13-18:00,26
1997-04-13-19:00,26
1997-04-13-20:00,24
1997-04-13-21:00,24
1997-04-13-22:00,24
1997-04-13-23:00,23
1997-04-14-00:00,23
1997-04-14-01:00,24
1997-04-14-02:00,27
1997-04-14-03:00,29
1997-04-14-04:00,31
1997-04-14-05:00,32
1997-04-14-06:00,33
1997-04-14-07:00,35
1997-04-14-08:00,35
1997-04-14-09:00,35
1997-04-14-11:00,35
1997-04-14-12:00,24
1997-04-14-13:00,32
1997-04-14-14:00,30
1997-04-14-16:00,27
1997-04-14-17:00,27
1997-04-14-18:00,26
1997-04-14-19:00,25
1997-04-14-20:00,23
1997-04-14-21:00,24
1997-04-14-22:00,24
1997-04-14-23:00,24
1997-04-15-00:00,22
1997-04-15-01:00,24
1997-04-15-02:00,27
1997-04-15-03:00,29
1997-04-15-04:00,31
1997-04-15-05:00,32
1997-04-15-06:00,33
1997-04-15-07:00,33
1997-04-15-08:00,34
1997-04-15-09:00,34
1997-04-15-10:00,34
1997-04-15-11:00,34
1997-04-15-12:00,32
1997-04-15-13:00,28
1997-04-15-14:00,26
1997-04-15-15:00,27
1997-04-15-16:00,26
1997-04-15-17:00,25
1997-04-15-18:00,24
1997-04-15-19:00,22
1997-04-15-20:00,22
1997-04-15-21:00,21
1997-04-15-22:00,21
1997-04-15-23:00,21
1997-04-16-00:00,19
1997-04-16-01:30,19
1997-04-16-02:00,22
1997-04-16-03:00,25
1997-04-16-04:00,27
1997-04-16-05:00,30
1997-04-16-06:00,30
1997-04-16-07:00,31
1997-04-16-08:00,31
1997-04-16-09:00,31
1997-04-16-10:00,31
1997-04-16-11:00,31
1997-04-16-12:00,30
1997-04-16-13:00,29
1997-04-16-14:00,27
1997-04-16-15:00,27
1997-04-16-16:00,26
1997-04-16-17:00,26
1997-04-16-18:00,24
1997-04-16-19:00,23
1997-04-16-20:00,22
1997-04-16-21:00,20
1997-04-16-22:00,18
1997-04-16-23:00,18
1997-04-17-00:00,16
1997-04-17-01:00,17
1997-04-17-02:00,20
1997-04-17-04:00,26
1997-04-17-05:00,27
1997-04-17-06:00,28
1997-04-17-07:00,29
1997-04-17-08:00,29
1997-04-17-09:00,30
1997-04-17-10:00,29
1997-04-17-11:00,29
1997-04-17-12:00,29
1997-04-17-13:00,28
1997-04-17-14:00,25
1997-04-17-15:00,25
1997-04-17-16:00,25
1997-04-17-17:00,24
1997-04-17-19:00,21
1997-04-17-20:00,21
1997-04-17-21:00,20
1997-04-17-22:00,19
1997-04-17-23:00,18
1997-04-18-00:00,17
1997-04-18-01:00,18
1997-04-18-02:00,21
1997-04-18-03:00,24
1997-04-18-04:00,26
1997-04-18-05:00,28
1997-04-18-06:00,30
1997-04-18-07:00,30
1997-04-18-08:00,31
1997-04-18-09:00,31
1997-04-18-10:00,32
1997-04-18-11:00,31
1997-04-18-12:00,31
1997-04-18-13:00,29
1997-04-18-14:00,27
1997-04-18-16:00,24
1997-04-18-17:00,26
1997-04-18-18:00,25
1997-04-18-19:00,24
1997-04-18-20:00,23
1997-04-18-21:00,21
1997-04-18-22:00,20
1997-04-18-23:00,18
1997-04-19-00:00,18
1997-04-19-01:00,19
1997-04-19-02:00,21
1997-04-19-03:00,25
1997-04-19-04:00,28
1997-04-19-05:00,30
1997-04-19-06:00,31
1997-04-19-07:00,32
1997-04-19-08:00,33
1997-04-19-09:00,33
1997-04-19-10:00,33
1997-04-19-11:00,33
1997-04-19-13:00,31
1997-04-19-14:00,29
1997-04-19-15:00,27
1997-04-19-16:00,26
1997-04-19-17:00,26
1997-04-19-18:00,27
1997-04-19-19:00,25
1997-04-19-20:00,24
1997-04-19-21:00,21
1997-04-19-22:00,21
1997-04-19-23:00,20
1997-04-20-00:00,20
1997-04-20-01:00,21
1997-04-20-02:00,24
1997-04-20-03:00,27
1997-04-20-04:00,30
1997-04-20-05:00,31
1997-04-20-06:00,33
1997-04-20-07:00,33
1997-04-20-08:00,33
1997-04-20-09:00,34
1997-04-20-10:00,34
1997-04-20-11:00,33
1997-04-20-12:00,33
1997-04-20-13:00,31
1997-04-20-14:00,29
1997-04-20-15:00,28
1997-04-20-16:00,27
1997-04-20-17:00,28
1997-04-20-18:00,27
1997-04-20-19:00,27
1997-04-20-20:00,26
1997-04-20-21:00,25
1997-04-20-22:00,25
1997-04-20-23:00,23
1997-04-21-00:00,22
1997-04-21-03:00,27
1997-04-21-04:00,31
1997-04-21-05:00,32
1997-04-21-06:00,34
1997-04-21-07:00,34
1997-04-21-08:00,35
1997-04-21-09:00,35
1997-04-21-10:00,35
1997-04-21-11:00,34
1997-04-21-12:00,34
1997-04-21-13:00,33
1997-04-21-14:00,31
1997-04-21-15:00,30
1997-04-21-16:00,29
1997-04-21-17:00,27
1997-04-21-18:00,26
1997-04-21-19:00,25
1997-04-21-20:00,26
1997-04-21-21:00,24
1997-04-21-22:00,23
1997-04-21-23:00,22
1997-04-22-00:00,22
1997-04-22-01:00,23
1997-04-22-02:00,25
1997-04-22-03:00,29
1997-04-22-04:00,31
1997-04-22-05:00,32
1997-04-22-06:00,33
1997-04-22-07:00,34
1997-04-22-08:00,34
1997-04-22-09:00,35
1997-04-22-10:00,35
1997-04-22-11:00,35
1997-04-22-13:00,33
1997-04-22-14:00,32
1997-04-22-15:00,31
1997-04-22-18:00,26
1997-04-22-19:00,25
1997-04-22-20:00,25
1997-04-22-21:00,24
1997-04-22-22:00,25
1997-04-22-23:00,23
1997-04-23-00:00,22
1997-04-23-01:00,24
1997-04-23-03:00,29
1997-04-23-04:00,31
1997-04-23-05:00,33
1997-04-23-06:00,34
1997-04-23-07:00,35
1997-04-23-08:00,35
1997-04-23-09:00,36
1997-04-23-10:00,36
1997-04-23-11:00,36
1997-04-23-12:00,36
1997-04-23-13:00,33
1997-04-23-14:00,31
1997-04-23-15:00,30
1997-04-23-17:00,29
1997-04-23-18:00,29
1997-04-23-19:00,27
1997-04-23-20:00,26
1997-04-23-21:00,25
1997-04-23-22:00,23
1997-04-23-23:21,22
1997-04-24-00:00,23
1997-04-24-01:00,25
1997-04-24-02:00,27
1997-04-24-03:00,29
1997-04-24-04:00,31
1997-04-24-05:00,33
1997-04-24-06:00,35
1997-04-24-07:00,36
1997-04-24-08:00,37
1997-04-24-09:00,38
1997-04-24-10:00,37
1997-04-24-11:00,37
1997-04-24-12:00,36
1997-04-24-13:00,34
1997-04-24-14:00,32
1997-04-24-15:00,32
1997-04-24-16:00,32
1997-04-24-17:00,30
1997-04-24-18:00,28
1997-04-24-19:00,27
1997-04-24-20:00,26
1997-04-24-21:00,26
1997-04-24-22:00,25
1997-04-25-00:00,25
1997-04-25-01:00,26
1997-04-25-02:00,27
1997-04-25-03:00,30
1997-04-25-04:00,32
1997-04-25-05:00,35
1997-04-25-06:00,36
1997-04-25-12:00,37
1997-04-25-13:00,35
1997-04-25-14:00,32
1997-04-25-15:00,30
1997-04-25-16:00,29
1997-04-25-17:00,29
1997-04-25-18:00,28
1997-04-25-19:00,30
1997-04-25-20:00,27
1997-04-25-22:00,26
1997-04-25-23:00,25
1997-04-26-00:00,26
1997-04-26-01:00,25
1997-04-26-02:00,26
1997-04-26-03:00,27
1997-04-26-04:00,29
1997-04-26-06:00,34
1997-04-26-07:00,36
1997-04-26-08:00,37
1997-04-26-09:00,37
1997-04-26-10:00,37
1997-04-26-11:00,37
1997-04-26-12:00,36
1997-04-26-13:00,33
1997-04-26-17:00,29
1997-04-26-18:00,29
1997-04-26-19:00,28
1997-04-26-20:00,27
1997-04-26-21:00,27
1997-04-26-22:00,27
1997-04-26-23:00,26
1997-04-27-00:00,26
1997-04-27-01:00,26
1997-04-27-02:00,28
1997-04-27-03:00,29
1997-04-27-04:00,30
1997-04-27-05:00,32
1997-04-27-06:00,33
1997-04-27-07:00,35
1997-04-27-08:00,34
1997-04-27-09:00,34
1997-04-27-10:00,34
1997-04-27-12:00,30
1997-04-27-13:00,30
1997-04-27-14:00,28
1997-04-27-15:00,28
1997-04-27-16:00,27
1997-04-27-17:00,27
1997-04-27-18:00,26
1997-04-27-19:00,26
1997-04-27-20:00,25
1997-04-27-21:00,24
1997-04-27-22:00,24
1997-04-27-23:00,24
1997-04-28-00:00,24
1997-04-28-01:00,26
1997-04-28-02:00,30
1997-04-28-03:00,30
1997-04-28-04:00,31
1997-04-28-05:00,33
1997-04-28-06:00,34
1997-04-28-07:00,35
1997-04-28-08:00,35
1997-04-28-09:00,35
1997-04-28-10:00,36
1997-04-28-11:00,36
1997-04-28-12:00,35
1997-04-28-14:00,32
1997-04-28-15:00,31
1997-04-28-17:00,29
1997-04-28-18:00,29
1997-04-28-19:00,28
1997-05-04-08:00,32
1997-05-04-09:00,32
1997-05-04-11:00,25
1997-05-04-12:00,24
1997-05-04-13:00,23
1997-05-04-14:00,22
1997-05-04-15:00,22
1997-05-04-16:00,22
1997-05-04-17:00,22
1997-05-04-18:00,22
1997-05-04-19:00,22
1997-05-04-20:00,21
1997-05-04-21:00,21
1997-05-04-22:00,21
1997-05-04-23:00,21
1997-05-05-00:00,21
1997-05-05-01:00,21
1997-05-05-02:00,21
1997-05-05-03:00,23
1997-05-05-04:00,25
1997-05-05-05:00,27
1997-05-05-06:00,27
1997-05-05-07:00,28
1997-05-05-09:00,29
1997-05-05-10:00,27
1997-05-05-11:00,27
1997-05-05-12:00,28
1997-05-05-13:00,26
1997-05-05-14:00,25
1997-05-05-15:00,24
1997-05-05-16:00,24
1997-05-05-17:00,23
1997-05-05-18:00,23
1997-05-05-19:00,22
1997-05-05-20:00,21
1997-05-05-21:00,21
1997-05-05-22:00,21
1997-05-05-23:00,21
1997-05-06-00:00,20
1997-05-06-01:00,21
1997-05-06-02:00,23
1997-05-06-03:00,25
1997-05-06-04:00,26
1997-05-06-05:00,27
1997-05-06-06:00,29
1997-05-06-07:00,29
1997-05-06-08:00,31
1997-05-06-09:00,31
1997-05-06-10:00,32
1997-05-06-11:00,31
1997-05-06-12:00,21
1997-05-06-13:00,30
1997-05-06-14:00,29
1997-05-06-15:00,28
1997-05-06-16:00,27
1997-05-06-17:00,26
1997-05-06-18:00,26
1997-05-06-19:00,25
1997-05-06-20:00,25
1997-05-07-00:00,23
1997-05-07-01:00,26
1997-05-07-02:00,29
1997-05-07-03:00,31
1997-05-07-04:00,31
1997-05-07-06:00,32
1997-05-07-07:00,33
1997-05-07-08:00,34
1997-05-07-10:00,35
1997-05-07-11:00,35
1997-05-07-12:30,34
1997-05-07-15:00,25
1997-05-07-16:00,25
1997-05-07-17:00,25
1997-05-07-18:00,25
1997-05-07-19:00,26
1997-05-07-20:00,25
1997-05-07-21:00,24
1997-05-07-22:00,23
1997-05-07-23:00,22
1997-05-08-01:00,21
1997-05-08-02:00,23
1997-05-08-03:00,24
1997-05-08-04:00,26
1997-05-08-05:00,28
1997-05-08-06:00,30
1997-05-08-07:00,31
1997-05-08-09:00,33
1997-05-08-11:00,33
1997-05-08-16:00,27
1997-05-08-17:00,26
1997-05-08-18:00,26
1997-05-08-19:00,25
1997-05-08-20:00,25
1997-05-08-21:00,23
1997-05-08-22:00,22
1997-05-09-00:00,22
1997-05-09-02:00,28
1997-05-09-03:00,29
1997-05-09-04:00,29
1997-05-09-05:00,31
1997-05-09-06:00,32
1997-05-09-07:00,33
1997-05-09-08:00,34
1997-05-09-09:00,34
1997-05-09-10:00,34
1997-05-09-16:00,29
1997-05-09-17:00,28
1997-05-09-18:00,27
1997-05-09-19:00,27
1997-05-09-20:00,26
1997-05-09-21:00,25
1997-05-09-23:00,22
1997-05-10-00:00,21
1997-05-10-01:00,23
1997-05-10-02:00,26
1997-05-10-03:00,28
1997-05-10-04:00,30
1997-05-10-05:00,31
1997-05-10-06:00,34
1997-05-10-07:00,34
1997-05-10-08:00,34
1997-05-10-09:00,35
1997-05-10-10:00,35
1997-05-10-11:00,34
1997-05-10-17:00,27
1997-05-10-18:00,26
1997-05-10-19:00,25
1997-05-10-21:00,25
1997-05-10-22:00,23
1997-05-11-00:00,23.5
1997-05-11-01:00,24
1997-05-11-02:00,26
1997-05-11-04:00,31
1997-05-11-05:00,33
1997-05-11-06:00,34
1997-05-11-09:00,36
1997-05-11-10:00,37
1997-05-11-11:00,37
1997-05-11-14:00,31
1997-05-11-15:00,30
1997-05-11-16:00,29
1997-05-11-17:00,29
1997-05-11-18:00,28
1997-05-11-19:00,28
1997-05-11-20:00,28
1997-05-11-21:00,27
1997-05-11-22:00,26
1997-05-12-00:00,26
1997-05-12-01:00,28
1997-05-12-02:00,29
1997-05-12-03:00,31
1997-05-12-04:00,33
1997-05-12-05:00,34
1997-05-12-06:00,34
1997-05-12-07:00,35
1997-05-12-08:00,35
1997-05-12-09:00,36
1997-05-12-10:00,36
1997-05-12-11:00,36
1997-05-12-12:00,35
1997-05-12-13:00,33
1997-05-12-14:00,31
1997-05-12-18:00,28
1997-05-12-19:00,27
1997-05-12-20:00,26
1997-05-12-21:00,26
1997-05-12-22:00,25
1997-05-13-01:00,27
1997-05-13-03:00,31
1997-05-13-04:00,32
1997-05-13-05:00,33
1997-05-13-06:00,35
1997-05-13-08:00,36
1997-05-13-09:00,36
1997-05-13-10:00,36
1997-05-13-11:00,35
1997-05-13-12:00,34
1997-05-13-13:00,33
1997-05-13-14:00,32
1997-05-13-15:00,31
1997-05-13-16:00,30
1997-05-13-17:00,29
1997-05-13-18:00,29
1997-05-13-19:00,27
1997-05-13-20:00,27
1997-05-13-21:00,26
1997-05-13-22:00,26
1997-05-13-23:00,25
1997-05-14-00:00,25
1997-05-14-01:00,27
1997-05-14-02:00,28
1997-05-14-03:00,31
1997-05-14-04:00,33
1997-05-14-05:00,34
1997-05-14-06:00,35
1997-05-14-07:00,36
1997-05-14-08:00,36
1997-05-14-09:00,37
1997-05-14-10:00,37
1997-05-14-11:00,37
1997-05-14-12:00,36
1997-05-14-15:00,31
1997-05-14-16:00,30
1997-05-14-17:00,29
1997-05-14-18:00,29
1997-05-14-19:00,28
1997-05-14-20:00,27
1997-05-14-21:00,26
1997-05-14-22:00,26
1997-05-14-23:00,25
1997-05-15-00:00,23
1997-05-15-01:00,26
1997-05-15-02:00,27
1997-05-15-06:00,34
1997-05-15-07:00,35
1997-05-15-08:00,36
1997-05-15-09:00,36
1997-05-15-10:00,36
1997-05-15-11:00,36
1997-05-15-12:00,35
1997-05-15-14:00,32
1997-05-15-15:00,32
1997-05-15-16:00,29
1997-05-15-17:00,30
1997-05-15-18:00,28
1997-05-15-19:00,28
1997-05-15-20:00,25
1997-05-15-21:00,27
1997-05-15-22:00,26
1997-05-15-23:00,24
1997-05-16-00:00,23
1997-05-16-01:00,25
1997-05-16-08:00,35
1997-05-16-09:00,35
1997-05-16-10:00,36
1997-05-16-11:00,36
1997-05-16-12:00,35
1997-05-16-13:00,33
1997-05-16-14:00,32
1997-05-16-15:00,31
1997-05-16-16:00,29
1997-05-16-17:00,27
1997-05-16-18:00,26
1997-05-16-19:00,27
1997-05-16-20:00,25
1997-05-16-21:00,24
1997-05-16-22:00,23
1997-05-16-23:00,23
1997-05-17-00:00,22
1997-05-17-01:00,25
1997-05-17-02:00,27
1997-05-17-03:00,29
1997-05-17-04:00,32
1997-05-17-07:00,31
1997-05-17-08:00,37
1997-05-17-09:00,38
1997-05-17-10:00,38
1997-05-17-11:00,37
1997-05-17-12:00,37
1997-05-17-13:00,36
1997-05-17-14:00,32
1997-05-17-15:00,31
1997-05-17-16:00,30
1997-05-17-17:00,30
1997-05-17-18:00,29
1997-05-17-19:00,28
1997-05-17-20:00,27
1997-05-17-21:00,26
1997-05-17-22:00,25
1997-05-17-23:00,24
1997-05-18-00:00,24
1997-05-18-01:00,29
1997-05-18-02:00,32
1997-05-18-03:00,33
1997-05-18-04:00,35
1997-05-18-05:00,37
1997-05-18-06:00,38
1997-05-18-07:00,39
1997-05-18-09:00,40
1997-05-18-10:00,40
1997-05-18-11:00,39
1997-05-18-12:00,39
1997-05-18-13:00,37
1997-05-18-14:00,35
1997-05-18-15:00,33
1997-05-18-16:00,32
1997-05-18-17:00,31
1997-05-18-19:00,28
1997-05-18-20:00,27
1997-05-18-21:00,26
1997-05-18-22:00,26
1997-05-18-23:00,25
1997-05-19-00:00,25
1997-05-19-01:00,26
1997-05-19-02:00,26
1997-05-19-03:00,29
1997-05-19-04:00,32
1997-05-19-08:00,37
1997-05-19-09:00,38
1997-05-19-10:00,38
1997-05-19-11:00,38
1997-05-19-12:00,37
1997-05-19-13:00,35
1997-05-19-14:00,34
1997-05-19-15:00,32
1997-05-19-16:00,32
1997-05-19-17:00,31
1997-05-19-18:00,30
1997-05-19-19:00,29
1997-05-19-22:00,24
1997-05-19-23:00,23
1997-05-20-00:00,24
1997-05-20-03:00,30
1997-05-20-04:00,33
1997-05-20-05:00,35
1997-05-20-06:00,36
1997-05-20-08:00,39
1997-05-20-09:00,39
1997-05-20-10:00,39
1997-05-20-11:00,39
1997-05-20-12:00,38
1997-05-20-13:00,36
1997-05-20-14:00,33
1997-05-20-15:00,32
1997-05-20-16:00,31
1997-05-20-17:00,32
1997-05-20-18:00,30
1997-05-20-19:00,30
1997-05-20-20:00,30
1997-05-20-21:00,29
1997-05-20-22:00,29
1997-05-20-23:00,29
1997-05-21-00:00,29
1997-05-21-01:00,29
1997-05-21-02:00,31
1997-05-21-03:00,33
1997-05-21-04:00,35
1997-05-21-05:00,37
1997-05-21-06:00,37
1997-05-21-07:00,38
1997-05-21-08:00,39
1997-05-21-09:00,40
1997-05-21-10:00,40
1997-05-21-11:00,39
1997-05-21-12:00,39
1997-05-21-13:00,36
1997-05-21-14:00,35
1997-05-21-16:00,33
1997-05-21-17:00,31
1997-05-21-18:00,30
1997-05-21-19:00,29
1997-05-21-20:00,28
1997-05-21-21:00,28
1997-05-21-22:00,27
1997-05-21-23:00,26
1997-05-22-00:00,26
1997-05-22-01:00,27
1997-05-22-02:00,28
1997-05-22-03:00,30
1997-05-22-04:00,32
1997-05-22-05:00,33
1997-05-22-06:00,35
1997-05-22-07:00,36
1997-05-22-08:00,38
1997-05-22-09:00,38
1997-05-22-10:00,39
1997-05-22-12:00,37
1997-05-22-13:00,37
1997-05-22-14:00,31
1997-05-22-15:00,31
1997-05-22-16:00,31
1997-05-22-17:00,31
1997-05-22-18:00,30
1997-05-22-19:00,29
1997-05-22-20:00,28
1997-05-22-22:00,26
1997-05-22-23:00,26
1997-05-23-00:00,25
1997-05-23-02:00,28
1997-05-23-03:00,28
1997-05-23-04:00,31
1997-05-23-05:00,33
1997-05-23-06:00,36
1997-05-23-07:00,37
1997-05-23-08:00,37
1997-05-23-09:00,38
1997-05-23-10:00,38
1997-05-23-11:00,38
1997-05-23-12:00,37
1997-05-23-13:00,35
1997-05-23-14:00,34
1997-05-23-15:00,33
1997-05-23-16:00,31
1997-05-23-17:00,30
1997-05-23-18:00,30
1997-05-23-19:00,29
1997-05-23-20:00,28
1997-05-23-22:00,27
1997-05-23-23:00,27
1997-05-24-00:00,26
1997-05-24-01:00,27
1997-05-24-02:00,30
1997-05-24-03:00,31
1997-05-24-04:00,32
1997-05-24-05:00,34
1997-05-24-06:00,35
1997-05-24-08:00,38
1997-05-24-09:00,38
1997-05-24-10:00,39
1997-05-24-11:00,38
1997-05-24-12:00,38
1997-05-24-13:00,37
1997-05-24-14:00,35
1997-05-24-15:00,32
1997-05-24-16:00,31
1997-05-24-17:00,29
1997-05-24-20:00,27
1997-05-24-21:00,27
1997-05-24-22:00,27
1997-05-24-23:00,27
1997-05-25-00:00,27
1997-05-25-01:00,29
1997-05-25-03:00,31
1997-05-25-04:00,32
1997-05-25-05:00,34
1997-05-25-06:00,35
1997-05-25-07:00,36
1997-05-25-08:00,37
1997-05-25-09:00,37
1997-05-25-10:00,39
1997-05-25-11:00,38
1997-05-25-12:00,37
1997-05-25-13:00,36
1997-05-25-14:00,34
1997-05-25-15:00,32
1997-05-25-16:00,31
1997-05-25-17:00,31
1997-05-25-18:00,30
1997-05-25-19:00,30
1997-05-25-20:00,29
1997-05-25-21:00,28
1997-05-25-22:00,27
1997-05-25-23:00,27
1997-05-26-00:00,27
1997-05-26-01:00,28
1997-05-26-05:00,35
1997-05-26-06:00,36
1997-05-26-07:00,37
1997-05-26-08:00,38
1997-05-26-09:00,38
1997-05-26-11:00,38
1997-05-26-12:00,37
1997-05-26-13:00,36
1997-05-26-14:00,35
1997-05-26-15:00,34
1997-05-26-16:00,34
1997-05-26-18:00,32.5
1997-05-26-19:00,31
1997-05-26-20:00,31
1997-05-26-21:00,31
1997-05-26-22:00,31
1997-05-26-23:00,30
1997-05-27-01:00,30
1997-05-27-02:00,30
1997-05-27-03:00,31
1997-05-27-04:00,33
1997-05-27-08:00,37
1997-05-27-09:00,38
1997-05-27-10:00,38
1997-05-27-11:00,37
1997-05-27-12:00,31
1997-05-27-13:00,29
1997-05-27-14:00,29
1997-05-27-15:00,29
1997-05-27-16:00,29
1997-05-27-17:00,26
1997-05-27-18:00,27
1997-05-27-19:00,26
1997-05-27-20:00,25
1997-05-27-22:00,25
1997-05-27-23:00,25
1997-05-28-00:00,24
1997-05-28-01:00,25
1997-05-28-02:00,27
1997-05-28-03:00,29
1997-05-28-04:00,31
1997-05-28-05:00,32
1997-05-28-06:00,33
1997-05-28-07:00,35
1997-05-28-08:00,37
1997-05-28-09:00,37
1997-05-28-10:00,38
1997-05-28-11:00,38
1997-05-28-12:00,37
1997-05-28-14:00,26
1997-05-28-15:00,25
1997-05-28-16:00,28
1997-05-28-18:00,28
1997-05-28-19:00,24
1997-05-28-20:00,22
1997-05-28-21:00,22
1997-05-28-22:00,23
1997-05-28-23:00,23
1997-05-29-00:00,23
1997-05-29-01:00,24
1997-05-29-02:00,25
1997-05-29-03:00,26
1997-05-29-04:00,28
1997-05-29-05:00,31
1997-05-29-06:00,32
1997-05-29-07:00,33
1997-05-29-08:00,34
1997-05-29-09:00,34
1997-05-29-10:00,35
1997-05-29-11:00,35
1997-05-29-12:00,34
1997-05-29-13:00,29
1997-05-29-14:00,28
1997-05-29-15:00,23
1997-05-29-16:00,23
1997-05-29-17:00,26
1997-05-29-18:00,32
1997-05-29-19:00,28
1997-05-29-20:00,29
1997-05-29-21:00,27
1997-05-29-22:00,25
1997-05-29-23:00,25
1997-05-30-00:00,25
1997-05-30-01:00,25
1997-05-30-02:00,26
1997-05-30-03:00,28
1997-05-30-05:00,31
1997-05-30-07:00,33
1997-05-30-08:00,34
1997-05-30-11:00,34
1997-05-30-12:21,34
1997-05-30-13:00,32
1997-05-30-14:00,31
1997-05-30-15:00,25
1997-05-30-17:00,22
1997-05-30-18:00,21
1997-05-30-22:00,20
1997-05-30-23:00,20
1997-05-31-00:00,20
1997-05-31-04:00,24
1997-05-31-05:00,26
1997-05-31-06:00,28
1997-05-31-07:00,29
1997-05-31-09:00,29
1997-05-31-11:00,27
1997-05-31-12:00,26
1997-05-31-17:00,24
1997-05-31-18:00,23
1997-05-31-20:00,22
1997-05-31-21:00,22
1997-05-31-23:00,21
1997-06-01-01:31,23
1997-06-01-02:00,24
1997-06-01-03:00,25
1997-06-01-04:00,27
1997-06-01-05:00,28
1997-06-01-10:00,31
1997-06-01-11:00,32
1997-06-01-12:00,29
1997-06-01-13:00,29
1997-06-01-14:00,27
1997-06-01-15:00,26
1997-06-01-16:00,26
1997-06-01-17:00,25
1997-06-01-18:00,24
1997-06-01-19:00,24
1997-06-01-20:00,23
1997-06-01-21:00,23
1997-06-01-22:00,26
1997-06-01-23:00,27
1997-06-02-00:00,27
1997-06-02-01:00,26
1997-06-02-02:00,27
1997-06-02-03:00,27
1997-06-02-05:00,31
1997-06-02-06:00,32
1997-06-02-07:00,31
1997-06-02-08:00,31
1997-06-02-09:00,32
1997-06-02-10:00,31
1997-06-02-11:00,28
1997-06-02-13:00,29
1997-06-02-14:00,29
1997-06-02-15:00,27
1997-06-02-16:00,23
1997-06-02-17:00,23
1997-06-02-19:00,23
1997-06-02-20:00,23
1997-06-05-09:00,34
1997-06-05-10:00,34
1997-06-05-11:00,34
1997-06-05-12:00,34
1997-06-05-13:00,33
1997-06-05-14:00,32
1997-06-05-15:00,31
1997-06-05-16:00,30.5
1997-06-05-17:00,30
1997-06-05-18:00,29
1997-06-05-19:00,29
1997-06-05-20:00,28
1997-06-05-21:00,27
1997-06-05-22:00,27
1997-06-06-00:00,26
1997-06-06-01:00,26
1997-06-06-02:00,28
1997-06-06-03:00,30
1997-06-06-04:00,31
1997-06-06-05:00,33
1997-06-06-06:00,34
1997-06-06-07:00,36
1997-06-06-08:00,37
1997-06-06-09:00,37
1997-06-06-10:00,37
1997-06-06-11:00,37
1997-06-06-12:00,37
1997-06-06-13:00,36
1997-06-06-14:00,28
1997-06-06-15:00,29
1997-06-06-16:00,27
1997-06-07-00:00,27
1997-06-07-01:00,29
1997-06-07-02:00,30
1997-06-07-03:00,31
1997-06-07-04:00,34
1997-06-07-05:00,34
1997-06-07-06:00,36
1997-06-07-07:00,36
1997-06-07-08:00,37
1997-06-07-09:00,37
1997-06-07-10:00,38
1997-06-07-11:00,38
1997-06-07-12:00,37
1997-06-07-13:00,37
1997-06-07-14:00,36
1997-06-07-15:00,34
1997-06-07-16:00,32
1997-06-07-17:00,32
1997-06-07-18:00,31
1997-06-07-19:00,31
1997-06-07-20:00,30
1997-06-07-21:00,30
1997-06-07-22:00,29
1997-06-07-23:00,28
1997-06-08-00:00,28
1997-06-08-01:00,30
1997-06-08-02:00,30
1997-06-08-03:00,32
1997-06-08-04:00,34
1997-06-08-05:00,36
1997-06-08-06:00,37
1997-06-08-07:00,38
1997-06-08-08:00,38
1997-06-08-09:00,39
1997-06-08-10:00,39
1997-06-08-11:00,38
1997-06-08-12:00,34
1997-06-08-13:00,32
1997-06-08-14:00,32
1997-06-08-15:00,31
1997-06-08-16:00,31
1997-06-08-17:00,30
1997-06-08-19:00,30
1997-06-10-06:00,34
1997-06-10-07:00,36
1997-06-10-10:00,35
1997-06-10-12:00,35
1997-06-10-13:00,34
1997-06-10-14:00,33
1997-06-10-15:00,32
1997-06-10-16:00,31
1997-06-10-17:30,31
1997-06-10-18:00,29
1997-06-10-19:00,29
1997-06-10-20:00,29
1997-06-10-21:00,29
1997-06-10-22:00,28
1997-06-10-23:00,28
1997-06-11-00:00,28
1997-06-11-01:00,29
1997-06-11-02:00,32
1997-06-11-03:00,32
1997-06-11-04:00,32
1997-06-11-05:00,35
1997-06-11-06:00,37
1997-06-11-07:00,37
1997-06-11-08:00,38
1997-06-11-09:00,39
1997-06-11-10:00,39
1997-06-11-11:00,39
1997-06-11-13:00,37
1997-06-11-14:00,35
1997-06-11-15:00,34
1997-06-11-16:00,32
1997-06-11-18:00,30
1997-06-11-19:00,30
1997-06-11-20:00,29
1997-06-11-21:00,30
1997-06-11-22:00,29
1997-06-11-23:00,28
1997-06-12-00:00,28
1997-06-12-01:00,30
1997-06-12-02:00,32
1997-06-12-03:00,34
1997-06-12-04:00,35
1997-06-12-05:00,36
1997-06-12-06:00,37
1997-06-12-09:00,24
1997-06-12-11:21,24
1997-06-12-12:00,24
1997-06-13-05:00,32
1997-06-13-06:00,33
1997-06-13-07:00,33
1997-06-13-08:00,35
1997-06-13-09:00,35
1997-06-13-10:00,37
1997-06-13-11:00,37
1997-06-13-12:00,36
1997-06-13-13:00,34
1997-06-14-00:00,27
1997-06-14-01:00,28
1997-06-14-02:00,30
1997-06-14-03:00,32
1997-06-14-04:00,35
1997-06-14-05:00,35
1997-06-14-06:00,37
1997-06-14-07:00,37
1997-06-14-08:00,38
1997-06-14-09:00,39
1997-06-14-10:00,39
1997-06-14-11:00,39
1997-06-14-12:00,39
1997-06-14-13:00,37
1997-06-14-14:00,36
1997-06-14-15:00,34
1997-06-14-16:00,33
1997-06-14-17:00,32
1997-06-14-18:00,32
1997-06-14-19:00,32
1997-06-14-20:00,30
1997-06-14-21:00,30
1997-06-14-23:00,29
1997-06-15-00:00,29
1997-06-15-01:00,30
1997-06-15-02:00,32
1997-06-15-03:00,35
1997-06-15-04:00,37
1997-06-15-10:00,42
1997-06-15-11:00,42
1997-06-15-12:00,41
1997-06-15-14:00,39
1997-06-15-15:00,37
1997-06-15-16:00,34
1997-06-15-17:00,34
1997-06-15-18:00,33
1997-06-15-19:00,33
1997-06-15-20:00,32
1997-06-15-21:00,33
1997-06-15-22:00,31
1997-06-15-23:00,31
1997-06-16-00:00,31
1997-06-16-01:00,31
1997-06-16-02:00,33
1997-06-16-03:00,35
1997-06-16-04:00,38
1997-06-16-05:00,40
1997-06-16-06:00,41
1997-06-16-10:00,43
1997-06-16-11:00,43
1997-06-16-12:00,42
1997-06-16-13:00,40
1997-06-16-14:00,40
1997-06-16-15:00,37
1997-06-16-16:00,36
1997-06-16-17:00,31
1997-06-16-18:00,33
1997-06-16-19:00,33
1997-06-16-20:00,32
1997-06-16-21:00,32
1997-06-16-22:00,32
1997-06-17-00:00,31
1997-06-17-01:00,32
1997-06-17-02:00,34
1997-06-17-03:00,35
1997-06-17-04:00,36
1997-06-17-05:00,38
1997-06-17-06:00,39
1997-06-17-07:00,39
1997-06-17-08:00,40
1997-06-17-11:00,41
1997-06-17-12:00,41
1997-06-17-13:00,40
1997-06-17-14:00,38
1997-06-17-16:00,37
1997-06-17-17:00,35
1997-06-17-18:00,35
1997-06-17-19:00,34
1997-06-17-20:00,34
1997-06-17-21:00,33
1997-06-17-22:00,33
1997-06-17-23:00,33
1997-06-18-00:00,33
1997-06-18-01:00,33
1997-06-18-02:00,35
1997-06-18-03:00,35
1997-06-18-04:00,36
1997-06-18-05:00,37
1997-06-18-06:00,38
1997-06-18-07:00,39
1997-06-18-08:00,40
1997-06-18-09:00,40
1997-06-18-10:00,41
1997-06-18-11:00,41
1997-06-18-12:00,40
1997-06-18-13:00,39
1997-06-18-14:00,38
1997-06-18-16:00,36
1997-06-18-17:00,31
1997-06-18-18:00,28
1997-06-18-19:00,28
1997-06-18-20:21,24
1997-06-18-22:00,25
1997-06-18-23:00,25
1997-06-19-00:00,25
1997-06-19-01:00,26
1997-06-19-02:00,25
1997-06-19-03:00,24
1997-06-19-04:00,25
1997-06-19-05:00,24
1997-06-19-06:00,22
1997-06-19-07:00,23
1997-06-19-08:00,23
1997-06-19-09:00,27
1997-06-19-10:00,28
1997-06-19-11:00,29
1997-06-19-12:00,29
1997-06-19-13:00,28
1997-06-19-14:00,27
1997-06-19-17:00,25
1997-06-19-18:00,25
1997-06-19-19:00,25
1997-06-19-20:00,25
1997-06-19-22:00,25
1997-06-19-23:00,25
1997-06-20-00:00,25
1997-06-20-01:00,25
1997-06-20-02:00,24
1997-06-20-03:00,24
1997-06-20-04:00,24
1997-06-20-05:00,26
1997-06-20-06:00,26
1997-06-20-07:00,29
1997-06-20-08:00,29
1997-06-20-10:00,30
1997-06-20-11:00,31
1997-06-20-12:00,31
1997-06-20-13:00,30
1997-06-20-14:00,29
1997-06-20-15:00,28
1997-06-20-16:00,28
1997-06-20-17:00,28
1997-06-20-18:00,27
1997-06-20-19:00,27
1997-06-20-20:00,27
1997-06-20-21:00,27
1997-06-20-22:00,27
1997-06-20-23:00,27
1997-06-21-00:00,27
1997-06-21-01:00,27
1997-06-21-02:00,29
1997-06-21-03:00,31
1997-06-21-04:00,32
1997-06-21-05:00,33
1997-06-21-06:00,36
1997-06-21-07:00,35
1997-06-21-08:00,35
1997-06-21-10:00,36
1997-06-21-11:00,36
1997-06-21-12:00,35
1997-06-21-13:00,35
1997-06-21-14:00,33
1997-06-21-15:00,33
1997-06-21-16:00,32
1997-06-21-17:00,32
1997-06-21-18:00,32
1997-06-21-19:00,32
1997-06-21-20:00,31
1997-06-21-21:00,30
1997-06-21-22:00,30
1997-06-21-23:00,30
1997-06-22-00:00,30
1997-06-22-01:00,30
1997-06-22-03:00,30
1997-06-22-04:00,34
1997-06-22-05:00,35
1997-06-22-06:00,35
1997-06-22-07:00,36
1997-06-22-08:00,37
1997-06-22-10:00,38
1997-06-22-11:00,38
1997-06-22-12:00,38
1997-06-22-14:00,35
1997-06-22-15:00,35
1997-06-22-16:00,34
1997-06-22-17:00,33
1997-06-22-18:00,32
1997-06-22-19:00,31
1997-06-22-20:00,31
1997-06-22-21:00,30
1997-06-22-22:00,30
1997-06-22-23:00,30
1997-06-23-00:00,30
1997-06-23-01:00,30
1997-06-23-03:00,33
1997-06-23-04:00,34
1997-06-23-05:00,35
1997-06-23-06:00,36
1997-06-23-07:00,37
1997-06-23-08:00,38
1997-06-23-09:00,38
1997-06-23-10:30,37
1997-06-23-11:00,29
1997-06-23-12:00,31
1997-06-23-13:00,32
1997-06-23-14:00,31
1997-06-23-15:00,31
1997-06-23-16:00,30
1997-06-23-17:00,30
1997-06-23-18:00,30
1997-06-23-19:00,31
1997-06-23-20:00,30
1997-06-23-21:00,30
1997-06-23-22:00,29
1997-06-23-23:00,29
1997-06-24-00:00,28
1997-06-24-01:00,29
1997-06-24-02:00,30
1997-06-24-03:00,31
1997-06-24-05:00,34
1997-06-24-07:00,35
1997-06-24-08:00,36
1997-06-24-09:00,36
1997-06-24-10:00,37
1997-06-24-11:00,37
1997-06-24-12:00,36
1997-06-24-13:00,34
1997-06-24-14:00,33
1997-06-24-15:00,32
1997-06-24-16:00,31
1997-06-24-17:00,32
1997-06-24-18:00,31
1997-06-24-19:00,31
1997-06-24-20:00,30
1997-06-24-21:00,30
1997-06-24-22:00,30
1997-06-24-23:00,29
1997-06-25-00:00,29
1997-06-25-01:00,30
1997-06-25-02:00,32
1997-06-25-03:00,33
1997-06-25-04:00,35
1997-06-25-05:00,36
1997-06-25-06:00,36
1997-06-25-07:00,37
1997-06-25-08:00,38
1997-06-25-09:00,39
1997-06-25-10:00,38
1997-06-25-11:00,38
1997-06-25-12:00,37
1997-06-25-13:00,36
1997-06-25-14:00,35
1997-06-25-15:00,34
1997-06-25-16:00,34
1997-06-25-17:00,33
1997-06-25-18:00,33
1997-06-25-19:00,32
1997-06-25-20:00,31
1997-06-25-21:00,31
1997-06-25-22:00,31
1997-06-25-23:00,30
1997-06-26-01:00,30
1997-06-26-02:00,30
1997-06-26-04:00,35
1997-06-26-05:00,34
1997-06-26-06:00,35
1997-06-26-08:00,35
1997-06-26-09:00,31
1997-06-26-10:00,27
1997-06-26-11:00,27
1997-06-26-12:00,29
1997-06-26-13:00,29
1997-06-26-14:00,29
1997-06-26-15:00,29
1997-06-27-07:00,35
1997-06-27-08:00,36
1997-06-27-10:00,26
1997-06-27-11:00,26
1997-06-27-12:00,27
1997-06-27-13:00,28
1997-06-27-14:00,27
1997-06-27-15:00,27
1997-06-27-16:00,27
1997-06-27-17:00,27
1997-06-27-19:00,27
1997-06-27-20:00,27
1997-06-28-00:00,27
1997-06-28-01:00,28
1997-06-28-02:00,29
1997-06-28-03:00,30
1997-06-28-04:00,32
1997-06-28-05:00,33
1997-06-28-07:00,33
1997-06-28-08:00,33
1997-06-28-09:00,34
1997-06-28-10:00,34
1997-06-28-11:00,34
1997-06-28-12:00,34
1997-06-28-13:00,33
1997-06-28-14:00,32
1997-06-28-15:00,32
1997-06-28-16:00,31
1997-06-28-19:00,30
1997-06-28-20:00,30
1997-06-28-21:00,30
1997-06-28-22:00,30
1997-06-28-23:00,29
1997-06-29-00:00,29
1997-06-29-01:00,30
1997-06-29-02:00,31
1997-06-29-03:00,31
1997-06-29-04:00,31
1997-06-29-05:00,33
1997-06-29-06:00,34
1997-06-29-07:00,35
1997-06-29-08:00,36
1997-06-29-09:00,33
1997-06-29-10:00,32
1997-06-29-11:00,28
1997-06-29-12:00,28
1997-06-29-13:00,28
1997-06-29-14:00,28
1997-06-29-15:00,28
1997-06-29-16:00,28
1997-06-29-17:00,28
1997-06-29-18:00,27
1997-06-29-19:00,27
1997-06-29-20:00,27
1997-06-29-21:00,27
1997-06-29-22:00,27
1997-06-29-23:00,27
1997-06-30-00:00,27
1997-06-30-01:00,29
1997-06-30-02:00,29
1997-06-30-03:00,30
1997-06-30-04:00,31
1997-06-30-05:00,33
1997-06-30-06:00,34
1997-06-30-07:00,35
1997-06-30-08:00,35
1997-06-30-09:00,32
1997-06-30-10:00,31
1997-06-30-11:00,31
1997-06-30-12:00,31
1997-06-30-13:00,29
1997-06-30-15:00,29
1997-06-30-16:00,29
1997-06-30-17:00,29
1997-06-30-18:00,28
1997-06-30-19:00,28
1997-06-30-20:00,28
1997-06-30-21:00,28
1997-06-30-22:00,28
1997-06-30-23:00,28
1997-07-01-00:00,28
1997-07-01-01:00,29
1997-07-01-02:00,30
1997-07-01-03:00,31
1997-07-01-04:00,33
1997-07-01-05:00,34
1997-07-01-06:00,35
1997-07-01-07:00,36
1997-07-01-08:00,37
1997-07-01-09:00,37
1997-07-01-11:00,37
1997-07-01-18:00,32
1997-07-01-23:00,30
1997-07-02-00:00,29
1997-07-02-02:00,31
1997-07-02-04:00,34
1997-07-02-05:00,35.5
1997-07-02-07:00,37
1997-07-02-09:00,39
1997-07-02-11:00,38
1997-07-02-12:00,38
1997-07-02-13:00,37
1997-07-02-15:00,35
1997-07-02-16:00,34
1997-07-02-19:00,32
1997-07-02-20:00,32
1997-07-02-21:00,31
1997-07-02-22:00,31
1997-07-02-23:00,31
1997-07-03-00:00,30
1997-07-03-01:00,31
1997-07-03-04:00,36
1997-07-03-05:00,37
1997-07-03-06:00,39
1997-07-03-07:00,30
1997-07-03-08:00,40
1997-07-03-09:00,40
1997-07-03-10:00,40
1997-07-03-11:00,41
1997-07-03-12:00,40
1997-07-03-13:00,38
1997-07-03-14:00,37
1997-07-03-15:00,36
1997-07-03-19:00,34
1997-07-03-20:00,33
1997-07-03-21:00,33
1997-07-03-22:00,31
1997-07-03-23:00,31
1997-07-04-00:00,31
1997-07-04-02:00,32
1997-07-04-03:00,35
1997-07-04-05:00,37
1997-07-04-06:00,38
1997-07-04-07:00,29
1997-07-04-08:00,39
1997-07-04-09:00,39
1997-07-04-10:00,40
1997-07-04-11:00,40
1997-07-04-12:00,40
1997-07-04-13:00,39
1997-07-04-14:00,36
1997-07-04-15:00,35
1997-07-04-16:00,34
1997-07-04-17:00,33
1997-07-04-18:00,33
1997-07-04-19:00,32
1997-07-04-20:00,31
1997-07-04-21:00,31
1997-07-04-22:00,30
1997-07-04-23:00,30
1997-07-05-01:00,32
1997-07-05-03:00,35
1997-07-05-04:00,36
1997-07-05-06:00,38
1997-07-05-07:00,39
1997-07-05-08:00,40
1997-07-05-09:00,40
1997-07-05-10:00,40
1997-07-05-11:00,40
1997-07-05-12:00,35
1997-07-05-13:00,33
1997-07-05-14:00,31
1997-07-05-15:00,31
1997-07-05-16:00,30
1997-07-05-17:00,30
1997-07-05-18:00,30
1997-07-05-19:00,30
1997-07-05-20:00,30
1997-07-05-21:00,29
1997-07-05-22:00,29
1997-07-05-23:00,29
1997-07-06-00:00,29
1997-07-06-01:00,30
1997-07-06-02:00,32
1997-07-06-03:00,34
1997-07-06-04:00,34
1997-07-06-05:00,35
1997-07-06-07:00,37
1997-07-06-08:00,38
1997-07-06-09:00,37
1997-07-06-10:00,37
1997-07-06-11:00,35
1997-07-06-12:00,34
1997-07-06-13:00,32
1997-07-06-15:00,31
1997-07-06-16:00,30
1997-07-06-17:00,30
1997-07-06-18:00,30
1997-07-06-19:00,29
1997-07-06-20:00,29
1997-07-06-21:00,29
1997-07-06-22:00,29
1997-07-06-23:00,29
1997-07-07-00:00,29
1997-07-07-01:00,30
1997-07-07-02:00,31
1997-07-07-03:00,32
1997-07-07-04:00,33
1997-07-07-05:00,34
1997-07-07-06:00,36
1997-07-07-07:00,37
1997-07-07-08:00,37
1997-07-07-09:00,37
1997-07-07-10:00,38
1997-07-07-11:00,37
1997-07-07-12:00,37
1997-07-07-13:00,36
1997-07-07-14:00,35
1997-07-07-15:00,35
1997-07-07-16:00,34
1997-07-07-17:00,34
1997-07-07-18:00,33
1997-07-07-19:00,33
1997-07-07-20:00,32
1997-07-07-21:00,31
1997-07-07-22:00,31
1997-07-07-23:00,31
1997-07-08-00:00,31
1997-07-08-01:00,29
1997-07-08-02:00,28
1997-07-08-03:00,29
1997-07-08-04:00,30
1997-07-08-05:00,32
1997-07-08-06:00,33
1997-07-08-07:00,34
1997-07-08-08:00,35
1997-07-08-09:00,37
1997-07-08-10:00,36
1997-07-08-11:00,36
1997-07-08-12:00,36
1997-07-08-13:00,35
1997-07-08-14:00,34
1997-07-08-15:00,31
1997-07-08-16:00,30
1997-07-08-17:00,29
1997-07-08-18:00,29
1997-07-08-19:00,30
1997-07-08-20:00,29
1997-07-08-21:00,30
1997-07-08-22:00,29
1997-07-08-23:00,29
1997-07-09-00:00,29
1997-07-09-01:00,30
1997-07-09-02:00,30
1997-07-09-03:00,31
1997-07-09-04:00,33
1997-07-09-05:00,35
1997-07-09-06:00,38
1997-07-09-07:00,37
1997-07-09-08:00,38
1997-07-09-09:00,39
1997-07-09-10:00,39
1997-07-09-11:00,35
1997-07-09-12:00,30
1997-07-09-13:00,27
1997-07-09-14:00,27
1997-07-09-15:00,29
1997-07-09-16:00,29
1997-07-09-17:00,29
1997-07-10-02:00,32
1997-07-10-03:00,35
1997-07-10-04:00,34
1997-07-10-05:00,34
1997-07-10-06:00,35
1997-07-10-07:00,35
1997-07-10-08:00,36
1997-07-10-09:00,37
1997-07-10-10:00,37
1997-07-10-11:00,29
1997-07-10-12:00,27
1997-07-10-13:00,28
1997-07-10-14:00,28
1997-07-10-15:00,28
1997-07-10-16:00,27
1997-07-10-17:00,27
1997-07-10-18:00,26
1997-07-10-19:00,26
1997-07-10-20:00,26
1997-07-10-21:00,27
1997-07-10-22:00,26
1997-07-10-23:00,26
1997-07-11-01:00,27
1997-07-11-02:00,28
1997-07-11-03:00,29
1997-07-11-04:00,31
1997-07-11-05:00,33
1997-07-11-06:00,34
1997-07-11-07:00,35
1997-07-11-08:00,29
1997-07-11-09:00,29
1997-07-11-11:00,33
1997-07-11-12:00,32
1997-07-11-13:00,31
1997-07-11-14:00,31
1997-07-11-15:00,31
1997-07-11-17:00,30
1997-07-11-18:00,30
1997-07-11-19:00,30
1997-07-11-20:00,30
1997-07-11-21:00,30
1997-07-11-22:00,29
1997-07-11-23:00,29
1997-07-12-00:00,30
1997-07-12-01:00,30
1997-07-12-02:00,32
1997-07-12-03:00,33
1997-07-12-04:00,34
1997-07-12-05:00,35
1997-07-12-06:00,35
1997-07-12-07:00,36
1997-07-12-08:00,36
1997-07-12-09:00,32
1997-07-12-10:00,33
1997-07-12-11:00,30
1997-07-12-12:00,29
1997-07-12-13:00,30
1997-07-12-15:00,30
1997-07-12-16:00,29
1997-07-12-17:00,29
1997-07-12-18:00,29
1997-07-12-19:00,29
1997-07-12-20:00,29
1997-07-12-21:00,29
1997-07-12-22:00,29
1997-07-12-23:00,29
1997-07-13-00:00,28
1997-07-13-01:00,29
1997-07-13-02:00,30
1997-07-13-03:00,32
1997-07-13-05:00,34
1997-07-13-06:00,35
1997-07-13-07:00,36
1997-07-13-08:00,36.5
1997-07-13-09:00,37
1997-07-13-11:00,30
1997-07-13-12:00,30
1997-07-13-13:00,30
1997-07-13-14:00,29
1997-07-13-15:00,29
1997-07-13-16:00,29
1997-07-13-17:00,29
1997-07-13-18:00,29
1997-07-13-19:00,29
1997-07-13-21:00,29
1997-07-13-22:00,28
1997-07-13-23:00,28
1997-07-14-00:00,28
1997-07-14-01:00,28
1997-07-14-02:00,27.5
1997-07-14-03:00,27
1997-07-14-04:00,28
1997-07-14-05:00,30
1997-07-14-06:00,32
1997-07-14-07:00,32
1997-07-14-08:00,33
1997-07-14-09:30,33
1997-07-14-10:00,34
1997-07-14-11:00,34
1997-07-14-12:00,34
1997-07-14-13:00,34
1997-07-14-14:00,32
1997-07-14-15:00,32
1997-07-14-16:00,31
1997-07-14-17:00,31
1997-07-14-18:00,30
1997-07-14-19:00,31
1997-07-14-20:00,30
1997-07-14-21:00,29
1997-07-14-22:00,29
1997-07-14-23:00,29
1997-07-15-00:00,29
1997-07-15-01:00,29
1997-07-15-03:00,30
1997-07-15-04:00,30
1997-07-15-05:00,31
1997-07-15-06:00,30
1997-07-15-08:00,31
1997-07-15-09:00,31
1997-07-15-10:00,31
1997-07-15-12:00,32
1997-07-15-13:00,31
1997-07-15-14:00,31
1997-07-15-15:00,30
1997-07-15-16:00,30
1997-07-15-17:00,30
1997-07-15-18:00,30
1997-07-15-19:00,29
1997-07-15-20:00,29
1997-07-15-21:00,28
1997-07-15-22:00,28
1997-07-15-23:00,28
1997-07-16-00:00,27
1997-07-16-01:00,27
1997-07-16-02:00,28
1997-07-16-03:00,28
1997-07-16-04:00,28
1997-07-16-06:00,29
1997-07-16-07:00,28
1997-07-16-08:00,27
1997-07-16-09:00,28
1997-07-16-10:00,28
1997-07-16-11:00,29
1997-07-16-12:00,29
1997-07-16-13:00,29
1997-07-16-14:00,28
1997-07-16-15:00,28
1997-07-16-16:00,28
1997-07-16-17:00,28
1997-07-16-18:00,28
1997-07-16-19:00,28
1997-07-16-21:00,28
1997-07-16-22:00,28
1997-07-16-23:00,28
1997-07-17-01:00,29
1997-07-17-02:00,29
1997-07-17-03:00,30
1997-07-17-04:00,31
1997-07-17-05:00,33
1997-07-17-06:00,35
1997-07-17-07:00,36
1997-07-17-08:00,36
1997-07-17-09:00,36
1997-07-17-10:00,37
1997-07-17-11:00,36
1997-07-17-12:00,35
1997-07-17-13:00,34
1997-07-17-15:00,33
1997-07-17-16:00,33
1997-07-17-17:00,33
1997-07-17-18:00,32
1997-07-17-19:00,32
1997-07-17-20:00,32
1997-07-17-21:00,31
1997-07-17-22:00,30
1997-07-17-23:00,30
1997-07-18-00:00,30
1997-07-18-01:00,30
1997-07-18-02:00,31
1997-07-18-04:00,35
1997-07-18-06:00,37
1997-07-18-07:00,30
1997-07-18-08:00,32
1997-07-18-09:00,33
1997-07-18-10:00,35
1997-07-18-12:00,34
1997-07-18-13:00,32
1997-07-18-14:00,31
1997-07-18-15:00,31
1997-07-18-16:00,31
1997-07-18-18:00,31
1997-07-19-00:00,29
1997-07-19-01:00,30
1997-07-19-02:00,31
1997-07-19-03:00,31
1997-07-19-04:00,33
1997-07-19-05:00,34
1997-07-19-06:00,35
1997-07-19-07:00,35
1997-07-19-09:00,35
1997-07-19-11:00,34
1997-07-19-13:00,33
1997-07-19-14:00,32
1997-07-19-15:00,32
1997-07-19-16:00,31
1997-07-19-17:00,31
1997-07-19-18:00,31
1997-07-19-19:00,31
1997-07-19-20:00,31
1997-07-19-21:00,30
1997-07-19-22:00,31
1997-07-19-23:00,30
1997-07-20-00:00,30
1997-07-20-01:00,30
1997-07-20-02:00,29
1997-07-20-03:00,29
1997-07-20-04:00,29
1997-07-20-05:00,30
1997-07-20-06:00,30
1997-07-20-07:00,30
1997-07-20-08:00,29
1997-07-20-09:00,30
1997-07-20-10:00,29
1997-07-20-11:00,29
1997-07-20-13:00,29
1997-07-20-14:00,28
1997-07-20-15:00,28
1997-07-20-16:00,28
1997-07-20-17:00,28
1997-07-20-18:00,27
1997-07-20-19:00,27
1997-07-20-20:00,27
1997-07-20-21:00,27
1997-07-20-22:00,27
1997-07-20-23:00,27
1997-07-21-00:00,27
1997-07-21-01:00,27
1997-07-21-02:00,28
1997-07-21-03:00,30
1997-07-21-04:00,32
1997-07-21-05:00,31
1997-07-21-06:00,32
1997-07-21-07:00,33
1997-07-21-08:00,32
1997-07-21-09:00,33
1997-07-21-11:00,31
1997-07-21-12:00,31
1997-07-21-13:00,31
1997-07-21-14:00,30
1997-07-21-16:00,30
1997-07-21-17:00,30
1997-07-21-18:00,29
1997-07-21-19:00,29
1997-07-21-20:00,28
1997-07-21-21:00,28
1997-07-21-22:00,28
1997-07-21-23:00,28
1997-07-22-00:00,28
1997-07-22-01:00,27
1997-07-22-02:00,28
1997-07-22-03:00,30
1997-07-22-04:00,30
1997-07-22-05:00,33
1997-07-22-06:00,33
1997-07-22-07:00,33
1997-07-22-08:00,32
1997-07-22-09:00,27
1997-07-22-10:00,27
1997-07-22-11:00,28
1997-07-22-12:00,28
1997-07-22-13:00,27
1997-07-22-14:00,27
1997-07-22-15:00,27
1997-07-22-16:00,27
1997-07-22-17:00,27
1997-07-22-18:00,27
1997-07-22-19:00,27
1997-07-22-20:00,27
1997-07-22-22:00,27
1997-07-22-23:00,27
1997-07-23-00:00,27
1997-07-23-01:00,27
1997-07-23-02:00,28
1997-07-23-03:00,29
1997-07-23-04:00,31
1997-07-23-05:00,32
1997-07-23-06:00,33
1997-07-23-07:00,34
1997-07-23-09:00,35
1997-07-23-10:00,35
1997-07-23-11:00,32
1997-07-23-12:00,31
1997-07-23-13:00,31
1997-07-23-14:00,31
1997-07-23-15:00,30
1997-07-23-17:00,29
1997-07-23-20:00,29
1997-07-23-21:00,29
1997-07-23-22:00,28
1997-07-23-23:00,29
1997-07-24-00:00,29
1997-07-24-01:00,29
1997-07-24-03:00,27
1997-07-24-04:00,29
1997-07-24-05:00,30
1997-07-24-06:00,32
1997-07-24-09:00,34
1997-07-24-11:00,30
1997-07-24-12:00,30
1997-07-24-13:00,30
1997-07-24-14:00,30
1997-07-24-15:00,29
1997-07-24-16:00,28
1997-07-24-17:00,28
1997-07-24-18:00,28
1997-07-24-19:00,27
1997-07-24-20:00,28
1997-07-24-21:00,27
1997-07-24-22:00,27
1997-07-24-23:00,27
1997-07-25-00:00,27
1997-07-25-01:00,28
1997-07-25-02:00,29
1997-07-25-03:00,30
1997-07-25-04:00,30
1997-07-25-05:00,32
1997-07-25-06:00,33
1997-07-25-07:00,33
1997-07-25-09:00,29
1997-07-25-10:00,31
1997-07-25-11:00,31
1997-07-25-12:00,31
1997-07-25-13:00,31
1997-07-25-14:00,30
1997-07-25-15:00,30
1997-07-25-17:00,29
1997-07-25-18:00,29
1997-07-25-19:00,29
1997-07-25-20:00,29
1997-07-25-21:00,29
1997-07-25-22:00,29
1997-07-25-23:00,29
1997-07-26-00:00,29
1997-07-26-01:00,30
1997-07-26-02:00,31
1997-07-26-03:00,32
1997-07-26-04:00,33
1997-07-26-05:00,33
1997-07-26-06:00,34
1997-07-26-07:00,34
1997-07-26-08:00,35
1997-07-26-09:00,36
1997-07-26-10:00,35
1997-07-26-11:00,34
1997-07-26-12:00,34
1997-07-26-13:00,33
1997-07-26-15:00,31
1997-07-26-16:00,30
1997-07-26-17:00,28
1997-07-26-18:00,30
1997-07-26-19:00,29
1997-07-26-21:00,27
1997-07-26-22:00,27
1997-07-26-23:00,26
1997-07-27-00:00,26
1997-07-27-01:00,28
1997-07-27-02:00,29
1997-07-27-03:00,31
1997-07-27-04:00,30
1997-07-27-05:00,30
1997-07-27-06:00,30
1997-07-27-07:00,30
1997-07-27-08:00,34
1997-07-27-09:00,34
1997-07-27-10:00,35
1997-07-27-11:00,35
1997-07-27-12:00,34
1997-07-27-13:00,33
1997-07-27-14:00,32
1997-07-27-15:00,30
1997-07-27-16:00,30
1997-07-27-17:00,30
1997-07-27-18:00,30
1997-07-27-19:00,30
1997-07-27-20:00,29
1997-07-27-21:00,29
1997-07-27-22:00,29
1997-07-27-23:00,28
1997-07-28-00:00,28
1997-07-28-01:00,30
1997-07-28-02:00,31
1997-07-28-04:00,31
1997-07-28-05:00,32
1997-07-28-06:00,33
1997-07-28-07:00,33
1997-07-28-08:00,34
1997-07-28-09:00,34
1997-07-28-10:00,35
1997-07-28-11:00,34
1997-07-28-12:00,34
1997-07-28-14:00,32
1997-07-28-16:00,31
1997-07-28-17:00,30
1997-07-28-18:00,29
1997-07-28-19:00,30
1997-07-28-20:00,29
1997-07-28-21:00,29
1997-07-28-22:00,29
1997-07-28-23:00,29
1997-07-29-00:00,28
1997-07-29-01:00,29
1997-07-29-02:00,31
1997-07-29-03:00,33
1997-07-29-04:00,34
1997-07-29-05:00,34
1997-07-29-06:00,35
1997-07-29-07:00,35
1997-07-29-08:21,28
1997-07-29-09:00,29
1997-07-29-10:00,30
1997-07-29-11:00,31
1997-07-29-12:00,30
1997-07-29-13:00,29
1997-07-29-16:00,28
1997-07-29-17:00,27
1997-07-29-18:00,27
1997-07-29-19:00,27
1997-07-29-21:00,27
1997-07-29-22:00,27
1997-07-30-01:00,26
1997-07-30-02:00,27
1997-07-30-03:00,28
1997-07-30-04:00,29
1997-07-30-06:00,31
1997-07-30-07:00,31
1997-07-30-08:00,32
1997-07-30-09:00,32
1997-07-30-10:00,32
1997-07-30-11:00,32
1997-07-30-12:00,31
1997-07-30-13:00,31
1997-07-30-14:00,30
1997-07-30-15:00,30
1997-07-30-16:00,30
1997-07-30-17:00,30
1997-07-30-18:00,30
1997-07-30-19:00,29
1997-07-30-20:00,29
1997-07-30-21:00,29
1997-07-30-22:00,29
1997-07-30-23:00,29
1997-07-31-00:00,29
1997-07-31-01:00,29
1997-07-31-02:00,30
1997-07-31-03:00,32
1997-07-31-04:00,33
1997-07-31-05:00,34
1997-07-31-06:00,33
1997-07-31-07:00,34
1997-07-31-08:00,32
1997-07-31-10:00,31
1997-07-31-11:00,30
1997-07-31-12:00,30
1997-07-31-13:00,30
1997-07-31-14:00,29
1997-07-31-15:00,28
1997-07-31-16:00,28
1997-07-31-17:00,28
1997-07-31-19:00,28
1997-07-31-20:00,28
1997-07-31-21:00,28
1997-07-31-22:00,28
1997-07-31-23:00,27
1997-08-01-00:00,26
1997-08-01-01:00,26
1997-08-01-02:00,27
1997-08-01-03:00,27
1997-08-01-04:00,29
1997-08-01-05:00,31
1997-08-01-06:00,31
1997-08-01-07:00,31
1997-08-01-08:00,29
1997-08-01-09:00,29
1997-08-01-11:00,27
1997-08-01-12:00,27
1997-08-01-13:00,26
1997-08-01-14:00,27
1997-08-01-16:00,26
1997-08-01-18:00,27
1997-08-01-19:00,27
1997-08-01-20:00,27
1997-08-01-21:00,27
1997-08-01-22:00,27
1997-08-01-23:00,27
1997-08-02-00:00,27
1997-08-02-01:00,27
1997-08-02-02:00,27
1997-08-02-03:00,27
1997-08-02-04:00,27
1997-08-02-05:00,27
1997-08-02-06:00,27
1997-08-02-07:00,28
1997-08-02-08:00,28
1997-08-02-09:00,27
1997-08-02-10:00,27
1997-08-02-11:00,27
1997-08-02-12:00,26
1997-08-02-14:00,25
1997-08-02-15:00,25
1997-08-02-16:00,25
1997-08-02-18:00,25
1997-08-02-19:00,25
1997-08-02-20:00,25
1997-08-02-21:00,25
1997-08-02-23:00,25
1997-08-03-00:00,25
1997-08-03-01:00,25
1997-08-03-02:00,26
1997-08-03-03:00,27
1997-08-03-04:00,28
1997-08-03-05:00,30
1997-08-03-06:00,31
1997-08-03-07:00,32
1997-08-03-08:00,31
1997-08-03-10:00,32
1997-08-03-12:00,31
1997-08-03-13:00,30
1997-08-03-14:00,29
1997-08-03-15:00,29
1997-08-03-16:00,29
1997-08-03-17:00,29
1997-08-03-18:00,28
1997-08-03-19:00,29
1997-08-03-20:00,28
1997-08-03-23:00,27
1997-08-04-00:00,27
1997-08-04-02:00,29
1997-08-04-03:00,29
1997-08-04-04:00,31
1997-08-04-05:00,32
1997-08-04-06:00,32
1997-08-04-11:00,34
1997-08-04-12:00,34
1997-08-04-13:00,30
1997-08-04-14:00,29
1997-08-04-15:00,29
1997-08-04-16:00,28
1997-08-04-18:00,27
1997-08-04-19:00,27
1997-08-04-20:00,26
1997-08-04-23:00,26
1997-08-05-00:00,26
1997-08-05-02:00,26
1997-08-05-03:00,28.5
1997-08-05-04:00,31
1997-08-05-05:00,32
1997-08-05-06:00,33
1997-08-05-07:00,34
1997-08-05-08:00,34
1997-08-05-09:00,35
1997-08-05-10:00,35
1997-08-05-11:00,35
1997-08-06-09:00,35
1997-08-06-10:00,35
1997-08-06-11:00,35
1997-08-06-12:00,34
1997-08-06-13:00,34
1997-08-06-19:00,31
1997-08-06-20:00,30
1997-08-06-21:00,30
1997-08-06-22:00,30
1997-08-06-23:00,30
1997-08-07-01:00,30
1997-08-07-02:00,30
1997-08-07-03:00,31
1997-08-07-04:00,31
1997-08-07-05:00,31
1997-08-07-08:00,32
1997-08-07-09:00,32
1997-08-07-10:00,31
1997-08-07-11:00,32
1997-08-07-12:00,31
1997-08-07-13:00,30
1997-08-07-14:00,30
1997-08-07-15:00,29
1997-08-07-16:00,29
1997-08-07-17:00,28
1997-08-07-18:00,28
1997-08-07-19:00,27
1997-08-07-20:00,27
1997-08-07-21:00,27
1997-08-07-22:00,26
1997-08-07-23:00,27
1997-08-08-03:00,28
1997-08-08-05:00,30
1997-08-08-06:00,30
1997-08-08-07:00,31
1997-08-08-08:00,31
1997-08-08-09:00,32
1997-08-08-10:00,31
1997-08-08-11:00,31
1997-08-08-12:00,31
1997-08-08-13:00,30
1997-08-08-14:00,29
1997-08-08-15:00,28
1997-08-08-16:00,28
1997-08-08-17:00,28
1997-08-08-18:00,28
1997-08-08-19:00,28
1997-08-08-20:00,28
1997-08-08-21:00,28
1997-08-08-22:00,27
1997-08-08-23:00,27
1997-08-09-00:00,27
1997-08-09-01:00,27
1997-08-09-02:00,28
1997-08-09-03:00,29
1997-08-09-04:00,29
1997-08-09-05:00,29
1997-08-09-06:00,31
1997-08-09-08:00,31
1997-08-09-09:00,32
1997-08-09-10:00,32
1997-08-09-11:00,32
1997-08-09-14:00,30
1997-08-09-15:00,30
1997-08-09-16:00,29
1997-08-09-17:00,29
1997-08-09-18:00,28
1997-08-09-19:00,28
1997-08-09-20:00,28
1997-08-09-21:00,28
1997-08-09-22:00,28
1997-08-09-23:00,27.5
1997-08-10-00:00,27
1997-08-10-01:00,29
1997-08-10-02:00,30
1997-08-10-03:00,30
1997-08-10-04:00,31
1997-08-10-05:00,31
1997-08-10-06:00,32
1997-08-10-07:00,33
1997-08-10-08:00,33
1997-08-10-09:00,34
1997-08-10-10:00,34
1997-08-10-11:00,34
1997-08-10-12:00,33
1997-08-10-13:00,33
1997-08-10-14:00,32
1997-08-10-15:00,31
1997-08-10-16:00,30
1997-08-10-17:00,31
1997-08-10-18:00,30
1997-08-10-19:00,30
1997-08-10-20:00,29
1997-08-10-21:00,29
1997-08-10-23:00,28
1997-08-11-00:00,28
1997-08-11-01:00,28
1997-08-11-02:00,29
1997-08-11-03:00,31
1997-08-11-04:00,31
1997-08-11-05:00,33
1997-08-11-06:00,33
1997-08-11-07:00,34
1997-08-11-08:00,35
1997-08-11-09:00,34
1997-08-11-10:00,31
1997-08-11-11:00,30
1997-08-11-12:00,29
1997-08-11-13:00,29
1997-08-11-14:00,29
1997-08-11-15:00,28
1997-08-11-19:00,27
1997-08-11-20:00,27
1997-08-11-21:00,27
1997-08-11-22:00,27
1997-08-11-23:00,27
1997-08-12-00:00,27
1997-08-12-01:00,27
1997-08-12-04:00,31
1997-08-12-05:00,32
1997-08-12-06:00,32
1997-08-12-07:00,31
1997-08-12-08:00,32
1997-08-12-09:00,33
1997-08-12-10:00,30
1997-08-12-11:00,28
1997-08-12-13:00,29
1997-08-12-14:00,30
1997-08-12-15:00,29
1997-08-12-16:00,29
1997-08-12-18:00,29
1997-08-12-19:00,29
1997-08-12-20:00,28
1997-08-12-21:00,28
1997-08-12-22:00,28
1997-08-12-23:00,28
1997-08-13-00:00,28
1997-08-13-02:00,28
1997-08-13-03:00,29
1997-08-13-04:00,30
1997-08-13-05:00,31
1997-08-13-06:00,30
1997-08-13-07:00,32
1997-08-13-08:00,33
1997-08-13-10:00,33
1997-08-13-11:00,29
1997-08-13-12:00,29
1997-08-13-13:00,29
1997-08-13-14:00,29
1997-08-13-15:00,26
1997-08-13-16:00,26
1997-08-13-17:00,39.5
1997-08-13-18:00,26
1997-08-13-19:00,26
1997-08-13-20:00,26
1997-08-13-21:00,26
1997-08-13-22:00,25
1997-08-13-23:00,26
1997-08-14-00:00,26
1997-08-14-03:00,29
1997-08-14-04:00,29
1997-08-14-05:00,30
1997-08-14-06:00,31
1997-08-14-07:00,32
1997-08-14-08:00,33
1997-08-14-10:00,34
1997-08-14-11:00,34
1997-08-14-12:00,32
1997-08-14-13:00,28
1997-08-14-14:00,28
1997-08-14-15:00,28
1997-08-14-16:00,27
1997-08-14-17:00,27
1997-08-14-18:00,27
1997-08-14-19:00,27
1997-08-14-20:00,26
1997-08-14-22:00,26
1997-08-14-23:00,26
1997-08-15-00:00,26
1997-08-15-01:00,27
1997-08-15-02:00,28
1997-08-15-03:00,28
1997-08-15-04:00,29
1997-08-15-05:00,31
1997-08-15-06:00,32
1997-08-15-07:00,34
1997-08-15-09:00,35
1997-08-15-10:00,34
1997-08-15-13:00,30
1997-08-15-14:00,29
1997-08-15-15:00,28
1997-08-15-16:00,28
1997-08-15-17:00,27
1997-08-15-18:00,26
1997-08-15-19:00,26
1997-08-15-20:00,26
1997-08-15-21:00,26
1997-08-15-22:00,26
1997-08-15-23:00,26
1997-08-16-00:00,26
1997-08-16-01:00,27
1997-08-16-03:00,30
1997-08-16-04:00,31
1997-08-16-05:00,33
1997-08-16-06:00,34
1997-08-16-07:00,35
1997-08-16-08:00,35
1997-08-16-09:00,35
1997-08-16-11:00,32
1997-08-16-12:00,32
1997-08-16-13:00,31
1997-08-16-15:00,30
1997-08-16-16:00,29
1997-08-16-17:00,29
1997-08-16-18:00,29
1997-08-16-19:00,28
1997-08-16-20:00,28
1997-08-16-21:00,28
1997-08-16-22:00,28
1997-08-16-23:00,27
1997-08-17-01:00,27
1997-08-17-04:00,32
1997-08-17-05:00,33
1997-08-17-07:00,35
1997-08-17-11:00,35
1997-08-17-13:00,34
1997-08-17-16:00,31
1997-08-17-17:00,30
1997-08-17-18:00,30
1997-08-17-19:00,30
1997-08-17-20:00,30
1997-08-17-21:00,29
1997-08-17-22:00,28
1997-08-17-23:00,28
1997-08-18-00:00,27
1997-08-18-01:00,28
1997-08-18-02:00,29
1997-08-18-03:00,30
1997-08-18-04:00,31
1997-08-18-05:00,32
1997-08-18-06:00,33
1997-08-18-07:00,34
1997-08-18-08:00,35
1997-08-18-09:00,36
1997-08-18-10:00,35
1997-08-18-11:00,36
1997-08-18-12:00,29
1997-08-18-13:00,28
1997-08-18-14:00,29
1997-08-18-15:00,29
1997-08-18-16:00,29
1997-08-18-17:00,29
1997-08-18-18:00,29
1997-08-18-19:00,28
1997-08-18-21:00,27
1997-08-18-22:00,27
1997-08-18-23:00,27
1997-08-19-00:00,27
1997-08-19-01:00,27
1997-08-19-02:00,27
1997-08-19-04:00,28
1997-08-19-05:00,28
1997-08-19-06:00,29
1997-08-19-08:00,32
1997-08-19-11:00,31
1997-08-19-12:00,31
1997-08-19-13:00,31
1997-08-19-14:00,30
1997-08-19-15:00,30
1997-08-19-16:00,29
1997-08-19-17:00,29
1997-08-19-18:00,29
1997-08-19-19:00,29
1997-08-19-20:00,28
1997-08-19-21:00,28
1997-08-19-22:00,28
1997-08-19-23:00,28
1997-08-20-00:00,28
1997-08-20-03:00,31
1997-08-20-04:00,32
1997-08-20-05:00,33
1997-08-20-06:00,34
1997-08-20-07:00,33
1997-08-20-08:00,35
1997-08-20-09:00,36
1997-08-20-10:00,35
1997-08-20-12:00,35
1997-08-20-13:00,33
1997-08-20-14:00,31
1997-08-20-15:00,31
1997-08-20-16:00,31
1997-08-20-17:00,31
1997-08-20-18:00,30
1997-08-20-19:00,30
1997-08-20-20:00,30
1997-08-20-21:00,29
1997-08-20-23:00,29
1997-08-21-01:00,30
1997-08-21-02:00,32
1997-08-21-03:00,33
1997-08-21-04:00,34
1997-08-21-05:00,35
1997-08-21-06:00,35
1997-08-21-07:00,35
1997-08-21-08:00,35
1997-08-21-09:00,36
1997-08-21-10:00,35
1997-08-21-11:00,35
1997-08-21-12:00,34
1997-08-21-13:00,33
1997-08-21-14:00,31
1997-08-21-15:00,31
1997-08-21-16:00,30
1997-08-21-17:00,30
1997-08-21-18:00,30
1997-08-21-19:30,29
1997-08-21-20:00,29
1997-08-21-21:00,34
1997-08-21-22:00,33
1997-08-22-00:00,28
1997-08-22-01:00,29
1997-08-22-06:00,34
1997-08-22-07:00,34
1997-08-22-08:00,35
1997-08-22-09:00,35
1997-08-22-11:00,33
1997-08-22-12:00,33
1997-08-22-13:00,32
1997-08-22-14:00,32
1997-08-22-15:00,31
1997-08-22-16:00,30
1997-08-22-17:00,30
1997-08-22-21:00,28
1997-08-22-22:00,28
1997-08-23-00:00,28
1997-08-23-02:00,30
1997-08-23-04:00,31
1997-08-23-06:00,33
1997-08-23-07:00,33
1997-08-23-08:00,34
1997-08-23-09:00,34
1997-08-23-10:00,34
1997-08-23-12:00,33
1997-08-23-13:00,32
1997-08-23-14:00,32
1997-08-23-16:00,30
1997-08-23-17:00,29
1997-08-23-18:00,29
1997-08-23-19:00,28.5
1997-08-23-20:00,28
1997-08-23-21:00,28
1997-08-23-23:00,28
1997-08-24-00:00,27
1997-08-24-01:00,28
1997-08-24-02:00,28
1997-08-24-04:00,30
1997-08-24-05:00,31
1997-08-24-06:00,32
1997-08-24-07:00,33
1997-08-24-08:00,29
1997-08-24-09:00,29
1997-08-24-10:00,27
1997-08-24-11:00,28
1997-08-24-12:00,28
1997-08-24-13:00,28
1997-08-24-14:00,29
1997-08-24-15:00,27
1997-08-24-16:00,27
1997-08-24-17:00,28
1997-08-24-18:00,26
1997-08-24-19:00,25
1997-08-24-20:00,26
1997-08-24-21:00,26
1997-08-24-22:00,26
1997-08-24-23:00,27
1997-08-25-00:00,27
1997-08-25-02:00,27
1997-08-25-03:00,27
1997-08-25-04:00,29
1997-08-25-05:00,29
1997-08-25-06:00,30
1997-08-25-08:00,31
1997-08-25-09:00,30
1997-08-25-10:00,27
1997-08-25-11:00,28
1997-08-25-12:00,26
1997-08-25-16:00,26
1997-08-25-17:00,26
1997-08-25-18:00,27
1997-08-25-20:00,26
1997-08-25-21:00,26
1997-08-25-22:00,26
1997-08-25-23:00,27
1997-08-26-00:00,27
1997-08-26-03:00,27
1997-08-26-04:00,26
1997-08-26-06:00,30
1997-08-26-07:00,30
1997-08-26-08:00,31
1997-08-26-09:00,28
1997-08-26-10:00,29
1997-08-26-11:00,28
1997-08-26-12:00,28
1997-08-26-13:00,28
1997-08-26-14:00,27
1997-08-26-15:00,27
1997-08-26-16:00,27
1997-08-26-23:00,27
1997-08-27-00:00,27
1997-08-27-02:00,27
1997-08-27-03:00,28
1997-08-27-04:00,27
1997-08-27-05:00,27
1997-08-27-06:00,27
1997-08-27-07:00,26
1997-08-27-09:00,26
1997-08-27-12:00,28
1997-08-27-13:00,27
1997-08-27-14:00,27
1997-08-27-15:00,27
1997-08-27-16:00,27
1997-08-27-17:00,27
1997-08-27-18:00,27
1997-08-27-19:00,27
1997-08-27-20:00,27
1997-08-27-21:00,29
1997-08-28-05:00,31
1997-08-28-06:00,31
1997-08-28-07:00,32
1997-08-28-09:00,33
1997-08-28-10:00,33
1997-08-28-11:00,32
1997-08-28-12:00,31
1997-08-28-13:00,31
1997-08-28-14:00,30
1997-08-28-15:00,29
1997-08-28-16:00,29
1997-08-28-17:00,29
1997-08-28-18:00,28
1997-08-28-19:00,28
1997-08-28-20:00,28
1997-08-28-23:00,26
1997-08-29-00:00,25
1997-08-29-01:00,25
1997-08-29-02:00,25
1997-08-29-03:00,25
1997-08-29-05:00,27
1997-08-29-06:00,30
1997-08-29-07:00,31
1997-08-29-08:00,32
1997-08-29-09:00,32
1997-08-29-10:00,32
1997-08-29-11:00,31
1997-08-29-12:00,31
1997-08-29-13:00,30
1997-08-29-14:00,29
1997-08-29-16:00,29
1997-08-29-17:00,28
1997-08-29-19:00,28
1997-08-29-20:00,28
1997-08-29-22:00,27
1997-08-29-23:00,27
1997-08-30-00:00,27
1997-08-30-01:00,27
1997-08-30-02:00,28
1997-08-30-03:00,30
1997-08-30-04:00,30
1997-08-30-05:00,31
1997-08-30-06:00,32
1997-08-30-07:00,33
1997-08-30-14:00,32
1997-08-30-15:00,30
1997-08-30-16:00,29
1997-08-30-17:00,29
1997-08-30-18:00,29
1997-08-30-19:00,28
1997-08-30-20:00,27
1997-08-30-22:00,27
1997-08-31-00:00,26
1997-08-31-01:00,27
1997-08-31-02:00,28
1997-08-31-03:00,29
1997-08-31-04:00,31
1997-08-31-05:00,32
1997-08-31-06:00,33
1997-08-31-07:00,34
1997-08-31-08:00,34
1997-08-31-09:00,35
1997-08-31-10:00,35
1997-08-31-11:00,35
1997-08-31-12:00,34
1997-08-31-14:00,32
1997-08-31-15:00,31
1997-08-31-16:00,30
1997-08-31-18:00,29
1997-08-31-19:00,29
1997-08-31-20:00,29
1997-08-31-21:00,28
1997-08-31-22:00,28
1997-08-31-23:00,28
1997-09-01-00:00,27
1997-09-01-01:00,27
1997-09-01-02:00,28
1997-09-01-03:00,29
1997-09-01-04:00,31
1997-09-01-05:00,31
1997-09-01-06:00,32
1997-09-01-07:00,33
1997-09-01-08:00,33
1997-09-01-09:00,34
1997-09-01-11:00,33
1997-09-01-12:00,33
1997-09-01-13:00,32
1997-09-01-14:00,31
1997-09-01-15:00,31
1997-09-01-16:00,30
1997-09-01-18:00,29
1997-09-01-19:00,29
1997-09-01-20:00,29
1997-09-01-21:00,28
1997-09-01-22:00,28
1997-09-01-23:00,27
1997-09-02-00:00,27
1997-09-02-01:00,28
1997-09-02-02:00,28
1997-09-02-17:00,27
1997-09-02-18:00,27
1997-09-02-19:00,27
1997-09-02-20:00,27
1997-09-02-21:00,27
1997-09-02-22:00,27
1997-09-02-23:00,27
1997-09-03-00:00,26
1997-09-03-01:00,26
1997-09-03-02:00,27
1997-09-03-03:00,28
1997-09-03-04:00,29
1997-09-03-05:00,30
1997-09-03-07:00,31
1997-09-03-08:00,32
1997-09-03-09:00,32
1997-09-03-10:00,32
1997-09-03-11:00,32
1997-09-03-12:00,32
1997-09-03-13:00,31
1997-09-03-14:00,31
1997-09-03-15:00,30
1997-09-03-16:00,29
1997-09-03-17:00,29
1997-09-03-18:00,28
1997-09-03-19:00,28
1997-09-03-20:00,28
1997-09-03-21:00,28
1997-09-03-22:00,28
1997-09-03-23:00,27
1997-09-04-00:00,27
1997-09-04-01:00,27
1997-09-04-02:00,29
1997-09-04-03:00,30
1997-09-04-04:00,31
1997-09-04-05:00,32
1997-09-04-06:00,33
1997-09-04-07:00,34
1997-09-04-08:00,35
1997-09-04-09:00,35
1997-09-04-10:00,35
1997-09-04-11:00,35
1997-09-04-12:00,34
1997-09-04-13:00,33
1997-09-04-14:00,33
1997-09-04-15:00,32
1997-09-04-16:00,32
1997-09-04-17:00,31
1997-09-04-18:00,31
1997-09-04-19:00,31
1997-09-04-20:00,30
1997-09-04-21:00,30
1997-09-04-22:00,28
1997-09-04-23:00,28
1997-09-05-01:00,27
1997-09-05-02:00,29
1997-09-05-05:00,33
1997-09-05-06:00,34
1997-09-05-07:00,34
1997-09-05-08:00,35
1997-09-05-09:00,36
1997-09-05-10:00,35
1997-09-05-11:00,35
1997-09-05-12:00,34
1997-09-05-13:00,34
1997-09-05-14:00,33
1997-09-05-15:00,32
1997-09-05-16:00,32
1997-09-05-18:00,30
1997-09-05-19:00,30
1997-09-05-20:00,29
1997-09-05-21:00,28
1997-09-05-23:00,28
1997-09-06-00:00,29.5
1997-09-06-03:00,31
1997-09-06-04:00,32
1997-09-06-05:00,33
1997-09-06-06:00,33
1997-09-06-07:00,34
1997-09-06-08:00,35
1997-09-06-09:00,36
1997-09-06-10:00,37
1997-09-06-11:00,36
1997-09-06-12:00,35
1997-09-06-13:00,34
1997-09-06-14:00,33
1997-09-06-15:00,31
1997-09-06-16:00,30
1997-09-06-17:00,30
1997-09-06-18:00,31
1997-09-06-19:00,30
1997-09-06-20:00,29
1997-09-06-21:00,29
1997-09-06-22:00,29
1997-09-06-23:00,28
1997-09-07-00:00,28
1997-09-07-01:00,29
1997-09-07-02:00,30
1997-09-07-03:00,31
1997-09-07-04:00,32
1997-09-07-06:00,34
1997-09-07-07:00,35
1997-09-07-08:00,35
1997-09-07-09:00,35
1997-09-07-11:00,34
1997-09-07-15:00,29
1997-09-07-16:00,29
1997-09-07-17:00,28
1997-09-07-18:00,28
1997-09-07-19:00,28
1997-09-07-20:00,28
1997-09-07-23:00,28
1997-09-08-00:00,28
1997-09-08-01:00,28
1997-09-08-02:00,29
1997-09-08-03:00,29
1997-09-08-05:00,30
1997-09-08-12:00,26
1997-09-08-13:00,26
1997-09-08-16:00,26
1997-09-08-17:00,26
1997-09-08-18:00,26
1997-09-08-19:00,26
1997-09-08-20:00,26
1997-09-08-23:00,26
1997-09-09-01:00,26
1997-09-09-03:00,29
1997-09-09-05:00,32
1997-09-09-06:00,31
1997-09-09-09:00,32
1997-09-09-10:00,32
1997-09-09-12:00,30
1997-09-09-13:00,29
1997-09-09-14:00,29
1997-09-09-15:00,28
1997-09-09-16:00,28
1997-09-09-17:00,28
1997-09-09-18:00,27
1997-09-09-19:00,27
1997-09-09-20:00,27
1997-09-09-21:00,27
1997-09-09-22:00,27
1997-09-09-23:00,26
1997-09-10-00:00,26
1997-09-10-01:00,27
1997-09-10-02:00,28
1997-09-10-03:00,29
1997-09-10-04:00,30
1997-09-10-05:00,30
1997-09-10-06:00,30
1997-09-10-07:00,31
1997-09-10-08:00,31
1997-09-10-10:00,31
1997-09-10-11:00,30
1997-09-10-14:00,29
1997-09-10-15:00,28
1997-09-10-16:00,27
1997-09-10-17:00,27
1997-09-10-18:00,27
1997-09-10-19:00,27
1997-09-10-20:00,27
1997-09-10-22:00,27
1997-09-10-23:00,27
1997-09-11-00:00,27
1997-09-11-01:00,27
1997-09-11-02:00,27
1997-09-11-03:00,28
1997-09-11-04:00,28
1997-09-11-05:00,27
1997-09-11-06:00,27
1997-09-11-07:00,28
1997-09-11-12:00,29
1997-09-11-13:00,29
1997-09-11-14:00,29
1997-09-11-15:00,27
1997-09-11-16:00,27
1997-09-11-17:00,27
1997-09-11-18:00,27
1997-09-11-19:00,27
1997-09-11-20:00,27
1997-09-11-21:00,27
1997-09-11-22:00,27
1997-09-12-00:00,27
1997-09-12-01:00,27
1997-09-12-02:00,27
1997-09-12-03:00,26
1997-09-12-04:00,27
1997-09-12-05:00,27
1997-09-12-06:00,28
1997-09-12-07:00,30
1997-09-12-08:00,30
1997-09-12-09:00,30
1997-09-12-11:00,29
1997-09-12-12:00,29
1997-09-12-13:00,28
1997-09-12-14:00,27
1997-09-12-15:00,27
1997-09-12-16:00,27
1997-09-12-17:00,26
1997-09-12-18:00,26
1997-09-12-19:00,26
1997-09-12-20:00,25
1997-09-12-21:00,25
1997-09-12-22:00,25
1997-09-12-23:00,25
1997-09-13-00:00,25
1997-09-13-01:00,25
1997-09-13-02:00,26
1997-09-13-03:00,27
1997-09-13-04:00,29
1997-09-13-05:00,30
1997-09-13-06:00,31
1997-09-13-07:00,31
1997-09-13-08:00,31
1997-09-13-09:00,32
1997-09-13-10:00,32
1997-09-13-11:00,32
1997-09-13-14:00,30
1997-09-13-15:00,30
1997-09-13-16:00,29
1997-09-13-17:00,28
1997-09-13-18:00,28
1997-09-13-19:00,28
1997-09-13-20:00,28
1997-09-13-21:00,27
1997-09-13-22:00,27
1997-09-13-23:00,27
1997-09-14-01:00,27
1997-09-14-02:00,28
1997-09-14-03:00,30
1997-09-14-04:00,32
1997-09-14-05:00,33
1997-09-14-06:00,34
1997-09-14-07:00,35
1997-09-14-08:00,35
1997-09-14-09:00,36
1997-09-14-10:00,35
1997-09-14-11:00,28
1997-09-14-12:00,28
1997-09-14-13:00,28
1997-09-14-14:00,28
1997-09-14-15:00,28
1997-09-14-17:00,28
1997-09-14-18:00,27
1997-09-14-19:00,28
1997-09-14-20:00,28
1997-09-14-21:00,27
1997-09-14-22:00,27
1997-09-14-23:00,27
1997-09-15-00:00,27
1997-09-15-01:00,27
1997-09-15-02:00,25
1997-09-15-03:00,27
1997-09-15-04:00,30
1997-09-15-05:00,31
1997-09-15-07:00,33
1997-09-15-09:00,35
1997-09-15-10:00,35
1997-09-15-11:00,35
1997-09-15-12:00,32
1997-09-15-13:00,30
1997-09-15-14:00,29
1997-09-15-16:00,27
1997-09-15-17:00,27
1997-09-15-18:00,27
1997-09-15-19:00,27
1997-09-15-21:00,26.5
1997-09-15-22:00,26
1997-09-15-23:00,26
1997-09-16-00:00,26
1997-09-16-01:00,26
1997-09-16-02:00,27
1997-09-16-03:00,29
1997-09-16-04:00,31
1997-09-16-05:00,30
1997-09-16-06:00,29
1997-09-16-07:00,30
1997-09-16-15:00,28
1997-09-16-16:00,28
1997-09-16-17:00,28
1997-09-16-18:00,28
1997-09-16-19:00,28
1997-09-16-21:00,27
1997-09-16-22:00,27
1997-09-16-23:00,27
1997-09-17-00:00,27
1997-09-17-07:00,34
1997-09-17-08:00,35
1997-09-17-09:00,35
1997-09-17-11:00,35
1997-09-17-12:00,34
1997-09-17-13:00,31
1997-09-17-14:00,30
1997-09-17-15:00,30
1997-09-17-16:00,29
1997-09-17-17:00,29
1997-09-17-18:00,29
1997-09-18-00:00,27
1997-09-18-01:00,27
1997-09-18-02:00,29
1997-09-18-03:00,30
1997-09-18-04:00,31
1997-09-18-07:00,35
1997-09-18-08:00,36
1997-09-18-09:00,36
1997-09-18-10:00,37
1997-09-18-11:00,37
1997-09-18-12:00,35
1997-09-18-13:00,34
1997-09-18-14:00,33
1997-09-18-15:00,31
1997-09-18-16:00,30
1997-09-18-17:00,30
1997-09-18-18:00,29
1997-09-18-20:00,28
1997-09-18-22:00,28
1997-09-18-23:00,27
1997-09-19-00:00,27
1997-09-19-01:00,28
1997-09-19-02:00,30
1997-09-19-03:00,31
1997-09-19-04:00,32
1997-09-19-05:00,33
1997-09-19-06:00,34
1997-09-19-07:00,36
1997-09-19-09:00,36
1997-09-19-10:00,36
1997-09-19-11:00,36
1997-09-19-12:21,35
1997-09-19-13:00,34
1997-09-19-14:00,32
1997-09-19-15:00,31
1997-09-19-16:00,31
1997-09-19-17:00,31
1997-09-19-18:00,30
1997-09-19-19:00,30
1997-09-19-20:00,29
1997-09-19-21:00,29
1997-09-19-22:00,28
1997-09-19-23:00,27
1997-09-20-00:00,27
1997-09-20-01:00,27
1997-09-20-02:00,29
1997-09-20-03:00,30
1997-09-20-04:00,32
1997-09-20-05:00,33
1997-09-20-06:00,34
1997-09-20-07:00,35
1997-09-20-08:00,36
1997-09-20-09:00,36
1997-09-20-10:00,37
1997-09-20-11:00,36
1997-09-20-12:00,35
1997-09-20-13:00,34
1997-09-20-14:00,33
1997-09-20-15:00,31
1997-09-20-16:00,31
1997-09-20-17:00,31
1997-09-20-18:00,31
1997-09-20-19:00,30
1997-09-20-20:00,29
1997-09-20-21:00,28
1997-09-20-22:00,28
1997-09-20-23:00,27
1997-09-21-00:00,27
1997-09-21-01:00,27
1997-09-21-03:00,31
1997-09-21-04:00,32
1997-09-21-05:00,33
1997-09-21-06:00,34
1997-09-21-07:00,36
1997-09-21-08:00,36
1997-09-21-09:00,36
1997-09-21-10:00,35
1997-09-21-11:00,35
1997-09-21-12:00,29
1997-09-21-13:00,28
1997-09-21-14:00,28
1997-09-21-15:00,27
1997-09-21-16:00,27
1997-09-21-17:00,27
1997-09-21-18:00,26
1997-09-21-19:00,27
1997-09-21-20:00,26
1997-09-21-21:00,26
1997-09-21-22:00,26
1997-09-21-23:00,26
1997-09-22-00:00,25
1997-09-22-01:00,26
1997-09-22-02:00,29
1997-09-22-03:00,31
1997-09-22-04:00,32
1997-09-22-05:00,34
1997-09-22-06:00,35
1997-09-22-12:00,34
1997-09-22-13:00,33
1997-09-22-15:00,32
1997-09-22-16:00,30
1997-09-22-17:00,29
1997-09-22-18:00,27
1997-09-22-19:00,28
1997-09-22-20:00,27
1997-09-22-21:00,27
1997-09-22-22:00,26
1997-09-22-23:00,26
1997-09-23-00:00,26
1997-09-23-01:00,26
1997-09-23-02:00,28
1997-09-23-03:00,30
1997-09-23-04:00,32
1997-09-23-05:00,33
1997-09-23-06:00,35
1997-09-23-07:00,36
1997-09-23-08:00,36
1997-09-23-09:00,36
1997-09-23-10:00,36
1997-09-23-13:00,33
1997-09-23-14:00,33
1997-09-23-15:00,31
1997-09-23-16:00,30
1997-09-23-17:00,29
1997-09-23-18:00,29
1997-09-23-20:00,27
1997-09-23-21:00,27
1997-09-23-22:00,27
1997-09-23-23:00,26
1997-09-24-00:00,26.5
1997-09-24-01:00,27
1997-09-24-02:00,28
1997-09-24-03:00,31
1997-09-24-04:00,33
1997-09-24-05:00,35
1997-09-24-06:00,36
1997-09-24-07:00,37
1997-09-24-08:00,37
1997-09-24-09:00,37
1997-09-24-10:00,38
1997-09-24-11:00,37
1997-09-24-12:00,36
1997-09-24-13:00,34
1997-09-24-14:00,32
1997-09-24-15:00,31
1997-09-24-16:00,29
1997-09-24-17:00,29
1997-09-24-18:00,29
1997-09-24-19:00,29
1997-09-24-20:00,28
1997-09-24-21:00,27
1997-09-24-22:00,27
1997-09-24-23:00,26
1997-09-25-00:00,27
1997-09-25-01:00,27
1997-09-25-02:00,30
1997-09-25-03:00,32
1997-09-25-04:00,34
1997-09-25-05:00,35
1997-09-25-06:00,36
1997-09-25-07:00,37
1997-09-25-08:00,37.5
1997-09-25-09:00,38
1997-09-25-10:00,32
1997-09-25-11:00,38
1997-09-25-12:00,36
1997-09-25-13:00,34
1997-09-25-14:00,32
1997-09-25-15:00,30
1997-09-25-17:00,28
1997-09-25-18:00,27
1997-09-25-19:00,28
1997-09-25-20:00,28
1997-09-25-21:00,27
1997-09-25-22:00,26
1997-09-25-23:00,26
1997-09-26-01:00,27
1997-09-26-02:00,28
1997-09-26-03:00,30
1997-09-26-04:30,33
1997-09-26-05:00,35
1997-09-26-06:00,36
1997-09-26-07:00,37
1997-09-26-10:00,38
1997-09-26-11:00,37
1997-09-26-12:00,36
1997-09-26-13:00,33
1997-09-26-14:00,33
1997-09-26-15:00,33
1997-09-26-16:00,31
1997-09-26-17:00,29
1997-09-26-18:00,27
1997-09-26-19:00,28
1997-09-26-20:00,27
1997-09-26-21:00,27
1997-09-26-22:00,25
1997-09-26-23:00,25
1997-09-27-00:00,25
1997-09-27-01:00,26
1997-09-27-02:00,29
1997-09-27-03:00,32
1997-09-27-04:00,34
1997-09-27-05:30,35
1997-09-27-08:00,37
1997-09-27-09:00,37
1997-09-27-10:00,37
1997-09-27-11:00,32
1997-09-27-12:00,31
1997-09-27-13:00,31
1997-09-27-14:00,29
1997-09-27-15:00,28
1997-09-27-16:00,27
1997-09-27-17:00,27
1997-09-27-18:00,27
1997-09-27-22:00,25
1997-09-27-23:00,25
1997-09-28-00:00,25
1997-09-28-01:00,26
1997-09-28-02:00,28
1997-09-28-03:00,30
1997-09-28-04:00,31
1997-09-28-05:00,34
1997-09-28-06:00,35
1997-09-28-07:00,36
1997-09-28-08:00,36
1997-09-28-09:00,36
1997-09-28-10:00,36
1997-09-28-11:00,36
1997-09-28-12:00,34
1997-09-28-13:00,31
1997-09-28-14:00,29
1997-09-28-15:00,29
1997-09-28-16:00,29
1997-09-28-17:00,29
1997-09-28-18:00,26
1997-09-28-19:00,24
1997-09-28-20:00,26
1997-09-28-21:00,24
1997-09-28-22:00,25
1997-09-28-23:00,25
1997-09-29-00:00,24
1997-09-29-01:00,24
1997-09-29-02:00,27
1997-09-29-03:00,30
1997-09-29-04:00,32
1997-09-29-05:00,29
1997-09-29-06:00,30
1997-09-29-07:00,31
1997-09-29-08:00,32
1997-09-29-09:00,32
1997-09-29-10:00,32
1997-09-29-11:00,32
1997-09-29-12:00,30
1997-09-29-13:00,39
1997-09-29-14:00,27
1997-09-29-15:00,26
1997-09-29-16:00,25
1997-09-29-17:00,25
1997-09-29-18:00,25
1997-09-29-19:00,24
1997-09-29-20:00,24
1997-09-29-21:00,23
1997-09-29-22:00,24
1997-09-29-23:00,24
1997-09-30-00:00,24
1997-09-30-01:00,25
1997-09-30-02:00,25
1997-09-30-03:00,23
1997-09-30-04:00,22
1997-09-30-05:00,23
1997-09-30-06:00,22
1997-09-30-07:00,23
1997-09-30-09:00,27
1997-09-30-10:00,27
1997-09-30-11:00,27
1997-09-30-12:00,26
1997-09-30-13:00,25
1997-09-30-14:00,24
1997-09-30-15:00,23
1997-09-30-16:00,23
1997-09-30-17:00,23
1997-09-30-18:00,23
1997-09-30-19:00,22
1997-09-30-20:00,23
1997-09-30-21:00,22
1997-09-30-22:00,23
1997-09-30-23:00,22
1997-10-01-00:00,22
1997-10-01-01:00,22
1997-10-01-02:00,23
1997-10-01-03:00,25
1997-10-01-04:00,27
1997-10-01-05:00,29
1997-10-01-06:00,30
1997-10-01-07:00,32
1997-10-01-08:00,32
1997-10-01-09:00,32
1997-10-01-11:00,32
1997-10-01-12:00,30
1997-10-01-13:00,28
1997-10-01-14:00,26
1997-10-01-15:00,27
1997-10-01-16:00,26
1997-10-01-17:00,26
1997-10-01-18:00,26
1997-10-01-19:00,25
1997-10-01-20:00,24
1997-10-01-21:00,24
1997-10-01-23:00,22
1997-10-02-00:00,22
1997-10-02-01:00,22
1997-10-02-02:00,24
1997-10-02-03:00,25
1997-10-02-04:00,28
1997-10-02-05:00,30
1997-10-02-06:00,29
1997-10-02-07:00,27
1997-10-02-08:00,25
1997-10-02-09:00,28
1997-10-02-10:00,28
1997-10-02-11:00,27
1997-10-02-12:00,26
1997-10-02-13:00,26
1997-10-02-14:00,25
1997-10-02-15:00,25
1997-10-02-16:00,25
1997-10-02-17:00,24
1997-10-02-18:00,23
1997-10-02-19:00,24
1997-10-02-20:00,23
1997-10-02-21:00,22
1997-10-02-22:00,22
1997-10-02-23:00,21
1997-10-03-00:00,21
1997-10-03-01:00,22
1997-10-03-02:00,23
1997-10-03-04:00,27
1997-10-03-05:00,28
1997-10-03-06:00,29
1997-10-03-07:00,30
1997-10-03-08:00,31
1997-10-03-09:00,31
1997-10-03-10:00,31
1997-10-03-11:00,30
1997-10-03-12:00,27
1997-10-03-13:00,26
1997-10-03-14:00,26
1997-10-03-15:00,26
1997-10-03-16:00,25
1997-10-03-17:00,23
1997-10-03-18:00,23
1997-10-03-19:00,23
1997-10-03-20:00,23
1997-10-03-21:00,23
1997-10-03-22:00,23
1997-10-03-23:00,22
1997-10-04-00:00,22
1997-10-04-01:00,22
1997-10-04-02:00,25
1997-10-04-03:00,27
1997-10-04-04:00,29
1997-10-04-05:00,29
1997-10-04-06:00,29
1997-10-04-07:00,29
1997-10-04-08:00,29
1997-10-04-09:00,29
1997-10-04-11:00,24
1997-10-04-12:00,23
1997-10-04-13:00,22
1997-10-04-14:00,22
1997-10-04-15:00,22
1997-10-04-16:00,22
1997-10-04-17:00,23
1997-10-04-18:00,22
1997-10-04-19:00,22
1997-10-04-20:00,21
1997-10-04-21:00,21
1997-10-04-22:00,21
1997-10-04-23:00,21
1997-10-05-00:00,21
1997-10-05-01:00,21
1997-10-05-02:00,22
1997-10-05-03:00,23
1997-10-05-04:00,27
1997-10-05-05:00,26
1997-10-05-06:00,27
1997-10-05-07:00,28
1997-10-05-08:00,29
1997-10-05-09:00,28
1997-10-05-10:00,28
1997-10-05-11:00,28
1997-10-05-12:00,26
1997-10-05-13:00,26
1997-10-05-14:00,24
1997-10-05-15:00,23
1997-10-05-17:00,23
1997-10-05-18:00,22
1997-10-05-19:00,22
1997-10-05-20:00,23
1997-10-05-21:00,22
1997-10-05-22:00,22
1997-10-05-23:00,22
1997-10-06-00:00,22
1997-10-06-01:00,21
1997-10-06-02:00,22
1997-10-06-04:00,26
1997-10-06-05:00,27
1997-10-06-06:00,29
1997-10-06-07:00,29
1997-10-06-08:00,30
1997-10-06-09:00,32
1997-10-06-10:00,28
1997-10-06-11:00,25
1997-10-06-12:00,25
1997-10-06-13:00,25
1997-10-06-14:00,25
1997-10-06-16:00,24
1997-10-06-17:00,23
1997-10-06-18:00,23
1997-10-06-19:00,22
1997-10-06-20:00,22
1997-10-06-21:00,22
1997-10-06-22:00,22
1997-10-06-23:00,21
1997-10-07-00:00,22
1997-10-07-01:00,22
1997-10-07-02:00,25
1997-10-07-03:00,27
1997-10-07-04:00,28
1997-10-07-05:00,27
1997-10-07-06:00,28
1997-10-07-07:00,27
1997-10-07-08:00,27
1997-10-07-09:00,28
1997-10-07-10:00,28
1997-10-07-11:00,28
1997-10-07-12:00,27
1997-10-07-13:00,27
1997-10-07-15:00,27
1997-10-07-16:00,24
1997-10-07-18:00,23
1997-10-07-19:00,23
1997-10-07-20:00,22
1997-10-07-21:00,22
1997-10-07-22:00,22
1997-10-07-23:00,21
1997-10-08-00:00,21
1997-10-08-01:00,21
1997-10-08-02:00,23
1997-10-08-03:00,25
1997-10-08-04:00,27
1997-10-08-05:00,28
1997-10-08-06:00,29
1997-10-08-08:00,29
1997-10-08-09:00,30
1997-10-08-10:00,30
1997-10-08-11:00,29
1997-10-08-12:00,28
1997-10-08-13:00,27
1997-10-08-14:00,26
1997-10-08-15:00,25
1997-10-08-16:00,25
1997-10-08-17:00,24
1997-10-08-18:00,23
1997-10-08-19:00,23
1997-10-08-20:00,23
1997-10-08-21:00,23
1997-10-08-22:00,22
1997-10-08-23:00,21
1997-10-09-00:00,21
1997-10-09-01:00,22
1997-10-09-02:00,24
1997-10-09-03:00,25
1997-10-09-04:00,28
1997-10-09-05:00,30
1997-10-09-06:00,31
1997-10-09-07:00,31
1997-10-09-08:00,32
1997-10-09-11:00,32
1997-10-09-15:00,26
1997-10-09-16:00,25
1997-10-09-18:00,24
1997-10-09-19:00,24
1997-10-09-20:00,23
1997-10-09-21:00,23
1997-10-09-22:00,22
1997-10-09-23:00,21
1997-10-10-00:00,22
1997-10-10-01:00,23
1997-10-10-02:00,25
1997-10-10-03:00,27
1997-10-10-04:00,30
1997-10-10-05:00,30
1997-10-10-06:00,26
1997-10-10-07:00,26
1997-10-10-08:00,26
1997-10-10-10:00,27
1997-10-10-11:00,28
1997-10-10-12:00,27
1997-10-10-13:00,25
1997-10-10-14:00,24
1997-10-10-15:00,24
1997-10-10-16:00,23
1997-10-10-17:00,23
1997-10-10-18:00,22
1997-10-10-20:00,22
1997-10-10-21:00,21
1997-10-10-22:00,21
1997-10-10-23:00,21
1997-10-11-00:00,21
1997-10-11-01:00,21
1997-10-11-02:00,22
1997-10-11-04:00,27
1997-10-11-05:00,30
1997-10-11-06:00,30
1997-10-11-07:00,31
1997-10-11-08:00,31
1997-10-11-10:00,31
1997-10-11-11:00,29
1997-10-11-12:00,27
1997-10-11-13:00,26
1997-10-11-14:00,25
1997-10-11-16:00,25
1997-10-11-17:00,25
1997-10-11-18:00,24
1997-10-11-19:00,24
1997-10-11-20:00,24
1997-10-11-21:00,23
1997-10-11-22:00,23
1997-10-11-23:00,22
1997-10-12-00:00,22
1997-10-12-01:00,22
1997-10-12-02:00,24
1997-10-12-03:00,26
1997-10-12-04:00,29
1997-10-12-05:00,30
1997-10-12-06:00,31
1997-10-12-07:00,31
1997-10-12-08:00,33
1997-10-12-09:00,32
1997-10-12-10:00,33
1997-10-12-11:00,32
1997-10-12-12:00,30
1997-10-12-13:00,28
1997-10-12-14:00,27
1997-10-12-15:00,26
1997-10-12-16:00,26
1997-10-12-17:00,25
1997-10-12-18:00,25
1997-10-12-19:00,24
1997-10-12-21:00,23
1997-10-12-22:00,22
1997-10-12-23:00,21
1997-10-13-00:00,21
1997-10-13-01:00,22
1997-10-13-02:00,22
1997-10-13-03:00,25
1997-10-13-04:00,27
1997-10-13-06:00,30
1997-10-13-07:00,31
1997-10-13-08:00,31
1997-10-13-09:00,31
1997-10-13-10:00,31
1997-10-13-11:00,30
1997-10-13-12:00,28
1997-10-13-13:00,27
1997-10-13-14:00,26
1997-10-13-15:00,26
1997-10-13-16:00,25
1997-10-13-17:00,24
1997-10-13-18:00,24
1997-10-13-19:00,24
1997-10-13-20:00,23
1997-10-13-21:00,23
1997-10-13-22:00,22
1997-10-13-23:00,22
1997-10-14-00:00,21
1997-10-14-01:00,21
1997-10-14-02:00,24
1997-10-14-03:00,28
1997-10-14-04:00,30
1997-10-14-05:00,31
1997-10-14-06:00,31
1997-10-14-07:00,32
1997-10-14-08:00,31
1997-10-14-09:00,31
1997-10-14-10:00,31
1997-10-14-12:00,28
1997-10-14-13:00,27
1997-10-14-14:00,26
1997-10-14-15:00,26
1997-10-14-16:00,24
1997-10-14-17:00,24
1997-10-14-18:00,23
1997-10-14-19:00,22
1997-10-14-20:00,22
1997-10-14-21:00,22
1997-10-14-22:00,21.5
1997-10-14-23:00,21
1997-10-15-00:00,20
1997-10-15-01:00,21
1997-10-15-02:00,22
1997-10-15-03:00,24
1997-10-15-04:00,26
1997-10-15-05:00,27
1997-10-15-06:00,29
1997-10-15-08:00,30
1997-10-15-09:00,31
1997-10-15-10:00,31
1997-10-15-11:00,30
1997-10-15-12:00,27
1997-10-15-13:00,26
1997-10-15-14:00,25
1997-10-15-15:00,25
1997-10-15-16:00,24
1997-10-15-17:00,25
1997-10-15-18:00,24
1997-10-15-20:00,22
1997-10-15-21:00,22
1997-10-15-22:00,21
1997-10-15-23:00,21
1997-10-16-00:00,21
1997-10-16-01:00,22
1997-10-16-02:00,23
1997-10-16-03:00,24
1997-10-16-04:00,29
1997-10-16-05:00,30
1997-10-16-06:00,31
1997-10-16-07:00,31
1997-10-16-08:00,32
1997-10-16-09:00,32
1997-10-16-10:00,32
1997-10-16-15:00,25
1997-10-16-16:00,25
1997-10-16-17:00,25
1997-10-16-18:00,24
1997-10-16-19:00,24
1997-10-16-20:00,24
1997-10-16-21:00,23
1997-10-16-22:00,22
1997-10-16-23:00,22
1997-10-17-00:00,22
1997-10-17-01:00,22
1997-10-17-02:00,25
1997-10-17-03:00,28
1997-10-17-04:00,29
1997-10-17-05:00,30
1997-10-17-06:00,32
1997-10-17-07:00,33
1997-10-17-08:00,31
1997-10-17-09:00,33
1997-10-17-10:00,31
1997-10-17-11:00,29
1997-10-17-12:00,26
1997-10-17-13:00,26
1997-10-17-14:00,25
1997-10-17-15:00,23
1997-10-17-16:00,20
1997-10-17-17:00,20
1997-10-17-18:00,20
1997-10-17-19:00,20
1997-10-17-21:00,20
1997-10-17-22:00,20
1997-10-17-23:00,20
1997-10-18-00:00,19
1997-10-18-02:00,22
1997-10-18-03:00,25
1997-10-18-04:00,27
1997-10-18-06:00,29
1997-10-18-07:00,29
1997-10-18-08:00,29
1997-10-18-09:00,30
1997-10-18-10:00,29
1997-10-18-11:00,29
1997-10-18-12:00,27
1997-10-18-13:00,26
1997-10-18-15:00,25
1997-10-18-16:00,24
1997-10-18-17:00,24
1997-10-18-19:00,23
1997-10-18-20:00,22
1997-10-18-22:00,22
1997-10-18-23:00,21
1997-10-19-00:00,21
1997-10-19-01:00,21
1997-10-19-02:00,23
1997-10-19-03:00,26
1997-10-19-04:00,27
1997-10-19-05:00,28
1997-10-19-06:00,31
1997-10-19-07:00,31
1997-10-19-10:00,19
1997-10-19-11:00,19
1997-10-19-12:00,19
1997-10-19-13:00,19
1997-10-19-14:00,19
1997-10-19-15:00,19
1997-10-19-16:00,19
1997-10-19-17:00,19
1997-10-19-18:00,19
1997-10-19-19:00,19
1997-10-19-20:00,19
1997-10-19-21:00,19
1997-10-19-22:00,19
1997-10-19-23:00,19
1997-10-20-00:00,19
1997-10-20-02:00,21
1997-10-20-03:00,23
1997-10-20-04:00,25
1997-10-20-05:00,26
1997-10-20-06:00,26
1997-10-20-07:00,27
1997-10-20-08:00,27
1997-10-20-09:00,27
1997-10-20-10:00,26
1997-10-20-11:00,25
1997-10-20-12:00,24
1997-10-20-13:00,18
1997-10-20-14:00,18
1997-10-20-15:00,19
1997-10-20-16:00,19
1997-10-20-17:00,19
1997-10-20-18:00,18
1997-10-20-19:00,18
1997-10-20-20:00,18
1997-10-20-21:00,18
1997-10-20-22:00,17
1997-10-20-23:00,17
1997-10-21-00:00,17
1997-10-21-01:00,17
1997-10-21-02:00,21
1997-10-21-03:00,22
1997-10-21-04:00,24
1997-10-21-05:00,25
1997-10-21-06:00,26
1997-10-21-07:00,26
1997-10-21-09:00,27
1997-10-21-10:00,27
1997-10-21-11:00,26
1997-10-21-12:00,24
1997-10-21-13:00,24
1997-10-21-15:00,23
1997-10-21-16:00,23
1997-10-21-18:00,20
1997-10-21-19:00,20
1997-10-21-20:00,19
1997-10-21-21:00,19
1997-10-21-22:00,19
1997-10-22-01:00,19
1997-10-22-02:00,20
1997-10-22-03:00,22
1997-10-22-05:00,25
1997-10-22-06:00,25
1997-10-22-07:00,27
1997-10-22-08:00,27
1997-10-22-09:00,27
1997-10-22-10:00,26
1997-10-22-11:00,25
1997-10-22-12:00,24
1997-10-22-13:00,23
1997-10-22-14:00,23
1997-10-22-15:00,23
1997-10-22-16:00,23
1997-10-22-17:00,22
1997-10-22-22:00,20
1997-10-22-23:00,19
1997-10-23-02:00,20
1997-10-23-03:00,21
1997-10-23-04:00,23
1997-10-23-05:00,24
1997-10-23-06:00,24
1997-10-23-07:00,24
1997-10-23-09:00,25
1997-10-23-10:00,25
1997-10-23-11:00,25
1997-10-23-12:00,24
1997-10-23-13:00,23
1997-10-23-14:00,22
1997-10-23-15:00,21
1997-10-23-17:00,21
1997-10-23-18:00,20
1997-10-23-19:00,20
1997-10-23-21:00,20
1997-10-23-23:00,19
1997-10-24-02:00,19
1997-10-24-03:00,21
1997-10-24-04:00,23
1997-10-24-05:00,25
1997-10-24-06:00,26
1997-10-24-07:00,26
1997-10-24-08:00,27
1997-10-24-09:00,27
1997-10-24-10:00,23
1997-10-24-11:00,22
1997-10-24-12:00,21
1997-10-24-13:00,21
1997-10-24-14:00,19
1997-10-24-15:00,19
1997-10-24-16:00,18
1997-10-24-17:00,17
1997-10-24-18:00,17
1997-10-24-20:00,17
1997-10-24-21:00,17
1997-10-24-22:00,16
1997-10-24-23:00,16
1997-10-25-00:00,16
1997-10-25-01:00,16
1997-10-25-02:00,18
1997-10-25-03:00,20
1997-10-25-04:00,22
1997-10-25-05:00,24
1997-10-25-06:00,25
1997-10-25-07:00,26
1997-10-25-08:00,27
1997-10-25-09:00,26
1997-10-25-10:00,26
1997-10-25-11:00,25
1997-10-25-12:00,24
1997-10-25-13:00,24
1997-10-25-14:00,22
1997-10-25-16:00,21
1997-10-25-17:00,20
1997-10-25-18:00,20
1997-10-25-19:00,19
1997-10-25-23:00,17
1997-10-26-00:00,17
1997-10-26-01:00,17
1997-10-26-02:00,19
1997-10-26-03:00,20
1997-10-26-04:00,22
1997-10-26-05:00,24
1997-10-26-06:00,24
1997-10-26-07:00,24
1997-10-26-08:00,24
1997-10-26-09:00,26
1997-10-26-10:00,25
1997-10-26-11:00,25
1997-10-26-12:00,23
1997-10-26-13:00,23
1997-10-26-14:00,23
1997-10-26-15:00,21
1997-10-26-16:00,21
1997-10-26-17:00,21
1997-10-26-18:00,21
1997-10-26-19:00,20
1997-10-26-20:00,20
1997-10-26-21:00,19
1997-10-26-22:00,19
1997-10-26-23:00,19
1997-10-27-01:00,19
1997-10-27-02:00,20
1997-10-27-03:00,24
1997-10-27-04:00,25
1997-10-27-05:00,25
1997-10-27-06:00,25
1997-10-27-07:00,25
1997-10-27-08:00,25
1997-10-27-09:00,25
1997-10-27-10:00,25
1997-10-27-11:00,24
1997-10-27-12:00,24
1997-10-27-13:00,23
1997-10-27-14:00,22
1997-10-27-15:00,22
1997-10-27-16:00,21
1997-10-27-17:00,21
1997-10-27-18:00,21
1997-10-27-19:00,21
1997-10-27-21:00,20
1997-10-27-22:00,20
1997-10-27-23:00,20
1997-10-28-00:00,20
1997-10-28-01:00,19
1997-10-28-02:00,21
1997-10-28-03:00,23
1997-10-28-04:00,25
1997-10-28-05:00,26
1997-10-28-06:00,26
1997-10-28-08:00,27
1997-10-28-09:00,27
1997-10-28-10:00,27
1997-10-28-11:00,26
1997-10-28-12:00,23
1997-10-28-13:00,23
1997-10-28-14:00,23
1997-10-28-16:00,22
1997-10-28-17:00,23
1997-10-28-19:00,19
1997-10-28-20:00,19
1997-10-28-21:00,19
1997-10-28-23:00,17
1997-10-29-00:00,17
1997-10-29-02:00,18
1997-10-29-03:00,20
1997-10-29-04:00,21
1997-10-29-05:00,22
1997-10-29-06:00,22
1997-10-29-07:00,24
1997-10-29-08:00,23
1997-10-29-09:00,23
1997-10-29-11:00,22
1997-10-29-12:00,20
1997-10-29-13:00,20
1997-10-29-14:00,19
1997-10-29-16:00,19
1997-10-29-17:00,18
1997-10-29-18:00,18
1997-10-29-19:00,17
1997-10-29-20:00,17
1997-10-29-20:40,17
1997-10-30-00:40,18.5
1997-10-30-02:40,20
1997-10-30-04:40,23
1997-10-30-05:40,23
1997-10-30-10:40,24
1997-10-30-11:40,23
1997-10-30-13:40,21
1997-10-30-17:40,19
1997-10-30-23:40,17
1997-10-31-00:40,17
1997-10-31-01:40,18
1997-10-31-05:40,25
1997-10-31-08:40,28
1997-10-31-10:40,26
1997-10-31-11:40,24
1997-10-31-12:40,23
1997-11-01-00:40,17
1997-11-01-01:40,19
1997-11-01-03:40,23
1997-11-01-05:40,26
1997-11-01-10:40,26
1997-11-01-12:40,23
1997-11-01-16:40,19
1997-11-01-17:40,19
1997-11-01-18:40,19
1997-11-01-19:40,19
1997-11-01-20:40,18
1997-11-01-21:40,17
1997-11-01-22:40,17
1997-11-02-03:40,22
1997-11-02-13:40,21
1997-11-02-14:40,21
1997-11-02-15:40,20
1997-11-02-16:40,19
1997-11-03-00:30,17
1997-11-03-00:40,17
1997-11-03-02:40,20
1997-11-03-03:40,22
1997-11-03-04:40,24
1997-11-03-05:40,26
1997-11-03-06:00,21
1997-11-03-06:40,27
1997-11-03-09:40,26
1997-11-03-10:40,25
1997-11-03-12:40,23
1997-11-03-14:40,22
1997-11-03-23:40,18
1997-11-04-00:40,17
1997-11-04-02:40,21
1997-11-04-04:40,25
1997-11-04-06:40,26
1997-11-04-09:40,27
1997-11-04-10:40,26
1997-11-04-11:40,25
1997-11-04-13:40,22
1997-11-04-14:40,22
1997-11-04-17:40,20
1997-11-05-02:40,20
1997-11-05-05:40,26
1997-11-05-07:40,27
1997-11-05-09:40,27
1997-11-05-10:40,27
1997-11-05-12:40,23
1997-11-05-14:40,22
1997-11-05-16:40,21
1997-11-06-00:00,23
1997-11-06-03:40,23
1997-11-06-05:40,26
1997-11-06-08:40,27
1997-11-06-10:40,26
1997-11-06-13:40,22
1997-11-06-17:40,20
1997-11-06-20:40,19
1997-11-06-23:40,17
1997-11-07-00:40,17
1997-11-07-01:40,18
1997-11-07-03:40,23
1997-11-07-04:40,26
1997-11-07-05:40,27
1997-11-07-08:40,27
1997-11-07-12:40,23
1997-11-07-13:40,22
1997-11-07-21:40,17
1997-11-08-00:40,17
1997-11-08-07:00,20
1997-11-08-07:40,28
1997-11-08-10:40,25
1997-11-08-13:40,21
1997-11-08-21:40,19
1997-11-09-02:40,22
1997-11-09-08:40,27
1997-11-09-23:40,19
1997-11-10-00:40,17
1997-11-10-02:40,20
1997-11-10-04:40,23
1997-11-10-07:40,25
1997-11-10-08:40,25
1997-11-10-10:40,23
1997-11-10-16:40,18
1997-11-10-19:40,18
1997-11-11-07:40,26
1997-11-11-08:40,26
1997-11-11-09:40,26
1997-11-11-10:40,25
1997-11-11-12:40,22
1997-11-12-00:40,17
1997-11-12-09:40,25
1997-11-12-18:40,16
1997-11-12-19:40,15
1997-11-12-22:40,13
1997-11-13-01:40,14
1997-11-13-08:40,25
1997-11-13-09:40,24
1997-11-13-10:40,23
1997-11-13-16:40,16
1997-11-13-19:40,14
1997-11-14-00:40,14
1997-11-14-06:40,26
1997-11-14-07:40,25
1997-11-14-10:40,24
1997-11-14-12:40,20
1997-11-14-13:40,19
1997-11-14-16:40,13
1997-11-14-17:40,16
1997-11-14-19:40,15
1997-11-15-00:40,14
1997-11-15-04:40,24
1997-11-15-06:40,26
1997-11-15-07:40,26
1997-11-15-08:40,26
1997-11-15-14:40,19
1997-11-15-16:40,17
1997-11-15-17:40,17
1997-11-15-18:40,16
1997-11-15-22:40,14.5
1997-11-15-23:40,13
1997-11-16-01:40,15
1997-11-16-02:40,18
1997-11-16-03:40,21
1997-11-16-05:40,25
1997-11-16-09:40,25
1997-11-16-12:40,20
1997-11-16-13:40,19
1997-11-16-16:40,18
1997-11-16-17:40,17
1997-11-16-18:40,17
1997-11-16-19:40,16
1997-11-16-21:40,15
1997-11-16-22:40,14
1997-11-17-01:40,16
1997-11-17-05:40,25
1997-11-17-07:40,25
1997-11-17-08:40,25
1997-11-17-12:40,21
1997-11-17-13:40,20
1997-11-17-15:40,16
1997-11-17-21:40,15
1997-11-18-02:40,17
1997-11-18-03:40,21
1997-11-18-04:40,21
1997-11-18-05:40,22.5
1997-11-18-08:40,24
1997-11-18-09:40,23
1997-11-18-10:40,22
1997-11-18-11:40,21
1997-11-18-13:40,21
1997-11-18-15:40,20
1997-11-18-21:40,14
1997-11-18-22:40,14
1997-11-18-23:40,14
1997-11-19-04:40,24
1997-11-19-06:40,26
1997-11-19-08:40,25
1997-11-19-09:40,25
1997-11-19-12:40,20
1997-11-19-20:40,16
1997-11-19-21:40,15
1997-11-20-01:40,16
1997-11-20-02:40,19
1997-11-20-03:40,21
1997-11-20-06:40,25
1997-11-20-09:40,26
1997-11-20-10:40,24
1997-11-20-13:40,20
1997-11-20-16:40,17
1997-11-20-18:40,17
1997-11-21-00:40,15
1997-11-21-03:40,23
1997-11-21-04:40,23
1997-11-21-06:40,26
1997-11-21-07:40,26
1997-11-21-08:40,26
1997-11-21-09:40,25
1997-11-21-10:40,23
1997-11-21-11:40,21
1997-11-21-12:40,20
1997-11-21-13:40,20
1997-11-21-14:40,18
1997-11-21-18:40,18
1997-11-21-20:40,17
1997-11-21-23:40,17
1997-11-22-02:40,19
1997-11-22-08:40,25
1997-11-22-09:40,24
1997-11-22-10:40,23
1997-11-22-11:40,21
1997-11-22-14:40,19
1997-11-22-16:40,19
1997-11-22-17:40,18
1997-11-22-19:40,17
1997-11-22-22:40,16
1997-11-22-23:40,16
1997-11-23-00:40,18
1997-11-23-01:40,18
1997-11-23-05:40,23
1997-11-23-10:40,22
1997-11-23-12:40,19
1997-11-23-13:40,19
1997-11-23-16:40,17
1997-11-23-18:40,16
1997-11-23-21:40,14
1997-11-24-00:40,13
1997-11-24-05:40,23
1997-11-24-06:40,23
1997-11-24-07:40,25
1997-11-24-09:40,25
1997-11-24-10:40,23
1997-11-24-11:40,23
1997-11-24-13:40,20
1997-11-24-15:40,20
1997-11-24-18:40,18
1997-11-24-19:40,18
1997-11-24-20:40,18
1997-11-24-21:40,18
1997-11-25-01:40,17
1997-11-25-03:40,19
1997-11-26-08:40,18
1997-11-26-10:40,18
1997-11-26-11:40,17
1997-11-26-12:40,16
1997-11-26-13:40,15
1997-11-27-01:40,13
1997-11-27-02:40,13
1997-11-27-03:40,14
1997-11-27-04:40,14
1997-11-27-05:40,15
1997-11-27-06:40,16
1997-11-27-07:40,17
1997-11-27-09:40,19
1997-11-27-11:40,17
1997-11-27-12:40,16
1997-11-27-13:40,16
1997-11-27-15:40,15
1997-11-27-17:40,13
1997-11-27-18:40,13
1997-11-27-19:40,12
1997-11-27-20:40,11
1997-11-27-21:40,12
1997-11-27-22:40,11
1997-11-28-00:40,10
1997-11-28-01:40,10
1997-11-28-06:40,20
1997-11-28-08:40,21
1997-11-28-09:40,20.5
1997-11-28-10:40,20
1997-11-28-12:40,17
1997-11-28-15:40,13
1997-11-28-16:40,13
1997-11-29-00:00,11
1997-11-29-02:40,13
1997-11-29-03:40,17
1997-11-29-04:40,19
1997-11-29-05:40,20
1997-11-29-06:40,21
1997-11-29-07:40,21
1997-11-29-08:40,21
1997-11-29-09:40,21
1997-11-29-12:40,19
1997-11-29-14:40,17
1997-11-29-15:40,17
1997-11-29-17:40,15
1997-11-29-18:40,16
1997-11-29-22:40,15
1997-11-30-01:40,16
1997-11-30-02:40,17
1997-11-30-05:40,21
1997-11-30-07:40,22
1997-11-30-08:40,21
1997-11-30-09:40,21
1997-11-30-10:40,20
1997-11-30-11:40,19.5
1997-11-30-12:40,19
1997-11-30-20:40,14
1997-11-30-21:40,13
1997-12-01-00:40,11
1997-12-01-02:40,12
1997-12-01-03:00,11
1997-12-01-03:40,12
1997-12-01-04:40,14
1997-12-01-05:40,17
1997-12-01-07:40,19
1997-12-01-08:40,20
1997-12-01-09:40,20
1997-12-01-10:40,19
1997-12-01-12:40,16
1997-12-01-18:40,12
1997-12-01-19:40,12
1997-12-01-20:40,12
1997-12-01-21:40,11
1997-12-02-00:40,11
1997-12-02-10:40,20
1997-12-02-13:40,15
1997-12-02-15:40,14
1997-12-02-16:40,13
1997-12-02-17:40,14
1997-12-02-23:40,10
1997-12-03-04:40,20
1997-12-03-05:40,21
1997-12-03-07:40,21
1997-12-03-12:40,16
1997-12-03-13:40,15
1997-12-03-15:40,15
1997-12-03-18:40,13
1997-12-03-20:40,12
1997-12-04-03:00,13
1997-12-04-03:40,17
1997-12-04-04:40,20
1997-12-04-05:40,21
1997-12-04-06:40,21
1997-12-04-08:40,21
1997-12-04-14:40,14
1997-12-04-17:40,13
1997-12-04-18:40,13
1997-12-04-20:40,12.5
1997-12-04-21:40,12
1997-12-04-23:40,10
1997-12-05-03:40,15
1997-12-05-04:40,20
1997-12-05-06:40,21
1997-12-05-09:40,20
1997-12-05-10:40,20
1997-12-05-11:40,18
1997-12-05-12:40,16
1997-12-05-15:40,16
1997-12-05-16:40,15
1997-12-05-18:40,13
1997-12-06-00:40,13
1997-12-06-01:40,15
1997-12-06-02:40,16
1997-12-06-03:40,19
1997-12-06-04:40,20
1997-12-06-07:40,22
1997-12-06-08:40,23
1997-12-06-12:00,19
1997-12-06-15:40,19
1997-12-06-20:40,17
1997-12-06-23:40,16
1997-12-07-00:40,15
1997-12-07-01:40,15
1997-12-07-05:40,22
1997-12-07-06:40,22
1997-12-07-09:40,20
1997-12-07-12:40,18
1997-12-07-13:40,17
1997-12-07-16:00,16
1997-12-07-17:40,15
1997-12-07-18:40,15
1997-12-07-21:40,15
1997-12-08-03:40,19
1997-12-08-07:40,21
1997-12-08-11:00,16
1997-12-08-17:40,16
1997-12-08-19:40,16
1997-12-08-20:40,16
1997-12-08-21:40,16
1997-12-09-05:40,16
1997-12-09-09:40,16
1997-12-09-10:40,14
1997-12-09-11:40,14
1997-12-09-12:40,15
1997-12-09-13:40,15
1997-12-09-18:40,14
1997-12-09-20:40,15
1997-12-09-21:40,15
1997-12-09-22:40,15
1997-12-09-23:40,15
1997-12-10-11:40,16
1997-12-10-15:40,14
1997-12-10-17:40,13
1997-12-10-20:40,12
1997-12-10-21:40,11.5
1997-12-11-01:40,11
1997-12-11-03:40,12
1997-12-11-12:00,15
1997-12-11-15:40,13
1997-12-11-16:40,13
1997-12-12-01:40,10
1997-12-12-04:40,13
1997-12-12-05:40,15
1997-12-12-07:40,17
1997-12-12-08:40,16
1997-12-12-09:40,15
1997-12-12-10:40,15
1997-12-12-11:40,15
1997-12-12-12:40,14
1997-12-12-13:40,13
1997-12-12-16:40,13
1997-12-12-17:40,13
1997-12-12-18:40,13
1997-12-12-19:40,13
1997-12-12-20:40,13
1997-12-12-23:40,13
1997-12-13-01:40,14
1997-12-13-05:40,17
1997-12-13-10:40,16
1997-12-13-13:40,15
1997-12-13-14:40,14
1997-12-13-15:40,14
1997-12-13-20:40,14
1997-12-13-21:40,14
1997-12-14-01:40,12
1997-12-14-03:40,15
1997-12-14-04:40,15
1997-12-14-09:40,17
1997-12-14-11:40,15
1997-12-14-12:40,14
1997-12-14-14:40,13
1997-12-14-15:40,13
1997-12-15-02:40,11
1997-12-15-06:40,13
1997-12-15-11:40,12
1997-12-15-21:40,12
1997-12-16-09:40,13
1997-12-16-11:40,12
1997-12-16-14:40,11
1997-12-16-15:40,11
1997-12-16-16:40,10
1997-12-16-18:40,9
1997-12-16-19:40,9
1997-12-16-21:40,7
1997-12-16-22:40,7
1997-12-17-00:40,10
1997-12-17-03:40,12
1997-12-17-05:40,16
1997-12-17-06:40,16
1997-12-17-08:40,16
1997-12-17-10:40,16
1997-12-17-11:40,15
1997-12-17-12:40,14
1997-12-17-13:40,12
1997-12-17-14:40,12
1997-12-17-15:40,12
1997-12-17-16:40,12
1997-12-17-17:40,12
1997-12-17-18:40,12
1997-12-17-20:40,12
1997-12-17-21:40,11
1997-12-17-22:40,11
1997-12-18-00:40,11
1997-12-18-01:40,11
1997-12-18-06:40,15
1997-12-18-09:40,16
1997-12-18-10:40,14
1997-12-18-13:40,12
1997-12-18-15:40,12
1997-12-18-22:40,7
1997-12-19-01:40,8
1997-12-19-03:40,9
1997-12-19-04:40,10
1997-12-19-11:40,11
1997-12-19-21:40,10
1997-12-20-03:40,9
1997-12-20-06:40,12
1997-12-20-08:40,12
1997-12-20-12:40,11
1997-12-20-15:40,10
1997-12-20-18:40,10
1997-12-20-19:40,10
1997-12-20-20:40,10
1997-12-20-23:40,10
1997-12-21-04:40,10
1997-12-21-05:40,11
1997-12-21-06:40,11
1997-12-21-08:40,12
1997-12-21-12:40,11
1997-12-21-16:40,10
1997-12-21-19:40,10
1997-12-22-01:40,10
1997-12-22-04:40,11
1997-12-22-05:40,12
1997-12-22-11:40,11
1997-12-22-14:40,10
1997-12-22-15:40,9
1997-12-22-19:40,7
1997-12-22-20:40,7
1997-12-23-00:40,3
1997-12-23-05:40,9
1997-12-23-06:40,13
1997-12-23-07:40,14
1997-12-23-10:40,15
1997-12-23-11:40,13
1997-12-23-12:40,12
1997-12-23-13:40,11
1997-12-23-14:40,11
1997-12-23-16:40,10
1997-12-23-22:40,9
1997-12-24-00:00,9
1997-12-24-00:40,9
1997-12-24-01:40,9
1997-12-24-09:40,15
1997-12-24-10:40,14
1997-12-24-12:40,12
1997-12-24-18:40,10.5
1997-12-24-21:40,9
1997-12-25-01:40,9
1997-12-25-04:40,11
1997-12-25-06:40,14
1997-12-25-07:40,15
1997-12-25-08:40,14
1997-12-25-13:40,9
1997-12-25-15:40,8
1997-12-25-17:40,8
1997-12-25-18:40,8
1997-12-25-20:40,9
1997-12-26-00:40,8
1997-12-26-02:40,9
1997-12-26-03:40,9
1997-12-26-10:40,12
1997-12-26-12:40,9
1997-12-26-15:40,8.5
1997-12-26-16:40,8
1997-12-26-17:40,8
1997-12-26-18:40,8
1997-12-26-21:40,7
1997-12-26-22:40,6
1997-12-27-02:40,7.5
1997-12-27-04:40,9
1997-12-27-07:40,10
1997-12-27-08:40,11
1997-12-27-22:40,7
1997-12-28-00:40,6
1997-12-28-03:40,8
1997-12-28-05:40,13
1997-12-28-06:40,15
1997-12-28-10:40,14
1997-12-28-11:40,12
1997-12-28-12:40,11
1997-12-28-14:40,11
1997-12-28-15:40,11
1997-12-28-23:40,10
1997-12-29-00:40,10
1997-12-29-01:40,10
1997-12-29-03:40,16
1997-12-29-05:40,17
1997-12-29-06:40,17
1997-12-29-09:40,15
1997-12-29-10:40,14
1997-12-29-11:40,13
1997-12-29-13:40,11
1997-12-29-16:40,11
1997-12-29-17:40,11
1997-12-29-18:40,10
1997-12-29-19:40,10
1997-12-29-23:40,10
1997-12-30-02:40,10
1997-12-30-05:40,11
1997-12-30-11:40,11
1997-12-30-21:40,7
1997-12-31-07:40,15
1997-12-31-08:40,16
1997-12-31-10:40,15
1997-12-31-11:40,13
1997-12-31-13:40,11
1998-01-01-05:40,15
1998-01-01-06:40,17
1998-01-01-09:40,17
1998-01-01-11:40,14
1998-01-01-12:40,13
1998-01-01-13:40,12
1998-01-01-14:40,11
1998-01-01-17:40,8
1998-01-01-18:40,8
1998-01-01-20:40,7
1998-01-01-21:40,6
1998-01-01-22:40,6
1998-01-01-23:40,5
1998-01-02-00:00,6
1998-01-02-00:40,5
1998-01-02-03:40,10
1998-01-02-05:40,16
1998-01-02-07:40,17
1998-01-02-09:40,18
1998-01-02-10:40,17
1998-01-02-11:40,14
1998-01-02-14:40,11
1998-01-02-15:40,10
1998-01-02-16:40,10
1998-01-02-20:40,7
1998-01-02-23:40,6
1998-01-03-00:40,5.5
1998-01-03-01:40,5
1998-01-03-04:40,14
1998-01-03-05:40,16
1998-01-03-07:40,18
1998-01-03-08:40,13
1998-01-03-20:40,8
1998-01-03-21:40,8
1998-01-04-05:40,16
1998-01-04-16:40,11
1998-01-04-18:40,11
1998-01-04-19:40,9
1998-01-04-23:40,9
1998-01-05-01:40,8
1998-01-05-03:40,15
1998-01-05-05:40,19
1998-01-05-09:40,20
1998-01-05-10:40,19
1998-01-05-11:40,16
1998-01-05-12:40,16
1998-01-05-14:40,12
1998-01-05-15:40,11
1998-01-05-16:40,11
1998-01-06-00:40,7
1998-01-06-01:40,8
1998-01-06-03:40,14
1998-01-06-05:40,19
1998-01-06-09:40,21
1998-01-06-12:40,17
1998-01-06-13:40,16
1998-01-06-21:40,13.5
1998-01-07-00:40,11
1998-01-07-05:40,18
1998-01-07-06:40,18
1998-01-07-09:40,17
1998-01-07-14:40,11
1998-01-07-18:40,10
1998-01-07-19:40,9
1998-01-07-20:40,10
1998-01-07-22:40,9
1998-01-08-00:40,9
1998-01-08-06:40,15
1998-01-08-08:40,16
1998-01-08-09:40,16
1998-01-08-11:40,13
1998-01-08-14:40,11
1998-01-08-15:40,10
1998-01-08-18:40,8
1998-01-08-19:40,8
1998-01-09-01:40,8
1998-01-09-02:40,9
1998-01-09-05:40,11
1998-01-09-07:40,15
1998-01-09-08:30,15
1998-01-09-11:40,16
1998-01-09-12:40,15
1998-01-09-14:40,13
1998-01-09-16:40,12
1998-01-09-17:40,11
1998-01-09-23:40,9
1998-01-10-00:40,9
1998-01-10-01:40,9
1998-01-10-04:40,16
1998-01-10-07:40,21
1998-01-10-11:40,17
1998-01-10-12:40,16
1998-01-10-13:40,16
1998-01-10-16:40,13
1998-01-10-17:40,13
1998-01-10-19:40,11
1998-01-11-04:40,19
1998-01-11-12:40,17
1998-01-11-16:40,14
1998-01-11-20:40,13
1998-01-11-21:40,12
1998-01-11-22:40,12
1998-01-11-23:40,12
1998-01-12-00:40,11
1998-01-12-02:40,14
1998-01-12-05:40,19
1998-01-12-06:40,21
1998-01-12-08:40,20
1998-01-12-14:40,15
1998-01-12-17:40,14
1998-01-12-19:40,12
1998-01-13-05:40,18
1998-01-13-10:40,19
1998-01-13-12:40,15
1998-01-13-13:40,13
1998-01-13-14:40,12
1998-01-13-17:40,11
1998-01-13-20:40,10
1998-01-14-03:40,14
1998-01-14-04:40,15
1998-01-14-20:40,11
1998-01-14-23:40,12
1998-01-15-04:40,19
1998-01-15-09:40,22
1998-01-15-10:40,21
1998-01-15-11:40,19
1998-01-15-15:40,14
1998-01-16-06:40,15
1998-01-16-08:40,17
1998-01-16-09:40,17
1998-01-16-10:40,16
1998-01-16-12:40,13
1998-01-16-13:40,10
1998-01-16-20:40,6
1998-01-17-01:40,5
1998-01-17-02:40,8
1998-01-17-08:40,17
1998-01-17-10:00,10
1998-01-17-11:40,15
1998-01-17-17:40,8
1998-01-17-18:40,9
1998-01-17-23:40,5
1998-01-18-00:40,5
1998-01-18-01:40,5
1998-01-18-12:00,10
1998-01-18-14:40,11
1998-01-18-16:40,9
1998-01-18-17:40,7
1998-01-18-19:40,6
1998-01-18-20:40,6
1998-01-18-21:40,5
1998-01-19-01:40,5
1998-01-19-09:40,17
1998-01-19-12:40,13
1998-01-19-13:40,12
1998-01-19-16:40,10
1998-01-19-17:40,9
1998-01-19-18:40,8
1998-01-20-05:40,17
1998-01-20-10:40,17
1998-01-20-11:40,16
1998-01-20-14:40,11
1998-01-20-21:40,6
1998-01-21-00:40,5
1998-01-21-01:40,5
1998-01-21-02:40,7
1998-01-21-05:40,15
1998-01-21-08:40,18
1998-01-21-09:40,18
1998-01-21-11:40,15
1998-01-21-12:40,14
1998-01-21-15:40,10
1998-01-21-16:40,10
1998-01-21-17:40,9
1998-01-21-23:40,5
1998-01-22-00:40,5
1998-01-22-02:40,7
1998-01-22-06:40,17
1998-01-22-07:40,17
1998-01-22-08:40,18
1998-01-22-09:40,18
1998-01-22-11:40,15
1998-01-22-15:40,11
1998-01-22-19:40,8
1998-01-22-20:40,8
1998-01-23-02:40,10
1998-01-23-07:40,19
1998-01-23-12:40,16
1998-01-23-14:40,12
1998-01-23-16:40,10
1998-01-23-19:40,8
1998-01-23-20:40,8
1998-01-23-22:40,7
1998-01-24-01:40,6
1998-01-24-03:40,12
1998-01-24-04:40,15
1998-01-24-08:40,20
1998-01-24-10:40,19
1998-01-24-16:40,13
1998-01-24-18:40,11
1998-01-24-19:40,9
1998-01-24-20:40,9
1998-01-25-03:40,12.5
1998-01-25-04:40,16
1998-01-25-06:40,19
1998-01-25-20:40,9
1998-01-26-00:40,7
1998-01-26-01:40,7
1998-01-26-02:40,8
1998-01-26-05:40,16
1998-01-26-06:40,18
1998-01-26-07:40,18
1998-01-26-08:40,19
1998-01-26-14:40,12
1998-01-26-15:40,11
1998-01-26-18:40,11
1998-01-26-20:40,9
1998-01-26-21:40,9
1998-01-26-22:40,7
1998-01-26-23:40,7
1998-01-27-04:40,16
1998-01-27-05:40,18
1998-01-27-11:40,17
1998-01-27-12:40,15
1998-01-27-14:40,12
1998-01-27-18:40,12
1998-01-27-19:40,12
1998-01-27-23:40,13
1998-01-28-01:40,13
1998-01-28-05:40,21
1998-01-28-07:40,22
1998-01-28-11:40,19
1998-01-28-15:40,18
1998-01-28-19:40,14
1998-01-28-21:40,15
1998-01-29-00:40,14
1998-01-29-01:40,15
1998-01-29-02:40,17
1998-01-29-03:40,18
1998-01-29-04:40,20
1998-01-29-05:40,20
1998-01-29-06:40,21
1998-01-29-07:00,13
1998-01-29-08:40,21
1998-01-29-12:40,17
1998-01-30-00:40,12
1998-01-30-03:40,16
1998-01-30-09:40,20
1998-01-30-14:40,17
1998-01-30-15:40,15
1998-01-30-18:40,15
1998-01-30-20:40,14
1998-01-31-00:40,14
1998-01-31-01:40,14
1998-01-31-05:40,21
1998-01-31-13:40,18
1998-01-31-17:40,17
1998-01-31-18:40,16
1998-01-31-19:40,16
1998-01-31-20:40,14
1998-01-31-23:40,11
1998-02-01-02:40,14
1998-02-01-06:40,23
1998-02-01-09:40,22
1998-02-01-15:40,18
1998-02-01-16:40,18
1998-02-01-17:40,17
1998-02-01-18:40,16
1998-02-01-23:40,15
1998-02-02-09:40,21
1998-02-02-11:40,19
1998-02-02-12:40,18
1998-02-02-13:40,17
1998-02-02-14:40,16
1998-02-02-15:40,15
1998-02-02-17:21,15
1998-02-03-01:40,12
1998-02-03-02:40,12
1998-02-03-07:40,21
1998-02-03-09:40,21
1998-02-03-10:40,21
1998-02-03-12:40,18
1998-02-03-22:40,10
1998-02-04-01:40,9
1998-02-04-02:40,11
1998-02-04-03:40,15
1998-02-04-05:40,20
1998-02-04-12:40,17
1998-02-04-13:40,15
1998-02-04-15:40,13
1998-02-04-20:40,11
1998-02-04-21:40,9
1998-02-05-05:40,19
1998-02-05-06:40,21
1998-02-05-10:40,20
1998-02-05-12:40,16
1998-02-05-16:40,13
1998-02-05-18:40,11
1998-02-05-19:40,11
1998-02-05-20:40,10
1998-02-05-21:40,10
1998-02-06-02:40,13
1998-02-06-03:40,16
1998-02-06-07:40,21
1998-02-06-08:40,22
1998-02-06-09:40,21
1998-02-06-11:40,19
1998-02-06-12:40,18
1998-02-06-15:40,14
1998-02-06-17:40,13
1998-02-06-19:40,11
1998-02-06-20:40,10
1998-02-06-21:40,9
1998-02-06-22:40,9
1998-02-07-00:40,8
1998-02-07-01:40,8
1998-02-07-03:40,15
1998-02-07-07:40,21
1998-02-07-13:40,16
1998-02-07-14:40,15
1998-02-07-20:40,11
1998-02-08-05:40,19
1998-02-08-06:40,21
1998-02-08-09:40,22
1998-02-08-10:40,22
1998-02-08-14:40,15
1998-02-08-19:40,11
1998-02-08-23:40,9
1998-02-09-00:00,9
1998-02-09-00:40,9
1998-02-09-03:40,16
1998-02-09-05:40,21
1998-02-09-09:40,23
1998-02-09-10:40,22
1998-02-09-21:40,10
1998-02-10-01:40,9
1998-02-10-02:40,11
1998-02-10-03:40,14
1998-02-10-04:40,17
1998-02-10-09:40,24
1998-02-10-10:40,23
1998-02-10-11:40,22
1998-02-10-12:40,19
1998-02-10-13:40,18
1998-02-10-14:40,17
1998-02-10-15:40,16
1998-02-10-16:40,15
1998-02-10-18:40,13.5
1998-02-10-21:40,12
1998-02-10-23:40,11
1998-02-11-03:40,18
1998-02-11-05:40,22
1998-02-11-06:40,24
1998-02-11-07:40,25
1998-02-11-10:40,25
1998-02-11-11:40,23
1998-02-11-12:40,21
1998-02-11-14:40,19
1998-02-11-16:40,16
1998-02-11-22:40,12
1998-02-12-00:40,12
1998-02-12-03:40,18
1998-02-12-06:40,25
1998-02-12-11:40,22
1998-02-12-12:40,20
1998-02-12-13:40,19
1998-02-12-14:40,19
1998-02-12-18:40,15
1998-02-12-21:40,14
1998-02-12-22:40,14
1998-02-12-23:40,14
1998-02-13-00:40,14
1998-02-13-01:40,14
1998-02-13-02:40,17
1998-02-13-07:40,25
1998-02-13-08:40,25
1998-02-13-09:40,25
1998-02-13-12:40,21
1998-02-13-14:40,19
1998-02-13-19:40,17
1998-02-14-00:40,16
1998-02-14-03:40,22
1998-02-14-04:40,23
1998-02-14-05:40,24
1998-02-14-14:40,21
1998-02-14-15:40,21
1998-02-14-16:40,20
1998-02-14-17:40,20
1998-02-15-02:40,19
1998-02-15-07:40,25
1998-02-15-08:40,25
1998-02-15-10:40,23
1998-02-15-11:00,19
1998-02-15-20:40,15
1998-02-16-00:40,14
1998-02-16-12:40,22
1998-02-16-14:40,20
1998-02-16-16:40,19
1998-02-16-18:40,19
1998-02-16-23:40,14
1998-02-17-01:40,16
1998-02-17-07:40,24
1998-02-17-08:40,24
1998-02-17-14:40,20
1998-02-17-16:40,18
1998-02-17-17:40,18
1998-02-17-19:40,16
1998-02-17-20:40,16
1998-02-17-21:40,16
1998-02-18-01:40,17
1998-02-18-03:40,22
1998-02-18-11:40,23
1998-02-18-14:40,18
1998-02-18-17:40,18
1998-02-18-19:40,18
1998-02-18-22:40,13
1998-02-19-00:40,13
1998-02-19-01:40,13
1998-02-19-02:40,16
1998-02-19-04:40,17.5
1998-02-19-10:40,19
1998-02-19-12:40,17
1998-02-19-18:40,11
1998-02-19-22:40,9
1998-02-20-00:40,9
1998-02-20-02:40,11
1998-02-20-03:40,15
1998-02-20-04:40,17
1998-02-20-14:40,17
1998-02-20-15:40,16
1998-02-20-16:40,14.5
1998-02-20-19:40,13
1998-02-21-00:40,11
1998-02-21-01:30,11.5
1998-02-21-01:40,12
1998-02-21-02:40,13
1998-02-21-03:40,17
1998-02-21-06:40,21
1998-02-21-07:40,21
1998-02-21-08:40,22
1998-02-21-12:40,19
1998-02-21-13:40,18
1998-02-21-19:40,13
1998-02-21-20:40,13
1998-02-21-21:40,13
1998-02-22-01:40,11
1998-02-22-04:40,21
1998-02-22-10:40,23
1998-02-22-12:21,23
1998-02-22-17:40,16
1998-02-22-18:40,14
1998-02-22-22:40,15
1998-02-23-04:40,20
1998-02-23-06:40,21
1998-02-23-12:40,17
1998-02-23-13:40,16
1998-02-23-14:40,16
1998-02-23-17:40,15
1998-02-23-19:40,14
1998-02-23-20:40,15
1998-02-23-21:40,15
1998-02-23-22:40,15
1998-02-23-23:40,15
1998-02-24-01:40,15
1998-02-24-02:40,14
1998-02-24-03:40,15
1998-02-24-04:40,15
1998-02-24-07:40,18
1998-02-24-08:40,18
1998-02-24-09:40,17
1998-02-24-10:40,16
1998-02-24-11:40,15
1998-02-25-02:40,14
1998-02-25-03:40,15
1998-02-25-04:40,16
1998-02-25-05:40,17
1998-02-25-06:40,17
1998-02-25-08:40,18
1998-02-25-09:40,18
1998-02-25-13:40,16
1998-02-25-15:40,15
1998-02-25-16:40,14
1998-02-25-17:40,14
1998-02-25-21:40,12
1998-02-25-22:40,12
1998-02-25-23:40,11
1998-02-26-00:40,10
1998-02-26-01:40,11
1998-02-26-02:40,13
1998-02-26-05:40,18
1998-02-26-08:40,20
1998-02-26-09:40,19
1998-02-26-10:40,19
1998-02-26-11:40,18
1998-02-26-14:40,14
1998-02-26-16:40,13
1998-02-26-18:40,13
1998-02-27-00:40,9
1998-02-27-04:40,16
1998-02-27-05:40,15
1998-02-27-16:40,14
1998-02-27-17:40,13
1998-02-27-20:40,12
1998-02-27-21:40,11
1998-02-27-22:40,11
1998-02-27-23:40,11
1998-02-28-00:40,11
1998-02-28-01:40,11
1998-02-28-02:40,13
1998-02-28-03:40,15
1998-02-28-04:40,18
1998-02-28-05:40,19
1998-02-28-12:40,18
1998-02-28-14:40,16
1998-02-28-16:40,14
1998-02-28-17:40,14
1998-02-28-19:40,12
1998-02-28-20:40,12
1998-02-28-21:40,12
1998-02-28-23:40,10
1998-03-01-02:40,14
1998-03-01-03:40,17
1998-03-01-08:40,23
1998-03-01-15:40,16
1998-03-01-20:40,12
1998-03-02-00:40,11
1998-03-02-01:40,11
1998-03-02-03:40,18
1998-03-02-05:40,21
1998-03-02-06:40,23
1998-03-02-07:40,23
1998-03-02-08:40,23
1998-03-02-09:40,23
1998-03-02-10:40,23
1998-03-02-12:40,20
1998-03-02-14:40,19
1998-03-02-15:40,18
1998-03-02-23:40,14
1998-03-03-04:40,19
1998-03-03-05:40,20
1998-03-03-09:40,19
1998-03-03-11:40,19
1998-03-03-12:40,18
1998-03-03-13:40,18
1998-03-03-15:40,18
1998-03-03-17:40,16
1998-03-03-20:40,17
1998-03-04-01:40,16
1998-03-04-02:40,16
1998-03-04-03:40,16
1998-03-04-05:40,18
1998-03-04-09:40,18
1998-03-04-10:40,17
1998-03-04-11:40,17
1998-03-04-12:40,17
1998-03-04-13:40,17
1998-03-04-14:40,17
1998-03-04-15:40,17
1998-03-04-16:40,17
1998-03-04-17:40,16
1998-03-04-19:40,16
1998-03-04-20:40,16
1998-03-04-22:40,15
1998-03-05-01:40,16
1998-03-05-02:40,17
1998-03-05-03:40,17
1998-03-05-04:40,19
1998-03-05-06:40,20
1998-03-05-09:40,20
1998-03-05-13:40,14
1998-03-05-15:40,14
1998-03-05-16:40,13
1998-03-05-19:40,13
1998-03-06-00:40,12
1998-03-06-02:40,14
1998-03-06-06:40,20
1998-03-06-08:40,21
1998-03-06-10:40,21
1998-03-06-11:40,21
1998-03-06-15:40,15
1998-03-06-18:40,14
1998-03-06-19:40,13
1998-03-07-00:40,10
1998-03-07-01:40,12
1998-03-07-02:40,15
1998-03-07-07:40,21
1998-03-07-12:40,18
1998-03-07-15:40,15
1998-03-07-16:40,15
1998-03-08-00:40,11
1998-03-08-01:40,11
1998-03-08-10:40,15
1998-03-08-12:40,19
1998-03-08-19:40,13
1998-03-08-21:40,12
1998-03-08-22:40,11
1998-03-09-01:40,14
1998-03-09-02:40,17
1998-03-09-04:40,22
1998-03-09-05:40,24
1998-03-09-08:40,25
1998-03-09-10:40,24.5
1998-03-09-11:40,24
1998-03-09-13:00,18
1998-03-09-13:40,21
1998-03-09-16:40,17
1998-03-09-18:40,16
1998-03-09-23:40,14
1998-03-10-05:40,23
1998-03-10-09:40,26
1998-03-10-12:40,22
1998-03-10-14:40,20
1998-03-10-16:40,17
1998-03-10-17:40,17
1998-03-10-18:40,17
1998-03-10-23:40,14
1998-03-11-00:40,15
1998-03-11-01:40,16
1998-03-11-02:40,20
1998-03-11-04:40,25
1998-03-11-05:40,23
1998-03-11-13:40,20
1998-03-11-14:40,21
1998-03-11-17:40,18
1998-03-11-20:40,17
1998-03-11-21:40,17
1998-03-11-23:40,15
1998-03-12-00:40,15
1998-03-12-05:40,22
1998-03-12-10:40,20
1998-03-12-17:40,14
1998-03-12-20:40,13
1998-03-12-21:40,13
1998-03-12-22:40,12
1998-03-12-23:40,11
1998-03-13-01:40,11
1998-03-13-04:40,17
1998-03-13-05:40,19
1998-03-13-07:40,21
1998-03-13-08:40,22
1998-03-13-11:40,21
1998-03-13-12:40,20
1998-03-13-13:40,18
1998-03-13-15:40,18
1998-03-13-16:40,17
1998-03-13-17:40,16
1998-03-13-19:40,15
1998-03-14-00:40,12
1998-03-14-02:40,15
1998-03-14-03:40,18
1998-03-14-17:40,16
1998-03-14-22:40,12
1998-03-14-23:40,12
1998-03-15-02:40,16
1998-03-15-04:40,21
1998-03-15-08:40,24
1998-03-15-10:40,24
1998-03-15-13:40,20
1998-03-15-20:40,16
1998-03-16-00:40,13
1998-03-16-01:40,15
1998-03-16-02:40,17
1998-03-16-05:40,24
1998-03-16-06:40,25
1998-03-16-08:40,26
1998-03-16-19:40,17
1998-03-17-09:40,28
1998-03-17-11:40,24
1998-03-17-18:40,17
1998-03-17-19:40,16
1998-03-17-23:40,14
1998-03-18-02:40,18
1998-03-18-05:40,23
1998-03-18-08:40,26
1998-03-18-10:40,26
1998-03-18-11:40,25
1998-03-18-13:40,22
1998-03-18-16:40,19
1998-03-18-17:40,17
1998-03-18-18:40,17
1998-03-19-00:40,15
1998-03-19-01:40,16
1998-03-19-02:40,17
1998-03-19-08:40,25
1998-03-19-10:40,25
1998-03-19-12:40,23
1998-03-19-15:40,21
1998-03-19-19:40,17
1998-03-19-21:40,16
1998-03-20-00:40,15
1998-03-20-09:40,26
1998-03-20-12:40,23
1998-03-20-15:40,21
1998-03-20-16:40,20
1998-03-20-19:40,18
1998-03-20-23:40,16
1998-03-21-07:40,27
1998-03-21-08:40,27
1998-03-21-09:40,26
1998-03-21-15:40,22
1998-03-21-18:40,21
1998-03-21-19:40,20
1998-03-22-02:40,22
1998-03-22-13:40,26
1998-03-22-14:40,24
1998-03-22-15:40,23
1998-03-22-16:40,23
1998-03-22-17:40,21
1998-03-22-18:40,21
1998-03-23-00:40,18
1998-03-23-01:40,19
1998-03-23-02:40,23
1998-03-23-06:40,28
1998-03-23-07:40,28
1998-03-23-09:40,28
1998-03-23-10:40,28
1998-03-23-11:40,27
1998-03-23-12:40,26
1998-03-23-13:40,25
1998-03-23-14:40,25
1998-03-23-15:40,24
1998-03-23-16:40,23
1998-03-23-19:40,17
1998-03-23-20:40,16
1998-03-24-03:40,22
1998-03-24-07:40,24.5
1998-03-24-08:40,27
1998-03-24-09:40,27
1998-03-24-10:40,27
1998-03-24-11:40,26
1998-03-24-12:40,24
1998-03-24-13:40,23
1998-03-24-14:40,22
1998-03-24-17:40,20
1998-03-24-18:40,17
1998-03-24-19:40,16
1998-03-24-21:40,13
1998-03-24-23:40,12
1998-03-25-00:40,12
1998-03-25-04:40,23
1998-03-25-05:40,24
1998-03-25-10:40,26
1998-03-25-12:40,23
1998-03-25-15:40,22
1998-03-25-16:40,19
1998-03-25-20:40,15
1998-03-25-21:40,15
1998-03-26-00:40,14
1998-03-26-03:40,22
1998-03-26-05:40,26
1998-03-26-06:40,27
1998-03-26-09:40,29
1998-03-26-15:40,21
1998-03-26-17:40,20
1998-03-27-00:40,22.5
1998-03-27-02:40,25
1998-03-27-06:40,30
1998-03-27-07:40,31
1998-03-27-11:40,29
1998-03-27-13:40,24
1998-03-27-14:40,24
1998-03-27-15:40,23
1998-03-27-17:40,21
1998-03-27-20:40,19
1998-03-27-23:40,18.5
1998-03-28-00:40,18
1998-03-28-01:40,21
1998-03-28-02:40,24
1998-03-28-09:40,30
1998-03-28-10:40,30
1998-03-28-12:40,26
1998-03-28-13:40,25
1998-03-28-14:40,25
1998-03-28-16:40,23
1998-03-28-19:40,21
1998-03-28-21:40,20
1998-03-28-23:40,19
1998-03-29-00:40,19
1998-03-29-02:40,22
1998-03-29-06:40,24
1998-03-29-07:40,25
1998-03-29-10:40,26
1998-03-29-12:40,24
1998-03-29-14:40,20
1998-03-29-16:40,20
1998-03-29-18:40,19
1998-03-29-19:40,18
1998-03-29-20:40,18
1998-03-29-22:40,17
1998-03-30-02:40,20
1998-03-30-03:40,21
1998-03-30-04:40,24
1998-03-30-05:40,25
1998-03-30-09:40,28
1998-03-30-12:40,25
1998-03-30-17:40,20
1998-03-30-18:40,21
1998-03-30-21:40,19
1998-03-31-02:40,22
1998-03-31-05:40,27
1998-03-31-07:40,29
1998-03-31-09:40,30
1998-03-31-11:40,29
1998-03-31-12:40,28
1998-03-31-15:40,23
1998-03-31-18:40,23
1998-03-31-20:40,21
1998-03-31-23:40,20
1998-04-01-00:40,21
1998-04-01-03:40,28
1998-04-01-04:40,29
1998-04-01-05:40,29
1998-04-01-10:40,30
1998-04-01-11:40,30
1998-04-01-13:30,28
1998-04-01-14:30,27
1998-04-01-15:30,26
1998-04-01-16:30,24
1998-04-01-17:30,24
1998-04-01-18:30,23
1998-04-01-19:30,23
1998-04-01-21:30,22
1998-04-01-22:30,21
1998-04-01-23:30,22
1998-04-02-05:30,29
1998-04-02-06:30,30
1998-04-02-09:30,32
1998-04-02-10:30,32
1998-04-02-11:30,32
1998-04-02-21:30,23
1998-04-02-23:30,21
1998-04-03-00:30,21
1998-04-03-01:30,21
1998-04-03-05:30,30
1998-04-03-07:30,31
1998-04-03-08:30,30
1998-04-03-09:30,29
1998-04-03-10:30,29
1998-04-03-12:30,28
1998-04-03-13:30,26
1998-04-03-14:30,25
1998-04-03-15:30,24
1998-04-03-16:30,23
1998-04-03-17:30,23
1998-04-03-19:30,25
1998-04-03-20:30,21
1998-04-03-22:30,20
1998-04-03-23:30,19
1998-04-04-00:30,19
1998-04-04-07:30,30
1998-04-04-08:30,31
1998-04-04-10:30,31
1998-04-04-11:30,31
1998-04-04-13:30,28
1998-04-04-14:30,27
1998-04-04-15:30,27
1998-04-04-17:30,25
1998-04-05-00:30,20
1998-04-05-01:30,20
1998-04-05-02:30,23
1998-04-05-03:30,26
1998-04-05-13:30,27
1998-04-05-15:30,25
1998-04-05-18:30,22
1998-04-05-19:30,21
1998-04-05-20:30,21
1998-04-05-21:30,21
1998-04-05-22:30,20
1998-04-05-23:30,19
1998-04-06-00:30,18
1998-04-06-02:30,21
1998-04-06-05:30,28
1998-04-06-08:30,31
1998-04-06-09:30,32
1998-04-06-10:30,32
1998-04-06-12:30,30
1998-04-06-14:30,27
1998-04-06-15:30,27
1998-04-06-16:30,26
1998-04-06-18:30,24
1998-04-06-22:30,24
1998-04-06-23:30,22
1998-04-07-00:30,21
1998-04-07-01:30,22
1998-04-07-02:30,24
1998-04-07-03:30,25
1998-04-07-04:30,27
1998-04-07-05:30,28
1998-04-07-07:30,31
1998-04-07-08:30,32
1998-04-07-09:30,32
1998-04-07-10:30,33
1998-04-07-11:30,33
1998-04-07-12:30,32
1998-04-07-20:30,25
1998-04-07-22:30,25
1998-04-08-02:30,26
1998-04-08-03:30,26
1998-04-08-05:30,29
1998-04-08-06:30,31
1998-04-08-09:30,30
1998-04-08-10:30,29
1998-04-08-11:30,28
1998-04-08-15:30,25
1998-04-08-17:30,24
1998-04-08-18:30,23
1998-04-08-20:30,22
1998-04-08-21:30,22
1998-04-08-22:30,21
1998-04-09-00:30,20
1998-04-09-02:30,22
1998-04-09-03:30,24
1998-04-09-06:30,29
1998-04-09-07:30,30
1998-04-09-08:30,30
1998-04-09-09:30,31
1998-04-09-10:30,31
1998-04-09-11:30,31
1998-04-09-12:30,30
1998-04-09-13:30,29
1998-04-09-14:30,28
1998-04-09-15:30,27
1998-04-09-16:30,26
1998-04-09-17:30,25
1998-04-09-18:30,23
1998-04-09-19:30,23
1998-04-09-20:30,22
1998-04-09-21:30,21
1998-04-10-00:30,21
1998-04-10-01:30,22
1998-04-10-04:30,28
1998-04-10-05:30,30
1998-04-10-08:30,31
1998-04-10-09:30,30
1998-04-10-18:30,24
1998-04-11-01:30,22
1998-04-11-03:30,24
1998-04-11-04:30,26
1998-04-11-13:30,29
1998-04-11-22:20,22
1998-04-12-01:30,19
1998-04-12-02:30,22
1998-04-12-06:30,30
1998-04-12-07:30,31
1998-04-12-16:30,27
1998-04-13-01:30,29
1998-04-13-03:30,25
1998-04-13-04:30,27
1998-04-13-07:30,30
1998-04-13-08:30,31
1998-04-13-10:30,31
1998-04-13-12:30,30
1998-04-13-13:30,30
1998-04-13-16:30,25
1998-04-13-21:30,21
1998-04-13-22:30,19
1998-04-14-00:30,19
1998-04-14-02:30,23
1998-04-14-09:30,33
1998-04-14-12:30,33
1998-04-14-13:30,31
1998-04-14-16:30,26
1998-04-15-02:30,23
1998-04-15-03:30,27
1998-04-15-04:30,31
1998-04-15-06:30,33
1998-04-15-08:30,35
1998-04-15-10:30,36
1998-04-15-12:30,35
1998-04-15-13:30,33
1998-04-15-14:30,32
1998-04-15-16:30,30
1998-04-15-18:30,26
1998-04-15-21:30,23
1998-04-16-01:30,21
1998-04-16-03:30,27
1998-04-16-04:30,31
1998-04-16-05:30,33
1998-04-16-06:30,34
1998-04-16-07:30,35
1998-04-16-09:30,36
1998-04-16-10:30,36
1998-04-16-15:30,29
1998-04-16-17:30,27
1998-04-16-22:30,22
1998-04-17-00:30,22
1998-04-17-01:30,23
1998-04-17-02:30,26
1998-04-17-04:30,32
1998-04-17-05:30,33
1998-04-17-13:30,33
1998-04-17-23:30,25
1998-04-18-03:30,31
1998-04-18-10:30,39
1998-04-18-12:30,37
1998-04-19-03:30,31
1998-04-19-07:30,39
1998-04-19-22:30,26
1998-04-20-04:21,35
1998-04-20-08:30,39
1998-04-20-11:30,40
1998-04-20-13:30,37
1998-04-20-16:30,33
1998-04-20-19:30,29
1998-04-20-20:30,30
1998-04-20-21:30,30
1998-04-20-22:30,27
1998-04-20-23:30,28
1998-04-21-00:30,26
1998-04-21-02:30,31
1998-04-21-03:30,33
1998-04-21-04:30,33
1998-04-21-05:30,35
1998-04-21-08:30,37
1998-04-22-01:30,26
1998-04-22-02:30,28
1998-04-22-06:30,35
1998-04-22-10:30,39
1998-04-22-11:30,38
1998-04-22-12:30,37
1998-04-22-13:30,35
1998-04-22-17:30,31
1998-04-22-21:30,28
1998-04-22-22:30,27
1998-04-23-00:30,27
1998-04-23-04:30,34
1998-04-23-06:30,37
1998-04-23-13:30,37
1998-04-23-14:30,36
1998-04-23-17:30,32
1998-04-23-20:30,29
1998-04-23-21:30,28
1998-04-23-22:30,28
1998-04-23-23:30,27
1998-04-24-00:30,27
1998-04-24-02:30,30
1998-04-24-03:30,32
1998-04-24-04:30,35
1998-04-24-05:30,37
1998-04-24-09:30,40
1998-04-24-13:30,36
1998-04-24-14:30,34
1998-04-24-15:30,34
1998-04-24-18:30,31
1998-04-24-19:30,31
1998-04-24-21:30,30
1998-04-25-00:30,27
1998-04-25-01:30,27
1998-04-25-02:30,28
1998-04-25-08:30,37
1998-04-25-10:30,37
1998-04-25-11:30,37
1998-04-25-14:30,32
1998-04-25-15:30,32
1998-04-25-18:30,31
1998-04-25-19:30,30
1998-04-25-20:30,29
1998-04-25-21:30,29
1998-04-25-22:30,28
1998-04-26-00:30,27
1998-04-26-02:30,29
1998-04-26-08:30,30
1998-04-26-09:30,31
1998-04-26-11:30,32
1998-04-26-13:30,30
1998-04-26-20:30,25
1998-04-26-21:30,25
1998-04-27-05:30,32
1998-04-27-07:30,34
1998-04-27-10:30,36
1998-04-27-11:30,36
1998-04-27-14:30,31
1998-04-27-16:30,31
1998-04-27-22:30,24
1998-04-28-00:30,24
1998-04-28-01:30,26
1998-04-28-05:30,34
1998-04-28-06:30,35
1998-04-28-07:30,37
1998-04-28-15:30,34
1998-04-28-18:30,29
1998-04-28-19:30,30
1998-04-28-20:30,28
1998-04-29-02:30,29
1998-04-29-03:30,33
1998-04-29-10:30,39
1998-04-29-12:30,39
1998-04-29-14:30,35
1998-04-29-20:30,28
1998-04-29-22:30,31
1998-04-30-01:30,30
1998-04-30-02:30,30
1998-04-30-03:30,31
1998-04-30-06:30,37
1998-04-30-10:30,39
1998-04-30-11:30,39
1998-04-30-12:30,38
1998-04-30-13:30,37
1998-04-30-14:30,34
1998-04-30-19:30,30
1998-05-01-00:30,29
1998-05-01-01:30,30
1998-05-01-05:30,37
1998-05-01-15:30,34
1998-05-01-16:30,33
1998-05-01-17:30,33
1998-05-02-01:30,27
1998-05-02-04:30,34
1998-05-02-06:30,38
1998-05-02-07:30,39
1998-05-02-16:30,33
1998-05-02-18:30,31
1998-05-02-19:30,31
1998-05-02-22:30,29
1998-05-02-23:30,29
1998-05-03-05:30,38
1998-05-03-11:30,40
1998-05-03-13:30,38
1998-05-03-15:30,36
1998-05-03-17:30,33
1998-05-03-19:30,31
1998-05-03-20:30,31
1998-05-03-21:30,30
1998-05-04-01:30,28
1998-05-04-02:30,30
1998-05-04-03:30,32
1998-05-04-04:30,33
1998-05-04-08:30,39
1998-05-04-16:30,34
1998-05-04-23:30,27
1998-05-05-00:30,27
1998-05-05-01:30,29
1998-05-05-02:30,30
1998-05-05-03:30,33
1998-05-05-04:30,35
1998-05-05-06:30,37
1998-05-05-16:30,34
1998-05-05-17:30,32
1998-05-05-19:30,30
1998-05-05-20:30,30
1998-05-05-21:30,29
1998-05-05-23:30,29
1998-05-06-00:30,30
1998-05-06-01:30,31
1998-05-06-02:30,32
1998-05-06-03:30,33
1998-05-06-04:30,34
1998-05-06-08:30,37
1998-05-06-09:30,35
1998-05-06-11:30,34
1998-05-06-12:30,33
1998-05-06-13:30,32
1998-05-06-14:30,31
1998-05-06-17:30,27
1998-05-06-20:30,26
1998-05-07-02:30,26
1998-05-07-03:30,26
1998-05-07-13:30,31
1998-05-07-14:30,30
1998-05-07-18:30,26
1998-05-07-20:30,24
1998-05-07-21:30,25
1998-05-07-22:30,25
1998-05-07-23:30,19
1998-05-08-00:30,20
1998-05-08-02:30,19
1998-05-08-03:30,21
1998-05-08-04:30,25
1998-05-08-09:30,33
1998-05-08-10:30,33
1998-05-08-13:30,30
1998-05-08-16:30,28
1998-05-08-17:30,27
1998-05-09-00:30,24
1998-05-09-01:30,24
1998-05-09-02:30,21
1998-05-09-03:30,26
1998-05-09-04:30,28
1998-05-09-05:30,29
1998-05-09-10:30,33
1998-05-09-14:30,30
1998-05-09-16:30,26
1998-05-09-18:30,24
1998-05-09-19:30,24
1998-05-09-23:30,30
1998-05-10-01:30,25
1998-05-10-02:30,27
1998-05-10-03:30,29
1998-05-10-11:30,34
1998-05-10-12:30,33
1998-05-10-13:30,32
1998-05-10-14:30,30
1998-05-10-15:30,29
1998-05-10-17:30,28
1998-05-10-19:30,26
1998-05-10-20:30,25
1998-05-11-04:30,31
1998-05-11-08:30,36
1998-05-11-09:30,36
1998-05-11-11:30,35
1998-05-11-15:30,31
1998-05-11-19:30,28
1998-05-11-21:30,27
1998-05-12-01:30,28
1998-05-12-07:30,37
1998-05-12-09:30,38
1998-05-12-10:30,39
1998-05-12-18:30,30
1998-05-13-01:30,28
1998-05-13-04:30,36
1998-05-13-07:30,39
1998-05-13-08:30,40
1998-05-13-18:30,32
1998-05-13-20:30,31
1998-05-13-21:30,30
1998-05-13-22:30,29
1998-05-14-00:30,27
1998-05-14-01:30,31
1998-05-14-02:30,33
1998-05-14-07:30,41
1998-05-14-08:30,42
1998-05-14-09:30,42
1998-05-14-11:30,42
1998-05-14-14:30,36
1998-05-14-18:30,32
1998-05-14-19:30,32
1998-05-14-20:30,30
1998-05-14-21:30,29
1998-05-15-01:30,30
1998-05-15-05:30,39
1998-05-15-06:30,40
1998-05-15-09:30,43
1998-05-15-10:30,43
1998-05-15-11:30,43
1998-05-15-14:30,37
1998-05-15-15:30,35
1998-05-15-17:30,33
1998-05-15-18:30,33
1998-05-15-19:30,33
1998-05-15-20:30,31
1998-05-15-22:30,30
1998-05-15-23:30,29
1998-05-16-01:30,30
1998-05-16-06:30,40
1998-05-16-10:30,42
1998-05-16-13:30,38
1998-05-16-14:30,36
1998-05-16-15:30,35
1998-05-16-18:30,33
1998-05-17-03:30,34
1998-05-17-04:30,35
1998-05-17-05:30,36
1998-05-17-11:30,41
1998-05-17-12:30,40
1998-05-17-16:30,34
1998-05-17-22:30,31
1998-05-18-02:30,32
1998-05-18-03:30,34
1998-05-18-13:30,39
1998-05-18-15:30,37
1998-05-18-17:30,27
1998-05-18-20:30,27
1998-05-18-21:30,27
1998-05-19-02:30,29
1998-05-19-06:30,36
1998-05-19-07:30,37
1998-05-19-08:30,38
1998-05-19-09:30,38
1998-05-19-14:30,34
1998-05-19-18:30,32
1998-05-19-19:30,31
1998-05-19-22:30,30
1998-05-20-09:30,42
1998-05-20-10:30,42
1998-05-20-16:30,34
1998-05-20-21:30,30
1998-05-21-00:30,28
1998-05-21-01:30,30
1998-05-21-03:30,36
1998-05-21-07:30,42
1998-05-21-08:30,43
1998-05-21-09:30,44
1998-05-21-11:30,44
1998-05-21-13:30,42
1998-05-21-14:30,39
1998-05-21-16:30,35
1998-05-21-19:30,34
1998-05-21-20:30,32
1998-05-22-02:30,35
1998-05-22-12:30,44
1998-05-22-14:30,41
1998-05-22-15:30,39
1998-05-22-17:30,35
1998-05-22-18:30,34
1998-05-23-04:30,39
1998-05-23-05:30,41
1998-05-23-21:30,32
1998-05-24-22:30,33
1998-05-25-01:30,34
1998-05-25-04:30,39
1998-05-25-14:30,39
1998-05-25-15:30,38
1998-05-25-19:30,36
1998-05-25-20:30,34
1998-05-26-01:30,33
1998-05-26-05:30,43
1998-05-26-08:30,47
1998-05-26-11:30,47
1998-05-26-12:30,45
1998-05-26-18:30,37
1998-05-26-21:30,34
1998-05-27-00:30,33
1998-05-27-01:30,34
1998-05-27-02:30,35
1998-05-27-04:30,41
1998-05-27-11:30,45
1998-05-27-12:30,44
1998-05-27-19:30,35
1998-05-27-20:30,34
1998-05-27-21:30,34
1998-05-28-00:30,34
1998-05-28-03:30,39
1998-05-28-09:30,46
1998-05-28-12:30,44
1998-05-28-16:30,40
1998-05-28-19:30,39
1998-05-29-01:30,35
1998-05-29-02:23,35
1998-05-29-09:30,45
1998-05-29-11:30,44
1998-05-29-12:30,43
1998-05-29-13:30,41
1998-05-29-14:30,40
1998-05-29-19:30,35
1998-05-29-23:30,31
1998-05-30-00:30,30
1998-05-30-01:30,31
1998-05-30-02:30,32
1998-05-30-07:30,42
1998-05-30-08:30,43
1998-05-30-10:30,44
1998-05-30-11:30,44
1998-05-30-14:30,39
1998-05-30-15:30,39
1998-05-30-19:30,31
1998-05-30-20:30,30
1998-05-30-21:30,30
1998-05-31-00:30,29
1998-05-31-03:30,37
1998-05-31-06:30,42
1998-05-31-07:30,43
1998-05-31-08:30,45
1998-05-31-09:30,44
1998-05-31-10:30,44
1998-05-31-12:30,44
1998-05-31-13:30,43
1998-05-31-14:30,40
1998-05-31-15:30,40
1998-05-31-18:30,34
1998-05-31-19:30,33
1998-05-31-21:30,32
1998-05-31-22:30,32
1998-06-01-00:30,31
1998-06-01-02:30,34
1998-06-01-05:30,39
1998-06-01-09:30,44
1998-06-01-10:30,44
1998-06-01-11:30,43
1998-06-01-13:30,41
1998-06-01-21:30,32
1998-06-01-22:30,30
1998-06-01-23:30,30
1998-06-02-03:30,35
1998-06-02-04:30,39
1998-06-02-06:30,42
1998-06-02-07:30,42
1998-06-02-08:30,43
1998-06-02-15:30,33
1998-06-02-18:30,33
1998-06-03-01:30,31
1998-06-03-03:30,33
1998-06-03-12:30,40
1998-06-03-21:30,30
1998-06-03-22:30,30
1998-06-04-00:30,29
1998-06-04-11:30,40
1998-06-04-14:30,36
1998-06-04-15:30,36
1998-06-04-16:30,35
1998-06-04-20:30,34
1998-06-04-21:30,33
1998-06-04-22:30,32
1998-06-04-23:30,29
1998-06-05-00:30,29
1998-06-05-01:30,29
1998-06-05-07:30,39
1998-06-05-08:30,41
1998-06-05-09:30,35
1998-06-05-10:30,38
1998-06-05-12:30,36
1998-06-06-02:30,34
1998-06-06-03:30,35
1998-06-06-06:30,40
1998-06-06-11:30,43
1998-06-06-18:30,36
1998-06-06-19:30,35
1998-06-06-20:30,34
1998-06-06-21:30,33
1998-06-06-23:30,32
1998-06-07-05:30,39
1998-06-07-06:30,40
1998-06-07-08:30,42
1998-06-07-10:30,42
1998-06-07-14:30,37
1998-06-07-17:30,35
1998-06-07-19:30,32
1998-06-08-08:30,39
1998-06-08-10:30,39
1998-06-08-11:30,40
1998-06-08-12:30,39
1998-06-08-14:30,37
1998-06-08-21:30,31
1998-06-08-22:30,31
1998-06-09-01:30,30
1998-06-09-03:30,33
1998-06-09-04:30,33
1998-06-09-05:30,36
1998-06-09-07:30,39
1998-06-09-09:30,39
1998-06-09-10:30,40
1998-06-09-12:30,38
1998-06-09-13:30,37
1998-06-09-15:30,33
1998-06-09-16:30,32
1998-06-09-21:30,30
1998-06-10-00:30,31
1998-06-10-01:30,31
1998-06-10-02:30,28
1998-06-10-03:30,27
1998-06-10-04:30,30
1998-06-10-08:30,32
1998-06-10-09:30,30
1998-06-10-11:30,27
1998-06-10-13:30,25
1998-06-10-15:30,24
1998-06-10-16:30,24
1998-06-10-17:30,24
1998-06-10-18:30,24
1998-06-10-19:30,24
1998-06-10-20:30,25
1998-06-10-23:30,23
1998-06-11-00:30,23
1998-06-11-01:30,23
1998-06-11-05:30,25
1998-06-11-07:30,26
1998-06-11-08:30,27
1998-06-11-10:30,29
1998-06-11-11:30,30
1998-06-11-12:30,30
1998-06-12-18:30,30
1998-06-12-19:30,29
1998-06-13-00:30,27
1998-06-13-10:30,26
1998-06-13-16:30,29
1998-06-13-23:30,27
1998-06-14-00:30,26
1998-06-14-05:30,34
1998-06-14-09:30,37
1998-06-14-10:30,38
1998-06-14-13:30,36
1998-06-14-15:30,33
1998-06-14-17:30,31
1998-06-14-21:30,30
1998-06-15-01:30,30
1998-06-15-02:30,32
1998-06-15-03:30,33
1998-06-15-07:30,36
1998-06-15-12:30,37
1998-06-15-13:30,36
1998-06-15-14:30,35
1998-06-15-18:30,32
1998-06-16-02:30,25
1998-06-16-05:30,24
1998-06-16-06:30,24
1998-06-16-07:30,24
1998-06-16-09:30,27
1998-06-16-12:30,27
1998-06-16-13:30,27
1998-06-16-14:30,27
1998-06-16-15:30,26
1998-06-16-18:30,26
1998-06-16-20:30,26
1998-06-16-21:30,26
1998-06-16-22:30,26
1998-06-17-00:30,26
1998-06-17-02:21,25
1998-06-17-03:30,25
1998-06-17-09:30,30
1998-06-17-11:30,29
1998-06-17-12:30,29
1998-06-17-13:30,30
1998-06-17-15:30,28
1998-06-17-17:30,27
1998-06-17-18:30,27
1998-06-17-20:30,27
1998-06-18-02:30,28
1998-06-18-03:30,29
1998-06-18-04:30,31
1998-06-18-05:30,32
1998-06-18-06:30,33
1998-06-18-07:30,33
1998-06-18-08:30,34
1998-06-18-09:30,35
1998-06-18-13:30,34
1998-06-18-15:30,32
1998-06-18-20:30,30
1998-06-18-21:30,30
1998-06-18-23:30,29
1998-06-19-00:30,29
1998-06-19-01:30,30
1998-06-19-02:30,32
1998-06-19-15:30,35
1998-06-19-16:30,36
1998-06-19-17:30,34
1998-06-19-20:30,31
1998-06-20-01:30,31
1998-06-20-03:30,35
1998-06-20-04:30,36
1998-06-20-09:30,41
1998-06-20-11:30,40
1998-06-20-19:30,34
1998-06-20-20:30,34
1998-06-21-04:30,35
1998-06-21-12:30,38
1998-06-21-19:30,33
1998-06-22-00:30,29
1998-06-22-04:30,35
1998-06-22-07:30,39
1998-06-22-08:30,40
1998-06-22-09:30,40
1998-06-22-10:30,40
1998-06-22-11:30,39
1998-06-22-12:30,38
1998-06-22-13:30,37
1998-06-22-16:30,34
1998-06-22-17:30,34
1998-06-22-21:30,32
1998-06-22-22:00,31
1998-06-23-01:30,32
1998-06-23-03:30,35
1998-06-23-05:30,38
1998-06-23-11:30,35
1998-06-23-13:30,35
1998-06-23-22:30,31
1998-06-24-01:30,32
1998-06-24-03:30,34
1998-06-24-10:30,39
1998-06-24-11:30,38
1998-06-24-12:30,38
1998-06-24-21:30,33
1998-06-25-02:30,34
1998-06-25-10:30,42
1998-06-25-23:30,32
1998-06-26-05:30,37
1998-06-26-07:30,39
1998-06-26-09:30,40
1998-06-26-11:30,40
1998-06-26-13:30,38
1998-06-26-20:30,32
1998-06-26-21:30,32
1998-06-26-23:30,30
1998-06-27-00:30,30
1998-06-27-03:30,33
1998-06-27-07:30,35
1998-06-27-14:30,35
1998-06-27-15:30,35
1998-06-27-16:30,35
1998-06-27-20:30,32
1998-06-27-21:30,31
1998-06-27-22:30,31
1998-06-28-00:30,27
1998-06-28-01:30,29
1998-06-28-03:30,32
1998-06-28-06:30,34
1998-06-28-11:30,37
1998-06-28-12:30,36
1998-06-28-14:30,35
1998-06-28-16:30,34
1998-06-28-19:30,31
1998-06-29-04:30,30
1998-06-29-05:30,30
1998-06-29-08:30,27
1998-06-29-11:30,27
1998-06-29-12:30,28
1998-06-29-16:30,28
1998-06-29-17:30,28
1998-06-29-19:30,28
1998-06-29-22:30,26
1998-06-29-23:30,26
1998-06-30-03:30,28
1998-06-30-04:30,27
1998-06-30-04:53,27
1998-06-30-05:30,28
1998-06-30-07:30,29
1998-06-30-08:30,34
1998-06-30-09:30,33
1998-06-30-10:30,34
1998-06-30-13:30,29
1998-06-30-14:30,29
1998-06-30-16:30,29
1998-06-30-17:30,28
1998-06-30-18:30,28
1998-06-30-20:30,27
1998-06-30-21:30,27
1998-06-30-22:30,26
1998-07-01-00:30,25
1998-07-01-01:30,26
1998-07-01-02:30,26
1998-07-01-03:30,26
1998-07-01-04:30,27
1998-07-01-05:30,28
1998-07-01-07:30,28
1998-07-01-08:30,29
1998-07-01-10:30,31
1998-07-01-11:30,30
1998-07-01-12:30,30
1998-07-01-14:30,29
1998-07-01-15:30,28
1998-07-01-19:30,28
1998-07-01-20:30,28
1998-07-01-21:30,28
1998-07-01-23:30,28
1998-07-02-00:30,28
1998-07-02-02:30,28
1998-07-02-04:30,30
1998-07-02-05:30,30
1998-07-02-06:30,31
1998-07-02-10:30,32
1998-07-02-11:30,31
1998-07-02-12:30,32
1998-07-02-13:30,32
1998-07-02-14:30,31
1998-07-02-15:30,30
1998-07-02-19:30,29
1998-07-02-21:30,28
1998-07-02-22:30,29
1998-07-02-23:30,29
1998-07-03-01:30,28
1998-07-03-05:30,26
1998-07-03-06:30,27
1998-07-03-07:30,29
1998-07-03-08:30,30
1998-07-03-09:30,31
1998-07-03-10:30,30.5
1998-07-03-11:30,30
1998-07-03-12:30,30
1998-07-03-14:30,29
1998-07-03-15:30,28
1998-07-03-20:30,28
1998-07-03-21:30,28
1998-07-04-02:30,28
1998-07-04-03:30,30
1998-07-04-04:30,31
1998-07-04-05:30,32
1998-07-04-06:30,33
1998-07-04-07:30,33
1998-07-04-08:30,32
1998-07-04-09:30,31
1998-07-04-13:30,30
1998-07-04-14:30,29
1998-07-04-21:30,28
1998-07-05-00:30,27
1998-07-05-02:30,29
1998-07-05-03:30,30
1998-07-05-08:30,34
1998-07-05-12:30,32
1998-07-05-13:30,31
1998-07-05-15:30,29
1998-07-05-17:30,29
1998-07-05-18:30,28
1998-07-05-21:30,28
1998-07-05-22:30,28
1998-07-05-23:30,28
1998-07-06-00:30,28
1998-07-06-02:30,29
1998-07-06-05:30,32
1998-07-06-08:30,34
1998-07-06-09:30,34
1998-07-06-11:30,34
1998-07-06-12:30,34
1998-07-06-13:30,33
1998-07-06-14:30,32
1998-07-06-15:30,31
1998-07-06-16:30,29
1998-07-06-19:30,29
1998-07-06-20:30,28
1998-07-06-21:30,28
1998-07-06-22:30,27
1998-07-07-00:30,28
1998-07-07-01:30,29
1998-07-07-05:30,31
1998-07-07-07:30,30
1998-07-07-10:30,32
1998-07-07-11:30,33
1998-07-07-12:30,31
1998-07-07-13:30,28
1998-07-07-14:30,29
1998-07-07-15:30,29
1998-07-07-16:30,28
1998-07-07-17:30,29
1998-07-07-18:30,29
1998-07-07-19:30,29
1998-07-07-20:30,27
1998-07-07-22:30,26
1998-07-07-23:30,25
1998-07-08-00:30,26
1998-07-08-02:30,27
1998-07-08-03:30,28
1998-07-08-07:30,31
1998-07-08-08:30,33
1998-07-08-21:30,29
1998-07-09-01:30,27
1998-07-09-02:30,28
1998-07-09-06:30,32
1998-07-09-07:30,32
1998-07-09-10:30,33
1998-07-09-13:30,33
1998-07-09-15:30,32
1998-07-09-16:30,31
1998-07-09-19:30,31
1998-07-09-20:30,30
1998-07-09-21:30,29
1998-07-09-22:30,30
1998-07-09-23:30,28
1998-07-10-00:30,27
1998-07-10-01:30,27
1998-07-10-02:30,27
1998-07-10-03:30,27
1998-07-10-04:30,28
1998-07-10-05:30,27
1998-07-10-06:30,27
1998-07-10-07:30,29
1998-07-10-09:30,31
1998-07-10-11:30,31
1998-07-10-12:30,31
1998-07-10-13:30,30
1998-07-10-15:30,29
1998-07-10-16:30,30
1998-07-10-18:30,29
1998-07-10-21:30,28
1998-07-11-01:30,28
1998-07-11-06:30,32
1998-07-11-07:30,33
1998-07-11-08:30,31
1998-07-11-11:30,33
1998-07-11-12:30,33
1998-07-11-13:30,33
1998-07-11-14:30,31
1998-07-11-19:30,29
1998-07-11-20:30,29
1998-07-12-00:30,29
1998-07-12-02:30,30
1998-07-12-03:30,29
1998-07-12-08:30,32
1998-07-12-15:30,27
1998-07-12-17:30,28
1998-07-12-21:30,27
1998-07-12-23:30,26
1998-07-13-00:00,31
1998-07-13-00:30,26
1998-07-13-02:30,28
1998-07-13-03:30,29
1998-07-13-08:30,32
1998-07-13-09:30,32
1998-07-13-10:30,33
1998-07-13-12:30,31
1998-07-13-13:30,30
1998-07-13-14:30,29
1998-07-13-15:30,29
1998-07-13-16:30,28
1998-07-13-19:30,28
1998-07-13-20:30,28
1998-07-13-21:30,28
1998-07-14-01:30,27
1998-07-14-03:30,29
1998-07-14-04:30,29
1998-07-14-05:30,31
1998-07-14-09:30,29
1998-07-14-11:30,29
1998-07-14-14:30,29
1998-07-14-15:30,29
1998-07-14-16:30,29
1998-07-14-17:30,29
1998-07-14-19:30,28
1998-07-14-20:30,28
1998-07-14-21:30,27
1998-07-14-22:30,27
1998-07-14-23:30,27
1998-07-15-01:30,28
1998-07-15-02:30,28
1998-07-15-03:30,28
1998-07-15-04:30,29
1998-07-15-06:30,30
1998-07-15-07:30,31
1998-07-15-09:30,29
1998-07-15-12:30,30
1998-07-15-14:30,28
1998-07-15-17:30,28
1998-07-15-19:30,27
1998-07-15-20:30,26
1998-07-15-23:30,27
1998-07-16-00:30,27
1998-07-16-02:30,27
1998-07-16-03:30,27
1998-07-16-04:30,28
1998-07-16-07:30,29
1998-07-16-08:30,30
1998-07-16-12:30,30
1998-07-16-13:30,29
1998-07-16-14:30,25
1998-07-16-17:30,26
1998-07-17-02:30,28
1998-07-17-03:30,30
1998-07-17-10:30,34
1998-07-17-13:30,33
1998-07-17-16:30,27
1998-07-17-20:30,28
1998-07-17-21:30,28
1998-07-17-23:30,27
1998-07-18-00:30,27
1998-07-18-01:30,27
1998-07-18-02:30,28
1998-07-18-04:30,30
1998-07-18-05:30,30
1998-07-18-07:30,31
1998-07-18-09:30,33
1998-07-18-10:30,33
1998-07-18-11:30,32
1998-07-18-12:30,32
1998-07-18-13:30,31
1998-07-18-14:30,29
1998-07-18-16:30,29
1998-07-18-18:30,28
1998-07-18-19:30,28
1998-07-18-20:30,27
1998-07-18-22:30,27
1998-07-19-00:30,26
1998-07-19-01:30,26
1998-07-19-03:30,28
1998-07-19-05:30,29
1998-07-19-06:30,30
1998-07-19-07:30,32
1998-07-19-08:30,32
1998-07-19-10:30,33
1998-07-19-11:30,34
1998-07-19-16:30,26
1998-07-19-19:30,26
1998-07-19-20:30,26
1998-07-20-01:30,27
1998-07-20-04:30,31
1998-07-20-05:30,31
1998-07-20-06:30,33
1998-07-20-07:30,33
1998-07-20-08:30,34
1998-07-20-09:30,35
1998-07-20-15:30,32
1998-07-20-16:30,31
1998-07-20-17:30,31
1998-07-20-18:30,28
1998-07-21-00:30,27
1998-07-21-01:30,28
1998-07-21-07:30,35
1998-07-21-16:30,32
1998-07-22-00:30,29
1998-07-22-01:30,29
1998-07-22-02:30,31
1998-07-22-03:30,31
1998-07-22-10:30,37
1998-07-22-13:30,35
1998-07-23-04:30,33
1998-07-23-08:30,36
1998-07-23-11:30,37
1998-07-23-12:30,36
1998-07-23-13:30,35
1998-07-23-16:30,33
1998-07-23-19:30,30
1998-07-23-21:30,30
1998-07-24-00:30,28
1998-07-24-05:30,34
1998-07-24-14:30,35
1998-07-24-17:30,33
1998-07-24-22:30,29
1998-07-24-23:30,29
1998-07-25-01:30,29
1998-07-25-02:30,30
1998-07-25-03:30,31
1998-07-25-05:30,33
1998-07-25-06:30,34
1998-07-25-11:30,37
1998-07-25-14:30,34
1998-07-25-15:30,32
1998-07-25-16:30,31
1998-07-25-19:30,30.5
1998-07-25-21:30,30
1998-07-26-00:30,29
1998-07-26-02:30,31
1998-07-26-05:30,35
1998-07-26-06:30,36
1998-07-26-13:30,37
1998-07-26-19:30,32
1998-07-26-22:30,30
1998-07-26-23:30,30
1998-07-27-00:30,30
1998-07-27-01:30,30
1998-07-27-04:30,34
1998-07-27-08:30,38
1998-07-27-12:30,38
1998-07-27-14:30,35
1998-07-27-20:30,32
1998-07-27-22:30,31
1998-07-27-23:30,31
1998-07-28-00:30,31
1998-07-28-01:30,31
1998-07-28-03:30,34
1998-07-28-06:30,37
1998-07-28-08:30,38
1998-07-28-09:30,32
1998-07-28-10:30,32
1998-07-28-11:30,31
1998-07-28-12:30,31
1998-07-28-13:30,30
1998-07-28-22:30,28
1998-07-28-23:30,28
1998-07-29-00:30,27
1998-07-29-01:30,27
1998-07-29-02:30,27
1998-07-29-03:30,28
1998-07-29-04:30,27
1998-07-29-08:30,30
1998-07-29-09:30,30
1998-07-29-15:30,28
1998-07-29-16:30,28
1998-07-29-17:30,28
1998-07-29-18:30,28
1998-07-29-19:30,28
1998-07-29-20:30,28
1998-07-29-22:30,28
1998-07-29-23:30,28
1998-07-30-01:30,28
1998-07-30-02:30,30
1998-07-30-04:30,32
1998-07-30-05:30,32
1998-07-30-07:30,34
1998-07-30-08:30,33.5
1998-07-30-09:30,33
1998-07-30-10:30,34
1998-07-30-11:30,34
1998-07-30-13:30,32
1998-07-30-15:30,30
1998-07-30-17:30,29
1998-07-30-19:30,30
1998-07-30-21:30,29
1998-07-30-23:30,28
1998-07-31-01:30,29
1998-07-31-04:30,32
1998-07-31-06:30,33
1998-07-31-07:30,34
1998-07-31-08:30,34
1998-07-31-09:30,35
1998-07-31-10:30,35
1998-07-31-11:30,34
1998-07-31-18:30,30
1998-07-31-19:30,30
1998-07-31-22:30,29
1998-08-01-00:30,29.5
1998-08-01-01:30,30
1998-08-01-02:30,30
1998-08-01-08:30,34
1998-08-01-09:30,35
1998-08-01-13:30,32
1998-08-01-14:30,32
1998-08-01-15:30,31
1998-08-01-17:30,31
1998-08-01-21:30,29
1998-08-01-22:30,28
1998-08-02-01:30,29
1998-08-02-04:30,32
1998-08-02-06:30,35
1998-08-02-07:30,36
1998-08-02-09:30,33
1998-08-02-11:30,31
1998-08-02-12:30,32
1998-08-02-15:30,31
1998-08-02-20:30,29
1998-08-02-21:30,29
1998-08-02-23:30,29
1998-08-03-00:30,29
1998-08-03-01:30,29
1998-08-03-02:30,30
1998-08-03-03:30,31
1998-08-03-07:30,35
1998-08-03-08:30,37
1998-08-03-09:30,36
1998-08-03-10:30,35
1998-08-03-11:30,34
1998-08-03-12:30,34
1998-08-03-13:30,33
1998-08-03-14:30,32
1998-08-03-15:30,30
1998-08-03-17:30,29
1998-08-03-19:30,29
1998-08-03-20:30,29
1998-08-03-21:30,26
1998-08-03-22:30,26
1998-08-03-23:30,26
1998-08-04-00:30,27
1998-08-04-01:30,27
1998-08-04-02:30,29
1998-08-04-03:30,31
1998-08-04-06:30,35
1998-08-04-07:30,35
1998-08-04-09:30,36
1998-08-04-11:30,36
1998-08-04-13:30,34
1998-08-04-14:30,33
1998-08-04-15:30,33
1998-08-04-19:30,31
1998-08-04-20:30,31
1998-08-08-11:30,34
1998-08-09-08:30,33.5
1998-08-09-11:30,33
1998-08-09-13:30,31
1998-08-09-16:30,30
1998-08-09-18:30,29
1998-08-09-20:30,29
1998-08-09-23:30,28
1998-08-10-01:30,29
1998-08-10-02:30,31
1998-08-10-08:30,32
1998-08-10-10:30,32
1998-08-10-11:30,33
1998-08-10-12:30,32
1998-08-10-13:30,31
1998-08-10-14:30,30
1998-08-10-16:30,29
1998-08-10-20:30,28
1998-08-10-21:30,28
1998-08-10-23:30,28
1998-08-11-00:30,28
1998-08-11-01:30,29
1998-08-11-02:30,30
1998-08-11-04:30,33
1998-08-11-05:30,34
1998-08-11-06:30,35
1998-08-11-09:30,32
1998-08-11-10:30,29
1998-08-11-11:30,29
1998-08-11-12:30,29
1998-08-11-13:30,28
1998-08-11-14:30,28
1998-08-11-15:30,29
1998-08-11-17:30,29
1998-08-11-18:30,28
1998-08-11-19:30,28
1998-08-11-20:30,28
1998-08-11-21:30,28
1998-08-11-22:30,28
1998-08-12-00:30,28
1998-08-12-01:30,28
1998-08-12-03:30,30
1998-08-12-05:30,31
1998-08-12-06:30,32
1998-08-12-07:30,33
1998-08-12-09:30,35
1998-08-12-10:30,35
1998-08-12-11:30,34
1998-08-12-12:30,31
1998-08-12-13:30,29
1998-08-12-14:30,28
1998-08-12-15:30,28
1998-08-12-22:30,26
1998-08-12-23:30,26
1998-08-13-00:30,26
1998-08-13-03:30,25
1998-08-13-05:30,27
1998-08-13-08:30,32
1998-08-13-11:30,33
1998-08-13-12:30,31
1998-08-13-13:30,29
1998-08-13-14:30,29
1998-08-13-15:30,28
1998-08-13-17:30,28
1998-08-13-18:30,28
1998-08-13-20:30,27
1998-08-13-21:30,27
1998-08-13-22:30,26
1998-08-14-00:30,27
1998-08-14-01:30,27
1998-08-14-04:30,30
1998-08-14-06:30,32
1998-08-14-09:30,34
1998-08-14-10:30,34
1998-08-14-11:30,34
1998-08-14-12:30,33
1998-08-14-13:30,33
1998-08-14-14:30,31
1998-08-14-15:30,29
1998-08-14-16:30,30
1998-08-14-18:30,27
1998-08-14-19:30,26
1998-08-14-20:30,25
1998-08-14-21:30,26
1998-08-14-22:30,26
1998-08-15-00:30,26
1998-08-15-01:30,26
1998-08-15-02:30,26
1998-08-15-03:30,27
1998-08-15-04:30,26
1998-08-15-05:30,26
1998-08-15-06:30,27
1998-08-15-07:30,28
1998-08-15-09:30,30
1998-08-15-10:30,31
1998-08-15-11:30,30
1998-08-15-12:30,28
1998-08-15-13:30,28
1998-08-15-14:30,27
1998-08-15-15:30,27
1998-08-15-20:30,27
1998-08-15-23:30,26
1998-08-16-00:21,26
1998-08-16-03:30,26
1998-08-16-04:30,26
1998-08-16-06:30,27
1998-08-16-07:30,27
1998-08-16-08:30,27
1998-08-16-09:30,27
1998-08-16-10:30,27
1998-08-16-11:30,27
1998-08-16-12:30,27
1998-08-16-14:30,27
1998-08-16-15:30,27
1998-08-16-16:30,27
1998-08-16-17:30,27
1998-08-16-18:30,27
1998-08-16-19:30,27
1998-08-16-20:30,27
1998-08-16-22:30,26
1998-08-16-23:30,26
1998-08-17-01:30,26
1998-08-17-02:30,26
1998-08-17-04:30,26.5
1998-08-17-06:30,27
1998-08-17-07:30,27
1998-08-17-08:30,28
1998-08-17-09:30,30
1998-08-17-10:30,31
1998-08-17-11:30,31
1998-08-17-12:30,31
1998-08-17-13:30,30
1998-08-17-19:30,27
1998-08-17-20:30,27
1998-08-17-21:30,27
1998-08-17-22:30,27
1998-08-18-00:30,27
1998-08-18-01:30,27
1998-08-18-02:30,29
1998-08-18-03:30,30
1998-08-18-04:30,31
1998-08-18-09:30,35
1998-08-18-11:30,34
1998-08-18-12:30,34
1998-08-18-13:30,33
1998-08-18-14:30,31
1998-08-18-21:30,28
1998-08-18-22:30,27
1998-08-19-00:30,26
1998-08-19-01:30,27
1998-08-19-03:30,29
1998-08-19-04:30,30
1998-08-19-05:30,31
1998-08-19-06:30,32
1998-08-19-11:30,32
1998-08-19-12:30,32
1998-08-19-14:30,29
1998-08-19-15:30,29
1998-08-19-18:30,28
1998-08-20-00:30,27
1998-08-20-02:30,29
1998-08-20-03:30,28
1998-08-20-05:30,28
1998-08-20-06:30,28
1998-08-20-09:30,29
1998-08-20-10:30,30
1998-08-20-11:30,29
1998-08-20-20:30,27
1998-08-20-22:30,27
1998-08-20-23:30,27
1998-08-21-00:30,27
1998-08-21-02:30,27
1998-08-21-03:30,26
1998-08-21-04:30,26
1998-08-21-05:30,26
1998-08-21-06:30,26
1998-08-21-07:30,26
1998-08-21-10:30,27
1998-08-21-11:30,28
1998-08-21-12:30,28
1998-08-21-13:30,28
1998-08-21-15:30,27
1998-08-21-16:30,26
1998-08-21-20:30,26
1998-08-21-22:30,26
1998-08-22-00:30,26
1998-08-22-01:30,26
1998-08-22-02:30,28
1998-08-22-03:30,29
1998-08-22-07:30,32
1998-08-22-08:30,32
1998-08-22-09:30,32
1998-08-22-10:30,30
1998-08-22-11:30,30
1998-08-22-12:30,29
1998-08-22-14:30,29
1998-08-22-15:30,28
1998-08-22-21:30,27
1998-08-22-22:30,26
1998-08-23-03:30,29
1998-08-23-04:30,31
1998-08-23-06:30,31
1998-08-23-09:30,29
1998-08-23-10:30,27
1998-08-23-11:30,27
1998-08-23-13:30,28
1998-08-23-14:30,28
1998-08-23-15:30,27
1998-08-23-16:30,27
1998-08-23-18:30,27
1998-08-24-01:30,27
1998-08-24-03:30,28
1998-08-24-05:30,30
1998-08-24-06:30,31
1998-08-24-08:30,32
1998-08-24-09:30,31
1998-08-24-10:30,30
1998-08-24-11:30,29
1998-08-24-12:30,28
1998-08-24-15:30,27
1998-08-24-16:30,27
1998-08-24-17:30,26
1998-08-24-18:30,26
1998-08-24-23:30,26
1998-08-25-02:30,28
1998-08-25-04:30,29
1998-08-25-05:30,31
1998-08-25-06:30,31
1998-08-25-08:30,32
1998-08-25-09:30,31
1998-08-25-10:30,32
1998-08-25-12:30,31
1998-08-25-13:30,30
1998-08-25-14:30,29
1998-08-25-16:30,29
1998-08-25-17:30,28
1998-08-25-18:30,27
1998-08-25-19:30,27
1998-08-25-21:30,28
1998-08-25-23:30,27
1998-08-26-00:30,26
1998-08-26-02:30,27
1998-08-26-03:30,27
1998-08-26-04:30,28
1998-08-26-05:30,28
1998-08-26-06:30,29
1998-08-26-07:30,29
1998-08-26-08:30,30
1998-08-26-10:30,31
1998-08-26-11:30,30
1998-08-26-13:30,28
1998-08-26-15:30,28
1998-08-26-16:30,28
1998-08-26-17:30,28
1998-08-26-21:30,27
1998-08-26-22:30,27
1998-08-27-01:30,27
1998-08-27-02:30,28
1998-08-27-03:30,29
1998-08-27-04:30,30
1998-08-27-05:30,31
1998-08-27-06:30,32
1998-08-27-08:30,32
1998-08-27-09:30,32
1998-08-27-10:30,32
1998-08-27-12:30,31
1998-08-27-13:30,30
1998-08-27-14:30,29
1998-08-27-15:30,28
1998-08-27-16:30,29
1998-08-27-19:30,28
1998-08-27-20:30,28
1998-08-27-21:30,28
1998-08-27-22:30,25
1998-08-27-23:30,25
1998-08-28-00:30,26
1998-08-28-01:30,26
1998-08-28-02:30,29
1998-08-28-03:30,27
1998-08-28-04:30,29
1998-08-28-05:30,30
1998-08-28-06:30,31
1998-08-28-07:30,31
1998-08-28-08:30,32
1998-08-28-09:30,28
1998-08-28-10:30,27
1998-08-28-11:30,28
1998-08-28-14:30,28
1998-08-28-17:30,28
1998-08-28-20:30,27
1998-08-29-00:30,27
1998-08-29-03:30,29
1998-08-29-08:30,31
1998-08-29-09:30,31
1998-08-29-13:30,30
1998-08-29-14:30,30
1998-08-29-15:30,29
1998-08-29-20:30,28
1998-08-29-21:30,27
1998-08-29-22:30,27
1998-08-29-23:30,27
1998-08-30-00:30,27
1998-08-30-01:30,28
1998-08-30-04:21,32
1998-08-30-11:30,34
1998-08-30-12:30,34
1998-08-30-15:30,32
1998-08-30-16:30,30
1998-08-30-19:30,28
1998-08-30-20:30,28
1998-08-31-02:30,30
1998-08-31-05:30,33
1998-08-31-09:30,35
1998-08-31-10:30,36
1998-08-31-11:30,35
1998-08-31-17:30,31
1998-08-31-21:30,29
1998-08-31-22:30,28
1998-08-31-23:30,28
1998-09-01-00:30,28
1998-09-01-02:30,30
1998-09-01-04:30,33
1998-09-01-05:30,34
1998-09-01-09:30,30
1998-09-01-10:30,36
1998-09-01-11:30,36
1998-09-01-14:30,33
1998-09-01-15:30,32
1998-09-01-16:30,31
1998-09-01-18:30,31
1998-09-01-19:30,31
1998-09-02-00:30,28
1998-09-02-02:30,29
1998-09-02-05:30,33
1998-09-02-09:30,35
1998-09-02-21:30,29
1998-09-03-01:30,29
1998-09-03-09:30,35
1998-09-03-13:30,32
1998-09-03-15:30,31
1998-09-03-16:30,30
1998-09-03-18:30,29
1998-09-03-23:30,28
1998-09-04-00:30,28
1998-09-04-02:30,31
1998-09-04-03:30,32
1998-09-04-04:30,32
1998-09-04-05:30,34
1998-09-04-07:30,35
1998-09-04-12:30,34
1998-09-04-13:30,33
1998-09-04-14:30,32
1998-09-04-16:30,30
1998-09-04-20:30,29
1998-09-04-21:30,29
1998-09-05-08:30,36
1998-09-05-09:30,36
1998-09-05-10:30,36
1998-09-05-11:30,36
1998-09-05-14:30,32
1998-09-05-22:30,29
1998-09-06-01:30,29
1998-09-06-02:30,31
1998-09-06-03:30,33
1998-09-06-05:30,35
1998-09-06-07:30,37
1998-09-06-11:30,37
1998-09-06-20:30,29
1998-09-07-01:30,28
1998-09-07-03:30,31
1998-09-07-04:30,33
1998-09-07-08:30,36
1998-09-07-09:30,36
1998-09-07-10:30,30
1998-09-07-13:30,29
1998-09-07-15:30,29
1998-09-07-17:30,30
1998-09-07-18:30,29
1998-09-07-19:30,29
1998-09-07-20:30,29
1998-09-07-21:30,28
1998-09-07-22:30,28
1998-09-08-02:30,30
1998-09-08-11:30,34
1998-09-08-13:30,32
1998-09-08-14:30,32
1998-09-08-16:30,30
1998-09-08-19:30,29
1998-09-08-20:30,27
1998-09-08-21:30,27
1998-09-08-22:30,27
1998-09-08-23:30,27
1998-09-09-00:30,27
1998-09-09-16:30,31
1998-09-09-17:30,31
1998-09-09-19:30,30
1998-09-10-02:30,31
1998-09-10-03:30,32
1998-09-10-07:30,36
1998-09-10-08:30,37
1998-09-10-09:30,37
1998-09-10-10:30,37
1998-09-10-13:30,33
1998-09-10-14:30,32
1998-09-10-19:30,29
1998-09-10-21:30,28
1998-09-10-22:30,28
1998-09-10-23:30,27
1998-09-11-00:30,27
1998-09-11-01:30,27
1998-09-11-03:30,31
1998-09-11-05:30,32
1998-09-11-06:30,34
1998-09-11-07:30,30
1998-09-11-09:30,31
1998-09-11-10:30,32
1998-09-11-11:30,30
1998-09-11-12:30,29
1998-09-11-14:30,28
1998-09-11-15:30,28
1998-09-11-16:30,28
1998-09-11-23:30,26
1998-09-12-00:30,26
1998-09-12-01:30,27
1998-09-12-02:30,26
1998-09-12-03:30,27
1998-09-12-08:30,30
1998-09-12-09:30,29
1998-09-12-10:30,30
1998-09-12-11:30,29
1998-09-12-12:30,25
1998-09-12-13:30,25
1998-09-12-14:30,25
1998-09-12-15:30,25
1998-09-12-16:30,25
1998-09-12-17:30,25
1998-09-12-18:30,25
1998-09-12-22:30,25
1998-09-12-23:30,25
1998-09-13-00:30,25
1998-09-13-03:30,27
1998-09-13-09:30,32
1998-09-13-11:30,25
1998-09-13-14:30,26
1998-09-13-15:30,27
1998-09-13-19:30,26
1998-09-13-20:30,25
1998-09-13-23:30,25
1998-09-14-00:30,25
1998-09-14-01:30,26
1998-09-14-03:30,29
1998-09-14-06:30,31
1998-09-14-08:30,28
1998-09-14-09:30,25
1998-09-14-10:30,26
1998-09-14-11:30,27
1998-09-14-12:30,28
1998-09-14-14:30,26
1998-09-14-15:30,26
1998-09-14-16:30,26
1998-09-14-19:30,27
1998-09-14-21:30,27
1998-09-14-22:30,27
1998-09-15-01:30,27
1998-09-15-02:30,28
1998-09-15-03:30,28
1998-09-15-04:30,29
1998-09-15-05:30,29
1998-09-15-06:30,29
1998-09-15-08:30,29
1998-09-15-10:30,30
1998-09-15-11:30,29
1998-09-15-12:30,29
1998-09-15-15:30,28
1998-09-15-16:30,27
1998-09-15-17:30,27
1998-09-15-21:30,27
1998-09-15-22:30,27
1998-09-15-23:30,27
1998-09-16-00:30,27
1998-09-16-01:30,27
1998-09-16-02:30,28
1998-09-16-05:30,30
1998-09-16-08:30,33
1998-09-16-09:30,33
1998-09-16-11:30,32
1998-09-16-12:30,31
1998-09-16-13:30,31
1998-09-16-16:30,30
1998-09-16-18:30,29
1998-09-16-19:30,28
1998-09-16-21:30,27
1998-09-16-22:30,27
1998-09-16-23:30,27
1998-09-17-00:30,27
1998-09-17-02:30,29
1998-09-17-03:30,30
1998-09-17-09:30,34
1998-09-17-10:30,34
1998-09-17-11:30,32
1998-09-17-12:30,32
1998-09-17-13:30,31
1998-09-17-15:30,30
1998-09-17-16:30,29
1998-09-17-17:30,29
1998-09-17-18:30,29
1998-09-17-23:30,28
1998-09-18-00:00,30
1998-09-18-00:30,28
1998-09-18-01:30,28
1998-09-18-02:30,29
1998-09-18-06:30,32
1998-09-18-08:30,31
1998-09-18-09:30,33
1998-09-18-10:30,31
1998-09-18-11:30,31
1998-09-18-12:30,31
1998-09-18-14:30,29
1998-09-18-15:30,29
1998-09-18-17:30,29
1998-09-18-18:30,28
1998-09-18-19:30,28
1998-09-18-22:30,27
1998-09-19-00:30,27
1998-09-19-01:30,27
1998-09-19-03:30,31
1998-09-19-04:30,32
1998-09-19-07:30,30
1998-09-19-09:30,33
1998-09-19-10:30,29
1998-09-19-11:30,26
1998-09-19-15:30,27
1998-09-19-16:30,27
1998-09-19-19:30,27
1998-09-19-20:30,27
1998-09-19-21:30,26
1998-09-20-00:30,26
1998-09-20-01:30,27
1998-09-20-02:30,28
1998-09-20-03:30,29
1998-09-20-04:30,31
1998-09-20-09:30,26
1998-09-20-12:30,26
1998-09-20-13:30,26
1998-09-20-14:30,26
1998-09-20-15:30,26
1998-09-20-17:30,25
1998-09-20-19:30,25
1998-09-20-20:30,25
1998-09-20-21:30,25
1998-09-20-22:30,25
1998-09-20-23:30,25
1998-09-21-00:30,25
1998-09-21-01:30,25
1998-09-21-03:30,29
1998-09-21-08:30,31
1998-09-21-09:30,32
1998-09-21-10:30,31
1998-09-21-11:30,31
1998-09-21-13:30,29
1998-09-21-14:30,27
1998-09-21-15:30,27
1998-09-21-16:30,27
1998-09-21-17:30,27
1998-09-21-18:30,27
1998-09-21-19:30,27
1998-09-21-20:30,26
1998-09-22-00:30,26
1998-09-22-03:30,27
1998-09-22-06:30,29
1998-09-22-07:30,30
1998-09-22-08:30,31
1998-09-22-09:30,31
1998-09-22-10:30,31
1998-09-22-11:30,28
1998-09-22-12:30,27
1998-09-22-13:30,27
1998-09-22-14:30,26
1998-09-22-15:30,26
1998-09-22-16:30,26
1998-09-22-19:30,26
1998-09-22-20:30,26
1998-09-22-21:30,26
1998-09-22-22:30,26
1998-09-23-00:30,24
1998-09-23-01:30,24
1998-09-23-03:30,25
1998-09-23-04:30,26
1998-09-23-05:30,27
1998-09-23-07:30,28
1998-09-23-09:30,25
1998-09-23-11:30,26
1998-09-23-13:30,26
1998-09-23-18:30,25
1998-09-23-21:30,24
1998-09-23-22:30,24
1998-09-24-01:30,24
1998-09-24-02:30,25
1998-09-24-03:30,26
1998-09-24-04:30,26
1998-09-24-05:30,26
1998-09-24-06:30,28
1998-09-24-07:30,29
1998-09-24-08:30,29
1998-09-24-09:30,28
1998-09-24-10:30,29
1998-09-24-11:30,29
1998-09-24-12:30,28
1998-09-24-14:30,27
1998-09-24-15:30,26
1998-09-24-19:30,26
1998-09-24-20:30,26
1998-09-24-22:30,26
1998-09-25-03:30,26
1998-09-25-04:30,27
1998-09-25-05:30,28
1998-09-25-06:30,29
1998-09-25-09:30,31
1998-09-25-10:30,29
1998-09-25-11:30,28
1998-09-25-12:30,29
1998-09-25-13:30,28
1998-09-25-14:30,28
1998-09-25-15:30,28
1998-09-25-16:30,28
1998-09-25-17:30,28
1998-09-25-18:30,27
1998-09-25-19:30,27
1998-09-26-00:30,26
1998-09-26-01:30,27
1998-09-26-03:30,30
1998-09-26-07:30,32
1998-09-26-08:30,33
1998-09-26-09:30,34
1998-09-26-11:30,32
1998-09-26-12:30,32
1998-09-26-13:30,31
1998-09-26-14:30,30
1998-09-26-17:30,28
1998-09-26-21:30,27
1998-09-27-00:30,27
1998-09-27-06:30,33
1998-09-27-11:30,34
1998-09-27-13:30,32
1998-09-27-14:30,31
1998-09-27-16:30,29
1998-09-27-18:30,28
1998-09-28-00:30,26
1998-09-28-02:30,28
1998-09-28-04:30,32
1998-09-28-06:30,33
1998-09-28-07:30,35
1998-09-28-08:30,35
1998-09-28-11:30,35
1998-09-28-12:00,27
1998-09-28-12:30,34
1998-09-28-14:30,30
1998-09-28-15:30,30
1998-09-28-17:30,29
1998-09-28-18:30,29
1998-09-28-19:30,28
1998-09-28-20:30,28
1998-09-29-00:30,27
1998-09-29-06:30,35
1998-09-29-07:30,35
1998-09-29-10:30,36
1998-09-29-11:30,35
1998-09-29-12:00,27
1998-09-29-18:30,29
1998-09-29-21:30,27
1998-09-29-22:30,27
1998-09-30-02:30,30
1998-09-30-05:30,34
1998-09-30-06:30,34
1998-09-30-08:30,34
1998-09-30-10:30,34
1998-09-30-12:30,32
1998-09-30-13:30,31
1998-09-30-14:30,31
1998-09-30-15:30,30
1998-09-30-16:30,29
1998-09-30-17:30,29
1998-09-30-19:30,28
1998-09-30-20:30,27
1998-09-30-22:30,26.5
1998-10-01-15:30,26
1998-10-01-16:30,27
1998-10-01-17:30,26
1998-10-01-18:30,26
1998-10-01-19:30,26
1998-10-01-21:30,26
1998-10-01-22:30,25
1998-10-01-23:30,25
1998-10-02-00:30,25
1998-10-02-01:30,25
1998-10-02-04:30,30
1998-10-02-06:30,21
1998-10-02-08:30,24
1998-10-02-09:30,25
1998-10-02-10:30,29
1998-10-02-12:30,27
1998-10-02-19:30,23
1998-10-02-22:30,23
1998-10-03-01:30,23
1998-10-03-02:30,26
1998-10-03-03:30,28
1998-10-03-04:30,29
1998-10-03-06:30,28
1998-10-03-07:30,29
1998-10-03-08:30,29
1998-10-03-09:30,30
1998-10-03-10:30,31
1998-10-03-12:30,29
1998-10-03-16:30,26
1998-10-03-18:30,25
1998-10-04-01:30,24
1998-10-04-02:30,26
1998-10-04-04:30,28
1998-10-04-05:30,30
1998-10-04-07:30,30
1998-10-04-09:30,31
1998-10-04-10:30,31
1998-10-04-11:30,30
1998-10-04-13:30,28
1998-10-04-14:30,27
1998-10-04-15:30,27
1998-10-04-21:30,24
1998-10-05-00:30,23
1998-10-05-01:30,24
1998-10-05-04:30,29
1998-10-05-08:30,32
1998-10-05-10:30,31
1998-10-05-11:30,31
1998-10-05-12:30,30
1998-10-05-13:30,29
1998-10-05-14:30,28
1998-10-05-15:30,27
1998-10-05-19:30,26
1998-10-05-22:30,24
1998-10-06-01:30,25
1998-10-06-02:30,26
1998-10-06-03:30,29
1998-10-06-04:30,31
1998-10-06-05:30,30
1998-10-06-06:30,32
1998-10-06-07:30,32
1998-10-06-08:30,33
1998-10-06-11:30,32
1998-10-06-14:30,28
1998-10-06-15:30,28
1998-10-06-19:30,26
1998-10-06-20:30,26
1998-10-06-23:30,24
1998-10-07-01:30,25
1998-10-07-02:30,27
1998-10-07-07:30,33
1998-10-07-08:30,33
1998-10-07-10:30,31
1998-10-07-11:30,31
1998-10-07-13:30,28
1998-10-07-23:30,25
1998-10-08-04:30,31
1998-10-08-06:30,32
1998-10-08-08:30,33
1998-10-08-09:30,33
1998-10-08-15:30,28
1998-10-08-17:30,27
1998-10-08-20:30,27
1998-10-09-00:30,25
1998-10-09-01:21,25
1998-10-09-02:30,28
1998-10-09-03:30,31
1998-10-09-04:30,32
1998-10-09-05:30,32
1998-10-09-08:30,35
1998-10-09-10:30,34
1998-10-09-11:30,31
1998-10-09-12:30,31
1998-10-09-15:30,28
1998-10-09-16:30,28
1998-10-09-17:30,28
1998-10-09-18:30,27
1998-10-09-19:30,27
1998-10-09-22:30,26
1998-10-10-02:30,29
1998-10-10-04:21,32
1998-10-10-13:21,31
1998-10-10-14:30,30
1998-10-10-17:30,27
1998-10-10-19:30,26
1998-10-10-20:30,26
1998-10-10-22:30,24
1998-10-11-00:30,24
1998-10-11-02:30,25
1998-10-11-08:30,33
1998-10-11-21:30,24
1998-10-11-22:30,24
1998-10-11-23:30,23
1998-10-12-02:30,23
1998-10-12-07:30,33
1998-10-12-09:30,34
1998-10-12-11:30,33
1998-10-12-12:30,31
1998-10-12-13:30,30
1998-10-12-19:30,24
1998-10-12-20:30,24
1998-10-12-21:30,24
1998-10-13-02:30,23
1998-10-13-03:30,26
1998-10-13-12:30,29
1998-10-13-13:30,28
1998-10-13-14:30,26
1998-10-13-15:30,25
1998-10-13-16:30,26
1998-10-13-20:30,23
1998-10-13-21:30,24
1998-10-13-22:30,23
1998-10-13-23:30,23
1998-10-14-00:30,23
1998-10-14-01:30,23
1998-10-14-02:30,24
1998-10-14-03:30,26
1998-10-14-04:30,27
1998-10-14-07:30,30
1998-10-14-13:30,27
1998-10-14-14:30,26
1998-10-14-19:30,26
1998-10-14-20:30,26
1998-10-14-22:30,26
1998-10-15-00:30,26
1998-10-15-03:30,26
1998-10-15-08:30,26
1998-10-15-09:30,26
1998-10-15-11:30,25.5
1998-10-15-13:30,25
1998-10-15-15:30,24
1998-10-15-18:30,23
1998-10-15-19:30,24
1998-10-15-21:30,22
1998-10-15-22:30,22
1998-10-16-04:30,22
1998-10-16-05:30,22
1998-10-16-06:30,22
1998-10-16-09:30,23
1998-10-16-11:30,21
1998-10-16-18:30,21
1998-10-16-19:30,21
1998-10-16-20:30,21
1998-10-16-21:30,20
1998-10-16-22:30,20
1998-10-17-04:30,22
1998-10-17-05:30,23
1998-10-17-06:30,23
1998-10-17-09:30,23
1998-10-17-19:30,22
1998-10-17-20:30,22
1998-10-17-21:30,21
1998-10-18-00:30,21
1998-10-18-02:30,21
1998-10-18-03:30,21
1998-10-18-04:30,21
1998-10-18-06:30,22
1998-10-18-09:30,22
1998-10-18-11:30,23
1998-10-18-20:30,20
1998-10-18-20:50,20
1998-10-18-21:40,20
1998-10-19-00:30,21
1998-10-19-02:30,22
1998-10-19-03:30,23
1998-10-19-04:30,24
1998-10-19-05:30,25
1998-10-19-06:30,26
1998-10-19-07:30,27
1998-10-19-08:30,27
1998-10-19-09:30,27
1998-10-19-10:30,27
1998-10-19-13:30,25
1998-10-19-17:30,23
1998-10-19-19:30,22
1998-10-19-20:30,22
1998-10-19-21:30,22
1998-10-19-22:30,21
1998-10-20-00:30,20
1998-10-20-01:30,21
1998-10-20-06:30,29
1998-10-20-07:30,29
1998-10-20-08:30,29
1998-10-20-15:30,24
1998-10-20-19:30,23
1998-10-20-20:30,22
1998-10-20-21:30,22
1998-10-20-22:30,21.5
1998-10-21-03:30,24
1998-10-21-05:30,28
1998-10-21-07:30,30
1998-10-21-10:30,30
1998-10-21-14:30,25
1998-10-22-00:30,20
1998-10-22-02:30,21
1998-10-22-08:30,31
1998-10-22-09:30,31
1998-10-22-11:30,31
1998-10-22-12:30,28
1998-10-22-23:30,22
1998-10-23-01:30,22
1998-10-23-07:30,31
1998-10-23-08:30,31
1998-10-23-16:30,25
1998-10-23-20:30,23
1998-10-23-23:30,20
1998-10-24-01:30,20
1998-10-24-02:30,21
1998-10-24-03:30,24
1998-10-24-06:30,29
1998-10-24-07:30,30
1998-10-24-08:30,31
1998-10-24-12:30,28
1998-10-24-13:30,26
1998-10-24-14:30,25
1998-10-24-20:30,23
1998-10-25-00:30,20
1998-10-25-01:30,20
1998-10-25-02:30,21
1998-10-25-13:30,28
1998-10-25-16:30,23
1998-10-25-19:30,22
1998-10-25-22:30,21
1998-10-25-23:30,20
1998-10-26-00:30,19
1998-10-26-09:30,31
1998-10-26-16:30,22
1998-10-26-17:30,22
1998-10-26-22:30,19
1998-10-27-00:30,19
1998-10-27-01:30,20
1998-10-27-02:30,22
1998-10-27-07:30,31
1998-10-27-13:30,23
1998-10-27-17:30,21
1998-10-27-18:30,21
1998-10-28-01:30,19
1998-10-28-03:30,22
1998-10-28-09:30,31
1998-10-28-12:30,28
1998-10-28-14:30,23
1998-10-28-15:30,23
1998-10-28-17:30,22
1998-10-28-18:30,22
1998-10-28-19:30,22
1998-10-28-21:30,18
1998-10-28-22:30,18
1998-10-29-09:30,31
1998-10-29-13:30,24
1998-10-29-14:30,23
1998-10-29-15:30,22
1998-10-29-18:30,22
1998-10-29-20:30,18
1998-10-29-21:30,19
1998-10-30-01:30,18
1998-10-30-03:30,21
1998-10-30-09:30,30
1998-10-30-12:30,26
1998-10-30-13:30,25
1998-10-30-14:30,24
1998-10-30-17:30,21
1998-10-30-18:30,20
1998-10-30-19:30,20
1998-10-30-20:30,20
1998-10-30-21:30,19
1998-10-31-00:30,18
1998-10-31-02:30,19
1998-10-31-03:30,21
1998-10-31-04:30,25
1998-10-31-15:30,23
1998-10-31-16:30,21
1998-10-31-17:30,21
1998-10-31-20:30,20
1998-11-01-00:30,17
1998-11-01-01:30,17
1998-11-01-02:30,19
1998-11-01-05:30,26
1998-11-01-08:30,30
1998-11-01-09:30,30
1998-11-01-10:30,30
1998-11-01-13:30,23
1998-11-01-16:30,20
1998-11-01-19:30,17
1998-11-01-21:30,18
1998-11-01-22:30,18
1998-11-02-01:30,16
1998-11-02-07:30,30
1998-11-02-08:30,30
1998-11-02-09:30,30
1998-11-02-13:30,23
1998-11-02-14:30,22
1998-11-02-15:30,21
1998-11-02-16:30,21
1998-11-02-17:30,21
1998-11-02-18:30,20
1998-11-02-20:30,19
1998-11-02-21:30,20
1998-11-02-22:30,18
1998-11-02-23:30,18
1998-11-03-00:30,18
1998-11-03-02:30,20
1998-11-03-03:30,22
1998-11-03-05:30,27
1998-11-03-09:30,30
1998-11-03-10:30,29
1998-11-03-12:30,25
1998-11-03-13:30,24
1998-11-03-14:30,23
1998-11-03-15:30,22
1998-11-03-16:30,20
1998-11-03-17:30,20
1998-11-03-18:30,19
1998-11-03-19:30,19
1998-11-03-22:30,18
1998-11-03-23:30,19
1998-11-04-01:30,18
1998-11-04-04:30,25
1998-11-04-05:30,28
1998-11-04-06:30,29
1998-11-04-09:30,30
1998-11-04-11:30,27
1998-11-04-12:30,25
1998-11-04-15:30,23
1998-11-04-16:30,22
1998-11-04-17:30,21
1998-11-04-18:30,21
1998-11-04-20:30,22
1998-11-05-00:30,20
1998-11-05-01:30,20
1998-11-05-02:30,22
1998-11-05-04:30,25
1998-11-05-07:30,27
1998-11-05-10:30,27
1998-11-05-11:30,26
1998-11-05-12:30,24
1998-11-05-15:30,23
1998-11-05-17:30,22
1998-11-05-19:30,22
1998-11-05-22:30,20
1998-11-05-23:30,20
1998-11-06-00:30,20
1998-11-06-05:30,21
1998-11-06-11:30,22
1998-11-06-13:30,21
1998-11-06-15:30,21
1998-11-06-16:30,21
1998-11-06-17:30,21
1998-11-06-19:30,20.5
1998-11-06-20:30,20
1998-11-06-22:30,19
1998-11-06-23:30,19
1998-11-07-00:30,19
1998-11-07-01:30,19
1998-11-07-03:30,20
1998-11-07-04:30,21
1998-11-07-05:30,21
1998-11-07-09:30,24
1998-11-07-18:30,21
1998-11-07-19:30,20
1998-11-07-23:30,18
1998-11-08-00:30,18
1998-11-08-01:30,18
1998-11-08-02:30,18
1998-11-08-03:30,20
1998-11-08-04:30,20
1998-11-08-05:30,21
1998-11-08-06:30,22
1998-11-08-07:30,24
1998-11-08-08:30,24
1998-11-08-10:30,23
1998-11-08-11:30,23
1998-11-08-13:30,20
1998-11-08-14:30,20
1998-11-08-17:30,18
1998-11-08-19:30,18
1998-11-08-23:30,17
1998-11-09-00:30,17
1998-11-09-01:30,15
1998-11-09-02:30,16
1998-11-09-03:30,17
1998-11-09-04:30,19
1998-11-09-05:30,22
1998-11-09-06:30,23
1998-11-09-07:30,25
1998-11-09-10:30,26
1998-11-09-11:30,25
1998-11-09-13:30,23
1998-11-09-17:30,19
1998-11-09-20:30,18
1998-11-09-23:30,16
1998-11-10-00:30,16
1998-11-10-01:30,15
1998-11-10-03:30,18
1998-11-10-05:30,23
1998-11-10-06:30,24
1998-11-10-07:30,26
1998-11-10-09:30,27
1998-11-10-18:30,18
1998-11-10-20:30,17
1998-11-10-23:30,14
1998-11-11-02:30,16
1998-11-11-05:30,23
1998-11-11-06:30,25
1998-11-11-10:30,26
1998-11-11-18:30,18
1998-11-11-19:30,17
1998-11-11-21:30,17
1998-11-11-22:30,18
1998-11-11-23:30,15
1998-11-12-00:30,15
1998-11-12-03:30,18
1998-11-12-04:30,20
1998-11-12-05:30,23
1998-11-12-07:30,26
1998-11-12-08:30,27
1998-11-12-09:30,27
1998-11-12-13:30,21
1998-11-12-17:30,18
1998-11-12-22:30,16
1998-11-13-08:30,27
1998-11-13-11:30,25
1998-11-13-15:30,19
1998-11-13-16:30,19
1998-11-13-17:30,18
1998-11-13-21:30,15
1998-11-13-23:30,15
1998-11-14-00:30,15
1998-11-14-01:30,15
1998-11-14-05:30,25
1998-11-14-10:30,25
1998-11-14-18:30,17
1998-11-14-20:30,17
1998-11-15-00:30,14
1998-11-15-06:30,25
1998-11-15-10:30,25
1998-11-15-11:30,24
1998-11-15-12:30,21
1998-11-15-16:30,19
1998-11-15-17:30,18
1998-11-15-18:30,17
1998-11-15-19:30,16
1998-11-15-20:30,16
1998-11-15-23:30,16
1998-11-16-00:30,14
1998-11-16-01:30,14
1998-11-16-02:30,16
1998-11-16-03:30,17
1998-11-16-08:30,27
1998-11-16-09:30,27
1998-11-16-11:30,26
1998-11-16-16:30,17
1998-11-16-17:30,17
1998-11-16-18:30,17
1998-11-17-01:30,14
1998-11-17-02:30,15
1998-11-17-06:30,25
1998-11-17-15:30,19
1998-11-17-17:30,19
1998-11-18-00:30,15
1998-11-18-02:30,15
1998-11-18-03:30,17
1998-11-18-04:30,20
1998-11-18-05:30,23
1998-11-18-07:30,26
1998-11-18-08:30,27
1998-11-18-13:30,23
1998-11-18-14:30,19
1998-11-18-17:30,20
1998-11-18-22:30,16
1998-11-19-00:00,15
1998-11-19-00:30,15
1998-11-19-01:30,15
1998-11-19-02:30,15
1998-11-19-04:30,21
1998-11-19-05:30,24
1998-11-19-06:00,16
1998-11-19-06:30,26
1998-11-19-08:30,27
1998-11-19-09:30,27
1998-11-19-10:30,27
1998-11-19-11:30,24
1998-11-19-12:30,23
1998-11-19-13:30,21
1998-11-19-20:30,17
1998-11-19-21:30,16
1998-11-19-23:30,16
1998-11-20-01:30,15
1998-11-20-05:30,22
1998-11-20-06:30,24
1998-11-20-08:30,27
1998-11-20-09:30,27
1998-11-20-12:30,23
1998-11-20-13:30,21
1998-11-20-15:30,19
1998-11-20-16:30,19
1998-11-20-19:30,15
1998-11-20-22:30,14
1998-11-20-23:30,14
1998-11-21-02:30,14
1998-11-21-03:30,17
1998-11-21-04:30,19
1998-11-21-05:30,22
1998-11-21-06:30,24
1998-11-21-07:30,25
1998-11-21-12:30,22
1998-11-21-15:30,17
1998-11-21-16:30,17
1998-11-21-17:30,17
1998-11-21-23:30,13
1998-11-22-00:30,13
1998-11-22-03:30,17
1998-11-22-05:30,22
1998-11-22-06:30,24
1998-11-22-07:30,26
1998-11-22-08:30,25
1998-11-22-09:30,25
1998-11-22-10:30,25
1998-11-22-11:30,24
1998-11-22-14:30,18
1998-11-22-15:30,17
1998-11-22-16:30,17
1998-11-22-18:30,16
1998-11-22-21:30,14
1998-11-23-00:30,13
1998-11-23-02:30,15
1998-11-23-03:30,17
1998-11-23-08:30,25
1998-11-23-09:30,26
1998-11-23-12:30,23
1998-11-23-17:30,15
1998-11-23-18:30,16
1998-11-23-22:30,14
1998-11-24-02:30,13
1998-11-24-04:30,19
1998-11-24-05:30,21
1998-11-24-08:30,25
1998-11-24-10:30,26
1998-11-24-12:30,21
1998-11-24-13:30,20
1998-11-24-14:30,18
1998-11-24-15:30,17
1998-11-24-16:30,17
1998-11-24-19:30,15
1998-11-24-20:30,14
1998-11-24-21:30,13
1998-11-24-22:30,13
1998-11-24-23:30,12
1998-11-25-03:30,16
1998-11-25-04:30,18.5
1998-11-25-05:30,21
1998-11-25-06:30,23
1998-11-25-07:30,24
1998-11-25-09:30,26
1998-11-25-10:30,26
1998-11-25-12:30,21
1998-11-25-15:30,18
1998-11-26-01:30,12
1998-11-26-07:30,24
1998-11-26-08:30,25
1998-11-26-11:30,24
1998-11-26-12:30,21
1998-11-26-15:30,18
1998-11-26-17:30,15
1998-11-26-19:30,14
1998-11-26-23:30,12
1998-11-27-00:30,12
1998-11-27-03:30,15
1998-11-27-14:30,17
1998-11-27-16:30,16
1998-11-27-17:30,15
1998-11-27-18:30,15
1998-11-27-23:30,12
1998-11-28-01:30,11
1998-11-28-02:30,12
1998-11-28-04:30,18
1998-11-28-07:30,24
1998-11-28-08:30,25
1998-11-28-09:30,25
1998-11-28-10:30,25
1998-11-29-00:30,10
1998-11-29-11:30,23
1998-11-29-15:30,16
1998-11-29-21:30,12
1998-11-29-22:30,11
1998-11-30-04:30,17
1998-11-30-07:30,25
1998-11-30-08:30,25
1998-11-30-13:30,19
1998-11-30-15:30,16
1998-11-30-20:30,12
1998-12-01-00:30,9
1998-12-01-01:30,10
1998-12-01-03:30,12
1998-12-01-04:30,16
1998-12-01-05:30,19
1998-12-01-08:30,25
1998-12-01-10:30,25
1998-12-01-11:30,22
1998-12-01-15:30,16
1998-12-01-19:30,13
1998-12-01-20:30,12
1998-12-02-04:30,17
1998-12-02-08:30,24
1998-12-02-12:30,19
1998-12-02-13:30,18
1998-12-02-17:30,15
1998-12-02-22:30,11
1998-12-02-23:30,11
1998-12-03-00:30,11
1998-12-03-01:30,12
1998-12-03-08:30,24
1998-12-03-09:30,25
1998-12-03-10:30,25
1998-12-03-11:30,23
1998-12-03-12:30,20
1998-12-03-15:30,17
1998-12-03-17:30,15
1998-12-03-18:30,14
1998-12-03-19:30,13
1998-12-04-01:30,10
1998-12-04-02:30,11
1998-12-04-15:30,17
1998-12-04-17:30,15
1998-12-04-22:30,12
1998-12-05-05:30,21
1998-12-05-14:30,19
1998-12-05-15:30,18
1998-12-05-20:30,13
1998-12-06-04:30,18
1998-12-06-09:30,26
1998-12-06-16:30,16
1998-12-06-18:30,15
1998-12-06-21:30,14
1998-12-06-22:30,13
1998-12-07-02:30,12
1998-12-07-05:30,21
1998-12-07-07:30,24
1998-12-07-08:30,25
1998-12-07-13:30,20
1998-12-07-15:30,17
1998-12-07-19:30,14
1998-12-07-20:30,14
1998-12-08-00:30,11
1998-12-08-01:30,11
1998-12-08-02:30,12
1998-12-08-06:30,21
1998-12-08-10:30,24
1998-12-08-12:30,21
1998-12-08-14:30,18
1998-12-08-16:30,16
1998-12-09-01:30,10
1998-12-09-03:30,13
1998-12-09-04:30,17
1998-12-09-09:30,24
1998-12-09-10:30,24
1998-12-09-13:30,17
1998-12-09-16:30,15
1998-12-09-17:30,14
1998-12-09-19:30,13
1998-12-09-21:30,11
1998-12-09-23:30,11
1998-12-10-05:30,21
1998-12-10-07:30,24
1998-12-10-09:30,25
1998-12-10-14:30,16
1998-12-11-00:30,10
1998-12-11-01:30,10
1998-12-11-02:30,11
1998-12-11-03:30,14
1998-12-11-04:30,17
1998-12-11-05:30,21
1998-12-11-06:30,23
1998-12-11-07:30,23
1998-12-11-10:30,22
1998-12-11-13:30,16
1998-12-11-15:30,15
1998-12-11-19:30,12
1998-12-11-20:30,11
1998-12-11-21:30,11
1998-12-12-05:30,20
1998-12-12-13:30,16
1998-12-12-14:30,15
1998-12-12-15:30,15
1998-12-12-17:30,13
1998-12-12-20:30,12
1998-12-12-22:30,11
1998-12-12-23:30,9
1998-12-13-01:30,9
1998-12-13-02:30,10
1998-12-13-10:30,23
1998-12-13-12:30,18
1998-12-13-13:30,16
1998-12-13-14:30,19
1998-12-13-15:30,16
1998-12-13-20:30,13
1998-12-14-01:30,10
1998-12-14-03:30,14
1998-12-14-05:30,19
1998-12-14-06:30,20
1998-12-14-08:30,23
1998-12-14-09:30,23
1998-12-14-12:30,17
1998-12-14-15:30,14
1998-12-14-16:30,14
1998-12-14-22:30,9
1998-12-15-00:30,9
1998-12-15-02:30,9
1998-12-15-03:30,10
1998-12-15-04:30,13
1998-12-15-05:30,17
1998-12-15-06:30,19
1998-12-15-10:30,20
1998-12-15-11:30,18
1998-12-15-12:30,18
1998-12-15-13:30,17
1998-12-15-14:30,16
1998-12-16-00:30,8
1998-12-16-03:30,9
1998-12-16-05:30,12
1998-12-16-06:30,16
1998-12-16-07:30,19
1998-12-16-09:30,20
1998-12-16-10:30,19
1998-12-16-11:30,18
1998-12-16-12:30,16
1998-12-16-13:30,13
1998-12-16-14:30,12
1998-12-16-15:30,10
1998-12-16-16:30,9
1998-12-16-18:30,9
1998-12-16-20:30,11
1998-12-16-23:30,12
1998-12-17-00:00,27
1998-12-17-05:30,12
1998-12-17-08:30,15
1998-12-17-09:30,16
1998-12-17-10:30,16
1998-12-17-11:30,15
1998-12-17-12:30,13
1998-12-17-13:30,12
1998-12-17-14:30,12
1998-12-17-17:30,27
1998-12-17-19:30,7
1998-12-17-20:30,7
1998-12-18-00:00,7
1998-12-18-00:30,7
1998-12-18-01:30,7
1998-12-18-03:30,7
1998-12-18-08:30,11
1998-12-18-09:30,13
1998-12-18-10:30,14
1998-12-18-11:30,13
1998-12-18-17:30,7
1998-12-18-20:30,7
1998-12-19-00:30,7
1998-12-19-01:30,7
1998-12-19-02:30,7
1998-12-19-05:30,11
1998-12-19-06:00,12
1998-12-19-20:30,9
1998-12-20-11:30,15
1998-12-20-19:30,11
1998-12-20-22:30,12
1998-12-21-04:30,13
1998-12-21-07:30,20
1998-12-21-08:30,22
1998-12-21-10:30,20
1998-12-21-16:30,13
1998-12-22-05:30,10
1998-12-22-09:30,16
1998-12-22-11:30,15
1998-12-22-12:30,13
1998-12-22-15:30,10
1998-12-22-18:30,9
1998-12-23-03:30,9
1998-12-23-06:30,12
1998-12-23-07:30,13
1998-12-23-08:30,15
1998-12-23-09:30,16
1998-12-23-10:30,16
1998-12-23-11:30,15
1998-12-23-13:30,13
1998-12-23-15:30,11
1998-12-23-22:30,9
1998-12-24-01:30,9
1998-12-24-03:30,9
1998-12-24-07:30,11
1998-12-24-08:30,11
1998-12-24-09:30,11
1998-12-24-10:30,11
1998-12-24-16:30,10
1998-12-24-21:30,8
1998-12-25-01:30,8
1998-12-25-19:30,8
1998-12-25-21:30,7
1998-12-25-22:30,6
1998-12-26-08:30,14
1998-12-26-21:30,5
1998-12-26-22:30,5
1998-12-26-23:30,5
1998-12-27-00:30,6
1998-12-27-06:30,11
1998-12-27-10:00,13
1998-12-27-18:30,9
1998-12-27-19:30,8.5
1998-12-27-20:30,8
1998-12-28-12:30,12
1998-12-28-16:30,9
1998-12-28-17:30,9
1998-12-28-20:30,7
1998-12-28-22:30,5
1998-12-29-01:30,3
1998-12-29-08:30,23
1998-12-29-11:30,18
1998-12-29-12:30,16
1998-12-29-14:30,15
1998-12-30-03:30,14
1998-12-30-04:30,16
1998-12-30-05:30,19
1998-12-30-08:30,22
1998-12-30-10:30,20
1998-12-30-11:30,18
1998-12-30-12:30,17
1998-12-30-13:30,16
1998-12-31-10:30,19
1998-12-31-12:30,16
1998-12-31-13:30,14
1998-12-31-14:30,14
1998-12-31-18:30,10
1999-01-01-01:30,7
1999-01-01-02:30,8
1999-01-01-03:30,9
1999-01-01-05:30,9
1999-01-01-06:30,13
1999-01-01-08:30,19
1999-01-01-10:30,19
1999-01-01-11:30,18
1999-01-01-13:30,14
1999-01-01-15:30,12
1999-01-02-01:30,5
1999-01-02-02:30,6
1999-01-02-03:30,7
1999-01-02-04:30,8
1999-01-02-06:30,16
1999-01-02-07:30,19
1999-01-02-08:30,20
1999-01-02-09:30,21
1999-01-02-16:30,13
1999-01-02-23:30,9
1999-01-03-03:30,9
1999-01-03-08:30,19
1999-01-03-09:30,19
1999-01-03-18:30,10
1999-01-03-19:30,9
1999-01-03-21:30,9
1999-01-03-23:30,8
1999-01-04-00:30,9
1999-01-04-03:30,10
1999-01-04-04:30,14
1999-01-04-05:30,18
1999-01-04-06:30,19
1999-01-04-08:30,20
1999-01-04-23:30,9
1999-01-05-00:30,8
1999-01-05-02:30,9
1999-01-05-03:30,14
1999-01-05-05:30,17
1999-01-05-06:30,18
1999-01-05-11:30,18
1999-01-05-13:30,15
1999-01-05-17:30,14
1999-01-05-18:30,13
1999-01-05-21:30,12
1999-01-05-23:30,13
1999-01-06-03:30,13
1999-01-06-05:30,14
1999-01-06-12:30,15
1999-01-06-13:30,14
1999-01-06-19:30,13
1999-01-06-22:30,12
1999-01-07-04:30,13
1999-01-07-08:30,12
1999-01-07-12:30,12
1999-01-07-13:30,11
1999-01-07-14:30,11
1999-01-07-15:30,11
1999-01-07-17:30,9.5
1999-01-08-01:30,8
1999-01-08-02:30,7
1999-01-08-03:30,8
1999-01-08-04:30,9
1999-01-08-05:30,9
1999-01-08-06:30,10
1999-01-08-09:30,15
1999-01-08-11:30,14
1999-01-08-12:30,13
1999-01-08-13:30,13
1999-01-08-15:30,10
1999-01-08-16:30,10
1999-01-08-17:30,9
1999-01-08-18:30,9
1999-01-08-23:30,9
1999-01-09-00:30,9
1999-01-09-01:30,8
1999-01-09-02:30,9
1999-01-09-07:30,11
1999-01-09-15:30,11
1999-01-09-21:30,11
1999-01-10-12:30,13
1999-01-10-16:30,9
1999-01-10-17:30,9
1999-01-10-18:30,8
1999-01-11-00:30,9
1999-01-11-01:30,9
1999-01-11-02:30,9
1999-01-11-04:30,10
1999-01-11-10:30,15
1999-01-11-12:30,12
1999-01-11-13:30,11
1999-01-11-16:30,9.5
1999-01-11-23:30,8
1999-01-12-03:30,8
1999-01-12-05:30,9
1999-01-12-08:30,13
1999-01-12-10:30,13
1999-01-12-18:30,8
1999-01-12-20:30,9
1999-01-13-03:30,10
1999-01-13-05:30,10
1999-01-13-06:30,11
1999-01-13-13:30,13
1999-01-13-14:30,12
1999-01-13-18:30,9
1999-01-13-19:30,7
1999-01-13-21:30,7
1999-01-14-05:30,8
1999-01-14-07:30,11
1999-01-14-21:30,10
1999-01-14-23:30,10
1999-01-15-00:30,10
1999-01-15-03:30,10.5
1999-01-15-06:30,11
1999-01-15-07:30,12
1999-01-15-09:30,13
1999-01-15-10:30,13
1999-01-15-11:30,12
1999-01-15-12:30,11
1999-01-15-13:30,11
1999-01-15-15:30,11
1999-01-15-17:30,11
1999-01-15-21:30,10
1999-01-15-22:30,10
1999-01-15-23:30,10
1999-01-16-00:30,10
1999-01-16-04:30,10
1999-01-16-06:30,12
1999-01-16-08:30,15
1999-01-16-09:30,16
1999-01-16-15:30,11
1999-01-16-17:30,12
1999-01-16-20:30,10
1999-01-17-01:30,10
1999-01-17-07:30,13
1999-01-18-04:30,8
1999-01-18-05:30,9
1999-01-18-06:00,10
1999-01-18-06:30,9
1999-01-18-07:30,12
1999-01-18-08:30,13
1999-01-18-09:30,14
1999-01-18-15:30,11
1999-01-18-17:30,9
1999-01-18-19:30,9
1999-01-18-23:30,9
1999-01-19-00:30,9
1999-01-19-13:30,13
1999-01-20-01:30,8
1999-01-20-05:30,8
1999-01-20-10:00,14
1999-01-20-11:30,16
1999-01-20-12:30,15
1999-01-20-15:30,14
1999-01-20-18:30,12
1999-01-20-20:30,12
1999-01-20-21:30,12
1999-01-21-02:30,11
1999-01-21-03:30,11
1999-01-21-09:30,20
1999-01-21-10:30,20
1999-01-21-14:30,15
1999-01-21-15:30,15
1999-01-21-17:30,14
1999-01-21-19:30,13
1999-01-21-20:30,13
1999-01-21-21:30,13
1999-01-21-22:30,13
1999-01-21-23:30,12
1999-01-22-00:30,12
1999-01-22-02:30,13
1999-01-22-11:30,22
1999-01-22-16:30,16
1999-01-22-21:30,14
1999-01-23-06:30,23
1999-01-23-07:30,22
1999-01-23-09:30,23
1999-01-23-11:30,22
1999-01-23-13:30,19
1999-01-23-14:30,18
1999-01-23-23:30,14
1999-01-24-00:30,14
1999-01-24-01:30,12
1999-01-24-02:30,12
1999-01-24-03:30,15
1999-01-24-04:30,17
1999-01-24-15:30,17
1999-01-25-04:30,13
1999-01-25-05:30,15
1999-01-25-06:30,17
1999-01-25-19:30,10
1999-01-25-21:30,11
1999-01-26-00:30,10
1999-01-26-01:30,10
1999-01-26-02:30,10
1999-01-27-02:30,8
1999-01-27-05:30,16
1999-01-27-08:30,22
1999-01-27-10:30,23
1999-01-27-11:30,21
1999-01-27-12:30,18
1999-01-27-14:30,17
1999-01-27-18:30,17
1999-01-28-03:30,12
1999-01-28-04:30,12
1999-01-28-05:30,14
1999-01-28-11:30,12
1999-01-28-13:30,12
1999-01-28-14:30,11
1999-01-28-15:30,11
1999-01-28-16:30,10
1999-01-29-01:30,9
1999-01-29-03:30,10
1999-01-29-04:30,11
1999-01-29-05:30,11
1999-01-29-06:30,13
1999-01-29-10:30,15
1999-01-29-11:30,14
1999-01-29-12:30,13
1999-01-29-13:30,12
1999-01-29-14:30,12
1999-01-29-15:30,12
1999-01-29-16:30,11
1999-01-29-18:30,10
1999-01-29-19:30,8
1999-01-29-20:30,7.5
1999-01-29-21:30,7
1999-01-30-01:30,7
1999-01-30-03:30,8
1999-01-30-06:30,12
1999-01-30-09:30,16
1999-01-30-10:30,17
1999-01-30-14:30,12
1999-01-30-15:30,12
1999-01-30-18:30,10
1999-01-30-20:30,9
1999-01-30-22:30,7
1999-01-30-23:30,7
1999-01-31-00:30,7
1999-01-31-01:30,7
1999-01-31-02:30,7
1999-01-31-03:30,8
1999-01-31-04:30,9
1999-01-31-05:30,14
1999-01-31-06:30,15
1999-01-31-08:30,18
1999-01-31-18:30,11
1999-01-31-19:30,11
1999-01-31-21:30,9
1999-01-31-23:30,8
1999-02-01-02:30,8
1999-02-01-03:30,11
1999-02-01-04:30,17
1999-02-01-07:30,19
1999-02-01-08:30,19
1999-02-01-09:30,20
1999-02-01-11:30,19
1999-02-01-12:30,17
1999-02-01-20:30,10
1999-02-02-00:30,7
1999-02-02-06:30,19
1999-02-02-10:30,21
1999-02-02-11:30,20
1999-02-02-13:30,17
1999-02-02-17:30,14
1999-02-03-00:30,8
1999-02-03-02:30,6
1999-02-03-03:30,8
1999-02-03-04:30,10
1999-02-03-08:30,21
1999-02-03-11:30,19
1999-02-03-12:30,16
1999-02-03-13:30,14
1999-02-03-16:30,14
1999-02-03-21:30,10
1999-02-04-00:30,8
1999-02-04-03:30,10
1999-02-04-04:30,12
1999-02-04-06:30,16
1999-02-04-08:30,17
1999-02-04-09:30,17
1999-02-04-11:30,17
1999-02-04-13:30,14
1999-02-04-19:30,9
1999-02-04-22:30,7
1999-02-05-02:30,6
1999-02-05-03:30,8
1999-02-05-04:30,12
1999-02-05-05:30,14
1999-02-05-06:30,15
1999-02-05-16:30,10
1999-02-05-17:30,10
1999-02-05-19:30,9
1999-02-05-21:30,8
1999-02-06-05:30,14
1999-02-06-14:30,15
1999-02-06-16:30,12
1999-02-06-17:30,11
1999-02-06-18:30,11
1999-02-06-19:30,11
1999-02-06-20:30,10
1999-02-06-22:30,8
1999-02-07-00:30,8
1999-02-07-02:30,8
1999-02-07-04:00,12
1999-02-07-05:30,15
1999-02-07-12:30,17
1999-02-07-13:30,16
1999-02-07-14:30,16
1999-02-07-15:30,15
1999-02-07-16:30,13
1999-02-07-17:30,11
1999-02-07-18:30,12
1999-02-07-19:30,12
1999-02-07-20:30,12
1999-02-07-21:30,12
1999-02-07-23:30,11
1999-02-08-00:30,12
1999-02-08-03:30,13
1999-02-08-04:30,13
1999-02-08-05:30,13
1999-02-08-08:30,14
1999-02-08-09:30,14
1999-02-08-10:30,14
1999-02-08-11:30,14
1999-02-08-14:30,12
1999-02-08-18:30,11
1999-02-08-19:30,11
1999-02-08-20:30,11
1999-02-08-21:30,10
1999-02-08-23:30,9
1999-02-09-02:30,10
1999-02-09-03:30,12
1999-02-09-04:30,15
1999-02-09-07:30,20
1999-02-09-08:30,22
1999-02-09-09:30,21
1999-02-09-10:30,22
1999-02-09-11:30,21
1999-02-09-12:30,19
1999-02-09-14:30,17
1999-02-10-01:30,11
1999-02-10-05:30,13
1999-02-10-08:30,22
1999-02-10-11:30,23
1999-02-10-13:30,19
1999-02-10-14:30,19
1999-02-10-18:30,15
1999-02-10-19:30,16
1999-02-10-21:30,15
1999-02-11-00:30,13
1999-02-11-01:30,12
1999-02-11-02:30,13
1999-02-11-03:30,15
1999-02-11-05:30,21
1999-02-11-07:30,24
1999-02-11-09:30,24
1999-02-11-14:30,19
1999-02-11-15:30,20
1999-02-11-18:30,17
1999-02-11-19:30,16
1999-02-11-20:30,16
1999-02-12-00:30,14
1999-02-12-02:30,14
1999-02-12-03:30,15
1999-02-12-08:30,24
1999-02-12-21:30,13
1999-02-13-04:30,17
1999-02-13-05:30,20
1999-02-13-06:30,23
1999-02-13-07:30,24
1999-02-13-08:30,24
1999-02-13-09:30,25
1999-02-13-10:30,25
1999-02-13-11:30,24
1999-02-13-12:30,22
1999-02-13-14:30,18
1999-02-13-16:30,17
1999-02-13-17:30,15
1999-02-13-18:30,14
1999-02-13-19:30,13
1999-02-13-22:30,13
1999-02-13-23:30,13
1999-02-14-00:30,12
1999-02-14-01:30,12
1999-02-14-02:30,12
1999-02-14-03:30,14
1999-02-14-04:30,18
1999-02-14-05:30,21
1999-02-14-06:30,22
1999-02-14-13:30,20
1999-02-14-14:30,20
1999-02-14-22:30,13
1999-02-15-00:30,11
1999-02-15-02:30,11
1999-02-15-03:30,15
1999-02-15-04:30,17
1999-02-15-08:30,23
1999-02-15-09:30,23
1999-02-15-12:30,22
1999-02-15-16:30,16
1999-02-15-19:30,15
1999-02-15-22:30,12
1999-02-15-23:30,12
1999-02-16-00:30,12
1999-02-16-03:30,14
1999-02-16-04:30,17
1999-02-16-05:30,20
1999-02-16-07:30,24
1999-02-16-08:30,23
1999-02-16-10:30,23
1999-02-16-11:30,23
1999-02-16-13:30,19
1999-02-16-21:30,14
1999-02-16-22:30,13
1999-02-16-23:30,14
1999-02-17-00:30,14
1999-02-17-03:30,17
1999-02-17-04:30,19
1999-02-17-06:30,23
1999-02-17-09:30,26
1999-02-17-10:30,26
1999-02-17-15:30,21
1999-02-17-21:30,17
1999-02-18-00:30,15
1999-02-18-02:30,14.5
1999-02-18-03:30,14
1999-02-18-07:30,24
1999-02-18-09:30,26
1999-02-18-10:30,26
1999-02-18-11:30,26
1999-02-18-12:30,25
1999-02-18-18:30,20
1999-02-18-22:30,16
1999-02-19-01:30,14
1999-02-19-02:30,14
1999-02-19-03:30,14
1999-02-19-04:30,18
1999-02-19-05:30,22
1999-02-19-06:30,24
1999-02-19-08:30,26
1999-02-19-09:30,26
1999-02-19-10:30,25
1999-02-19-11:30,25
1999-02-19-15:30,21
1999-02-19-20:30,18
1999-02-20-01:30,12
1999-02-20-03:30,12
1999-02-20-04:30,14
1999-02-20-08:30,23
1999-02-20-10:30,23
1999-02-20-11:30,23
1999-02-20-15:30,16
1999-02-20-16:30,15
1999-02-20-18:30,14
1999-02-20-23:30,14
1999-02-21-01:30,11
1999-02-21-06:30,22
1999-02-21-08:30,24
1999-02-21-09:30,24
1999-02-21-11:30,23
1999-02-21-14:30,19
1999-02-21-20:30,14
1999-02-21-21:30,13
1999-02-21-22:30,12
1999-02-22-00:30,12
1999-02-22-02:30,12
1999-02-22-06:30,21
1999-02-22-09:30,23
1999-02-22-10:30,23
1999-02-22-11:30,23
1999-02-22-12:30,22
1999-02-22-13:30,21
1999-02-22-14:30,19
1999-02-22-15:30,18
1999-02-22-16:30,18
1999-02-22-17:30,17
1999-02-22-20:30,14
1999-02-22-21:30,14
1999-02-22-23:30,13
1999-02-23-00:30,13
1999-02-23-04:30,17
1999-02-23-05:30,19
1999-02-23-06:30,21
1999-02-23-07:30,22
1999-02-23-09:30,24
1999-02-23-11:30,22
1999-02-23-15:30,17
1999-02-23-18:30,17
1999-02-23-19:30,16
1999-02-23-20:30,16
1999-02-23-21:30,15
1999-02-23-22:30,15
1999-02-24-00:30,15
1999-02-24-01:30,14
1999-02-24-02:30,15
1999-02-24-03:30,17
1999-02-24-04:30,20
1999-02-24-05:30,22
1999-02-24-07:30,24
1999-02-24-08:30,25
1999-02-24-11:30,25
1999-02-24-12:30,24
1999-02-24-15:30,21
1999-02-24-16:30,19
1999-02-24-22:30,15
1999-02-24-23:30,15
1999-02-25-01:30,12
1999-02-25-02:30,12
1999-02-25-03:30,12
1999-02-25-05:30,18
1999-02-25-10:30,23
1999-02-25-11:30,23
1999-02-25-14:30,18
1999-02-25-18:30,16
1999-02-25-23:30,11
1999-02-26-00:30,11
1999-02-26-02:30,11
1999-02-26-03:30,14
1999-02-26-04:30,17
1999-02-26-06:30,21
1999-02-26-07:30,22
1999-02-26-09:30,23
1999-02-26-10:30,23
1999-02-26-13:30,19
1999-02-26-23:30,11
1999-02-27-00:30,11
1999-02-27-01:30,11
1999-02-27-02:30,12
1999-02-27-03:30,15
1999-02-27-05:30,21
1999-02-27-07:30,22
1999-02-27-12:30,22
1999-02-27-14:30,19
1999-02-27-18:30,14
1999-02-27-19:30,14
1999-02-27-22:30,12
1999-02-28-12:30,25
1999-02-28-13:51,20
1999-02-28-14:30,19
1999-02-28-21:30,12
1999-03-01-00:30,10
1999-03-01-04:30,18
1999-03-01-05:30,21
1999-03-01-06:30,23
1999-03-01-07:30,24
1999-03-01-09:30,25
1999-03-01-10:30,25
1999-03-01-12:30,24
1999-03-01-13:30,21
1999-03-01-21:30,14
1999-03-01-23:30,12
1999-03-02-04:30,21
1999-03-02-05:30,23
1999-03-02-12:30,25
1999-03-02-13:30,22
1999-03-02-14:30,21
1999-03-02-15:30,20
1999-03-02-21:30,16
1999-03-02-22:30,15
1999-03-02-23:30,15
1999-03-03-01:30,15
1999-03-03-03:30,18
1999-03-03-05:30,24
1999-03-03-09:30,28
1999-03-03-10:30,27
1999-03-03-14:30,23
1999-03-03-15:30,22
1999-03-03-16:30,20
1999-03-03-17:30,19
1999-03-03-18:30,19
1999-03-03-20:30,18
1999-03-03-21:30,17
1999-03-03-22:30,16
1999-03-04-01:30,15
1999-03-04-03:30,19
1999-03-04-04:30,23
1999-03-04-05:30,26
1999-03-04-12:30,27
1999-03-04-16:30,20
1999-03-04-17:30,20
1999-03-04-18:30,19
1999-03-04-23:30,16
1999-03-05-00:30,15
1999-03-05-01:30,15
1999-03-05-02:30,16
1999-03-05-03:30,19
1999-03-05-04:30,22
1999-03-05-05:30,25
1999-03-05-07:30,30
1999-03-05-13:30,26
1999-03-05-15:30,23
1999-03-05-18:30,21
1999-03-05-19:30,21
1999-03-05-20:30,19
1999-03-05-22:30,19
1999-03-06-06:30,29
1999-03-06-07:30,30
1999-03-06-09:30,31
1999-03-06-13:30,27
1999-03-06-17:30,24
1999-03-06-23:30,18
1999-03-07-01:30,15
1999-03-07-10:30,31
1999-03-07-14:30,25
1999-03-07-16:30,24
1999-03-07-18:30,22
1999-03-07-19:30,22
1999-03-07-20:30,21
1999-03-07-21:30,21
1999-03-08-00:30,18
1999-03-08-03:30,26
1999-03-08-05:30,30
1999-03-08-08:30,32
1999-03-08-12:30,29
1999-03-08-13:30,27
1999-03-08-14:30,25
1999-03-08-15:30,24
1999-03-08-16:30,23
1999-03-08-17:30,23
1999-03-08-22:30,20
1999-03-09-00:30,17
1999-03-09-01:30,17
1999-03-09-02:30,18
1999-03-09-03:30,21
1999-03-09-04:30,24
1999-03-09-05:30,26
1999-03-09-07:30,27
1999-03-09-08:30,27
1999-03-09-09:30,28
1999-03-09-10:30,28
1999-03-09-12:30,25
1999-03-09-19:30,20
1999-03-09-20:30,19
1999-03-09-21:30,19
1999-03-09-22:30,17
1999-03-09-23:30,16
1999-03-10-04:30,23
1999-03-10-05:30,24
1999-03-10-06:30,25
1999-03-10-08:30,27
1999-03-10-09:30,27
1999-03-10-10:30,27
1999-03-10-11:30,27
1999-03-10-12:30,25
1999-03-10-13:30,24
1999-03-10-15:30,23
1999-03-10-16:30,22
1999-03-10-17:30,21
1999-03-10-21:30,19
1999-03-10-22:30,18
1999-03-10-23:30,17
1999-03-11-00:30,18
1999-03-11-05:30,24
1999-03-11-07:30,27
1999-03-11-11:30,26
1999-03-11-12:30,25
1999-03-11-13:30,24
1999-03-11-18:30,20
1999-03-12-00:30,13
1999-03-12-01:30,14
1999-03-12-02:30,16
1999-03-12-03:30,18
1999-03-12-08:30,25
1999-03-12-10:30,26
1999-03-12-12:30,25
1999-03-12-13:30,24
1999-03-13-00:30,13
1999-03-13-01:30,15
1999-03-13-03:30,17
1999-03-13-05:30,24
1999-03-13-10:30,25
1999-03-13-12:30,24
1999-03-13-17:30,17
1999-03-13-21:30,13
1999-03-14-01:30,12
1999-03-14-04:30,20
1999-03-14-05:30,23
1999-03-14-06:30,24
1999-03-14-11:30,26
1999-03-14-13:30,21
1999-03-14-14:30,19
1999-03-14-15:30,18
1999-03-14-16:30,17
1999-03-14-17:30,15
1999-03-14-21:30,14
1999-03-14-22:30,14
1999-03-15-01:30,12
1999-03-15-02:30,14
1999-03-15-04:30,22
1999-03-15-05:30,24
1999-03-15-06:30,31
1999-03-15-07:30,26
1999-03-15-08:30,27
1999-03-15-12:30,26
1999-03-15-13:30,24
1999-03-15-15:30,21.5
1999-03-15-16:30,19
1999-03-15-17:30,18
1999-03-15-19:30,18
1999-03-15-20:30,16
1999-03-16-00:30,13
1999-03-16-01:30,13
1999-03-16-02:30,15
1999-03-16-03:30,18
1999-03-16-04:30,23
1999-03-16-05:30,26
1999-03-16-06:30,28
1999-03-16-07:30,30
1999-03-16-11:30,31
1999-03-16-12:30,29
1999-03-16-13:30,26
1999-03-16-15:30,23
1999-03-16-16:30,21
1999-03-16-18:30,20
1999-03-16-20:30,19
1999-03-16-23:30,18
1999-03-17-04:30,27
1999-03-17-06:30,30
1999-03-17-08:30,31
1999-03-17-10:30,31
1999-03-17-11:30,31
1999-03-17-12:30,30
1999-03-17-14:30,25
1999-03-17-17:30,22
1999-03-17-22:30,21
1999-03-18-01:30,16
1999-03-18-02:30,17
1999-03-18-07:30,28
1999-03-18-11:30,29
1999-03-18-21:30,17
1999-03-19-00:30,15
1999-03-19-03:30,19
1999-03-19-07:30,29
1999-03-19-10:30,29
1999-03-19-12:30,29
1999-03-19-17:30,20
1999-03-19-21:30,16
1999-03-19-23:30,16
1999-03-20-02:30,17
1999-03-20-04:30,27
1999-03-20-06:30,29
1999-03-20-07:30,30
1999-03-20-11:30,29
1999-03-20-13:30,25
1999-03-20-20:30,18
1999-03-21-01:30,13
1999-03-21-02:30,14
1999-03-21-03:30,16
1999-03-21-06:30,23
1999-03-21-19:30,15
1999-03-22-00:30,11
1999-03-22-02:30,14
1999-03-22-08:30,26
1999-03-22-09:30,27
1999-03-22-13:30,23
1999-03-22-17:30,21
1999-03-22-19:30,18
1999-03-22-22:30,15
1999-03-23-00:30,13
1999-03-23-03:30,19
1999-03-23-05:30,25
1999-03-23-13:30,26
1999-03-23-17:30,22
1999-03-24-02:30,21
1999-03-24-03:30,25
1999-03-24-04:30,28
1999-03-24-09:30,32
1999-03-24-10:30,32
1999-03-24-13:30,27
1999-03-24-14:30,26
1999-03-24-18:30,21
1999-03-25-08:30,31
1999-03-25-12:30,30
1999-03-25-16:30,25
1999-03-25-17:30,23
1999-03-25-18:30,23
1999-03-26-00:30,17
1999-03-26-03:30,22
1999-03-26-09:30,30
1999-03-26-14:30,25
1999-03-26-17:30,21
1999-03-26-18:30,19
1999-03-26-22:30,15
1999-03-26-23:30,15
1999-03-27-00:30,15
1999-03-27-02:30,19
1999-03-27-03:30,22
1999-03-27-07:30,29
1999-03-27-08:30,30
1999-03-27-12:30,28
1999-03-27-13:30,26
1999-03-27-15:30,23
1999-03-27-20:30,21
1999-03-27-21:30,20
1999-03-27-23:30,19
1999-03-28-00:30,17
1999-03-28-01:30,17
1999-03-28-03:30,23
1999-03-28-04:30,25
1999-03-28-08:30,32
1999-03-28-12:30,30
1999-03-28-16:30,24
1999-03-28-17:30,23
1999-03-28-18:30,21
1999-03-28-20:30,19
1999-03-28-22:30,17
1999-03-28-23:30,17
1999-03-29-00:30,16
1999-03-29-01:30,18
1999-03-29-02:30,21
1999-03-29-03:30,25
1999-03-29-04:30,28
1999-03-29-04:34,28
1999-03-29-07:30,33
1999-03-29-08:30,34
1999-03-29-09:30,34
1999-03-29-11:30,35
1999-03-29-17:30,25
1999-03-29-19:30,23
1999-03-29-21:30,21
1999-03-30-01:30,21
1999-03-30-14:30,31
1999-03-30-15:30,27
1999-03-30-17:30,25
1999-03-30-18:30,24
1999-03-30-22:30,20
1999-03-30-23:30,19
1999-03-31-00:30,19
1999-03-31-02:30,22
1999-03-31-07:30,36
1999-03-31-09:30,36
1999-03-31-10:30,37
1999-03-31-11:30,34
1999-03-31-12:30,34
1999-03-31-13:30,31
1999-03-31-17:30,26
1999-04-01-00:30,21
1999-04-01-01:30,21
1999-04-01-17:30,29
1999-04-01-21:30,26
1999-04-02-04:30,31
1999-04-02-05:30,34
1999-04-02-14:30,31
1999-04-02-19:30,26
1999-04-02-21:30,25
1999-04-02-22:30,23
1999-04-03-00:30,22
1999-04-03-02:30,22
1999-04-03-08:30,33
1999-04-03-10:30,34
1999-04-03-18:30,26
1999-04-03-20:30,21.5
1999-04-04-01:30,17
1999-04-04-02:30,20
1999-04-04-06:30,25
1999-04-04-09:30,32
1999-04-04-20:30,20
1999-04-04-21:30,20
1999-04-05-00:30,19
1999-04-05-02:30,21
1999-04-05-07:30,33
1999-04-05-15:30,27
1999-04-06-00:30,21
1999-04-06-01:30,21
1999-04-06-17:30,28
1999-04-06-21:30,24
1999-04-07-01:30,22
1999-04-07-06:30,35
1999-04-07-08:30,37
1999-04-07-15:30,30
1999-04-07-21:30,24
1999-04-08-03:30,32
1999-04-08-04:30,34
1999-04-08-05:30,34
1999-04-08-11:30,36
1999-04-08-14:30,30
1999-04-08-16:30,28
1999-04-08-18:30,27
1999-04-08-19:30,26
1999-04-09-06:30,34
1999-04-09-07:30,35
1999-04-09-08:30,36
1999-04-09-11:30,37
1999-04-10-01:30,23
1999-04-10-05:30,36
1999-04-10-10:30,40
1999-04-10-17:30,29
1999-04-10-19:30,28
1999-04-10-21:30,27
1999-04-11-09:30,40
1999-04-11-10:30,39
1999-04-11-12:30,37
1999-04-11-14:30,31
1999-04-11-21:30,27
1999-04-12-02:30,29
1999-04-12-10:30,38
1999-04-12-11:30,37
1999-04-12-12:30,36
1999-04-12-14:30,32
1999-04-12-16:30,29
1999-04-12-21:30,27
1999-04-12-23:30,24
1999-04-13-02:30,26
1999-04-13-11:30,36
1999-04-13-13:30,33
1999-04-13-15:30,30
1999-04-13-17:30,30
1999-04-14-01:30,20
1999-04-14-05:30,30
1999-04-14-08:30,34
1999-04-14-09:30,34
1999-04-14-17:30,24
1999-04-14-18:30,22
1999-04-15-00:30,19
1999-04-15-09:30,34
1999-04-15-10:30,34
1999-04-15-12:30,32
1999-04-15-13:30,30
1999-04-15-14:30,30
1999-04-15-15:30,30
1999-04-15-16:30,24
1999-04-15-17:30,27
1999-04-16-01:30,21
1999-04-16-06:30,33
1999-04-16-20:30,22
1999-04-17-02:30,25
1999-04-17-06:30,36
1999-04-17-08:30,37
1999-04-17-10:30,37
1999-04-17-11:30,37
1999-04-18-10:30,39
1999-04-19-14:30,33
1999-04-19-16:30,29
1999-04-19-22:30,24
1999-04-20-00:30,23
1999-04-20-03:30,30
1999-04-20-04:30,33
1999-04-20-05:30,35
1999-04-20-06:30,36
1999-04-20-08:30,38
1999-04-20-11:30,38
1999-04-20-16:30,30
1999-04-20-17:30,29
1999-04-21-00:30,25
1999-04-21-02:30,29
1999-04-21-07:30,38
1999-04-21-17:30,31
1999-04-22-01:30,26
1999-04-22-03:30,32
1999-04-22-05:30,37
1999-04-22-06:30,38
1999-04-22-12:30,38
1999-04-22-14:30,34
1999-04-22-17:30,30
1999-04-22-20:30,26
1999-04-23-01:30,26
1999-04-23-07:30,39
1999-04-23-11:30,41
1999-04-23-13:30,37
1999-04-24-01:30,26
1999-04-24-04:30,35
1999-04-24-05:30,37
1999-04-24-09:30,41
1999-04-24-16:30,33
1999-04-24-21:30,29
1999-04-24-22:30,28
1999-04-24-23:30,28
1999-04-25-01:30,28
1999-04-25-05:30,37
1999-04-25-08:30,41
1999-04-25-10:30,41
1999-04-25-11:30,41
1999-04-25-12:30,39
1999-04-25-13:30,38
1999-04-25-16:30,32
1999-04-26-01:30,27
1999-04-26-04:30,36
1999-04-26-05:30,38
1999-04-26-06:30,40
1999-04-26-22:30,27
1999-04-27-03:30,32
1999-04-27-08:30,41
1999-04-27-13:30,38
1999-04-27-14:30,35
1999-04-27-20:30,27
1999-04-27-21:30,27
1999-04-28-03:30,33
1999-04-28-08:30,41
1999-04-28-09:30,42
1999-04-28-16:30,32
1999-04-28-17:30,31
1999-04-28-18:30,30
1999-04-28-20:30,28
1999-04-28-22:30,27
1999-04-29-00:30,27
1999-04-29-01:30,29
1999-04-29-05:30,38
1999-04-29-08:30,43
1999-04-29-12:30,43
1999-04-29-14:30,38
1999-04-29-16:30,33
1999-04-29-17:30,33
1999-04-30-00:30,28
1999-04-30-01:30,30
1999-04-30-02:30,32
1999-04-30-04:30,38
1999-04-30-06:30,42
1999-04-30-08:30,45
1999-04-30-10:30,45
1999-04-30-11:30,45
1999-04-30-14:30,41
1999-04-30-16:30,38
1999-04-30-21:30,34
1999-04-30-22:30,33
1999-05-01-00:30,33
1999-05-01-12:30,43
1999-05-01-13:30,41
1999-05-01-16:30,37
1999-05-01-21:30,33
1999-05-02-01:30,32
1999-05-02-02:30,34
1999-05-02-07:30,43
1999-05-02-09:30,44
1999-05-02-10:30,45
1999-05-02-21:30,31
1999-05-03-03:30,37
1999-05-03-10:30,45
1999-05-03-11:30,45
1999-05-03-17:30,38
1999-05-03-19:30,37
1999-05-03-21:30,35
1999-05-03-23:30,34
1999-05-04-00:30,33
1999-05-04-01:30,33
1999-05-04-02:30,36
1999-05-04-03:30,37
1999-05-04-06:30,41
1999-05-04-08:30,42
1999-05-04-23:30,31
1999-05-05-09:30,44
1999-05-05-11:30,43
1999-05-05-12:30,42
1999-05-05-13:30,41
1999-05-05-14:30,39
1999-05-05-17:30,35
1999-05-05-18:30,34
1999-05-05-19:30,32
1999-05-05-20:30,31
1999-05-05-21:30,31
1999-05-05-23:30,30
1999-05-06-02:30,31
1999-05-06-03:30,35
1999-05-06-04:30,39
1999-05-06-11:30,43
1999-05-06-12:30,42
1999-05-06-13:30,40
1999-05-06-14:30,38
1999-05-06-15:30,37
1999-05-06-19:30,32
1999-05-06-20:30,32
1999-05-06-21:30,31
1999-05-06-22:30,31
1999-05-06-23:30,30
1999-05-07-00:30,30
1999-05-07-01:30,31
1999-05-07-02:30,32
1999-05-07-03:30,35
1999-05-07-04:30,37
1999-05-07-05:30,39
1999-05-07-06:30,40
1999-05-07-07:30,42
1999-05-07-08:30,42
1999-05-07-09:30,43
1999-05-07-10:30,43
1999-05-07-11:30,42
1999-05-07-12:30,41
1999-05-07-13:30,39
1999-05-07-14:30,38
1999-05-07-15:30,37
1999-05-07-16:30,36
1999-05-07-17:30,35
1999-05-07-18:30,35
1999-05-07-19:30,34
1999-05-07-20:30,32
1999-05-07-21:30,32
1999-05-07-22:30,31
1999-05-07-23:30,30
1999-05-08-00:30,29
1999-05-08-02:30,32
1999-05-08-03:30,34
1999-05-08-04:30,35
1999-05-08-05:30,37
1999-05-08-06:30,38
1999-05-08-07:30,40
1999-05-08-08:30,40
1999-05-08-09:30,40
1999-05-08-10:30,41
1999-05-08-11:30,40
1999-05-08-12:30,39
1999-05-08-13:30,36
1999-05-08-14:30,36
1999-05-08-15:30,35
1999-05-08-16:30,34
1999-05-08-17:30,34
1999-05-08-18:30,33
1999-05-08-19:30,32
1999-05-08-20:30,29
1999-05-08-21:30,30
1999-05-08-22:30,29
1999-05-08-23:30,28
1999-05-09-00:30,28
1999-05-09-01:30,29
1999-05-09-02:30,34
1999-05-09-03:30,35
1999-05-09-04:30,35
1999-05-09-05:30,37
1999-05-09-06:30,37
1999-05-09-07:30,39
1999-05-09-08:30,40
1999-05-09-09:30,40
1999-05-09-10:30,39
1999-05-09-11:30,38
1999-05-09-12:30,39
1999-05-09-13:30,37
1999-05-09-14:30,35
1999-05-09-15:30,35
1999-05-09-16:30,33
1999-05-09-18:30,32
1999-05-09-19:30,32
1999-05-09-20:30,30
1999-05-09-21:30,30
1999-05-09-22:30,29
1999-05-09-23:30,29
1999-05-10-00:30,29
1999-05-10-01:30,29
1999-05-10-02:30,31
1999-05-10-03:30,33
1999-05-10-04:30,32
1999-05-10-05:30,35
1999-05-10-06:30,36
1999-05-10-07:30,36
1999-05-10-08:30,37
1999-05-10-09:30,38
1999-05-10-10:30,37
1999-05-10-14:30,28
1999-05-10-15:30,29
1999-05-10-16:30,29
1999-05-10-17:30,29
1999-05-10-18:30,29
1999-05-10-19:30,28
1999-05-10-20:30,29
1999-05-10-21:30,28
1999-05-10-22:30,28
1999-05-10-23:30,27
1999-05-11-00:30,27
1999-05-11-01:30,27
1999-05-11-02:30,28
1999-05-11-03:30,29
1999-05-11-04:30,31
1999-05-11-05:30,33
1999-05-11-06:30,35
1999-05-11-07:30,36
1999-05-11-08:30,37
1999-05-11-09:30,37
1999-05-11-10:30,37
1999-05-11-11:30,37
1999-05-11-12:30,37
1999-05-11-13:30,36
1999-05-11-14:30,34
1999-05-11-15:30,32
1999-05-11-16:30,31
1999-05-11-17:30,31
1999-05-11-18:30,30
1999-05-11-19:30,30
1999-05-11-20:30,30
1999-05-11-21:30,29
1999-05-11-22:30,29
1999-05-11-23:30,29
1999-05-12-00:30,29
1999-05-12-01:30,29
1999-05-12-02:30,31
1999-05-12-03:30,33
1999-05-12-04:30,35
1999-05-12-05:30,37
1999-05-12-06:30,38
1999-05-12-07:30,30
1999-05-12-08:30,26
1999-05-12-09:30,30
1999-05-12-10:30,34
1999-05-12-11:30,34
1999-05-12-12:30,33
1999-05-12-14:30,26
1999-05-12-15:30,25
1999-05-12-16:30,26
1999-05-12-17:30,26
1999-05-12-18:30,26
1999-05-12-19:30,25
1999-05-12-20:30,25
1999-05-12-21:30,25
1999-05-12-22:30,25
1999-05-12-23:30,25
1999-05-13-00:30,24
1999-05-13-01:30,26
1999-05-13-02:30,27
1999-05-13-03:30,27
1999-05-13-04:30,31
1999-05-13-05:30,31
1999-05-13-06:30,32
1999-05-13-08:30,34
1999-05-13-09:30,35
1999-05-13-10:30,37
1999-05-13-11:30,36
1999-05-13-12:30,34
1999-05-13-13:30,33
1999-05-13-14:30,32
1999-05-13-15:30,32
1999-05-13-16:30,31
1999-05-13-17:30,30
1999-05-13-18:30,29
1999-05-13-19:30,29
1999-05-13-20:30,28
1999-05-13-21:30,28
1999-05-13-22:30,27
1999-05-13-23:30,26
1999-05-14-00:30,27
1999-05-14-01:30,28
1999-05-14-02:30,30
1999-05-14-03:30,32
1999-05-14-04:30,33
1999-05-14-05:30,35
1999-05-14-06:30,36
1999-05-14-07:30,37
1999-05-14-08:30,37
1999-05-14-09:30,38
1999-05-14-10:30,37
1999-05-14-11:30,38
1999-05-14-12:30,37
1999-05-14-13:30,36
1999-05-14-14:30,36
1999-05-14-16:30,28
1999-05-14-17:30,28
1999-05-14-18:30,27
1999-05-14-19:30,26
1999-05-14-20:30,26
1999-05-14-21:30,25
1999-05-14-22:30,25
1999-05-14-23:30,25
1999-05-15-00:30,25
1999-05-15-01:30,26
1999-05-15-02:30,27
1999-05-15-03:30,29
1999-05-15-04:30,30
1999-05-15-05:30,32
1999-05-15-06:30,34
1999-05-15-07:30,35
1999-05-15-09:30,37
1999-05-15-10:30,37
1999-05-15-11:30,37
1999-05-15-12:30,35
1999-05-15-13:30,35
1999-05-15-14:30,33
1999-05-15-15:30,33
1999-05-15-16:30,32
1999-05-15-17:30,31
1999-05-15-18:30,30
1999-05-15-19:30,28
1999-05-15-20:30,28
1999-05-15-21:30,28
1999-05-15-22:30,28
1999-05-15-23:30,29
1999-05-16-00:30,28
1999-05-16-01:30,28
1999-05-16-02:30,29
1999-05-16-03:30,32
1999-05-16-04:30,34
1999-05-16-05:30,35
1999-05-16-06:30,37
1999-05-16-07:30,38
1999-05-16-08:30,39
1999-05-16-09:30,40
1999-05-16-10:30,40
1999-05-16-11:30,39
1999-05-16-13:30,37
1999-05-16-14:30,35
1999-05-16-15:30,34
1999-05-16-16:30,33
1999-05-16-17:30,32
1999-05-16-18:30,32
1999-05-16-19:30,31
1999-05-16-20:30,31
1999-05-16-21:30,31
1999-05-16-22:30,31
1999-05-16-23:30,31
1999-05-17-00:30,31
1999-05-17-01:30,31
1999-05-17-02:30,33
1999-05-17-03:30,34
1999-05-17-04:30,35
1999-05-17-05:30,36
1999-05-17-06:30,38
1999-05-17-07:30,39
1999-05-17-08:30,41
1999-05-17-09:30,42
1999-05-17-10:30,42
1999-05-17-11:30,43
1999-05-17-12:30,42
1999-05-17-13:30,41
1999-05-17-14:30,37
1999-05-17-15:30,37
1999-05-17-16:30,35
1999-05-17-17:30,34
1999-05-17-18:30,33
1999-05-17-19:30,32
1999-05-17-20:30,32
1999-05-17-21:30,32
1999-05-17-22:30,32
1999-05-17-23:30,32
1999-05-18-00:30,31
1999-05-18-01:30,32
1999-05-18-02:30,34
1999-05-18-03:30,35
1999-05-18-04:30,36
1999-05-18-05:30,39
1999-05-18-06:30,39
1999-05-18-07:30,40
1999-05-18-08:30,41
1999-05-18-09:30,43
1999-05-18-10:30,43
1999-05-18-11:30,43
1999-05-18-12:30,43
1999-05-18-13:30,40
1999-05-18-14:30,38
1999-05-18-15:30,37
1999-05-18-16:30,36
1999-05-18-17:30,35
1999-05-18-18:30,34
1999-05-18-19:30,33
1999-05-18-20:30,32
1999-05-18-21:30,31
1999-05-18-22:30,31
1999-05-19-00:30,30
1999-05-19-01:30,31
1999-05-19-02:30,33
1999-05-19-03:30,36
1999-05-19-04:30,38
1999-05-19-05:30,39
1999-05-19-06:30,40
1999-05-19-07:30,42
1999-05-19-08:30,43
1999-05-19-09:30,43
1999-05-19-10:30,42
1999-05-19-11:30,40
1999-05-19-12:30,39
1999-05-19-13:30,38
1999-05-19-14:30,37
1999-05-19-15:30,35
1999-05-19-16:30,34
1999-05-19-17:30,33
1999-05-19-18:30,32
1999-05-19-19:30,32
1999-05-19-20:30,31
1999-05-19-21:30,30
1999-05-19-22:30,30
1999-05-19-23:30,30
1999-05-20-00:30,30
1999-05-20-01:30,31
1999-05-20-02:30,32
1999-05-20-03:30,33
1999-05-20-04:30,35
1999-05-20-05:30,38
1999-05-20-06:30,38
1999-05-20-07:30,39
1999-05-20-08:30,40
1999-05-20-09:30,41
1999-05-20-10:30,39
1999-05-20-11:30,38
1999-05-20-12:30,37
1999-05-20-13:30,30
1999-05-20-14:30,29
1999-05-20-15:30,28
1999-05-20-17:30,29
1999-05-20-18:30,29
1999-05-20-19:30,30
1999-05-20-21:30,30
1999-05-21-03:30,31
1999-05-21-04:30,32
1999-05-21-05:30,32
1999-05-21-06:30,33
1999-05-21-07:30,34
1999-05-21-10:30,36
1999-05-21-11:30,37
1999-05-21-12:30,36
1999-05-21-13:30,35
1999-05-21-14:30,34
1999-05-21-16:30,33
1999-05-21-17:30,32
1999-05-21-18:30,32
1999-05-21-19:30,31
1999-05-21-20:00,32
1999-05-21-20:30,30
1999-05-21-21:30,30
1999-05-21-22:30,30
1999-05-21-23:30,29
1999-05-22-00:30,30
1999-05-22-01:30,31
1999-05-22-02:30,34
1999-05-22-03:30,35
1999-05-22-04:30,36
1999-05-22-05:30,37
1999-05-22-06:30,37
1999-05-22-07:30,38
1999-05-22-09:30,39
1999-05-22-10:30,39
1999-05-22-11:30,33
1999-05-22-12:30,36
1999-05-22-13:30,35
1999-05-22-14:30,34
1999-05-22-15:30,32
1999-05-22-16:30,32
1999-05-22-17:30,38
1999-05-22-19:30,33
1999-05-22-20:00,32
1999-05-22-20:30,33
1999-05-22-21:30,31
1999-05-22-22:30,31
1999-05-23-00:30,30
1999-05-23-01:30,31
1999-05-23-02:30,33
1999-05-23-03:30,34
1999-05-23-04:30,35
1999-05-23-05:30,35
1999-05-23-06:30,37
1999-05-23-07:30,37
1999-05-23-08:30,37
1999-05-23-09:30,37
1999-05-23-10:30,36
1999-05-23-11:30,36
1999-05-23-12:30,35
1999-05-23-13:30,33
1999-05-23-14:30,32
1999-05-23-15:30,31
1999-05-23-16:30,30
1999-05-23-17:30,30
1999-05-23-18:30,30
1999-05-23-19:30,28
1999-05-23-20:30,28
1999-05-23-21:30,27
1999-05-23-22:30,27
1999-05-23-23:30,27
1999-05-24-00:30,26
1999-05-24-01:30,27
1999-05-24-02:30,27
1999-05-24-03:30,27
1999-05-24-04:30,29
1999-05-24-05:30,31
1999-05-24-06:30,32
1999-05-24-07:30,33
1999-05-24-09:30,34
1999-05-24-10:30,35
1999-05-24-11:30,35
1999-05-24-12:30,34
1999-05-24-13:30,32
1999-05-24-14:30,33
1999-05-24-15:30,32
1999-05-24-16:30,32
1999-05-24-17:30,31
1999-05-24-18:30,30
1999-05-24-21:30,30
1999-05-24-22:30,28
1999-05-24-23:30,28
1999-05-25-00:30,28
1999-05-25-01:30,29
1999-05-25-02:30,31
1999-05-25-03:30,33
1999-05-25-04:30,35
1999-05-25-05:30,36
1999-05-25-06:30,38
1999-05-25-07:30,39
1999-05-25-08:30,40
1999-05-25-09:30,40
1999-05-25-10:30,40
1999-05-25-11:30,40
1999-05-25-12:30,40
1999-05-25-13:30,39
1999-05-25-14:30,37
1999-05-25-15:30,36
1999-05-25-16:30,36
1999-05-25-17:30,35
1999-05-25-18:30,35
1999-05-25-19:30,34
1999-05-25-20:30,32
1999-05-25-21:30,30
1999-05-25-22:30,29
1999-05-25-23:30,27
1999-05-26-00:30,28
1999-05-26-01:30,29
1999-05-26-02:30,32
1999-05-26-03:30,35
1999-05-26-04:30,38
1999-05-26-05:30,40
1999-05-26-06:30,41
1999-05-26-07:30,42
1999-05-26-08:30,43
1999-05-26-09:30,42
1999-05-26-11:30,42
1999-05-26-12:30,41
1999-05-26-13:30,40
1999-05-26-14:30,39
1999-05-26-15:30,37
1999-05-26-16:30,36
1999-05-26-18:30,34
1999-05-26-19:30,32
1999-05-26-20:30,32
1999-05-26-21:30,29
1999-05-26-22:30,29
1999-05-26-23:30,27
1999-05-27-00:30,28.5
1999-05-27-01:30,30
1999-05-27-02:30,33
1999-05-27-03:30,36
1999-05-27-04:30,39
1999-05-27-05:30,40
1999-05-27-06:30,42
1999-05-27-07:30,43
1999-05-27-08:30,43
1999-05-27-09:30,44
1999-05-27-10:30,43
1999-05-27-11:30,43
1999-05-27-12:30,43
1999-05-27-13:30,40
1999-05-27-14:30,38
1999-05-27-15:30,36
1999-05-27-16:30,35
1999-05-27-17:30,33
1999-05-27-18:30,32
1999-05-27-19:30,32
1999-05-27-20:30,31
1999-05-27-21:30,30
1999-05-27-22:30,29
1999-05-27-23:30,28
1999-05-28-00:21,27
1999-05-28-01:30,30
1999-05-28-02:30,34
1999-05-28-03:30,37
1999-05-28-04:30,39
1999-05-28-05:30,40
1999-05-28-06:30,42
1999-05-28-07:30,43
1999-05-28-08:30,43
1999-05-28-09:30,44
1999-05-28-10:30,44
1999-05-28-11:30,43
1999-05-28-12:30,42
1999-05-28-13:30,41
1999-05-28-14:30,39
1999-05-28-15:30,38
1999-05-28-16:30,37
1999-05-28-17:30,34
1999-05-28-18:30,34
1999-05-28-19:30,34
1999-05-28-20:30,33
1999-05-28-21:30,32
1999-05-28-22:30,31
1999-05-28-23:30,30
1999-05-29-00:30,30
1999-05-29-01:30,32
1999-05-29-02:30,34
1999-05-29-03:21,36
1999-05-29-04:30,38
1999-05-29-05:30,39
1999-05-29-06:30,40
1999-05-29-07:30,41
1999-05-29-08:30,42
1999-05-29-09:30,43
1999-05-29-10:30,43
1999-05-29-12:30,42
1999-05-29-13:30,41
1999-05-29-14:30,39
1999-05-29-15:30,37
1999-05-29-16:30,36
1999-05-29-17:30,35
1999-05-29-18:30,35
1999-05-29-19:30,34
1999-05-29-20:30,34
1999-05-29-21:30,34
1999-05-29-22:30,33
1999-05-29-23:30,33
1999-05-30-00:30,32
1999-05-30-01:30,33
1999-05-30-02:30,35
1999-05-30-03:30,36
1999-05-30-04:30,37
1999-05-30-05:30,38
1999-05-30-06:30,40
1999-05-30-07:30,40
1999-05-30-08:30,41
1999-05-30-09:30,42
1999-05-30-10:30,42
1999-05-30-11:30,41
1999-05-30-12:30,41
1999-05-30-13:30,39
1999-05-30-14:30,38
1999-05-30-15:30,37
1999-05-30-16:30,36
1999-05-30-17:30,35
1999-05-30-18:30,34
1999-05-30-19:30,34
1999-05-30-20:30,34
1999-05-30-21:30,33
1999-05-30-22:30,33
1999-05-30-23:30,32
1999-05-31-00:30,32
1999-05-31-01:30,33
1999-05-31-02:30,35
1999-05-31-03:30,36
1999-05-31-04:30,37
1999-05-31-05:30,38
1999-05-31-06:30,40
1999-05-31-07:30,40
1999-05-31-08:30,41
1999-05-31-09:30,41
1999-05-31-11:30,28
1999-05-31-12:30,32
1999-05-31-13:30,33
1999-05-31-14:30,32
1999-05-31-15:30,31
1999-05-31-16:30,32
1999-05-31-17:30,30
1999-05-31-18:30,30
1999-05-31-19:30,29
1999-05-31-20:30,29
1999-05-31-21:30,29
1999-05-31-22:30,29
1999-05-31-23:30,29
1999-06-01-00:30,30
1999-06-01-01:30,30
1999-06-01-02:30,31
1999-06-01-03:30,31
1999-06-01-04:30,33
1999-06-01-05:30,34
1999-06-01-06:30,31
1999-06-01-07:30,36
1999-06-01-08:30,36
1999-06-01-09:30,38
1999-06-01-10:30,38
1999-06-01-11:30,38
1999-06-01-12:30,37
1999-06-01-13:30,35
1999-06-01-14:30,34
1999-06-01-15:30,33
1999-06-01-16:30,33
1999-06-01-17:30,32
1999-06-01-18:30,31
1999-06-01-19:30,31
1999-06-01-20:30,30
1999-06-01-21:30,30
1999-06-01-22:30,30
1999-06-01-23:30,29
1999-06-02-00:30,29
1999-06-02-01:30,30
1999-06-02-02:30,32
1999-06-02-03:30,34
1999-06-02-05:30,37
1999-06-02-07:30,38
1999-06-02-08:30,39
1999-06-02-09:30,39
1999-06-02-10:30,27
1999-06-02-11:30,24
1999-06-02-12:30,25
1999-06-02-13:30,25
1999-06-02-14:30,26
1999-06-02-15:30,26
1999-06-02-16:30,26
1999-06-02-17:30,26
1999-06-02-18:30,26
1999-06-02-19:30,26
1999-06-02-20:30,26
1999-06-02-22:30,24
1999-06-02-23:30,24
1999-06-03-00:30,25
1999-06-03-01:30,27
1999-06-03-02:30,29
1999-06-03-03:30,32
1999-06-03-04:30,32
1999-06-03-05:30,33
1999-06-03-06:30,33
1999-06-03-07:30,35
1999-06-03-08:30,35
1999-06-03-09:30,36
1999-06-03-10:30,36
1999-06-03-11:30,36
1999-06-03-12:30,35
1999-06-03-13:30,35
1999-06-04-04:30,29
1999-06-04-05:30,31
1999-06-04-06:30,33
1999-06-04-07:30,34
1999-06-04-08:30,35
1999-06-04-09:30,35
1999-06-04-10:30,35
1999-06-04-11:30,36
1999-06-04-12:30,34
1999-06-04-13:30,34
1999-06-04-14:30,33
1999-06-04-15:30,32
1999-06-04-16:30,31
1999-06-04-17:30,31
1999-06-04-18:30,30
1999-06-04-19:30,29
1999-06-04-20:30,28
1999-06-04-21:30,26
1999-06-04-22:30,26
1999-06-04-23:30,25
1999-06-05-00:30,25
1999-06-05-01:30,27
1999-06-05-02:30,29
1999-06-05-03:30,33
1999-06-05-04:30,34
1999-06-05-05:30,35
1999-06-05-06:30,36
1999-06-05-07:30,37
1999-06-05-08:30,38
1999-06-05-09:30,39
1999-06-05-10:30,39
1999-06-05-11:30,39
1999-06-05-12:30,38
1999-06-05-13:30,37
1999-06-05-14:30,36
1999-06-05-15:30,36
1999-06-05-17:30,33
1999-06-06-02:30,32
1999-06-06-03:30,33
1999-06-06-05:21,37
1999-06-06-06:30,38
1999-06-06-07:30,38
1999-06-06-08:30,39
1999-06-06-09:30,40
1999-06-06-10:30,40
1999-06-06-11:30,40
1999-06-06-12:30,39
1999-06-06-13:30,39
1999-06-06-14:30,37
1999-06-06-15:30,37
1999-06-06-16:30,35
1999-06-06-17:30,34
1999-06-06-18:30,35
1999-06-06-19:30,32
1999-06-06-20:30,32
1999-06-06-21:30,31
1999-06-06-22:30,31
1999-06-06-23:30,30
1999-06-07-00:30,30
1999-06-07-01:30,32
1999-06-07-02:30,33
1999-06-07-03:30,35
1999-06-07-04:30,37
1999-06-07-05:30,39
1999-06-07-06:30,39
1999-06-07-07:30,40
1999-06-07-08:30,41
1999-06-07-09:30,42
1999-06-07-10:30,42
1999-06-07-11:30,42
1999-06-07-12:30,41
1999-06-07-13:30,40
1999-06-07-14:30,39
1999-06-07-15:30,38
1999-06-07-16:30,37
1999-06-07-17:30,36
1999-06-07-18:30,35
1999-06-07-19:30,35
1999-06-07-20:30,34
1999-06-07-21:30,33
1999-06-07-22:30,32
1999-06-08-00:30,32
1999-06-08-01:30,34
1999-06-08-02:30,37
1999-06-08-03:30,37
1999-06-08-04:30,38
1999-06-08-05:30,39
1999-06-08-06:30,40
1999-06-08-07:30,41
1999-06-08-08:30,42
1999-06-08-09:30,42
1999-06-08-10:30,42
1999-06-08-11:30,42
1999-06-08-12:30,41
1999-06-08-13:30,41
1999-06-08-14:30,40
1999-06-08-15:30,39
1999-06-08-16:30,39
1999-06-08-17:30,38
1999-06-08-18:30,37
1999-06-08-19:30,35
1999-06-08-21:30,34
1999-06-08-22:30,34
1999-06-08-23:30,33
1999-06-09-00:30,33
1999-06-09-01:30,33
1999-06-09-02:30,35
1999-06-09-03:30,38
1999-06-09-04:30,39
1999-06-09-05:30,40
1999-06-09-06:30,41
1999-06-09-07:30,42
1999-06-09-08:30,42
1999-06-09-09:30,43
1999-06-09-10:30,43
1999-06-09-12:30,43
1999-06-09-13:30,42
1999-06-09-14:30,41
1999-06-09-15:30,40
1999-06-09-16:30,38
1999-06-09-17:30,38
1999-06-09-18:30,37
1999-06-09-19:30,37
1999-06-09-20:30,36
1999-06-09-21:30,36
1999-06-09-22:30,35
1999-06-09-23:30,34
1999-06-10-00:30,33
1999-06-10-01:30,34
1999-06-10-02:30,36
1999-06-10-03:30,39
1999-06-10-04:30,39
1999-06-10-05:30,40
1999-06-10-06:30,40
1999-06-10-07:30,40
1999-06-10-08:30,41
1999-06-10-09:30,41
1999-06-10-10:30,37
1999-06-10-11:30,37
1999-06-10-12:30,36
1999-06-10-13:30,36
1999-06-10-14:30,36
1999-06-10-15:00,36
1999-06-10-15:30,36
1999-06-10-16:30,35
1999-06-10-17:30,33
1999-06-10-18:30,33
1999-06-10-19:30,32
1999-06-10-20:30,31
1999-06-10-21:30,31
1999-06-10-22:30,31
1999-06-10-23:30,31
1999-06-11-00:30,31
1999-06-11-01:30,31
1999-06-11-02:30,31
1999-06-11-03:30,33
1999-06-11-04:30,35
1999-06-11-05:30,37
1999-06-11-06:30,37
1999-06-11-07:30,39
1999-06-11-08:30,39
1999-06-11-09:30,39
1999-06-11-10:30,39
1999-06-11-11:30,39
1999-06-11-12:30,38
1999-06-11-13:30,36
1999-06-11-14:30,35
1999-06-11-15:30,34
1999-06-11-16:30,33
1999-06-11-17:30,33
1999-06-11-18:30,32
1999-06-11-19:30,31
1999-06-11-20:30,31
1999-06-11-21:30,31
1999-06-11-22:30,30
1999-06-11-23:30,27
1999-06-12-02:30,29
1999-06-12-03:30,28
1999-06-12-04:30,30
1999-06-12-05:30,30
1999-06-12-06:30,34
1999-06-12-07:30,35
1999-06-12-08:30,36
1999-06-12-09:30,35
1999-06-12-10:30,36
1999-06-12-11:30,34
1999-06-12-12:30,35
1999-06-12-13:30,34
1999-06-12-14:30,32
1999-06-12-15:30,31
1999-06-12-16:30,31
1999-06-12-17:30,31
1999-06-12-18:30,30
1999-06-12-19:30,30
1999-06-12-20:30,30
1999-06-12-21:30,29
1999-06-12-22:30,29
1999-06-12-23:30,29
1999-06-13-00:30,29
1999-06-13-01:30,32
1999-06-13-02:30,33
1999-06-13-03:30,35
1999-06-13-04:30,36
1999-06-13-05:30,36
1999-06-13-06:30,37
1999-06-13-07:30,38
1999-06-13-08:30,38
1999-06-13-09:30,39
1999-06-13-10:30,39
1999-06-13-11:30,39
1999-06-13-13:30,37
1999-06-13-14:30,34
1999-06-13-15:30,34
1999-06-13-16:30,33
1999-06-13-17:30,33
1999-06-13-18:30,33
1999-06-13-19:30,33
1999-06-13-20:30,32
1999-06-13-21:30,31
1999-06-13-22:30,31
1999-06-13-23:30,31
1999-06-14-00:30,30
1999-06-14-01:30,31
1999-06-14-02:30,33
1999-06-14-03:30,35
1999-06-14-04:30,36
1999-06-14-05:30,37
1999-06-14-06:30,38
1999-06-14-07:30,39
1999-06-14-08:30,40
1999-06-14-10:30,40
1999-06-14-12:30,40
1999-06-14-13:30,39
1999-06-14-14:30,38
1999-06-14-15:30,37
1999-06-14-16:30,37
1999-06-14-17:30,35
1999-06-14-18:30,34
1999-06-14-19:30,34
1999-06-14-20:30,33
1999-06-14-21:30,33
1999-06-14-22:30,33
1999-06-14-23:30,32
1999-06-15-00:30,32
1999-06-15-01:30,33
1999-06-15-02:30,35
1999-06-15-04:30,38
1999-06-15-05:30,39
1999-06-15-06:30,41
1999-06-15-07:30,42
1999-06-15-08:30,42
1999-06-15-09:30,42
1999-06-15-10:30,42
1999-06-15-11:30,42
1999-06-15-12:30,42
1999-06-15-13:30,41
1999-06-15-14:30,38
1999-06-15-15:30,37
1999-06-15-16:30,37
1999-06-15-17:30,36
1999-06-15-18:30,35
1999-06-15-19:30,35
1999-06-15-20:30,34
1999-06-15-21:30,34
1999-06-15-22:30,34
1999-06-15-23:30,35
1999-06-16-00:30,34
1999-06-16-01:30,35
1999-06-16-02:30,36
1999-06-16-03:30,36
1999-06-16-04:30,37
1999-06-16-05:30,38
1999-06-16-06:30,39
1999-06-16-07:30,39
1999-06-16-08:30,40
1999-06-16-09:30,41
1999-06-16-10:30,41
1999-06-16-11:30,41
1999-06-16-12:30,41
1999-06-16-13:30,39
1999-06-16-14:30,38
1999-06-16-15:30,37
1999-06-16-16:30,36
1999-06-16-17:30,35
1999-06-16-18:30,34
1999-06-16-19:30,34
1999-06-16-20:30,34
1999-06-16-21:30,33
1999-06-16-22:30,33
1999-06-16-23:30,32
1999-06-17-00:30,32
1999-06-17-01:30,32
1999-06-17-02:30,32
1999-06-17-03:30,34
1999-06-17-04:30,36
1999-06-17-05:30,32
1999-06-17-06:30,31
1999-06-17-07:30,30
1999-06-17-08:30,31
1999-06-17-09:30,34
1999-06-17-10:30,34
1999-06-17-11:30,33
1999-06-17-12:30,33
1999-06-17-13:30,33
1999-06-17-14:30,32
1999-06-17-15:30,32
1999-06-17-16:30,31
1999-06-17-17:30,30
1999-06-17-18:30,30
1999-06-17-19:30,30
1999-06-17-20:30,30
1999-06-17-21:30,29
1999-06-17-22:30,29
1999-06-17-23:30,29
1999-06-18-00:30,29
1999-06-18-01:30,30
1999-06-18-02:30,32
1999-06-18-03:30,33
1999-06-18-04:30,35
1999-06-18-05:30,35
1999-06-18-06:30,36
1999-06-18-07:30,37
1999-06-18-08:30,37
1999-06-18-09:30,38
1999-06-18-10:30,38
1999-06-18-11:30,38
1999-06-18-12:30,38
1999-06-18-13:30,37
1999-06-18-14:30,37
1999-06-18-15:30,36
1999-06-18-16:30,35
1999-06-18-17:30,34
1999-06-18-18:30,34
1999-06-18-19:30,33
1999-06-18-20:30,33
1999-06-18-21:30,33
1999-06-18-22:30,32
1999-06-18-23:30,32
1999-06-19-00:30,32
1999-06-19-01:30,32
1999-06-19-02:30,33
1999-06-19-03:30,34
1999-06-19-04:30,35
1999-06-19-05:30,36
1999-06-19-06:30,37
1999-06-19-07:30,37
1999-06-19-08:30,38
1999-06-19-09:30,39
1999-06-19-10:30,39
1999-06-19-11:30,38
1999-06-19-12:30,37
1999-06-19-13:30,37
1999-06-19-14:30,36
1999-06-19-15:30,35
1999-06-19-16:30,35
1999-06-19-17:30,34
1999-06-19-18:30,34
1999-06-19-19:30,33
1999-06-19-20:30,33
1999-06-19-21:30,32
1999-06-19-22:30,32
1999-06-19-23:30,31
1999-06-20-00:30,31
1999-06-20-01:30,32
1999-06-20-02:30,34
1999-06-20-03:30,35
1999-06-20-04:30,35
1999-06-20-05:30,36
1999-06-20-06:30,37
1999-06-20-07:30,37
1999-06-20-08:30,37
1999-06-20-09:30,37
1999-06-20-10:30,39
1999-06-20-11:30,37
1999-06-20-12:30,37
1999-06-20-13:30,36
1999-06-20-14:30,35
1999-06-20-15:30,34
1999-06-20-16:30,34
1999-06-20-17:30,34
1999-06-20-18:30,34
1999-06-20-19:30,34
1999-06-20-21:30,33
1999-06-20-22:30,32
1999-06-20-23:30,32
1999-06-21-00:30,32
1999-06-21-01:30,32
1999-06-21-02:30,33
1999-06-21-03:30,35
1999-06-21-04:30,36
1999-06-21-05:30,37
1999-06-21-06:30,37
1999-06-21-07:30,38
1999-06-21-08:30,36
1999-06-21-09:30,34
1999-06-21-10:30,27
1999-06-21-11:30,27
1999-06-21-12:30,28
1999-06-21-13:30,29
1999-06-21-14:30,29
1999-06-21-15:30,29
1999-06-21-16:30,28
1999-06-21-17:30,28
1999-06-21-18:30,28
1999-06-21-19:30,28
1999-06-21-20:30,28
1999-06-21-21:30,28
1999-06-21-22:30,28
1999-06-21-23:30,28
1999-06-22-00:30,28
1999-06-22-01:30,28
1999-06-22-02:30,30
1999-06-22-03:30,32
1999-06-22-04:30,33
1999-06-22-05:30,35
1999-06-22-06:30,36
1999-06-22-07:30,37
1999-06-22-08:30,39
1999-06-22-09:30,40
1999-06-22-11:30,41
1999-06-22-13:30,33
1999-06-22-14:30,34
1999-06-22-15:30,33
1999-06-22-16:30,32
1999-06-22-17:30,32
1999-06-22-18:30,31
1999-06-22-19:30,31
1999-06-22-20:30,30
1999-06-22-21:30,29
1999-06-22-22:30,29
1999-06-22-23:30,29
1999-06-23-02:30,31
1999-06-23-03:30,33
1999-06-23-04:30,34
1999-06-23-05:30,36
1999-06-23-06:30,37
1999-06-23-07:30,39
1999-06-23-08:30,39
1999-06-23-09:30,40
1999-06-23-10:30,31
1999-06-23-11:30,32
1999-06-23-12:30,33
1999-06-23-14:30,33
1999-06-23-15:30,31
1999-06-23-16:30,30
1999-06-23-17:30,31
1999-06-23-18:30,31
1999-06-23-19:30,30
1999-06-23-20:30,30
1999-06-23-21:30,30
1999-06-23-22:30,30
1999-06-23-23:30,31
1999-06-24-00:30,31
1999-06-24-01:30,32
1999-06-24-02:30,33
1999-06-24-03:30,34
1999-06-24-05:30,36
1999-06-24-06:30,37
1999-06-24-07:30,38
1999-06-24-08:30,39
1999-06-24-09:30,40
1999-06-24-10:30,40
1999-06-24-11:30,40
1999-06-24-12:30,40
1999-06-24-13:30,39
1999-06-24-15:30,36
1999-06-24-16:30,37
1999-06-24-17:30,35
1999-06-24-18:30,35
1999-06-24-19:30,34
1999-06-24-21:30,35
1999-06-24-22:30,33
1999-06-24-23:30,33
1999-06-25-00:30,33
1999-06-25-01:30,33
1999-06-25-02:30,34
1999-06-25-04:30,35
1999-06-25-05:30,35
1999-06-25-06:30,36
1999-06-25-07:30,38
1999-06-25-08:30,39
1999-06-25-09:30,39
1999-06-25-10:30,39
1999-06-25-11:30,39
1999-06-25-12:30,39
1999-06-25-13:30,38
1999-06-25-14:30,38
1999-06-25-15:30,37
1999-06-25-16:30,36
1999-06-25-17:30,35
1999-06-25-18:30,35
1999-06-25-19:30,35
1999-06-25-22:30,33
1999-06-25-23:30,32
1999-06-26-00:30,32
1999-06-26-01:30,33
1999-06-26-02:30,34
1999-06-26-03:30,35
1999-06-26-04:30,36
1999-06-26-05:30,37
1999-06-26-06:30,38
1999-06-26-07:30,39
1999-06-26-08:30,39
1999-06-26-09:30,40
1999-06-26-10:30,40
1999-06-26-11:30,41
1999-06-26-12:30,40
1999-06-26-13:30,39
1999-06-26-14:30,38
1999-06-26-15:30,38
1999-06-26-16:30,37
1999-06-26-17:30,36
1999-06-26-18:30,35
1999-06-26-19:30,36
1999-06-26-21:30,35
1999-06-26-22:30,34
1999-06-26-23:30,33
1999-06-27-00:30,32
1999-06-27-01:30,34
1999-06-27-02:30,33
1999-06-27-03:30,33
1999-06-27-04:30,35
1999-06-27-05:30,37
1999-06-27-06:30,37
1999-06-27-07:30,38
1999-06-27-08:30,39
1999-06-27-09:30,39
1999-06-27-10:30,39
1999-06-27-11:30,39
1999-06-27-12:30,39
1999-06-27-13:30,38
1999-06-27-14:30,37
1999-06-27-15:30,35
1999-06-27-16:30,35
1999-06-27-17:30,34
1999-06-27-18:30,29
1999-06-27-19:30,29
1999-06-27-20:30,26
1999-06-27-21:30,26
1999-06-27-22:30,25
1999-06-28-00:30,26
1999-06-28-01:30,26
1999-06-28-02:30,27
1999-06-28-03:30,28
1999-06-28-04:30,29
1999-06-28-05:30,31
1999-06-28-06:30,32
1999-06-28-08:30,31
1999-06-28-09:30,31
1999-06-28-10:30,31
1999-06-28-11:30,32
1999-06-28-12:30,32
1999-06-28-13:30,31
1999-06-28-14:30,30
1999-06-28-15:30,30
1999-06-28-16:30,30
1999-06-28-17:30,29
1999-06-28-18:30,29
1999-06-28-19:30,29
1999-06-28-20:30,28
1999-06-28-21:30,28
1999-06-28-22:30,28
1999-06-28-23:30,28
1999-06-29-00:30,28
1999-06-29-01:30,29
1999-06-29-02:30,30
1999-06-29-03:30,31
1999-06-29-04:30,32
1999-06-29-05:30,34
1999-06-29-06:30,35
1999-06-29-07:30,36
1999-06-29-08:30,37
1999-06-29-09:30,36
1999-06-29-11:30,35
1999-06-29-12:30,34
1999-06-29-13:30,33
1999-06-29-14:30,32
1999-06-29-15:30,32
1999-06-29-16:30,31
1999-06-29-17:30,31
1999-06-29-18:30,31
1999-06-29-19:30,30
1999-06-29-20:30,30
1999-06-29-21:30,30
1999-06-29-22:30,29
1999-06-29-23:30,30
1999-06-30-00:30,31
1999-06-30-01:30,33
1999-06-30-02:30,34
1999-06-30-03:30,35
1999-06-30-04:30,36
1999-06-30-05:30,37
1999-06-30-06:30,38
1999-06-30-07:30,38
1999-06-30-08:30,39
1999-06-30-09:30,39
1999-06-30-10:30,36
1999-06-30-11:30,36
1999-06-30-12:30,35
1999-06-30-13:30,34
1999-06-30-14:30,33
1999-06-30-15:30,32
1999-06-30-16:30,33
1999-06-30-17:30,32
1999-06-30-18:30,32
1999-06-30-19:30,32
1999-06-30-20:30,32
1999-06-30-21:30,33
1999-06-30-22:30,33
1999-06-30-23:30,33
1999-07-01-00:30,33
1999-07-01-01:30,33
1999-07-01-02:30,34
1999-07-01-03:30,35
1999-07-01-04:30,36
1999-07-01-05:30,36
1999-07-01-06:30,37
1999-07-01-07:30,37
1999-07-01-08:30,38
1999-07-01-09:30,38
1999-07-01-10:30,38
1999-07-01-11:30,37
1999-07-01-12:30,38
1999-07-01-13:30,37
1999-07-01-14:30,36
1999-07-01-15:30,35
1999-07-01-16:30,34
1999-07-01-17:30,34
1999-07-01-18:30,33
1999-07-01-19:30,33
1999-07-01-20:30,33
1999-07-01-21:30,33
1999-07-01-22:30,32
1999-07-01-23:30,32
1999-07-02-00:30,32
1999-07-02-01:30,32
1999-07-02-02:30,33
1999-07-02-03:30,34
1999-07-02-04:30,35
1999-07-02-05:30,35
1999-07-02-06:30,37
1999-07-02-07:30,38
1999-07-02-08:30,38
1999-07-02-09:30,38
1999-07-02-10:30,38
1999-07-02-11:30,38
1999-07-02-12:30,37
1999-07-02-13:30,37
1999-07-02-14:30,36
1999-07-02-16:30,35
1999-07-02-17:30,35
1999-07-02-18:30,35
1999-07-02-19:30,34
1999-07-02-20:30,33
1999-07-02-21:30,32
1999-07-02-22:30,32
1999-07-03-00:30,32
1999-07-03-01:30,33
1999-07-03-02:30,33
1999-07-03-03:30,33
1999-07-03-05:30,34
1999-07-03-06:30,35
1999-07-03-07:30,36
1999-07-03-08:30,37
1999-07-03-10:30,37
1999-07-03-11:30,37
1999-07-03-12:30,36
1999-07-03-13:30,35
1999-07-03-15:30,34
1999-07-03-16:30,34
1999-07-03-17:30,33
1999-07-03-18:30,33
1999-07-03-19:30,32
1999-07-03-20:30,33
1999-07-03-21:30,33
1999-07-03-22:30,32
1999-07-03-23:30,31
1999-07-04-00:30,31
1999-07-04-01:30,32
1999-07-04-02:30,33
1999-07-04-03:30,35
1999-07-04-04:30,36
1999-07-04-05:30,37
1999-07-04-06:30,37
1999-07-04-07:30,38
1999-07-04-08:30,39
1999-07-04-09:30,39
1999-07-04-10:30,36
1999-07-04-11:30,33
1999-07-04-12:30,34
1999-07-04-13:30,33
1999-07-04-14:30,30
1999-07-04-15:30,30
1999-07-04-16:30,31
1999-07-04-17:30,31
1999-07-04-18:30,31
1999-07-04-19:30,31
1999-07-04-20:30,31
1999-07-04-21:30,31
1999-07-04-22:30,30
1999-07-04-23:30,29
1999-07-05-00:30,29
1999-07-05-01:30,30
1999-07-05-02:30,31
1999-07-05-05:30,34
1999-07-05-06:30,36
1999-07-05-07:30,37
1999-07-05-08:30,38
1999-07-05-09:30,29
1999-07-05-10:30,28
1999-07-05-11:30,28
1999-07-05-12:30,29.5
1999-07-05-13:30,31
1999-07-05-14:30,29
1999-07-05-15:30,29
1999-07-05-16:30,29
1999-07-05-17:30,29
1999-07-05-18:30,29
1999-07-05-19:30,29
1999-07-05-20:30,29
1999-07-05-21:30,30
1999-07-05-22:30,30
1999-07-05-23:30,29
1999-07-06-00:30,29
1999-07-06-01:30,28
1999-07-06-02:30,29
1999-07-06-03:30,30
1999-07-06-04:30,30
1999-07-06-05:30,32
1999-07-06-06:30,35
1999-07-06-08:30,38
1999-07-06-09:30,38
1999-07-06-10:30,38
1999-07-06-11:30,38
1999-07-06-12:30,38
1999-07-06-13:30,34
1999-07-06-14:30,34
1999-07-06-15:30,32
1999-07-06-16:30,32
1999-07-06-17:30,31
1999-07-06-18:30,31
1999-07-06-19:30,30
1999-07-06-20:30,30
1999-07-06-21:30,29
1999-07-06-22:30,29
1999-07-07-00:30,29
1999-07-07-01:30,31
1999-07-07-02:30,32
1999-07-07-03:30,34
1999-07-07-04:30,35
1999-07-07-05:30,36
1999-07-07-06:30,37
1999-07-07-07:30,38
1999-07-07-08:30,39
1999-07-07-09:30,39
1999-07-07-10:30,39
1999-07-07-14:30,32
1999-07-07-15:30,33
1999-07-07-16:30,33
1999-07-07-17:30,32
1999-07-07-18:30,33
1999-07-07-19:30,32
1999-07-07-20:30,31
1999-07-07-21:30,31
1999-07-07-22:30,30
1999-07-07-23:30,30
1999-07-08-00:30,31
1999-07-08-01:30,31
1999-07-08-02:30,32
1999-07-08-03:30,33
1999-07-08-04:30,35
1999-07-08-05:30,36
1999-07-08-06:30,35
1999-07-08-07:30,36
1999-07-08-08:30,37
1999-07-08-09:30,37
1999-07-08-10:30,37
1999-07-08-11:30,37
1999-07-08-12:30,36
1999-07-08-14:30,34
1999-07-08-15:30,33
1999-07-08-16:30,33
1999-07-08-17:30,32
1999-07-08-18:30,31
1999-07-08-19:30,31
1999-07-08-20:30,31
1999-07-08-21:30,31
1999-07-08-22:30,30
1999-07-08-23:30,30
1999-07-09-00:30,30
1999-07-09-01:30,31
1999-07-09-02:30,33
1999-07-09-03:30,34
1999-07-09-04:30,36
1999-07-09-06:30,38
1999-07-09-07:30,39
1999-07-09-08:30,40
1999-07-09-09:30,34
1999-07-09-10:30,33
1999-07-09-11:30,33
1999-07-09-12:30,33
1999-07-09-13:30,33
1999-07-09-14:30,33
1999-07-09-15:30,33
1999-07-09-16:30,32
1999-07-09-17:30,32
1999-07-09-18:30,32
1999-07-09-19:30,32
1999-07-09-20:30,32
1999-07-09-21:30,32
1999-07-09-22:30,31
1999-07-09-23:30,31
1999-07-10-00:30,30
1999-07-10-01:30,33
1999-07-10-02:30,34
1999-07-10-03:30,35
1999-07-10-04:30,35
1999-07-10-05:30,36
1999-07-10-06:30,37
1999-07-10-07:30,38
1999-07-10-08:30,38
1999-07-10-09:30,40
1999-07-10-17:30,34
1999-07-10-18:30,34
1999-07-10-19:30,35
1999-07-10-20:30,34
1999-07-10-21:30,34
1999-07-10-22:30,33
1999-07-10-23:30,33
1999-07-11-00:30,33
1999-07-11-01:30,33
1999-07-11-02:30,34
1999-07-11-04:30,35
1999-07-11-05:30,36
1999-07-11-06:30,37
1999-07-11-07:30,38
1999-07-11-08:30,39
1999-07-11-09:30,39
1999-07-11-10:30,39
1999-07-11-12:30,39
1999-07-11-13:30,39
1999-07-11-14:30,33
1999-07-11-15:30,31
1999-07-11-16:30,31
1999-07-11-17:30,30
1999-07-11-18:30,30
1999-07-11-19:30,30
1999-07-11-20:30,29
1999-07-11-21:30,28
1999-07-11-22:30,28
1999-07-11-23:30,28
1999-07-12-00:30,28
1999-07-12-01:30,29
1999-07-12-02:30,30
1999-07-12-03:30,30
1999-07-12-04:30,32
1999-07-12-05:30,32
1999-07-12-06:30,33
1999-07-12-07:30,34
1999-07-12-08:30,35
1999-07-12-10:30,37
1999-07-12-11:30,36
1999-07-12-12:30,36
1999-07-12-13:30,34
1999-07-12-14:30,32
1999-07-12-15:30,32
1999-07-12-16:30,31
1999-07-12-17:30,31
1999-07-12-18:30,31
1999-07-12-19:30,31
1999-07-12-20:30,31
1999-07-12-21:30,31
1999-07-12-22:30,31
1999-07-12-23:30,30
1999-07-13-00:30,30
1999-07-13-01:30,31
1999-07-13-02:30,32
1999-07-13-04:30,35
1999-07-13-05:30,36
1999-07-13-06:30,36
1999-07-13-07:30,36
1999-07-13-08:30,37
1999-07-13-09:30,38
1999-07-13-10:30,38
1999-07-13-11:30,38
1999-07-13-12:30,36
1999-07-13-13:30,37
1999-07-13-14:30,34
1999-07-13-15:30,33
1999-07-13-16:30,32
1999-07-13-17:30,32
1999-07-13-18:30,31
1999-07-13-19:30,31
1999-07-13-20:30,31
1999-07-13-21:30,31
1999-07-13-22:30,30
1999-07-13-23:30,30
1999-07-14-00:30,29
1999-07-14-01:30,30
1999-07-14-02:30,31
1999-07-14-03:30,32
1999-07-14-04:30,34
1999-07-14-05:30,36
1999-07-14-06:30,36
1999-07-14-07:30,37
1999-07-14-08:30,38
1999-07-14-09:30,39
1999-07-14-10:30,39
1999-07-14-11:30,39
1999-07-14-12:30,38
1999-07-14-13:30,37
1999-07-14-14:30,35
1999-07-14-15:30,34
1999-07-14-16:30,33
1999-07-14-17:30,33
1999-07-14-18:30,32
1999-07-14-19:30,32
1999-07-14-20:30,32
1999-07-14-21:30,31
1999-07-14-23:30,30
1999-07-15-00:30,30
1999-07-15-01:30,32
1999-07-15-02:30,33
1999-07-15-03:30,35
1999-07-15-04:30,36
1999-07-15-05:30,36
1999-07-15-06:30,36
1999-07-15-07:30,38
1999-07-15-08:30,37
1999-07-15-09:30,38
1999-07-15-10:30,38
1999-07-15-11:30,37
1999-07-15-13:30,35
1999-07-15-14:30,35
1999-07-15-15:30,34
1999-07-15-16:30,34
1999-07-15-17:30,33
1999-07-15-18:30,33
1999-07-15-19:30,33
1999-07-15-20:30,32
1999-07-15-21:30,32
1999-07-15-22:30,32
1999-07-15-23:30,31
1999-07-16-00:30,31
1999-07-16-01:30,31
1999-07-16-02:30,32
1999-07-16-03:30,33
1999-07-16-04:30,35
1999-07-16-05:30,35
1999-07-16-06:30,35
1999-07-16-07:30,36
1999-07-16-08:30,37
1999-07-16-09:30,38
1999-07-16-10:30,37
1999-07-16-11:30,37
1999-07-16-12:30,37
1999-07-16-13:30,36
1999-07-16-14:30,34
1999-07-16-15:30,33
1999-07-16-16:30,33
1999-07-16-17:30,32
1999-07-16-18:30,32
1999-07-16-19:30,31
1999-07-16-20:30,31
1999-07-16-21:30,30
1999-07-16-22:30,30
1999-07-16-23:30,30
1999-07-17-01:30,30
1999-07-17-02:30,32
1999-07-17-03:30,34
1999-07-17-04:30,34
1999-07-17-05:30,34
1999-07-17-06:30,34
1999-07-17-07:30,35
1999-07-17-08:30,36
1999-07-17-09:30,36
1999-07-17-10:30,36
1999-07-17-11:30,35
1999-07-17-12:30,33
1999-07-17-13:30,33
1999-07-17-14:30,32
1999-07-17-15:30,32
1999-07-17-16:30,32
1999-07-17-17:30,31
1999-07-17-18:30,31
1999-07-17-19:30,31
1999-07-17-20:30,31
1999-07-17-21:30,31
1999-07-17-22:30,30
1999-07-17-23:30,30
1999-07-18-00:30,30
1999-07-18-01:30,29
1999-07-18-02:30,27
1999-07-18-04:30,28
1999-07-18-05:30,27
1999-07-18-06:30,27
1999-07-18-07:30,28
1999-07-18-08:30,28
1999-07-18-09:30,28
1999-07-18-10:30,28
1999-07-18-11:30,28
1999-07-18-12:30,28
1999-07-18-13:30,28
1999-07-18-14:30,29
1999-07-18-15:30,28
1999-07-18-16:30,28
1999-07-18-17:30,28
1999-07-18-18:30,28
1999-07-18-19:30,28
1999-07-18-20:30,28
1999-07-18-21:30,28
1999-07-18-22:30,28
1999-07-18-23:30,28
1999-07-19-00:30,28
1999-07-19-01:30,29
1999-07-19-02:30,28
1999-07-19-03:30,28
1999-07-19-04:30,28
1999-07-19-05:30,29
1999-07-19-06:30,30
1999-07-19-07:30,30
1999-07-19-08:30,31
1999-07-19-09:30,32
1999-07-19-10:30,32
1999-07-19-11:30,32
1999-07-19-12:30,30
1999-07-19-13:30,29
1999-07-19-14:30,28
1999-07-19-15:30,29
1999-07-19-16:30,29
1999-07-19-17:30,28
1999-07-19-19:30,28
1999-07-19-20:30,28
1999-07-19-21:30,28
1999-07-19-22:30,28
1999-07-19-23:30,28
1999-07-20-00:30,28
1999-07-20-01:30,28
1999-07-20-02:30,28
1999-07-20-03:30,28
1999-07-20-04:30,28
1999-07-20-05:30,29
1999-07-20-06:30,31
1999-07-20-07:30,31
1999-07-20-08:30,32
1999-07-20-09:30,32
1999-07-20-10:30,31
1999-07-20-11:30,31
1999-07-20-12:30,30
1999-07-20-13:30,29
1999-07-20-14:30,29
1999-07-20-15:30,29
1999-07-20-16:30,29
1999-07-20-17:30,29
1999-07-20-18:30,29
1999-07-20-19:30,29
1999-07-20-20:30,29
1999-07-20-21:30,29
1999-07-20-22:30,29
1999-07-20-23:30,29
1999-07-21-00:30,28
1999-07-21-01:30,28
1999-07-21-02:30,29
1999-07-21-03:30,28
1999-07-21-04:30,30
1999-07-21-05:30,30
1999-07-21-06:30,30
1999-07-21-07:30,32
1999-07-21-08:30,33
1999-07-21-09:30,30
1999-07-21-10:30,30
1999-07-21-11:30,28
1999-07-21-13:30,28
1999-07-21-14:30,29
1999-07-21-15:30,29
1999-07-21-16:30,29
1999-07-21-17:30,29
1999-07-21-19:30,29
1999-07-21-20:30,29
1999-07-21-21:30,29
1999-07-21-22:30,29
1999-07-21-23:30,28
1999-07-22-00:30,28
1999-07-22-01:30,28
1999-07-22-02:30,28
1999-07-22-03:30,29
1999-07-22-04:30,29
1999-07-22-05:30,31
1999-07-22-06:30,31
1999-07-22-07:30,33
1999-07-22-08:30,33
1999-07-22-09:30,34
1999-07-22-10:30,33
1999-07-22-11:30,30
1999-07-22-12:30,30
1999-07-22-13:30,30
1999-07-22-14:30,30
1999-07-22-15:30,28
1999-07-22-16:30,28
1999-07-22-17:30,28
1999-07-22-18:30,28
1999-07-22-19:30,28
1999-07-22-20:30,28
1999-07-22-21:30,28
1999-07-22-22:30,27
1999-07-22-23:30,26
1999-07-23-00:30,27
1999-07-23-01:30,28
1999-07-23-02:30,28
1999-07-23-03:30,28
1999-07-23-04:30,30
1999-07-23-05:30,31
1999-07-23-06:30,33
1999-07-23-07:30,33
1999-07-23-08:30,34
1999-07-23-09:30,26
1999-07-23-10:30,27
1999-07-23-11:30,28
1999-07-23-12:30,28
1999-07-23-13:30,28
1999-07-23-14:30,28
1999-07-23-15:30,28
1999-07-23-16:30,29
1999-07-23-17:30,29
1999-07-23-18:30,28
1999-07-23-19:30,28
1999-07-23-20:30,29
1999-07-23-21:30,29
1999-07-23-22:30,29
1999-07-23-23:30,29
1999-07-24-00:30,29
1999-07-24-01:30,29
1999-07-24-02:30,30
1999-07-24-04:30,32
1999-07-24-05:30,32
1999-07-24-06:30,33
1999-07-24-07:30,34
1999-07-24-08:30,34
1999-07-24-09:30,35
1999-07-24-10:30,35
1999-07-24-11:30,35
1999-07-24-12:30,34
1999-07-24-13:30,32
1999-07-24-14:30,32
1999-07-24-15:30,31
1999-07-24-16:30,31
1999-07-24-17:30,31
1999-07-24-18:30,31
1999-07-24-19:30,30
1999-07-24-20:30,30
1999-07-24-21:30,30
1999-07-24-22:30,30
1999-07-24-23:30,30
1999-07-25-00:30,30
1999-07-25-01:30,29
1999-07-25-02:30,30
1999-07-25-03:30,30
1999-07-25-04:30,31
1999-07-25-05:30,33
1999-07-25-06:30,33
1999-07-25-07:30,34
1999-07-25-08:30,35
1999-07-25-09:30,35
1999-07-25-10:30,34
1999-07-25-11:30,32
1999-07-25-12:30,32
1999-07-25-13:30,32
1999-07-25-14:30,31
1999-07-25-15:30,31
1999-07-25-16:30,31
1999-07-25-17:30,30
1999-07-25-18:30,30
1999-07-25-19:30,30
1999-07-25-20:30,30
1999-07-25-21:30,30
1999-07-25-22:30,30
1999-07-25-23:30,30
1999-07-26-00:30,29
1999-07-26-01:30,31
1999-07-26-02:30,31
1999-07-26-03:30,32
1999-07-26-04:30,34
1999-07-26-05:30,36
1999-07-26-06:30,36
1999-07-26-07:30,37
1999-07-26-08:30,38
1999-07-26-09:30,38
1999-07-26-10:30,38
1999-07-26-11:30,38
1999-07-26-12:30,38
1999-07-26-13:30,38
1999-07-26-14:30,36
1999-07-26-15:30,36
1999-07-26-16:30,35
1999-07-26-17:30,34
1999-07-26-18:30,34
1999-07-26-19:30,34
1999-07-26-20:30,34
1999-07-26-21:30,33
1999-07-26-22:30,33
1999-07-26-23:30,32
1999-07-27-00:30,32
1999-07-27-01:30,32
1999-07-27-02:30,33
1999-07-27-03:30,33
1999-07-27-04:30,34
1999-07-27-05:30,35
1999-07-27-06:30,35
1999-07-27-07:30,35
1999-07-27-08:30,35
1999-07-27-09:30,34
1999-07-27-11:30,32
1999-07-27-13:30,31
1999-07-27-14:30,30
1999-07-27-15:30,30
1999-07-27-16:30,30
1999-07-27-17:30,30
1999-07-27-19:30,29
1999-07-27-20:30,29
1999-07-27-21:30,29
1999-07-27-22:30,29
1999-07-27-23:30,29
1999-07-28-00:30,29
1999-07-28-01:30,29
1999-07-28-02:30,29
1999-07-28-03:30,29
1999-07-28-04:30,30
1999-07-28-05:30,30
1999-07-28-06:30,30
1999-07-28-07:30,29
1999-07-28-09:30,29
1999-07-28-10:30,29
1999-07-28-11:30,30
1999-07-28-12:30,29
1999-07-28-13:30,29
1999-07-28-14:30,29
1999-07-28-15:30,29
1999-07-28-16:30,29
1999-07-28-17:30,29
1999-07-28-18:30,29
1999-07-28-19:30,28
1999-07-28-20:30,28
1999-07-28-21:30,28
1999-07-28-22:30,28
1999-07-28-23:30,28
1999-07-29-00:30,28
1999-07-29-01:30,28
1999-07-29-02:30,29
1999-07-29-03:30,29
1999-07-29-04:30,31
1999-07-29-05:30,32
1999-07-29-06:30,33
1999-07-29-08:30,33
1999-07-29-09:30,31
1999-07-29-10:30,34
1999-07-29-11:30,28
1999-07-29-12:30,28
1999-07-29-13:30,29
1999-07-29-14:30,29
1999-07-29-15:30,29
1999-07-29-16:30,29
1999-07-29-17:30,29
1999-07-29-18:30,29
1999-07-29-19:30,29
1999-07-29-20:30,29
1999-07-29-21:30,29
1999-07-29-22:30,29
1999-07-29-23:30,29
1999-07-30-00:30,29
1999-07-30-01:30,29
1999-07-30-02:30,30
1999-07-30-03:30,30
1999-07-30-04:30,31
1999-07-30-05:30,29
1999-07-30-06:30,30
1999-07-30-07:30,31
1999-07-30-08:30,32
1999-07-30-09:30,33
1999-07-30-10:30,33
1999-07-30-11:30,32
1999-07-30-12:30,32
1999-07-30-13:30,32
1999-07-30-14:30,31
1999-07-30-15:30,31
1999-07-30-17:30,29
1999-07-30-18:30,29
1999-07-30-19:30,29
1999-07-30-20:30,29
1999-07-30-22:30,29
1999-07-30-23:30,29
1999-07-31-00:30,29
1999-07-31-01:30,29
1999-07-31-02:30,29
1999-07-31-03:30,31
1999-07-31-04:30,30
1999-07-31-05:30,31
1999-07-31-06:30,32
1999-07-31-07:30,32
1999-07-31-08:30,33
1999-07-31-09:30,33
1999-07-31-10:30,32
1999-07-31-11:30,32
1999-07-31-12:30,32
1999-07-31-13:30,31
1999-07-31-15:30,31
1999-07-31-16:30,31
1999-07-31-17:30,30
1999-07-31-18:30,30
1999-07-31-19:30,29
1999-07-31-20:30,29
1999-07-31-21:30,29
1999-07-31-22:30,29
1999-07-31-23:30,29
1999-08-01-00:30,29
1999-08-01-01:30,29
1999-08-01-02:30,30
1999-08-01-03:30,31
1999-08-01-04:30,32
1999-08-01-05:30,33
1999-08-01-06:30,33
1999-08-01-07:30,34
1999-08-01-08:30,35
1999-08-01-09:30,35
1999-08-01-10:30,35
1999-08-01-11:30,35
1999-08-01-12:30,35
1999-08-01-13:30,34
1999-08-01-14:30,33
1999-08-01-15:30,33
1999-08-01-16:30,32
1999-08-01-17:30,31
1999-08-01-18:30,31
1999-08-01-19:30,31
1999-08-01-20:30,30
1999-08-01-21:30,30
1999-08-01-22:30,30
1999-08-01-23:30,30
1999-08-02-00:30,29
1999-08-02-01:30,30
1999-08-02-02:30,31
1999-08-02-03:30,32
1999-08-02-04:30,33
1999-08-02-05:30,35
1999-08-02-06:30,35
1999-08-02-08:30,36
1999-08-02-09:30,36
1999-08-02-10:30,36
1999-08-02-11:30,36
1999-08-02-12:30,36
1999-08-02-13:30,36
1999-08-02-14:30,35
1999-08-02-15:30,33
1999-08-02-16:30,33
1999-08-02-17:30,32
1999-08-02-18:30,32
1999-08-02-19:30,31
1999-08-02-20:30,31
1999-08-02-21:30,31
1999-08-02-22:30,29
1999-08-02-23:30,30
1999-08-03-00:30,28
1999-08-03-01:30,29
1999-08-03-02:30,29
1999-08-03-03:30,30
1999-08-03-04:30,30
1999-08-03-05:30,31
1999-08-03-06:30,33
1999-08-03-07:30,34
1999-08-03-08:30,34
1999-08-03-09:30,35
1999-08-03-10:30,35
1999-08-03-11:30,35
1999-08-03-12:30,35
1999-08-03-13:30,34
1999-08-03-14:30,31.5
1999-08-03-15:30,29
1999-08-03-16:30,29
1999-08-03-17:30,29
1999-08-03-18:30,29
1999-08-03-19:30,29
1999-08-03-20:30,29
1999-08-03-21:30,29
1999-08-03-22:30,29
1999-08-03-23:30,29
1999-08-04-00:30,29
1999-08-04-01:30,29
1999-08-04-02:30,32
1999-08-04-03:30,33
1999-08-04-04:30,33
1999-08-04-05:30,35
1999-08-04-06:30,35
1999-08-04-07:30,36
1999-08-04-08:30,35
1999-08-04-09:30,35
1999-08-04-10:30,36
1999-08-04-11:30,36
1999-08-04-12:30,36
1999-08-04-13:30,35
1999-08-04-14:30,34
1999-08-04-15:30,34
1999-08-04-16:30,33
1999-08-04-17:30,33
1999-08-04-18:30,32
1999-08-04-19:30,32
1999-08-04-20:30,31
1999-08-04-21:30,31
1999-08-04-22:30,31
1999-08-04-23:30,30
1999-08-05-00:30,30
1999-08-05-01:30,30
1999-08-05-02:30,31
1999-08-05-03:30,31
1999-08-05-04:30,33
1999-08-05-05:30,34
1999-08-05-06:30,35
1999-08-05-07:30,36
1999-08-05-08:30,36
1999-08-05-09:30,37
1999-08-05-10:30,37
1999-08-05-11:30,34
1999-08-05-13:30,31
1999-08-05-14:30,31
1999-08-05-15:30,30
1999-08-05-16:30,30
1999-08-05-17:30,29
1999-08-05-18:30,28
1999-08-05-19:30,28
1999-08-05-20:30,28
1999-08-05-21:30,29
1999-08-05-22:30,29
1999-08-05-23:30,29
1999-08-06-00:30,29
1999-08-06-01:30,31
1999-08-06-02:30,31
1999-08-06-03:30,32
1999-08-06-04:30,32
1999-08-06-05:30,34
1999-08-06-06:30,34
1999-08-06-07:30,35
1999-08-06-08:30,35
1999-08-06-09:30,35
1999-08-06-10:30,35
1999-08-06-11:30,36
1999-08-06-12:30,32
1999-08-06-13:30,31
1999-08-06-14:30,30
1999-08-06-15:30,30
1999-08-06-16:30,30
1999-08-06-17:30,29
1999-08-06-18:30,29
1999-08-06-19:30,29
1999-08-06-20:30,29
1999-08-06-21:30,29
1999-08-06-22:30,29
1999-08-06-23:30,29
1999-08-07-01:30,30
1999-08-07-02:30,31
1999-08-07-03:30,32.5
1999-08-07-04:30,34
1999-08-07-05:30,34
1999-08-07-06:30,35
1999-08-07-07:30,36
1999-08-07-08:30,36
1999-08-07-09:30,37
1999-08-07-10:30,37
1999-08-07-11:30,37
1999-08-07-12:30,37
1999-08-07-13:30,36
1999-08-07-14:30,36
1999-08-07-15:30,35
1999-08-07-16:30,34
1999-08-07-17:30,34
1999-08-07-18:30,33
1999-08-07-19:30,34
1999-08-07-20:30,33
1999-08-07-21:30,32
1999-08-07-22:30,32
1999-08-07-23:30,32
1999-08-08-00:30,31
1999-08-08-01:30,31
1999-08-08-02:30,31
1999-08-08-03:30,33
1999-08-08-04:30,33
1999-08-08-05:30,34
1999-08-08-06:30,35
1999-08-08-07:30,36
1999-08-08-08:30,35
1999-08-08-09:30,37
1999-08-08-10:30,37
1999-08-08-11:30,36
1999-08-08-12:30,35
1999-08-08-13:30,34
1999-08-08-14:30,34
1999-08-08-15:30,33
1999-08-08-16:30,32
1999-08-08-17:30,32
1999-08-08-18:30,32
1999-08-08-19:30,32
1999-08-08-20:30,31
1999-08-08-21:30,29
1999-08-08-22:30,29
1999-08-08-23:30,30
1999-08-09-00:30,29
1999-08-09-01:30,30
1999-08-09-02:30,31
1999-08-09-03:30,31
1999-08-09-04:30,31
1999-08-09-05:30,32
1999-08-09-06:30,31
1999-08-09-08:30,32
1999-08-09-09:30,32
1999-08-09-10:30,32
1999-08-09-18:30,30
1999-08-09-19:30,30
1999-08-09-20:30,30
1999-08-09-21:30,30
1999-08-09-22:30,29
1999-08-09-23:30,29
1999-08-10-00:30,30
1999-08-10-01:30,30
1999-08-10-02:30,31
1999-08-10-03:30,31
1999-08-10-04:30,31
1999-08-10-05:30,32
1999-08-10-06:30,31
1999-08-10-08:30,34
1999-08-10-09:30,34
1999-08-10-10:30,35
1999-08-10-11:30,35
1999-08-10-12:30,34
1999-08-10-13:30,32
1999-08-10-14:30,31
1999-08-10-15:30,31
1999-08-10-16:30,31
1999-08-10-17:30,31
1999-08-10-18:30,30
1999-08-10-19:30,30
1999-08-10-20:30,30
1999-08-10-21:30,30
1999-08-10-22:30,30
1999-08-10-23:30,30
1999-08-11-00:30,30
1999-08-11-01:30,30
1999-08-11-02:30,31
1999-08-11-03:30,31
1999-08-11-04:30,32
1999-08-11-05:30,31
1999-08-11-06:30,32
1999-08-11-07:30,34
1999-08-11-08:30,34
1999-08-11-09:30,34
1999-08-11-10:30,34
1999-08-11-11:30,34
1999-08-11-12:30,33
1999-08-11-13:30,34
1999-08-11-14:30,33
1999-08-11-15:30,33
1999-08-11-16:30,32
1999-08-11-17:30,32
1999-08-11-18:30,29
1999-08-11-19:30,29
1999-08-11-20:30,29
1999-08-11-21:30,29
1999-08-11-23:30,29
1999-08-12-00:30,29
1999-08-12-01:30,29
1999-08-12-02:30,30
1999-08-12-03:30,31
1999-08-12-04:30,32
1999-08-12-05:30,33
1999-08-12-09:30,35
1999-08-12-10:30,35
1999-08-12-11:30,34
1999-08-12-12:30,34
1999-08-12-13:30,34
1999-08-12-14:30,33
1999-08-12-15:30,32
1999-08-12-16:30,32
1999-08-12-17:30,32
1999-08-12-18:30,32
1999-08-12-19:30,32
1999-08-12-20:30,31
1999-08-12-21:30,31
1999-08-12-22:30,31
1999-08-12-23:30,30
1999-08-13-00:30,30
1999-08-13-01:30,31
1999-08-13-02:30,31
1999-08-13-04:30,33
1999-08-13-05:30,33
1999-08-13-06:30,34
1999-08-13-11:30,36
1999-08-13-12:30,35
1999-08-13-13:30,34
1999-08-13-14:30,34
1999-08-13-15:30,33
1999-08-13-18:30,31
1999-08-13-19:30,31
1999-08-13-20:30,31
1999-08-13-21:30,31
1999-08-13-22:30,30
1999-08-13-23:30,30
1999-08-14-00:30,30
1999-08-14-01:30,30
1999-08-14-02:30,32
1999-08-14-03:30,33
1999-08-14-04:30,34
1999-08-14-05:30,35
1999-08-14-06:30,36
1999-08-14-08:30,37
1999-08-14-09:30,37
1999-08-14-10:30,37
1999-08-14-11:30,37
1999-08-14-12:30,37
1999-08-14-13:30,35
1999-08-14-14:30,34
1999-08-14-15:30,34
1999-08-14-16:30,33
1999-08-14-17:30,32
1999-08-14-18:30,32
1999-08-14-19:30,31
1999-08-14-20:30,31
1999-08-14-21:30,31
1999-08-14-22:30,31
1999-08-14-23:30,30
1999-08-15-00:30,30
1999-08-15-01:30,30
1999-08-15-02:30,31
1999-08-15-03:30,33
1999-08-15-04:30,35
1999-08-15-05:30,35
1999-08-15-06:30,36
1999-08-15-07:30,37
1999-08-15-08:30,38
1999-08-15-09:30,38
1999-08-15-10:30,38
1999-08-15-11:30,38
1999-08-15-12:30,37
1999-08-15-13:30,37
1999-08-15-14:30,36
1999-08-15-15:30,35
1999-08-15-16:30,34
1999-08-15-17:30,33
1999-08-15-18:30,33
1999-08-15-19:30,32
1999-08-15-20:30,31
1999-08-15-21:30,31
1999-08-15-22:30,31
1999-08-15-23:30,31
1999-08-16-00:30,30.5
1999-08-16-01:30,30
1999-08-16-02:30,31
1999-08-16-03:30,33
1999-08-16-04:30,34
1999-08-16-05:30,35
1999-08-16-06:30,37
1999-08-16-07:30,38
1999-08-16-08:30,37
1999-08-16-09:30,38
1999-08-16-10:30,38
1999-08-16-11:30,37
1999-08-16-12:30,37
1999-08-16-13:30,36
1999-08-16-14:30,35
1999-08-16-15:30,34
1999-08-16-16:30,32
1999-08-16-17:30,32
1999-08-16-18:30,31
1999-08-16-19:30,31
1999-08-16-20:30,31
1999-08-16-21:30,31
1999-08-16-22:30,30
1999-08-16-23:30,29
1999-08-17-00:30,28
1999-08-17-01:30,28
1999-08-17-02:30,29
1999-08-17-03:30,28
1999-08-17-04:30,29
1999-08-17-05:30,30
1999-08-17-06:30,32
1999-08-17-07:30,33
1999-08-17-08:30,34
1999-08-17-09:30,34
1999-08-17-10:30,34
1999-08-17-11:30,34
1999-08-17-12:30,34
1999-08-17-13:30,33
1999-08-17-14:30,32
1999-08-17-15:30,31
1999-08-17-16:30,31
1999-08-17-17:30,30
1999-08-17-18:30,30
1999-08-17-19:30,30
1999-08-17-20:30,30
1999-08-17-21:30,31
1999-08-17-22:30,30
1999-08-17-23:30,30
1999-08-18-00:30,29
1999-08-18-01:30,30
1999-08-18-02:30,32
1999-08-18-03:30,33
1999-08-18-04:30,34
1999-08-18-05:30,35
1999-08-18-06:30,36
1999-08-18-07:21,34
1999-08-18-08:30,32
1999-08-18-09:30,33
1999-08-18-10:30,31
1999-08-18-11:30,30
1999-08-18-12:30,30
1999-08-18-13:30,30
1999-08-18-14:30,29
1999-08-18-15:30,29
1999-08-18-16:30,30
1999-08-18-17:30,29
1999-08-18-18:30,29
1999-08-18-19:30,29
1999-08-18-20:30,29
1999-08-18-21:30,29
1999-08-18-22:30,29
1999-08-18-23:30,29
1999-08-19-00:30,29
1999-08-19-01:30,30
1999-08-19-02:30,32
1999-08-19-03:30,33
1999-08-19-04:30,34
1999-08-19-05:30,35
1999-08-19-06:30,36
1999-08-19-07:30,37
1999-08-19-08:30,37
1999-08-19-09:30,37
1999-08-19-10:30,37
1999-08-19-11:30,36
1999-08-19-16:30,31
1999-08-19-17:30,31
1999-08-19-18:30,31
1999-08-19-19:30,31
1999-08-19-20:30,30
1999-08-19-21:30,30
1999-08-19-22:30,30
1999-08-19-23:30,30
1999-08-20-00:30,30
1999-08-20-01:30,29
1999-08-20-02:30,30
1999-08-20-03:30,31
1999-08-20-04:30,32
1999-08-20-05:30,34
1999-08-20-07:30,34
1999-08-20-08:30,34
1999-08-20-10:30,36
1999-08-20-11:30,35
1999-08-20-13:30,34
1999-08-20-17:30,31
1999-08-20-18:30,31
1999-08-20-19:30,31
1999-08-20-20:30,31
1999-08-20-21:30,31
1999-08-21-03:30,34
1999-08-21-04:30,35
1999-08-21-05:30,36
1999-08-21-06:30,38
1999-08-21-07:30,38
1999-08-21-08:30,38
1999-08-21-09:30,38
1999-08-21-11:30,38
1999-08-21-12:30,38
1999-08-21-13:30,37
1999-08-21-14:30,36
1999-08-21-15:30,35
1999-08-21-16:30,33
1999-08-21-17:30,32
1999-08-21-18:30,32
1999-08-21-19:30,32
1999-08-21-20:30,32
1999-08-21-21:30,32
1999-08-21-22:30,32
1999-08-21-23:30,31
1999-08-22-00:30,31
1999-08-22-01:30,31
1999-08-22-02:30,33
1999-08-22-03:30,34
1999-08-22-04:30,35
1999-08-22-05:30,37
1999-08-22-06:30,37
1999-08-22-07:30,38
1999-08-22-08:30,38
1999-08-22-09:30,38
1999-08-22-10:30,39
1999-08-22-11:30,38
1999-08-22-12:30,38
1999-08-22-13:30,37
1999-08-22-14:30,36
1999-08-22-15:30,35
1999-08-22-16:30,35
1999-08-22-17:30,34
1999-08-22-18:30,34
1999-08-22-19:30,33
1999-08-22-20:30,32
1999-08-22-21:30,32
1999-08-22-22:30,31
1999-08-22-23:30,31
1999-08-23-00:30,31
1999-08-23-01:30,31
1999-08-23-02:30,32
1999-08-23-03:30,33
1999-08-23-04:30,35
1999-08-23-05:30,36
1999-08-23-06:30,37
1999-08-23-07:30,37
1999-08-23-08:30,38
1999-08-23-09:30,39
1999-08-23-10:30,38
1999-08-23-12:30,38
1999-08-23-14:30,36
1999-08-23-15:30,35
1999-08-23-16:30,34
1999-08-23-17:30,33
1999-08-23-18:30,33
1999-08-23-20:30,32
1999-08-23-21:30,31
1999-08-23-22:30,31
1999-08-23-23:30,30
1999-08-24-00:30,31
1999-08-24-01:30,30
1999-08-24-02:30,31
1999-08-24-03:30,33
1999-08-24-05:30,36
1999-08-24-06:30,36
1999-08-24-07:30,37
1999-08-24-08:30,38
1999-08-24-09:30,38
1999-08-24-10:30,39
1999-08-24-11:30,38
1999-08-24-12:30,37
1999-08-24-13:30,36
1999-08-24-14:30,36
1999-08-24-15:30,35
1999-08-24-16:30,33
1999-08-24-17:30,32
1999-08-24-18:30,32
1999-08-24-19:30,32
1999-08-24-20:30,33
1999-08-24-21:30,33
1999-08-24-22:30,32
1999-08-24-23:30,31
1999-08-25-00:30,30
1999-08-25-01:30,30
1999-08-25-02:30,32
1999-08-25-03:30,34
1999-08-25-04:30,35
1999-08-25-05:30,36
1999-08-25-06:30,37
1999-08-25-07:30,37
1999-08-25-08:30,38
1999-08-25-09:30,38
1999-08-25-10:30,39
1999-08-25-11:30,38
1999-08-25-12:30,38
1999-08-25-13:30,37
1999-08-25-14:30,36
1999-08-25-15:30,35
1999-08-25-16:30,35
1999-08-25-17:30,34
1999-08-25-18:30,33
1999-08-25-19:30,32
1999-08-25-20:30,32
1999-08-25-21:30,31
1999-08-25-22:30,31
1999-08-25-23:30,30
1999-08-26-00:30,30
1999-08-26-01:30,30
1999-08-26-02:30,32
1999-08-26-03:30,34
1999-08-26-04:30,35
1999-08-26-05:30,36
1999-08-26-06:30,37
1999-08-26-07:30,37
1999-08-26-08:30,38
1999-08-26-09:30,38
1999-08-26-10:30,38
1999-08-26-11:30,38
1999-08-26-12:30,37
1999-08-26-13:30,35
1999-08-26-14:30,34
1999-08-26-15:30,34
1999-08-26-16:30,34
1999-08-26-17:30,33
1999-08-26-18:30,33
1999-08-26-19:30,33
1999-08-26-20:30,32
1999-08-26-22:30,25
1999-08-26-23:30,26
1999-08-27-00:30,27
1999-08-27-01:30,28
1999-08-27-02:30,29
1999-08-27-03:30,31
1999-08-27-05:30,34
1999-08-27-07:30,36
1999-08-27-08:30,37
1999-08-27-09:30,37
1999-08-27-10:30,37
1999-08-27-11:30,37
1999-08-27-12:30,36
1999-08-27-13:30,35
1999-08-27-14:30,34
1999-08-27-15:30,34
1999-08-27-16:30,33
1999-08-27-17:30,33
1999-08-27-18:30,32
1999-08-27-19:30,32
1999-08-27-20:30,31
1999-08-27-21:30,31
1999-08-27-22:30,30
1999-08-27-23:30,30
1999-08-28-00:30,29
1999-08-28-01:30,29
1999-08-28-02:30,30
1999-08-28-03:30,32
1999-08-28-04:30,34
1999-08-28-05:30,35
1999-08-28-06:30,36
1999-08-28-07:30,37
1999-08-28-08:30,37
1999-08-28-09:30,37
1999-08-28-10:30,37
1999-08-28-11:30,37
1999-08-28-12:30,37
1999-08-28-13:30,35
1999-08-28-14:30,35
1999-08-28-15:30,34
1999-08-28-16:30,33
1999-08-28-17:30,33
1999-08-28-18:30,32
1999-08-28-19:30,32
1999-08-28-20:30,31
1999-08-28-21:30,31
1999-08-28-22:30,31
1999-08-28-23:30,30
1999-08-29-00:30,30
1999-08-29-01:30,31
1999-08-29-02:30,32
1999-08-29-03:30,33
1999-08-29-04:30,35
1999-08-29-05:30,36
1999-08-29-06:30,38
1999-08-29-07:30,38
1999-08-29-08:30,37
1999-08-29-09:30,37
1999-08-29-10:30,37
1999-08-29-11:30,37
1999-08-29-12:30,37
1999-08-29-13:30,36
1999-08-29-14:30,35
1999-08-29-15:30,34
1999-08-29-16:30,33
1999-08-29-17:30,32
1999-08-29-18:30,31
1999-08-29-19:30,31
1999-08-29-20:30,31
1999-08-29-21:30,31
1999-08-29-22:30,30
1999-08-29-23:30,30
1999-08-30-00:30,30
1999-08-30-01:30,30
1999-08-30-02:30,30
1999-08-30-03:30,32
1999-08-30-04:30,33
1999-08-30-05:30,36
1999-08-30-06:30,36
1999-08-30-07:30,37
1999-08-30-08:30,38
1999-08-30-09:30,37
1999-08-30-10:30,38
1999-08-30-11:30,37
1999-08-30-12:30,37
1999-08-30-13:30,36
1999-08-30-14:30,34
1999-08-30-15:30,33
1999-08-30-16:30,33
1999-08-30-17:30,32
1999-08-30-18:30,31
1999-08-30-19:30,31
1999-08-30-21:30,31
1999-08-30-22:30,30
1999-08-30-23:30,30
1999-08-31-00:30,30
1999-08-31-01:30,30
1999-08-31-02:30,31
1999-08-31-03:30,33
1999-08-31-04:30,37
1999-08-31-05:30,37
1999-08-31-06:30,37
1999-08-31-07:30,37
1999-08-31-08:30,38
1999-08-31-09:30,37
1999-08-31-10:30,38
1999-08-31-11:30,38
1999-08-31-12:30,37
1999-08-31-13:30,37
1999-08-31-14:30,35
1999-08-31-15:30,34
1999-08-31-16:30,32
1999-08-31-17:30,32
1999-08-31-18:30,31
1999-08-31-19:30,31
1999-08-31-20:30,31
1999-08-31-21:30,30
1999-08-31-22:30,30
1999-08-31-23:30,30
1999-09-01-00:30,30
1999-09-01-01:30,31
1999-09-01-02:30,33
1999-09-01-03:30,34
1999-09-01-04:30,35
1999-09-01-05:30,36
1999-09-01-06:30,36
1999-09-01-07:30,35
1999-09-01-08:30,32
1999-09-01-09:30,35
1999-09-01-10:30,36
1999-09-01-11:30,35
1999-09-01-12:30,34
1999-09-01-13:30,33
1999-09-01-14:30,31
1999-09-01-15:30,31
1999-09-01-16:30,30
1999-09-01-17:30,29
1999-09-01-18:30,29
1999-09-01-20:30,28
1999-09-01-21:30,29
1999-09-01-22:30,27
1999-09-02-00:30,28
1999-09-02-01:30,29
1999-09-02-02:30,30
1999-09-02-03:30,31
1999-09-02-04:30,33
1999-09-02-05:30,34
1999-09-02-06:30,36
1999-09-02-07:30,37
1999-09-02-08:30,36
1999-09-02-10:30,35
1999-09-02-11:30,34
1999-09-02-12:30,32
1999-09-02-13:30,32
1999-09-02-14:30,32
1999-09-02-15:30,31
1999-09-02-16:30,30
1999-09-02-17:30,30
1999-09-02-18:30,29
1999-09-02-19:30,29
1999-09-02-20:30,29
1999-09-02-21:30,29
1999-09-02-22:30,29
1999-09-02-23:30,29
1999-09-03-00:30,29
1999-09-03-01:30,29
1999-09-03-02:30,31
1999-09-03-03:30,32
1999-09-03-04:30,34
1999-09-03-05:30,35
1999-09-03-06:30,37
1999-09-03-10:30,34
1999-09-03-11:30,32
1999-09-03-12:30,30
1999-09-03-13:30,30
1999-09-03-14:30,30
1999-09-03-15:30,29
1999-09-03-16:30,29
1999-09-03-17:30,29
1999-09-03-18:30,29
1999-09-03-19:30,28
1999-09-03-20:30,28
1999-09-03-21:30,28
1999-09-03-22:30,28
1999-09-03-23:30,28
1999-09-04-00:30,28
1999-09-04-01:30,28
1999-09-04-02:30,30
1999-09-04-03:30,31
1999-09-04-04:30,33
1999-09-04-05:30,34
1999-09-04-06:30,34
1999-09-04-07:30,34
1999-09-04-08:30,35
1999-09-04-09:30,35
1999-09-04-10:30,36
1999-09-04-11:30,35
1999-09-04-12:30,34
1999-09-04-13:30,33
1999-09-04-14:30,33
1999-09-04-15:30,32
1999-09-04-16:30,32
1999-09-04-17:30,32
1999-09-04-18:30,31
1999-09-04-19:30,31
1999-09-04-20:30,31
1999-09-04-21:30,31
1999-09-04-22:30,30.5
1999-09-05-01:30,30
1999-09-05-02:30,31
1999-09-05-03:30,31
1999-09-05-04:30,32
1999-09-05-05:30,32
1999-09-05-06:30,32
1999-09-05-07:30,30
1999-09-05-08:30,32
1999-09-05-09:30,33
1999-09-05-10:30,33
1999-09-05-11:30,26
1999-09-05-12:30,26
1999-09-05-13:30,27
1999-09-05-14:30,27
1999-09-05-15:30,27
1999-09-05-16:30,27
1999-09-05-17:30,27
1999-09-05-18:30,27
1999-09-05-19:30,27
1999-09-05-21:30,27
1999-09-05-22:30,27
1999-09-06-00:30,26
1999-09-06-01:30,26
1999-09-06-02:30,26
1999-09-06-03:21,27
1999-09-06-04:30,27
1999-09-06-05:30,27
1999-09-06-06:30,27
1999-09-06-07:30,27
1999-09-06-08:30,27
1999-09-06-09:30,27
1999-09-06-10:30,27
1999-09-06-11:30,27
1999-09-06-12:30,27
1999-09-06-13:30,27
1999-09-06-14:30,27
1999-09-06-15:30,27
1999-09-06-16:30,27
1999-09-06-17:30,27
1999-09-06-18:30,27
1999-09-06-19:30,27
1999-09-06-20:30,27
1999-09-06-21:30,27
1999-09-06-22:30,27
1999-09-06-23:30,27
1999-09-07-00:30,27
1999-09-07-01:30,27
1999-09-07-02:30,27
1999-09-07-03:30,27
1999-09-07-04:30,27
1999-09-07-05:30,28
1999-09-07-06:30,28
1999-09-07-07:30,29
1999-09-07-08:30,29
1999-09-07-09:30,29
1999-09-07-10:30,29
1999-09-07-11:30,29
1999-09-07-12:30,29
1999-09-07-13:30,29
1999-09-07-14:30,28
1999-09-07-15:30,29
1999-09-07-16:30,29
1999-09-07-17:30,28
1999-09-07-18:30,28
1999-09-07-19:30,28
1999-09-07-20:30,28
1999-09-07-21:30,28
1999-09-07-22:30,28
1999-09-07-23:30,28
1999-09-08-00:30,28
1999-09-08-01:30,28
1999-09-08-02:30,28
1999-09-08-03:30,30
1999-09-08-04:30,31
1999-09-08-05:21,32
1999-09-08-05:30,32
1999-09-08-06:30,33
1999-09-08-07:30,29
1999-09-08-08:30,27
1999-09-08-09:30,28
1999-09-08-10:30,29
1999-09-08-11:30,29
1999-09-08-12:30,29
1999-09-08-14:30,29
1999-09-08-15:30,29
1999-09-08-16:30,29
1999-09-08-17:30,29
1999-09-08-18:30,28
1999-09-08-19:30,28
1999-09-08-20:30,28
1999-09-08-21:30,28
1999-09-08-23:30,28
1999-09-09-00:30,28
1999-09-09-01:30,28
1999-09-09-02:30,29
1999-09-09-03:30,31
1999-09-09-04:30,28
1999-09-09-05:30,28
1999-09-09-06:30,31
1999-09-09-08:30,33
1999-09-09-09:30,33
1999-09-09-10:30,32
1999-09-09-11:30,32
1999-09-09-12:30,31
1999-09-09-13:30,30
1999-09-09-14:30,30
1999-09-09-15:30,29
1999-09-09-16:30,29
1999-09-09-17:30,28
1999-09-09-18:30,28
1999-09-09-19:30,28
1999-09-09-20:30,28
1999-09-09-21:30,28
1999-09-09-22:30,28
1999-09-09-23:30,28
1999-09-10-00:30,28
1999-09-10-01:30,28
1999-09-10-03:30,29
1999-09-10-04:30,31
1999-09-10-05:30,31
1999-09-10-06:30,32
1999-09-10-07:30,32
1999-09-10-08:30,27
1999-09-10-09:30,27
1999-09-10-10:30,27
1999-09-10-11:30,28
1999-09-10-12:30,29
1999-09-10-13:30,28
1999-09-10-14:30,28
1999-09-10-15:30,28
1999-09-10-16:30,27
1999-09-10-17:30,27
1999-09-10-18:30,27
1999-09-10-19:30,27
1999-09-10-20:30,27
1999-09-10-21:30,27
1999-09-10-22:30,27
1999-09-10-23:30,27
1999-09-11-00:30,27
1999-09-11-01:30,27
1999-09-11-02:30,27
1999-09-11-03:30,28
1999-09-11-04:30,29
1999-09-11-05:30,29
1999-09-11-06:30,30
1999-09-11-07:30,31
1999-09-11-09:30,33
1999-09-11-10:30,30
1999-09-11-11:30,31
1999-09-11-12:30,31
1999-09-11-14:30,29
1999-09-11-15:30,29
1999-09-11-16:30,29
1999-09-11-17:30,28
1999-09-11-18:30,27
1999-09-11-19:30,28
1999-09-11-20:30,27
1999-09-11-21:30,27
1999-09-11-22:30,27
1999-09-11-23:30,27
1999-09-12-00:30,27
1999-09-12-01:30,27
1999-09-12-02:30,28
1999-09-12-03:30,30
1999-09-12-04:30,30
1999-09-12-05:30,31
1999-09-12-06:30,31
1999-09-12-07:30,32
1999-09-12-08:30,32
1999-09-12-09:30,33
1999-09-12-10:30,34
1999-09-12-11:30,33
1999-09-12-12:30,32
1999-09-12-18:30,29
1999-09-12-19:30,28
1999-09-12-20:30,28
1999-09-12-21:30,28
1999-09-12-22:30,29
1999-09-12-23:30,27
1999-09-13-00:30,28
1999-09-13-01:30,28
1999-09-13-02:30,29
1999-09-13-03:30,30
1999-09-13-04:30,31
1999-09-13-05:30,32
1999-09-13-06:30,33
1999-09-13-07:30,33
1999-09-13-08:30,34
1999-09-13-09:30,35
1999-09-13-10:30,35
1999-09-13-11:30,33
1999-09-13-13:30,32
1999-09-13-15:30,31
1999-09-13-16:30,31
1999-09-13-17:30,31
1999-09-13-19:30,30
1999-09-13-20:30,30
1999-09-13-21:30,30
1999-09-13-22:30,30
1999-09-13-23:30,29
1999-09-14-00:30,29
1999-09-14-01:30,30
1999-09-14-02:30,31
1999-09-14-03:30,33
1999-09-14-04:30,33
1999-09-14-05:30,34
1999-09-14-06:30,35
1999-09-14-07:30,35
1999-09-14-09:30,35
1999-09-14-10:30,35
1999-09-14-11:30,34
1999-09-14-12:30,33
1999-09-14-13:30,33
1999-09-14-14:30,31
1999-09-14-15:30,31
1999-09-14-16:30,29
1999-09-14-17:30,29
1999-09-14-18:30,28
1999-09-14-19:30,29
1999-09-14-20:30,28
1999-09-14-21:30,28
1999-09-14-22:30,27
1999-09-14-23:30,27
1999-09-15-00:30,28
1999-09-15-01:30,29
1999-09-15-02:30,30
1999-09-15-03:30,32
1999-09-15-04:30,33
1999-09-15-05:30,33
1999-09-15-06:30,34
1999-09-15-07:30,34
1999-09-15-08:30,35
1999-09-15-09:30,35
1999-09-15-10:30,35
1999-09-15-11:30,34
1999-09-15-12:30,34
1999-09-15-13:30,33
1999-09-15-14:30,32
1999-09-15-15:30,32
1999-09-15-16:30,31
1999-09-15-17:30,31
1999-09-15-18:30,30
1999-09-15-19:30,30
1999-09-15-20:30,30
1999-09-15-21:30,30
1999-09-15-22:30,30
1999-09-15-23:30,30
1999-09-16-00:30,29
1999-09-16-01:30,30
1999-09-16-02:30,31
1999-09-16-03:30,32
1999-09-16-04:30,33
1999-09-16-05:30,34
1999-09-16-06:30,35
1999-09-16-07:30,37
1999-09-16-08:30,37
1999-09-16-09:30,37
1999-09-16-10:30,37
1999-09-16-11:30,37
1999-09-16-12:30,35
1999-09-16-13:30,33
1999-09-16-14:30,32
1999-09-16-15:30,31
1999-09-16-16:30,31
1999-09-16-17:30,31
1999-09-16-18:30,31
1999-09-16-19:30,30
1999-09-16-21:30,30
1999-09-16-22:30,30
1999-09-17-00:30,29
1999-09-17-01:30,29
1999-09-17-02:30,31
1999-09-17-03:30,32
1999-09-17-04:30,34
1999-09-17-05:30,35
1999-09-17-06:30,35
1999-09-17-08:30,37
1999-09-17-09:30,38
1999-09-17-10:30,35
1999-09-17-11:30,35
1999-09-17-12:30,35
1999-09-17-13:30,32
1999-09-17-14:30,32
1999-09-17-15:30,32
1999-09-17-16:30,32
1999-09-17-17:30,32
1999-09-17-18:30,31
1999-09-17-19:30,31
1999-09-17-20:30,31
1999-09-17-21:30,31
1999-09-17-22:30,30
1999-09-17-23:30,29
1999-09-18-00:30,29
1999-09-18-02:30,31
1999-09-18-03:30,32
1999-09-18-04:30,34
1999-09-18-05:30,35
1999-09-18-06:30,36
1999-09-18-07:30,36
1999-09-18-08:30,37
1999-09-18-09:30,37
1999-09-18-10:30,37
1999-09-18-11:30,36
1999-09-18-12:30,36
1999-09-18-13:30,35
1999-09-18-15:30,33
1999-09-18-16:30,31
1999-09-18-17:30,31
1999-09-18-18:30,31
1999-09-18-19:30,31
1999-09-18-20:30,30
1999-09-18-21:30,30
1999-09-18-22:30,30
1999-09-18-23:30,30
1999-09-19-00:30,30
1999-09-19-01:30,30
1999-09-19-02:30,30
1999-09-19-03:30,31
1999-09-19-04:30,30
1999-09-19-05:30,33
1999-09-19-06:30,34
1999-09-19-07:30,34
1999-09-19-08:30,33
1999-09-19-09:30,27
1999-09-19-10:30,28
1999-09-19-11:30,29
1999-09-19-12:30,29
1999-09-19-13:30,29
1999-09-19-14:30,29
1999-09-19-15:30,29
1999-09-19-16:30,29
1999-09-19-17:30,29
1999-09-19-18:30,29
1999-09-19-19:30,29
1999-09-19-20:30,28
1999-09-19-21:30,28
1999-09-19-22:30,28
1999-09-19-23:30,28
1999-09-20-01:30,28
1999-09-20-02:30,29
1999-09-20-03:30,30
1999-09-20-04:30,31
1999-09-20-05:30,33
1999-09-20-06:30,35
1999-09-20-07:30,36
1999-09-20-08:30,36
1999-09-20-09:30,36
1999-09-20-10:30,37
1999-09-20-11:30,36
1999-09-20-13:30,34
1999-09-20-14:30,33
1999-09-20-15:30,32
1999-09-20-16:30,31
1999-09-20-17:30,31
1999-09-20-18:30,30
1999-09-20-19:30,30
1999-09-20-20:30,30
1999-09-20-21:30,29
1999-09-20-22:30,29
1999-09-20-23:30,29
1999-09-21-00:30,28
1999-09-21-01:30,29
1999-09-21-02:30,30
1999-09-21-03:30,32
1999-09-21-04:30,34
1999-09-21-05:30,35
1999-09-21-06:30,36
1999-09-21-07:30,37
1999-09-21-08:30,37
1999-09-21-09:30,37
1999-09-21-10:30,37
1999-09-21-11:30,37
1999-09-21-12:30,36
1999-09-21-13:30,34
1999-09-21-14:30,33
1999-09-21-15:30,32
1999-09-21-16:30,32
1999-09-21-17:30,32
1999-09-21-18:30,31
1999-09-21-19:30,31
1999-09-21-20:30,30
1999-09-21-21:30,30
1999-09-21-22:30,29
1999-09-21-23:30,29
1999-09-22-00:30,29
1999-09-22-01:30,30
1999-09-22-02:30,32
1999-09-22-03:30,34
1999-09-22-04:30,35
1999-09-22-05:30,35
1999-09-22-06:30,36
1999-09-22-07:30,37
1999-09-22-08:30,37
1999-09-22-09:30,38
1999-09-22-10:30,37
1999-09-22-11:30,36
1999-09-22-12:30,35
1999-09-22-17:30,30
1999-09-22-18:30,30
1999-09-22-19:30,30
1999-09-22-20:30,29
1999-09-22-21:30,29
1999-09-22-22:30,28
1999-09-22-23:30,28
1999-09-23-00:30,28
1999-09-23-01:30,28
1999-09-23-02:30,29
1999-09-23-03:30,31
1999-09-23-04:30,32
1999-09-23-05:30,34
1999-09-23-06:30,34
1999-09-23-07:30,34
1999-09-23-08:30,34
1999-09-23-09:30,35
1999-09-23-10:30,35
1999-09-23-11:30,33
1999-09-23-12:30,31
1999-09-23-13:30,31
1999-09-23-14:30,31
1999-09-23-15:30,30
1999-09-23-16:30,29
1999-09-23-19:30,28
1999-09-23-20:30,28
1999-09-23-21:30,28
1999-09-23-22:30,28
1999-09-23-23:30,28
1999-09-24-00:30,27
1999-09-24-01:30,28
1999-09-24-02:30,28
1999-09-24-03:30,29
1999-09-24-04:30,30
1999-09-24-05:30,32
1999-09-24-06:30,32
1999-09-24-07:30,33
1999-09-24-08:30,34
1999-09-24-09:30,34
1999-09-24-10:30,33
1999-09-24-11:30,32
1999-09-24-12:30,31
1999-09-24-13:30,31
1999-09-24-14:30,30
1999-09-24-15:30,30
1999-09-24-16:30,29
1999-09-24-17:30,29
1999-09-24-18:30,31
1999-09-24-19:30,29.5
1999-09-24-20:30,28
1999-09-24-21:30,28
1999-09-24-22:30,28
1999-09-24-23:30,30
1999-09-25-00:30,27
1999-09-25-01:30,28
1999-09-25-02:30,29
1999-09-25-03:30,31
1999-09-25-04:30,33
1999-09-25-05:30,33
1999-09-25-06:30,35
1999-09-25-07:30,35
1999-09-25-08:30,35
1999-09-25-09:30,36
1999-09-25-10:30,36
1999-09-25-11:30,36
1999-09-25-12:30,35
1999-09-25-13:30,33
1999-09-25-14:30,32
1999-09-25-15:30,32
1999-09-25-16:30,32
1999-09-25-17:30,31
1999-09-25-18:30,31
1999-09-25-19:30,30
1999-09-25-20:30,30
1999-09-25-21:30,30
1999-09-25-22:30,29
1999-09-25-23:30,29
1999-09-26-00:30,29
1999-09-26-01:30,29
1999-09-26-03:30,32
1999-09-26-04:30,34
1999-09-26-05:30,36
1999-09-26-06:30,37
1999-09-26-07:30,37
1999-09-26-08:30,38
1999-09-26-09:30,38
1999-09-26-10:30,38
1999-09-26-11:30,38
1999-09-26-12:30,37
1999-09-26-13:30,34
1999-09-26-14:30,33
1999-09-26-15:30,32
1999-09-26-16:30,31
1999-09-26-17:30,31
1999-09-26-18:30,31
1999-09-26-19:30,30
1999-09-26-20:30,30
1999-09-26-21:30,30
1999-09-26-22:30,29
1999-09-26-23:30,28
1999-09-27-00:30,28
1999-09-27-01:30,28
1999-09-27-02:30,29
1999-09-27-03:30,30
1999-09-27-04:30,31
1999-09-27-05:30,32
1999-09-27-06:30,32
1999-09-27-07:30,33
1999-09-27-09:30,34
1999-09-27-11:30,33
1999-09-27-12:30,31
1999-09-27-13:30,30
1999-09-27-14:30,30
1999-09-27-15:30,29
1999-09-27-16:30,29
1999-09-27-17:30,29
1999-09-27-18:30,29
1999-09-27-20:30,27
1999-09-27-21:30,27
1999-09-27-22:30,27
1999-09-27-23:30,27
1999-09-28-05:30,32
1999-09-28-06:30,33
1999-09-28-07:30,34
1999-09-28-08:30,34
1999-09-28-09:30,34
1999-09-28-11:30,34
1999-09-28-12:30,33
1999-09-28-13:30,31
1999-09-28-14:30,30
1999-09-28-15:30,30
1999-09-28-16:30,29.5
1999-09-28-17:30,28.75
1999-09-28-18:30,31
1999-09-28-19:30,29.5
1999-09-28-20:30,29
1999-09-28-21:30,28
1999-09-28-22:30,28
1999-09-29-00:30,28
1999-09-29-01:30,28
1999-09-29-02:30,31
1999-09-29-03:30,33
1999-09-29-04:30,32
1999-09-29-05:30,33
1999-09-29-06:30,34
1999-09-29-07:30,34
1999-09-29-08:30,34
1999-09-29-09:30,35
1999-09-29-10:30,35
1999-09-29-11:30,34
1999-09-29-12:30,33
1999-09-29-14:30,31
1999-09-29-15:30,30
1999-09-29-16:30,30
1999-09-29-17:30,30
1999-09-29-18:30,29
1999-09-29-19:30,29
1999-09-29-20:30,28
1999-09-29-21:30,28
1999-09-29-22:30,28
1999-09-29-23:30,28
1999-09-30-00:30,28.5
1999-09-30-01:30,29
1999-09-30-02:30,31
1999-09-30-03:30,31
1999-09-30-04:30,34
1999-09-30-05:30,34
1999-09-30-06:30,34
1999-09-30-07:30,35
1999-09-30-12:30,32
1999-09-30-13:30,24
1999-09-30-14:30,25
1999-09-30-15:30,26
1999-09-30-16:30,26
1999-09-30-17:30,27
1999-09-30-18:30,26
1999-09-30-19:30,26
1999-09-30-20:30,26
1999-10-01-00:30,26
1999-10-01-01:30,26
1999-10-01-02:30,28
1999-10-01-03:30,31
1999-10-01-04:30,32
1999-10-01-05:30,33
1999-10-01-06:30,32
1999-10-01-07:30,32
1999-10-01-08:30,32
1999-10-01-09:30,33
1999-10-01-10:00,33
1999-10-01-10:30,34
1999-10-01-11:30,32
1999-10-01-12:30,32
1999-10-01-13:30,30
1999-10-01-14:30,31
1999-10-01-15:30,30
1999-10-01-16:30,30
1999-10-01-17:30,30
1999-10-01-18:30,29
1999-10-01-19:30,29
1999-10-01-20:30,29
1999-10-01-21:30,29
1999-10-01-22:30,29
1999-10-02-01:30,26
1999-10-02-02:30,28
1999-10-02-03:30,29
1999-10-02-04:30,31
1999-10-02-05:30,31
1999-10-02-06:30,32
1999-10-02-07:30,33
1999-10-02-08:30,33
1999-10-02-09:30,34
1999-10-02-10:30,33
1999-10-02-11:30,32
1999-10-02-12:30,28
1999-10-02-13:30,27
1999-10-02-14:30,27
1999-10-02-15:30,27
1999-10-02-16:30,26.5
1999-10-02-17:30,26
1999-10-02-18:30,25
1999-10-02-19:30,25
1999-10-02-20:30,25
1999-10-02-21:30,24
1999-10-02-22:30,24
1999-10-02-23:30,25
1999-10-03-00:30,25
1999-10-03-01:30,25
1999-10-03-02:30,25
1999-10-03-03:30,26
1999-10-03-04:30,26
1999-10-03-05:30,29
1999-10-03-06:30,28
1999-10-03-07:30,30
1999-10-03-08:30,30
1999-10-03-09:30,31
1999-10-03-10:30,30
1999-10-03-11:30,30
1999-10-03-12:30,29
1999-10-03-13:30,28
1999-10-03-14:30,28
1999-10-03-15:30,27
1999-10-03-16:30,27
1999-10-03-17:30,27
1999-10-03-18:30,27
1999-10-03-21:30,26
1999-10-03-23:30,26
1999-10-04-00:30,26
1999-10-04-01:30,26
1999-10-04-02:30,26
1999-10-04-03:30,26
1999-10-04-04:30,27
1999-10-04-05:30,28
1999-10-04-06:30,29
1999-10-04-07:30,30
1999-10-04-08:30,31
1999-10-04-09:30,32
1999-10-04-10:30,32
1999-10-04-11:30,31
1999-10-04-12:30,30
1999-10-04-13:30,29
1999-10-04-14:30,29
1999-10-04-15:30,28
1999-10-04-16:30,28
1999-10-04-17:30,27
1999-10-04-18:30,27
1999-10-04-20:30,26
1999-10-04-21:30,26
1999-10-04-22:30,27
1999-10-04-23:30,26
1999-10-05-00:30,26
1999-10-05-01:30,26
1999-10-05-02:30,28
1999-10-05-03:30,29
1999-10-05-04:30,30
1999-10-05-05:30,30
1999-10-05-06:30,31
1999-10-05-08:30,33
1999-10-05-09:30,33
1999-10-05-10:30,32
1999-10-05-11:30,32
1999-10-05-12:30,31
1999-10-05-13:30,31
1999-10-05-14:30,30
1999-10-05-15:30,30
1999-10-05-19:30,28
1999-10-05-20:30,27
1999-10-05-21:30,27
1999-10-05-23:30,27
1999-10-06-00:30,27
1999-10-06-01:30,27
1999-10-06-02:30,29
1999-10-06-03:30,31
1999-10-06-04:30,32
1999-10-06-05:30,31
1999-10-06-06:30,31
1999-10-06-07:30,33
1999-10-06-08:30,32
1999-10-06-09:30,31
1999-10-06-10:30,30
1999-10-06-11:30,29
1999-10-06-12:30,29
1999-10-06-13:30,27
1999-10-06-14:30,26
1999-10-06-15:30,26
1999-10-06-16:30,26
1999-10-06-17:30,26
1999-10-06-18:30,26
1999-10-06-19:30,25
1999-10-06-20:30,25
1999-10-06-21:30,25
1999-10-06-22:30,25
1999-10-06-23:30,25
1999-10-07-00:30,25
1999-10-07-01:30,25
1999-10-07-02:30,26
1999-10-07-03:30,27
1999-10-07-06:30,32
1999-10-07-07:30,33
1999-10-07-08:30,33
1999-10-07-09:30,33
1999-10-07-10:30,33
1999-10-07-11:30,33
1999-10-07-12:30,32
1999-10-07-17:30,29
1999-10-07-18:30,28
1999-10-07-21:30,27
1999-10-07-22:30,27
1999-10-07-23:30,27
1999-10-08-00:30,26
1999-10-08-01:30,27
1999-10-08-03:30,29
1999-10-08-04:30,31
1999-10-08-05:30,33
1999-10-08-06:30,34
1999-10-08-07:30,35
1999-10-08-08:30,36
1999-10-08-09:30,36
1999-10-08-11:30,35
1999-10-08-12:30,33
1999-10-08-13:30,31
1999-10-08-14:30,30
1999-10-08-15:30,29
1999-10-08-16:30,27
1999-10-08-17:30,27
1999-10-08-18:30,27
1999-10-08-19:30,26
1999-10-08-20:30,25
1999-10-08-21:30,25
1999-10-08-22:30,25
1999-10-08-23:30,24
1999-10-09-00:30,24
1999-10-09-01:30,25
1999-10-09-02:30,26
1999-10-09-13:30,33
1999-10-09-14:30,29
1999-10-09-15:30,28
1999-10-09-16:30,28
1999-10-09-17:30,28
1999-10-09-18:30,27
1999-10-09-20:30,25
1999-10-09-21:30,26
1999-10-09-22:30,24
1999-10-09-23:30,24
1999-10-10-00:30,24
1999-10-10-01:30,24
1999-10-10-02:30,26
1999-10-10-03:30,29
1999-10-10-04:30,31
1999-10-10-05:30,33
1999-10-10-06:30,35
1999-10-10-07:30,36
1999-10-10-08:30,37
1999-10-10-09:30,37
1999-10-10-10:30,37
1999-10-10-11:30,36
1999-10-10-12:30,35
1999-10-10-13:30,34
1999-10-10-14:30,33
1999-10-10-15:30,29
1999-10-10-16:30,28
1999-10-10-20:30,26
1999-10-10-21:30,25
1999-10-10-22:30,24
1999-10-10-23:30,24
1999-10-11-00:30,25
1999-10-11-01:30,24
1999-10-11-02:30,26
1999-10-11-03:30,28
1999-10-11-04:30,31
1999-10-11-05:30,33
1999-10-11-06:30,35
1999-10-11-07:30,36
1999-10-11-08:30,37
1999-10-11-09:30,37
1999-10-11-10:30,37
1999-10-11-19:30,27
1999-10-12-07:30,35
1999-10-12-11:30,34
1999-10-12-12:30,32
1999-10-12-13:30,31
1999-10-12-14:30,30
1999-10-12-15:30,29
1999-10-12-16:30,29
1999-10-12-17:30,29
1999-10-12-18:30,27
1999-10-12-19:30,27
1999-10-12-20:30,26
1999-10-12-21:30,26
1999-10-12-22:30,24
1999-10-12-23:30,24
1999-10-13-00:30,23
1999-10-13-06:30,32
1999-10-13-07:30,33
1999-10-13-08:30,34
1999-10-13-09:30,34
1999-10-13-10:30,33
1999-10-13-12:30,30
1999-10-13-13:30,28
1999-10-13-14:30,28
1999-10-13-15:30,27
1999-10-13-16:30,26
1999-10-13-17:30,25
1999-10-13-18:30,24
1999-10-13-19:30,24
1999-10-13-20:30,24
1999-10-13-21:30,22
1999-10-13-23:30,22
1999-10-14-00:30,21
1999-10-14-01:30,22
1999-10-14-02:30,24
1999-10-14-03:30,26
1999-10-14-04:30,29
1999-10-14-05:30,31
1999-10-14-06:30,32
1999-10-14-08:30,33
1999-10-14-09:30,34
1999-10-14-10:30,33
1999-10-14-11:30,32
1999-10-14-12:30,31
1999-10-14-13:30,29
1999-10-14-14:30,27.5
1999-10-14-15:30,26
1999-10-14-16:30,26
1999-10-14-17:30,26
1999-10-14-18:30,25
1999-10-14-19:30,24
1999-10-14-20:30,24
1999-10-14-21:30,23
1999-10-14-22:30,22
1999-10-14-23:30,22
1999-10-15-00:30,21
1999-10-15-01:30,22
1999-10-15-02:30,24
1999-10-15-03:30,26
1999-10-15-04:30,29
1999-10-15-05:30,31
1999-10-15-06:30,32
1999-10-15-07:30,33
1999-10-15-08:30,33
1999-10-15-09:30,33
1999-10-15-10:30,32
1999-10-15-11:30,31
1999-10-15-12:30,29
1999-10-15-13:30,28
1999-10-15-14:30,28
1999-10-15-15:30,26
1999-10-15-16:30,24
1999-10-15-17:30,25
1999-10-15-18:30,24
1999-10-15-19:30,24
1999-10-15-20:30,22
1999-10-15-21:30,22
1999-10-15-22:30,22
1999-10-15-23:30,22
1999-10-16-00:30,21
1999-10-16-01:30,21
1999-10-16-02:30,23
1999-10-16-03:30,27
1999-10-16-04:30,29
1999-10-16-07:30,32
1999-10-16-08:30,33
1999-10-16-09:30,34
1999-10-16-10:30,33
1999-10-16-11:30,31
1999-10-16-12:30,30
1999-10-16-13:30,28
1999-10-16-14:30,28
1999-10-16-15:30,26
1999-10-16-16:30,26
1999-10-16-17:30,25
1999-10-16-18:30,24
1999-10-16-19:30,25
1999-10-16-20:30,24
1999-10-16-21:30,22
1999-10-16-22:30,22
1999-10-16-23:30,21
1999-10-17-00:30,21
1999-10-17-01:30,22
1999-10-17-02:30,24
1999-10-17-03:30,26
1999-10-17-04:30,29
1999-10-17-05:30,30
1999-10-17-06:30,32
1999-10-17-07:30,32
1999-10-17-08:30,33
1999-10-17-09:30,34
1999-10-17-10:30,33
1999-10-17-11:30,32
1999-10-17-12:30,29
1999-10-17-13:30,28
1999-10-17-14:30,27
1999-10-17-15:30,26
1999-10-17-16:30,26
1999-10-17-17:30,25
1999-10-17-18:30,25
1999-10-17-19:30,25
1999-10-17-20:30,24
1999-10-17-21:30,25
1999-10-17-22:30,25
1999-10-17-23:30,23
1999-10-18-00:30,23
1999-10-18-01:30,22
1999-10-18-02:30,25
1999-10-19-02:30,28
1999-10-19-03:30,29
1999-10-19-06:30,32
1999-10-19-07:30,33
1999-10-19-08:30,34
1999-10-19-09:30,34
1999-10-19-10:30,34
1999-10-19-11:30,33
1999-10-19-12:30,32
1999-10-19-13:30,31
1999-10-19-14:30,28
1999-10-19-15:30,27
1999-10-19-16:30,27
1999-10-19-17:30,26
1999-10-19-18:30,25
1999-10-19-19:30,24
1999-10-19-20:30,23
1999-10-19-21:30,23
1999-10-19-22:30,23
1999-10-19-23:30,22
1999-10-20-00:30,21
1999-10-20-01:30,22
1999-10-20-02:30,23
1999-10-20-03:30,26
1999-10-20-05:30,30
1999-10-20-07:30,33
1999-10-20-08:30,32
1999-10-20-13:30,28
1999-10-21-00:30,22
1999-10-21-01:30,21
1999-10-21-02:30,25
1999-10-21-03:30,27
1999-10-21-04:30,30
1999-10-21-05:30,32
1999-10-21-06:30,32
1999-10-21-07:30,33
1999-10-21-08:30,33
1999-10-21-09:30,33
1999-10-21-10:30,32
1999-10-21-11:30,31
1999-10-21-12:30,29
1999-10-21-13:30,28
1999-10-21-14:30,27
1999-10-21-15:30,26
1999-10-21-16:30,25
1999-10-21-17:30,25
1999-10-21-18:30,24
1999-10-21-19:30,23
1999-10-21-20:30,23
1999-10-21-21:30,23
1999-10-21-22:30,24
1999-10-22-02:30,25
1999-10-22-03:30,27
1999-10-22-04:30,30
1999-10-22-05:30,32
1999-10-22-06:30,32
1999-10-22-09:30,32
1999-10-22-10:30,32
1999-10-22-11:30,31
1999-10-22-12:30,29
1999-10-22-13:30,28
1999-10-22-14:30,27
1999-10-22-15:30,25
1999-10-22-16:30,26
1999-10-23-00:30,21
1999-10-23-02:30,25
1999-10-23-03:30,27
1999-10-23-04:30,29
1999-10-23-05:30,31
1999-10-23-06:30,32
1999-10-23-07:30,32
1999-10-23-08:30,33
1999-10-23-09:30,33
1999-10-23-10:30,32
1999-10-23-11:30,31
1999-10-23-12:30,29
1999-10-23-13:30,27
1999-10-23-14:30,27
1999-10-23-15:30,26
1999-10-23-17:30,25
1999-10-23-18:30,23
1999-10-23-19:30,23
1999-10-23-20:30,22
1999-10-23-21:30,22
1999-10-23-23:30,21
1999-10-24-00:30,21
1999-10-24-01:30,21
1999-10-24-02:30,22
1999-10-24-04:30,27
1999-10-24-05:30,29
1999-10-24-06:30,31
1999-10-24-07:30,31
1999-10-24-08:30,32
1999-10-24-09:30,33
1999-10-24-10:30,33
1999-10-24-11:30,32
1999-10-24-12:30,31
1999-10-24-13:30,28
1999-10-24-14:30,27
1999-10-24-15:30,26
1999-10-24-16:30,25
1999-10-24-17:30,25
1999-10-24-18:30,25
1999-10-24-19:30,24
1999-10-24-20:30,23
1999-10-24-21:30,23
1999-10-24-23:30,21
1999-10-25-00:30,21
1999-10-25-01:30,21
1999-10-25-02:30,23
1999-10-25-03:30,25
1999-10-25-04:30,27
1999-10-25-05:30,29
1999-10-25-06:30,31
1999-10-25-12:30,30
1999-10-25-13:30,28
1999-10-25-14:30,27
1999-10-25-15:30,26
1999-10-25-16:30,25
1999-10-25-17:30,25
1999-10-25-18:30,23
1999-10-25-19:30,23
1999-10-25-20:30,23
1999-10-25-21:30,22
1999-10-25-22:30,23
1999-10-25-23:30,22
1999-10-26-00:30,21
1999-10-26-01:30,21
1999-10-26-02:30,23
1999-10-26-03:30,25
1999-10-26-04:30,28
1999-10-26-05:30,29
1999-10-26-06:30,31
1999-10-26-07:30,32
1999-10-26-08:30,33
1999-10-26-09:30,33
1999-10-26-10:30,33
1999-10-26-12:30,31
1999-10-26-14:30,26
1999-10-26-15:30,26
1999-10-26-16:30,25
1999-10-26-17:30,24
1999-10-26-18:30,23
1999-10-26-19:30,23
1999-10-26-20:30,21
1999-10-26-21:30,21
1999-10-26-22:30,21
1999-10-26-23:30,21
1999-10-27-00:30,20
1999-10-27-01:30,20
1999-10-27-08:30,33
1999-10-27-09:30,33
1999-10-27-10:30,33
1999-10-27-11:30,32
1999-10-27-12:30,30
1999-10-27-13:30,29
1999-10-27-14:30,27
1999-10-27-15:30,25
1999-10-27-17:30,24
1999-10-27-21:30,22
1999-10-27-22:30,21
1999-10-28-00:30,20
1999-10-28-02:30,22
1999-10-28-03:30,24
1999-10-28-04:30,26
1999-10-28-05:30,29
1999-10-28-06:30,31
1999-10-28-07:30,32
1999-10-28-08:30,32
1999-10-28-09:30,33
1999-10-28-10:30,33
1999-10-28-11:30,32
1999-10-28-12:30,31
1999-10-28-13:30,28
1999-10-28-14:30,27
1999-10-28-16:30,26
1999-10-28-17:30,24
1999-10-28-18:30,23
1999-10-28-19:30,23
1999-10-28-20:30,22
1999-10-28-21:30,21
1999-10-28-22:30,20
1999-10-28-23:30,20
1999-10-29-00:30,20
1999-10-29-01:30,20
1999-10-29-02:30,21
1999-10-29-03:30,25
1999-10-29-04:30,26
1999-10-29-05:30,30
1999-10-29-06:30,32
1999-10-29-07:30,32
1999-10-29-08:30,33
1999-10-29-09:30,33
1999-10-29-10:30,33
1999-10-29-13:30,27
1999-10-29-14:30,26
1999-10-29-15:30,25
1999-10-29-16:30,25
1999-10-29-17:30,25
1999-10-29-18:30,24
1999-10-29-19:30,24
1999-10-29-20:30,22
1999-10-29-22:30,21
1999-10-29-23:30,21
1999-10-30-00:30,20
1999-10-30-04:30,27
1999-10-30-05:30,29
1999-10-30-06:30,31
1999-10-30-07:30,32
1999-10-30-08:30,33
1999-10-30-09:30,33
1999-10-30-10:30,33
1999-10-30-11:30,32
1999-10-30-12:30,31
1999-10-30-13:30,28
1999-10-30-14:30,27
1999-10-30-15:30,25
1999-10-30-16:30,25
1999-10-30-17:30,25
1999-10-30-19:30,23
1999-10-30-20:30,22
1999-10-30-21:30,22
1999-10-30-22:30,22
1999-10-30-23:30,21
1999-10-31-00:30,21
1999-10-31-02:30,25
1999-10-31-03:30,29
1999-10-31-04:30,31
1999-10-31-05:30,32
1999-10-31-06:30,33
1999-10-31-07:30,33
1999-10-31-08:30,33
1999-10-31-16:30,25
1999-10-31-17:30,24
1999-10-31-18:30,24
1999-10-31-19:30,23
1999-10-31-20:30,23
1999-10-31-21:30,22
1999-10-31-22:30,22
1999-10-31-23:30,22
1999-11-01-00:30,22
1999-11-01-01:30,21
1999-11-01-02:30,23
1999-11-01-03:30,25
1999-11-01-04:30,28
1999-11-01-05:30,30
1999-11-01-06:30,31
1999-11-01-07:30,32
1999-11-01-08:30,32
1999-11-01-09:30,32
1999-11-01-10:30,32
1999-11-01-11:30,30
1999-11-01-12:30,29
1999-11-01-13:30,27
1999-11-01-15:30,26
1999-11-01-16:30,25
1999-11-01-17:30,24
1999-11-01-18:30,23
1999-11-01-19:30,23
1999-11-01-20:30,22
1999-11-01-21:30,22
1999-11-01-22:30,21
1999-11-01-23:30,21
1999-11-02-00:30,22
1999-11-02-01:30,21
1999-11-02-02:30,24
1999-11-02-03:30,28
1999-11-02-04:30,29
1999-11-02-05:30,31
1999-11-02-06:30,32
1999-11-02-07:30,32
1999-11-02-08:30,33
1999-11-02-09:30,32
1999-11-02-11:30,31
1999-11-02-12:30,30
1999-11-02-13:30,27
1999-11-02-15:30,26
1999-11-02-16:30,25
1999-11-02-17:30,24
1999-11-02-18:30,24
1999-11-02-19:30,23
1999-11-02-20:30,23
1999-11-02-21:30,21
1999-11-02-22:30,21
1999-11-02-23:30,20
1999-11-03-00:30,21
1999-11-03-01:30,20
1999-11-03-02:30,22
1999-11-03-03:30,24
1999-11-03-04:30,27
1999-11-03-05:30,29
1999-11-03-06:30,30
1999-11-03-07:30,31
1999-11-03-08:30,32
1999-11-03-09:30,32
1999-11-03-10:30,32
1999-11-03-11:30,31
1999-11-03-12:30,28
1999-11-03-13:30,26
1999-11-03-14:30,25
1999-11-03-15:30,26
1999-11-03-16:30,24
1999-11-03-17:30,23
1999-11-03-18:30,24
1999-11-03-19:30,23
1999-11-03-20:30,23
1999-11-03-21:30,22
1999-11-03-22:30,22
1999-11-03-23:30,22
1999-11-04-00:30,21
1999-11-04-01:30,22
1999-11-04-02:30,24
1999-11-04-03:30,28
1999-11-04-04:30,29
1999-11-04-05:30,31
1999-11-04-06:30,33
1999-11-04-07:30,34
1999-11-04-08:30,34
1999-11-04-10:30,33
1999-11-04-11:30,31
1999-11-04-12:30,29
1999-11-04-13:30,27
1999-11-04-14:30,26
1999-11-04-15:30,26
1999-11-04-16:30,25
1999-11-04-17:30,23
1999-11-04-18:30,23
1999-11-04-19:30,23
1999-11-04-20:30,22
1999-11-04-21:30,22
1999-11-04-22:30,22
1999-11-04-23:30,22
1999-11-05-00:30,21
1999-11-05-01:30,22
1999-11-05-02:30,23
1999-11-05-03:30,27
1999-11-05-04:30,29
1999-11-05-05:30,32
1999-11-05-06:30,33
1999-11-05-08:30,33
1999-11-05-09:30,33
1999-11-05-10:30,32
1999-11-05-11:30,30
1999-11-05-12:30,28
1999-11-05-13:30,28
1999-11-05-14:30,26
1999-11-05-15:30,25
1999-11-05-16:30,28
1999-11-05-17:30,24
1999-11-05-18:30,24
1999-11-05-19:30,24
1999-11-05-20:30,24
1999-11-05-21:30,24
1999-11-05-22:30,24
1999-11-05-23:30,23
1999-11-06-00:30,23
1999-11-06-01:30,23
1999-11-06-02:30,25
1999-11-06-03:30,26
1999-11-06-04:30,29
1999-11-06-05:30,30
1999-11-06-06:30,32
1999-11-06-07:30,33
1999-11-06-08:30,33
1999-11-06-09:30,31
1999-11-06-10:30,33
1999-11-06-11:30,31
1999-11-06-12:30,28
1999-11-06-13:30,28
1999-11-06-14:30,27
1999-11-06-16:30,27
1999-11-06-17:30,26
1999-11-06-18:30,25
1999-11-06-19:30,24
1999-11-06-20:30,23
1999-11-06-21:30,23
1999-11-06-22:30,22
1999-11-06-23:30,21
1999-11-07-00:30,22
1999-11-07-01:30,22
1999-11-07-02:30,23
1999-11-07-03:30,24
1999-11-07-04:30,25
1999-11-07-05:30,27
1999-11-07-06:30,29
1999-11-07-07:30,29
1999-11-07-08:30,30
1999-11-07-09:30,30
1999-11-07-10:30,30
1999-11-07-11:30,30
1999-11-07-12:00,21
1999-11-07-12:30,28
1999-11-07-13:30,27
1999-11-07-14:30,26
1999-11-07-15:30,24
1999-11-07-16:30,23
1999-11-07-17:30,21
1999-11-07-18:30,21
1999-11-07-19:30,21
1999-11-07-21:30,18
1999-11-07-22:30,18
1999-11-07-23:30,17
1999-11-08-00:30,17
1999-11-08-01:30,17
1999-11-08-02:30,19
1999-11-08-03:30,22
1999-11-08-04:30,23
1999-11-08-05:30,25
1999-11-08-06:30,27
1999-11-08-07:30,28
1999-11-08-08:30,28
1999-11-08-09:30,28
1999-11-08-10:30,28
1999-11-08-11:30,27
1999-11-08-12:30,26
1999-11-08-13:30,24
1999-11-08-14:30,22
1999-11-08-15:30,21
1999-11-08-16:30,19
1999-11-08-17:30,20
1999-11-08-18:30,18
1999-11-08-19:30,18
1999-11-08-20:30,17
1999-11-08-21:30,16
1999-11-08-22:30,16
1999-11-08-23:30,16
1999-11-09-00:30,15
1999-11-09-01:30,16
1999-11-09-02:30,17
1999-11-09-03:30,20
1999-11-09-04:30,22
1999-11-09-05:30,25
1999-11-09-06:30,26
1999-11-09-07:30,26
1999-11-09-08:30,27
1999-11-09-09:30,28
1999-11-09-10:30,28
1999-11-09-11:30,27
1999-11-09-13:30,24
1999-11-09-14:30,21
1999-11-09-15:30,21
1999-11-09-16:30,21
1999-11-09-17:30,21
1999-11-09-18:30,19
1999-11-09-19:30,20
1999-11-09-20:30,18
1999-11-09-21:30,17
1999-11-09-22:30,16
1999-11-10-00:30,15
1999-11-10-01:30,17
1999-11-10-02:30,18
1999-11-10-03:30,21
1999-11-10-04:30,23
1999-11-10-05:30,26
1999-11-10-06:30,28
1999-11-10-07:30,29
1999-11-10-08:30,29
1999-11-10-09:30,30
1999-11-10-10:30,30
1999-11-10-11:30,28
1999-11-10-12:30,26
1999-11-10-13:30,24
1999-11-10-14:30,23
1999-11-10-15:30,22
1999-11-10-16:30,21
1999-11-10-17:30,21
1999-11-10-18:30,20
1999-11-10-19:30,19
1999-11-10-20:30,19
1999-11-10-21:30,18
1999-11-10-22:30,18
1999-11-11-00:30,17
1999-11-11-01:30,18
1999-11-11-02:30,19
1999-11-11-03:30,22
1999-11-11-04:30,25
1999-11-11-05:30,27
1999-11-11-06:30,28
1999-11-11-07:30,30
1999-11-11-08:30,30
1999-11-11-09:30,31
1999-11-11-10:30,30
1999-11-11-11:30,29
1999-11-11-12:30,27
1999-11-11-13:30,26
1999-11-11-14:30,23
1999-11-11-15:30,23
1999-11-11-16:30,23
1999-11-11-17:30,23
1999-11-11-19:30,20
1999-11-11-20:30,20
1999-11-11-21:30,19
1999-11-11-22:30,18
1999-11-11-23:30,17
1999-11-12-00:30,16
1999-11-12-01:30,17
1999-11-12-02:30,20
1999-11-12-03:30,22
1999-11-12-04:30,26
1999-11-12-05:30,27
1999-11-12-06:30,29
1999-11-12-07:30,29
1999-11-12-08:30,30
1999-11-12-09:30,31
1999-11-12-10:30,31
1999-11-12-11:30,29
1999-11-12-13:30,25
1999-11-12-14:30,22
1999-11-12-15:30,22
1999-11-12-16:30,21
1999-11-12-17:30,21
1999-11-12-18:30,20
1999-11-12-19:30,19
1999-11-12-20:30,19
1999-11-12-21:30,17
1999-11-12-22:30,16
1999-11-12-23:30,17
1999-11-13-00:30,15
1999-11-13-01:30,17
1999-11-13-02:30,18
1999-11-13-03:30,21
1999-11-13-04:30,24
1999-11-13-05:30,27
1999-11-13-06:30,28
1999-11-13-07:30,30
1999-11-13-09:30,31
1999-11-13-10:30,30
1999-11-13-11:30,29
1999-11-13-12:30,28
1999-11-13-13:30,26
1999-11-13-14:30,24
1999-11-13-15:30,24
1999-11-13-16:30,22
1999-11-13-17:30,22
1999-11-13-18:30,21
1999-11-13-19:30,20
1999-11-13-20:30,19
1999-11-13-21:30,18
1999-11-13-22:30,18
1999-11-13-23:30,18
1999-11-14-00:30,17
1999-11-14-02:30,18
1999-11-14-03:30,21
1999-11-14-04:30,24
1999-11-14-05:30,27
1999-11-14-06:30,28
1999-11-14-08:30,30
1999-11-14-09:30,30
1999-11-14-10:30,30
1999-11-14-11:30,29
1999-11-14-12:30,27
1999-11-14-13:30,25
1999-11-14-14:30,24
1999-11-14-15:30,24
1999-11-14-16:30,23
1999-11-14-17:30,22
1999-11-14-18:30,21
1999-11-14-19:30,21
1999-11-14-20:30,20
1999-11-14-21:30,20
1999-11-14-23:30,19
1999-11-15-00:30,18
1999-11-15-01:30,17
1999-11-15-02:30,19
1999-11-15-03:30,21
1999-11-15-05:30,27
1999-11-15-06:30,28
1999-11-15-07:30,29
1999-11-15-08:30,30
1999-11-15-09:30,30
1999-11-15-10:30,30
1999-11-15-11:30,29
1999-11-15-12:30,27
1999-11-15-13:30,27
1999-11-15-14:30,24
1999-11-15-15:30,23
1999-11-15-16:30,21
1999-11-15-17:30,21
1999-11-15-18:30,21
1999-11-15-19:30,21
1999-11-15-20:30,20
1999-11-15-21:30,19
1999-11-15-22:30,19
1999-11-15-23:30,17
1999-11-16-00:30,16
1999-11-16-01:30,18
1999-11-16-02:30,19
1999-11-16-03:30,21
1999-11-16-04:30,25
1999-11-16-05:30,26
1999-11-16-06:30,27
1999-11-16-07:30,28
1999-11-16-08:30,29
1999-11-16-09:30,29
1999-11-16-10:30,29
1999-11-16-11:30,28
1999-11-16-12:30,27
1999-11-16-13:30,26
1999-11-16-14:30,24
1999-11-16-15:30,22
1999-11-16-16:30,21
1999-11-16-17:30,19
1999-11-16-18:30,19
1999-11-16-19:30,18
1999-11-16-20:30,18
1999-11-16-21:30,18
1999-11-16-22:30,17
1999-11-16-23:30,15
1999-11-17-00:30,15
1999-11-17-01:30,16
1999-11-17-02:30,18
1999-11-17-03:30,21
1999-11-17-04:30,24
1999-11-17-05:30,26
1999-11-17-06:00,26
1999-11-17-06:30,27
1999-11-17-07:30,28
1999-11-17-09:30,29
1999-11-17-10:30,29
1999-11-17-11:30,28
1999-11-17-12:30,27
1999-11-17-13:30,23
1999-11-17-14:30,22
1999-11-17-15:30,21
1999-11-17-16:30,21
1999-11-17-17:30,20
1999-11-17-18:30,18
1999-11-17-19:30,18
1999-11-17-20:30,17
1999-11-17-21:30,17
1999-11-17-22:30,16
1999-11-17-23:30,15
1999-11-18-00:30,15
1999-11-18-01:30,17
1999-11-18-02:30,18
1999-11-18-03:30,21
1999-11-18-04:30,23
1999-11-18-05:30,25
1999-11-18-06:30,27
1999-11-18-07:30,28
1999-11-18-08:30,28
1999-11-18-09:30,28
1999-11-18-10:30,28
1999-11-18-11:30,27
1999-11-18-12:30,24.5
1999-11-18-13:30,22
1999-11-18-14:30,20
1999-11-18-15:30,20
1999-11-18-16:30,19
1999-11-18-17:30,19
1999-11-18-18:30,18
1999-11-18-19:30,17
1999-11-18-20:30,17
1999-11-18-21:30,17
1999-11-18-22:30,16
1999-11-18-23:30,15
1999-11-19-00:30,15
1999-11-19-01:30,15
1999-11-19-02:30,17
1999-11-19-03:30,19
1999-11-19-04:30,22
1999-11-19-05:30,23
1999-11-19-06:30,26
1999-11-19-07:30,27
1999-11-19-08:30,28
1999-11-19-09:30,28
1999-11-19-10:30,28
1999-11-19-11:30,27
1999-11-19-12:30,26
1999-11-19-13:30,21
1999-11-19-14:30,22
1999-11-19-15:30,20
1999-11-19-16:30,21
1999-11-19-17:30,20
1999-11-19-18:30,20
1999-11-19-19:30,19
1999-11-19-21:30,17
1999-11-19-22:30,17
1999-11-19-23:30,15
1999-11-20-00:30,15
1999-11-20-01:30,15
1999-11-20-02:30,18
1999-11-20-03:30,21
1999-11-20-04:30,25
1999-11-20-05:30,27
1999-11-20-06:30,27
1999-11-20-07:30,27
1999-11-20-08:30,28
1999-11-20-09:30,28
1999-11-20-10:30,28
1999-11-20-11:30,27
1999-11-20-12:30,24
1999-11-20-13:30,22
1999-11-20-14:30,22
1999-11-20-15:30,20
1999-11-20-16:30,20
1999-11-20-17:30,19
1999-11-20-18:30,18
1999-11-20-19:30,17
1999-11-20-20:30,17
1999-11-20-21:30,17
1999-11-20-22:30,16
1999-11-20-23:30,15
1999-11-21-00:30,15
1999-11-21-01:30,15
1999-11-21-02:30,17
1999-11-21-03:30,19
1999-11-21-04:30,23
1999-11-21-05:30,25
1999-11-21-06:30,26
1999-11-21-07:30,27
1999-11-21-08:30,27
1999-11-21-09:30,28
1999-11-21-10:30,28
1999-11-21-11:30,27
1999-11-21-12:30,25
1999-11-21-13:30,23
1999-11-21-14:30,21
1999-11-21-15:30,20
1999-11-21-16:30,21
1999-11-21-17:30,20
1999-11-21-18:30,20
1999-11-21-19:30,18
1999-11-21-20:30,17
1999-11-21-22:30,18
1999-11-21-23:30,18
1999-11-22-00:30,12
1999-11-22-01:30,17
1999-11-22-02:30,19
1999-11-22-03:30,22
1999-11-22-04:30,25
1999-11-22-05:30,27
1999-11-22-06:30,28
1999-11-22-07:30,29
1999-11-22-08:30,29
1999-11-22-09:30,29
1999-11-22-10:30,29
1999-11-22-11:30,27
1999-11-22-12:30,24
1999-11-22-13:30,21
1999-11-22-14:30,22
1999-11-22-15:30,22
1999-11-22-16:30,21
1999-11-22-17:30,19
1999-11-22-18:30,17
1999-11-22-19:30,17
1999-11-22-20:30,17
1999-11-22-21:30,17
1999-11-22-22:30,16
1999-11-22-23:30,15
1999-11-23-00:30,15
1999-11-23-01:30,14
1999-11-23-03:30,20
1999-11-23-04:30,23
1999-11-23-05:30,25
1999-11-23-06:30,27
1999-11-23-07:30,28
1999-11-23-08:30,29
1999-11-23-09:30,29
1999-11-23-10:30,29
1999-11-23-11:30,28
1999-11-23-12:30,26
1999-11-23-13:30,23
1999-11-23-14:30,23
1999-11-23-15:30,23
1999-11-23-16:30,20
1999-11-23-17:30,21
1999-11-23-18:30,20
1999-11-23-19:30,19
1999-11-23-20:30,18
1999-11-23-21:30,18
1999-11-23-22:30,18
1999-11-23-23:30,17
1999-11-24-00:30,16
1999-11-24-01:30,15
1999-11-24-02:30,16
1999-11-24-03:30,19
1999-11-24-04:30,22
1999-11-24-05:30,25
1999-11-24-06:30,26
1999-11-24-07:30,26
1999-11-24-08:30,26
1999-11-24-09:30,26
1999-11-24-10:30,26
1999-11-24-11:30,25
1999-11-24-12:30,24
1999-11-24-13:30,22
1999-11-24-14:30,21
1999-11-24-15:30,20
1999-11-24-16:30,20
1999-11-24-17:30,20
1999-11-24-19:30,19
1999-11-24-20:30,19
1999-11-24-21:30,19
1999-11-24-22:30,16
1999-11-24-23:30,16
1999-11-25-00:30,15
1999-11-25-01:30,15
1999-11-25-02:30,16
1999-11-25-03:30,18
1999-11-25-04:30,21
1999-11-25-05:30,23
1999-11-25-06:30,25
1999-11-25-07:30,26
1999-11-25-08:30,26
1999-11-25-09:30,27
1999-11-25-12:30,25
1999-11-25-14:30,21
1999-11-25-16:30,20
1999-11-25-17:30,19
1999-11-25-18:30,18
1999-11-25-19:30,17
1999-11-25-20:30,16
1999-11-25-21:30,16
1999-11-25-22:30,16
1999-11-25-23:30,15
1999-11-26-00:30,14
1999-11-26-01:30,14
1999-11-26-02:30,16
1999-11-26-03:30,18
1999-11-26-04:30,21
1999-11-26-06:30,23
1999-11-26-07:30,26
1999-11-26-08:30,27
1999-11-26-09:30,27
1999-11-26-11:30,26
1999-11-26-12:30,24
1999-11-26-13:30,23
1999-11-26-14:30,21
1999-11-26-15:30,20
1999-11-26-16:30,19
1999-11-26-17:30,18
1999-11-26-18:30,17
1999-11-26-19:30,16
1999-11-26-20:30,15
1999-11-26-21:30,14
1999-11-26-22:30,14
1999-11-26-23:30,14
1999-11-27-00:30,12
1999-11-27-01:30,13
1999-11-27-02:30,15
1999-11-27-03:30,17
1999-11-27-05:30,22
1999-11-27-06:30,24
1999-11-27-07:30,25
1999-11-27-08:30,25
1999-11-27-09:30,25
1999-11-27-10:30,25
1999-11-27-11:30,25
1999-11-27-12:30,21
1999-11-27-13:30,21
1999-11-27-14:30,20
1999-11-27-15:30,19
1999-11-27-16:30,17
1999-11-27-17:30,17
1999-11-27-18:30,15
1999-11-27-19:30,15
1999-11-27-20:30,14
1999-11-27-21:30,14
1999-11-27-22:30,14
1999-11-28-00:30,13
1999-11-28-01:30,13
1999-11-28-02:30,14
1999-11-28-03:30,17
1999-11-28-04:30,20
1999-11-28-06:30,24
1999-11-28-07:30,25
1999-11-28-08:30,26
1999-11-28-09:30,27
1999-11-28-10:30,27
1999-11-28-11:30,25
1999-11-28-12:30,22
1999-11-28-14:30,20
1999-11-28-15:30,21
1999-11-28-16:30,18
1999-11-28-17:30,19
1999-11-28-18:30,17
1999-11-28-19:30,15
1999-11-28-20:30,15
1999-11-28-21:30,15
1999-11-28-22:30,15
1999-11-28-23:30,14
1999-11-29-00:30,14
1999-11-29-01:30,14
1999-11-29-02:30,16
1999-11-29-04:30,20
1999-11-29-05:30,23
1999-11-29-06:30,24
1999-11-29-07:30,25
1999-11-29-08:30,26
1999-11-29-09:30,27
1999-11-29-10:30,26
1999-11-29-11:30,25
1999-11-29-19:30,16
1999-11-29-20:30,16
1999-11-29-21:30,15
1999-11-29-22:30,15
1999-11-29-23:30,15
1999-11-30-00:30,15
1999-11-30-01:30,15
1999-11-30-02:30,15
1999-11-30-03:30,18
1999-11-30-04:30,21
1999-11-30-05:30,24
1999-11-30-07:30,26
1999-11-30-08:30,27
1999-11-30-09:30,27
1999-11-30-10:30,27
1999-11-30-11:30,25
1999-11-30-12:30,23
1999-11-30-13:30,20
1999-11-30-14:30,20
1999-11-30-15:30,19
1999-11-30-16:30,19
1999-11-30-17:30,20
1999-11-30-18:30,18
1999-11-30-19:30,17
1999-11-30-20:30,17
1999-11-30-21:30,16
1999-11-30-22:30,15
1999-11-30-23:30,14
1999-12-01-03:30,19
1999-12-01-04:30,21
1999-12-01-05:30,24
1999-12-01-06:30,25
1999-12-01-07:30,26
1999-12-01-08:30,26
1999-12-01-11:30,24
1999-12-01-12:30,19
1999-12-01-13:30,19
1999-12-01-14:30,20
1999-12-01-15:30,19
1999-12-01-16:30,17
1999-12-01-17:30,17
1999-12-01-18:30,17
1999-12-01-19:30,16
1999-12-01-20:30,16
1999-12-01-21:30,14
1999-12-01-22:30,13
1999-12-01-23:30,13
1999-12-02-00:30,13
1999-12-02-01:30,13
1999-12-02-02:30,13
1999-12-02-03:30,15
1999-12-02-04:30,18
1999-12-02-05:30,21
1999-12-02-06:30,23
1999-12-02-07:30,24
1999-12-02-08:30,25
1999-12-02-14:30,20
1999-12-02-15:30,18
1999-12-02-16:30,18
1999-12-02-17:30,16
1999-12-02-18:30,15
1999-12-02-19:30,15
1999-12-02-21:30,14
1999-12-02-22:30,13
1999-12-02-23:30,13
1999-12-03-00:30,13
1999-12-03-01:30,13
1999-12-03-02:30,11
1999-12-03-03:30,16
1999-12-03-04:30,18
1999-12-03-05:30,19
1999-12-03-06:30,23
1999-12-03-08:30,25
1999-12-03-09:30,25
1999-12-03-10:30,25
1999-12-03-11:30,24
1999-12-03-12:30,20
1999-12-03-14:30,19
1999-12-03-16:30,16
1999-12-03-17:30,16
1999-12-03-18:30,16
1999-12-03-19:30,15
1999-12-03-20:30,13
1999-12-03-21:30,13
1999-12-03-22:30,13
1999-12-03-23:30,12
1999-12-04-00:30,12
1999-12-04-01:30,13
1999-12-04-02:30,13
1999-12-04-03:30,15
1999-12-04-04:30,18
1999-12-04-05:30,21
1999-12-04-06:30,23
1999-12-04-07:30,24
1999-12-04-08:30,25
1999-12-04-09:30,25
1999-12-04-10:30,25
1999-12-04-11:30,23
1999-12-04-12:30,20
1999-12-04-13:30,19
1999-12-04-14:30,18
1999-12-04-15:30,17
1999-12-04-16:30,17
1999-12-04-17:30,16
1999-12-04-18:30,15
1999-12-04-19:30,14
1999-12-04-20:30,15
1999-12-04-21:30,14
1999-12-04-22:30,13
1999-12-04-23:30,12
1999-12-05-00:30,12
1999-12-05-01:30,11
1999-12-05-02:30,11
1999-12-05-03:30,14
1999-12-05-04:30,17
1999-12-05-05:30,20
1999-12-05-06:30,22
1999-12-05-07:30,23
1999-12-05-08:30,24
1999-12-05-09:30,24
1999-12-05-10:30,24
1999-12-05-11:30,23
1999-12-05-12:30,20
1999-12-05-13:30,18
1999-12-05-14:30,17
1999-12-05-15:30,16
1999-12-05-16:30,16
1999-12-05-17:30,15
1999-12-05-18:30,14
1999-12-05-19:30,13
1999-12-05-20:30,13
1999-12-05-21:30,13
1999-12-05-22:30,12
1999-12-05-23:30,12
1999-12-06-00:30,11
1999-12-06-01:30,11
1999-12-06-02:30,12
1999-12-06-03:30,14
1999-12-06-04:30,17
1999-12-06-05:30,22
1999-12-06-06:30,23
1999-12-06-07:30,23
1999-12-06-08:30,24
1999-12-06-09:30,24
1999-12-06-10:30,23
1999-12-06-11:30,21
1999-12-06-12:30,19
1999-12-06-13:30,18
1999-12-06-14:30,18
1999-12-06-15:30,17
1999-12-06-16:30,16
1999-12-06-17:30,16
1999-12-06-18:30,15
1999-12-06-19:30,15
1999-12-06-21:30,15
1999-12-06-22:30,14
1999-12-06-23:30,14
1999-12-07-00:30,13
1999-12-07-01:30,12
1999-12-07-02:30,13
1999-12-07-03:30,16
1999-12-07-04:30,16
1999-12-07-05:30,18
1999-12-07-06:30,20
1999-12-07-07:30,21
1999-12-07-09:30,20
1999-12-07-10:30,19
1999-12-07-11:30,18
1999-12-07-12:30,18
1999-12-07-13:30,18
1999-12-07-14:30,17
1999-12-07-15:30,17
1999-12-07-16:30,17
1999-12-07-17:30,17
1999-12-07-18:30,17
1999-12-07-19:30,17
1999-12-07-20:30,17
1999-12-07-22:30,13
1999-12-07-23:30,12
1999-12-08-00:30,11
1999-12-08-01:30,11
1999-12-08-02:30,12
1999-12-08-03:30,13
1999-12-08-04:30,15
1999-12-08-05:30,18
1999-12-08-06:30,18
1999-12-08-08:30,19
1999-12-08-09:30,20
1999-12-08-10:30,20
1999-12-08-11:30,19
1999-12-08-12:30,17
1999-12-08-13:30,16
1999-12-08-14:30,15
1999-12-08-15:30,15
1999-12-08-16:30,14
1999-12-08-17:30,14
1999-12-08-18:30,13
1999-12-08-19:30,13
1999-12-08-20:30,12
1999-12-08-21:30,12
1999-12-08-22:30,11
1999-12-08-23:30,12
1999-12-09-00:30,10
1999-12-09-01:30,10
1999-12-09-02:30,11
1999-12-09-03:30,14
1999-12-09-07:30,21
1999-12-09-08:30,22
1999-12-09-09:30,22
1999-12-09-10:30,22
1999-12-09-11:30,21
1999-12-09-12:30,20
1999-12-09-13:30,18
1999-12-09-14:30,17
1999-12-09-16:30,15
1999-12-09-17:30,14
1999-12-09-18:30,13
1999-12-09-19:30,13
1999-12-09-20:30,12
1999-12-09-21:30,11
1999-12-09-22:30,11
1999-12-09-23:30,10
1999-12-10-00:30,10
1999-12-10-02:30,10
1999-12-10-03:30,11
1999-12-10-04:30,14
1999-12-10-05:30,17
1999-12-10-06:30,19
1999-12-10-07:30,21
1999-12-10-08:30,22
1999-12-10-09:30,22
1999-12-10-10:30,21
1999-12-10-11:30,22
1999-12-10-13:30,19
1999-12-10-14:30,18
1999-12-10-15:30,17
1999-12-10-16:30,15
1999-12-10-17:30,14
1999-12-10-18:30,12
1999-12-10-19:30,11
1999-12-10-20:30,11
1999-12-10-21:30,10
1999-12-10-22:30,10
1999-12-10-23:30,9
1999-12-11-00:30,9
1999-12-11-01:30,9.5
1999-12-11-02:30,10
1999-12-11-03:30,12.5
1999-12-11-04:30,15
1999-12-11-05:30,18
1999-12-11-06:30,20
1999-12-11-07:30,21
1999-12-11-08:30,23
1999-12-11-09:30,23
1999-12-11-10:30,23
1999-12-11-11:30,22
1999-12-11-12:30,19
1999-12-11-13:30,18
1999-12-11-14:30,16
1999-12-11-15:30,16
1999-12-11-16:30,14
1999-12-11-17:30,14
1999-12-11-18:30,13
1999-12-11-19:30,12
1999-12-11-20:30,11
1999-12-11-21:30,10
1999-12-11-22:30,10
1999-12-11-23:30,9
1999-12-12-00:30,10
1999-12-12-01:30,9
1999-12-12-02:30,10
1999-12-12-03:30,12
1999-12-12-04:30,16
1999-12-12-05:30,18
1999-12-12-06:30,20
1999-12-12-07:30,21
1999-12-12-08:30,23
1999-12-12-09:30,24
1999-12-12-10:30,23
1999-12-12-11:30,22
1999-12-12-12:30,20
1999-12-12-13:30,18
1999-12-12-14:30,18
1999-12-12-15:30,16
1999-12-12-16:30,15
1999-12-12-17:30,14
1999-12-12-18:30,13
1999-12-12-19:30,12
1999-12-12-20:30,12
1999-12-12-21:30,11
1999-12-12-22:30,11
1999-12-12-23:30,10
1999-12-13-00:30,9
1999-12-13-01:30,9
1999-12-13-02:30,10
1999-12-13-03:30,13
1999-12-13-04:30,15
1999-12-13-06:30,20
1999-12-13-07:30,22
1999-12-13-08:30,23
1999-12-13-10:30,24
1999-12-13-11:30,22
1999-12-13-12:30,19
1999-12-13-13:30,18
1999-12-13-14:30,16
1999-12-13-15:30,16
1999-12-13-16:30,15
1999-12-13-17:30,14
1999-12-13-18:30,13
1999-12-13-19:30,13
1999-12-13-20:30,11
1999-12-13-21:30,11
1999-12-13-22:30,11
1999-12-13-23:30,10
1999-12-14-00:30,10
1999-12-14-01:30,9
1999-12-14-02:30,10
1999-12-14-03:30,13
1999-12-14-04:30,16
1999-12-14-05:30,19
1999-12-14-06:30,21
1999-12-14-07:30,22
1999-12-14-08:30,23
1999-12-14-09:30,24
1999-12-14-10:30,24
1999-12-14-12:30,20
1999-12-14-13:30,16
1999-12-14-14:30,16
1999-12-14-15:30,16
1999-12-14-17:30,14
1999-12-14-18:30,13
1999-12-14-19:30,12
1999-12-14-20:30,11
1999-12-14-21:30,10
1999-12-14-22:30,10
1999-12-14-23:30,9
1999-12-15-00:30,9
1999-12-15-01:30,9
1999-12-15-03:30,12
1999-12-15-04:30,15
1999-12-15-06:30,21
1999-12-15-08:30,23
1999-12-15-09:30,24
1999-12-15-10:30,23
1999-12-15-11:30,22
1999-12-15-12:30,19
1999-12-15-13:30,17
1999-12-15-14:30,17
1999-12-15-15:30,15
1999-12-15-16:30,15
1999-12-15-17:30,14
1999-12-15-18:30,13
1999-12-15-19:30,13
1999-12-15-20:30,12
1999-12-15-21:30,11
1999-12-15-22:30,11
1999-12-15-23:30,11
1999-12-16-00:30,10
1999-12-16-01:30,10
1999-12-16-02:30,11
1999-12-16-03:30,14
1999-12-16-04:30,16
1999-12-16-05:30,18
1999-12-16-06:30,21
1999-12-16-07:30,22
1999-12-16-08:30,24
1999-12-16-09:30,24
1999-12-16-10:30,24
1999-12-16-11:30,23
1999-12-16-12:30,18
1999-12-16-13:30,19
1999-12-16-14:30,17
1999-12-16-15:30,17
1999-12-16-16:30,14
1999-12-16-17:30,14
1999-12-16-18:30,13
1999-12-16-19:30,12
1999-12-16-20:30,12
1999-12-16-21:30,11
1999-12-16-22:30,11
1999-12-16-23:30,10
1999-12-17-00:30,9
1999-12-17-02:30,11
1999-12-17-03:30,14
1999-12-17-04:30,17
1999-12-17-05:30,19
1999-12-17-06:30,21
1999-12-17-07:30,23
1999-12-17-08:30,24
1999-12-17-09:30,24
1999-12-17-10:30,24
1999-12-17-11:30,23
1999-12-17-12:30,19
1999-12-17-13:30,17
1999-12-17-14:30,17
1999-12-17-15:30,16
1999-12-17-16:30,14
1999-12-17-17:30,15
1999-12-18-18:30,13
1999-12-18-19:30,12
1999-12-18-20:30,12
1999-12-18-21:30,11
1999-12-18-22:30,10
1999-12-18-23:30,10
1999-12-19-00:30,9
1999-12-19-01:30,9
1999-12-19-02:30,10
1999-12-19-03:30,12
1999-12-19-04:30,15
1999-12-19-05:30,18
1999-12-19-06:30,20
1999-12-19-08:30,22
1999-12-19-09:30,23
1999-12-19-10:30,22
1999-12-19-11:30,22
1999-12-19-12:30,19
1999-12-19-13:30,16
1999-12-19-14:30,15
1999-12-19-15:30,15
1999-12-19-16:30,14
1999-12-19-17:30,13
1999-12-19-18:30,13
1999-12-19-19:30,11
1999-12-19-20:30,10
1999-12-19-21:30,11
1999-12-19-22:30,10
1999-12-19-23:30,9
1999-12-20-00:30,9
1999-12-20-01:30,9
1999-12-20-02:30,9
1999-12-20-03:30,11
1999-12-20-04:30,14
1999-12-20-05:30,17
1999-12-20-06:30,19
1999-12-20-07:30,21
1999-12-20-08:30,22
1999-12-20-09:30,22
1999-12-20-11:30,21
1999-12-20-12:30,19
1999-12-20-13:30,17
1999-12-20-14:30,16
1999-12-20-15:30,15
1999-12-20-17:30,13
1999-12-20-18:30,13
1999-12-20-19:30,11
1999-12-20-20:30,11
1999-12-20-21:30,10
1999-12-20-22:30,9
1999-12-20-23:30,9
1999-12-21-00:30,8
1999-12-21-01:30,8
1999-12-21-02:30,9
1999-12-21-03:30,10
1999-12-21-04:30,13
1999-12-21-05:30,16
1999-12-21-06:30,19
1999-12-21-07:30,20
1999-12-21-08:30,21
1999-12-21-09:30,21
1999-12-21-10:30,21
1999-12-21-11:30,21
1999-12-21-12:30,18
1999-12-21-13:30,15
1999-12-21-14:30,15
1999-12-21-15:30,14
1999-12-21-16:30,13
1999-12-21-17:30,13
1999-12-22-00:30,8
1999-12-22-01:30,9
1999-12-22-02:30,9
1999-12-22-03:30,12
1999-12-22-04:30,15
1999-12-22-05:30,17
1999-12-22-06:30,18
1999-12-22-07:30,19
1999-12-22-08:30,20
1999-12-22-09:30,20
1999-12-22-10:30,20
1999-12-22-11:30,18
1999-12-22-12:30,16
1999-12-22-13:30,14
1999-12-22-14:30,14
1999-12-22-15:30,14
1999-12-22-16:30,13
1999-12-22-17:30,13
1999-12-22-18:30,12
1999-12-22-19:30,12
1999-12-22-20:30,11
1999-12-22-21:30,11
1999-12-22-22:30,11
1999-12-23-00:30,10
1999-12-23-01:30,10
1999-12-23-02:30,10
1999-12-23-03:30,10
1999-12-23-04:30,13
1999-12-23-05:30,16
1999-12-23-06:30,18
1999-12-23-07:30,20
1999-12-23-08:30,21
1999-12-23-09:30,21
1999-12-23-11:30,19
1999-12-23-12:30,18
1999-12-23-13:30,17
1999-12-23-14:30,16
1999-12-23-15:30,16
1999-12-23-16:30,15
1999-12-23-17:30,14
1999-12-23-18:30,13
1999-12-23-19:30,13
1999-12-24-05:30,15
1999-12-24-06:30,17
1999-12-24-07:30,20
1999-12-24-08:30,21
1999-12-24-09:30,21
1999-12-24-10:30,21
1999-12-24-11:30,20
1999-12-24-12:30,18
1999-12-24-13:30,16
1999-12-24-14:30,15
1999-12-24-15:30,14
1999-12-24-16:30,13
1999-12-24-17:30,12
1999-12-24-18:30,12
1999-12-24-20:30,10
1999-12-24-21:30,9
1999-12-24-22:30,9
1999-12-24-23:30,8
1999-12-25-00:30,8
1999-12-25-01:30,7
1999-12-25-02:30,8
1999-12-25-03:30,9
1999-12-25-04:30,12
1999-12-25-05:30,15
1999-12-25-06:30,17
1999-12-25-07:30,20
1999-12-25-08:30,21
1999-12-25-09:30,21
1999-12-25-10:30,21
1999-12-25-11:30,19
1999-12-25-12:30,17
1999-12-25-13:30,15
1999-12-25-14:30,15
1999-12-25-15:30,14
1999-12-25-16:30,13
1999-12-25-17:30,14
1999-12-25-18:30,12
1999-12-25-19:30,11
1999-12-25-20:30,11
1999-12-25-21:30,10
1999-12-25-22:30,9
1999-12-25-23:30,9
1999-12-26-00:30,8
1999-12-26-01:30,9
1999-12-26-02:30,10
1999-12-26-03:30,11
1999-12-26-04:30,14
1999-12-26-05:30,17
1999-12-26-06:30,19
1999-12-26-07:30,21
1999-12-26-08:30,21
1999-12-26-09:30,22
1999-12-26-10:30,21
1999-12-26-11:30,20
1999-12-26-12:30,18
1999-12-26-13:30,16
1999-12-26-15:30,13
1999-12-26-16:30,13
1999-12-26-17:30,12
1999-12-26-18:30,13
1999-12-26-19:30,14
1999-12-26-20:30,13
1999-12-26-21:30,12
1999-12-26-23:30,10.5
1999-12-27-00:30,9
1999-12-27-01:30,27
1999-12-27-02:30,10
1999-12-27-03:30,10
1999-12-27-04:30,12
1999-12-27-05:30,15
1999-12-27-06:30,17
1999-12-27-10:30,20
1999-12-27-11:30,18
1999-12-27-12:30,17
1999-12-27-13:30,15
1999-12-27-14:30,14
1999-12-27-15:30,14
1999-12-27-16:30,13
1999-12-27-17:30,12
1999-12-27-18:30,11
1999-12-27-19:30,9
1999-12-27-20:30,9
1999-12-27-21:30,9
1999-12-27-22:30,9
1999-12-27-23:30,9
1999-12-28-00:00,8
1999-12-28-00:30,8
1999-12-28-01:30,7
1999-12-28-03:30,8
1999-12-28-04:30,9
1999-12-28-05:30,10
1999-12-28-06:30,13
1999-12-28-07:30,15
1999-12-28-08:30,17
1999-12-28-09:30,18
1999-12-28-10:30,18
1999-12-28-11:30,17
1999-12-28-12:30,16
1999-12-28-13:30,15
1999-12-28-15:30,13
1999-12-28-16:30,12
1999-12-28-17:30,12
1999-12-28-18:30,12
1999-12-28-20:30,10
1999-12-28-21:30,8
1999-12-28-22:30,7
1999-12-28-23:30,7
1999-12-29-00:30,7
1999-12-29-01:30,7
1999-12-29-02:30,8
1999-12-29-03:30,9
1999-12-29-04:30,10
1999-12-29-05:30,13
1999-12-29-06:30,18
1999-12-29-07:30,21
1999-12-29-08:30,21
1999-12-29-10:30,20
1999-12-29-11:30,18
1999-12-29-12:30,17
1999-12-29-13:30,16
1999-12-29-14:30,14
1999-12-29-15:30,14
1999-12-29-16:30,13
1999-12-29-17:30,12
1999-12-29-18:30,11
1999-12-29-19:30,11
1999-12-29-20:30,10
1999-12-29-21:30,8
1999-12-29-22:30,7
1999-12-29-23:30,7
1999-12-30-00:30,6
1999-12-30-01:30,6
1999-12-30-02:30,7
1999-12-30-03:30,7
1999-12-30-04:30,8
1999-12-30-05:30,10
1999-12-30-06:30,14
1999-12-30-07:30,16
1999-12-30-08:30,18
1999-12-30-09:30,19
1999-12-30-11:30,19
1999-12-30-12:30,16
1999-12-30-13:30,15
1999-12-30-15:30,13
1999-12-30-16:30,12
1999-12-30-17:30,11
1999-12-30-18:30,10
1999-12-30-19:30,27
1999-12-30-21:30,7
1999-12-30-22:30,7
1999-12-30-23:30,6
1999-12-31-00:30,5
1999-12-31-01:30,6
1999-12-31-02:30,7
1999-12-31-03:30,8
1999-12-31-04:30,9
1999-12-31-05:30,11
1999-12-31-06:30,17
1999-12-31-07:30,21
1999-12-31-08:30,18
1999-12-31-09:30,19
1999-12-31-10:30,18
1999-12-31-11:30,17
1999-12-31-12:30,15
1999-12-31-13:30,14
1999-12-31-14:30,13
1999-12-31-15:30,12
1999-12-31-16:30,12
1999-12-31-17:30,11
1999-12-31-18:30,10
1999-12-31-19:30,9
1999-12-31-20:30,7
1999-12-31-21:30,6
1999-12-31-22:30,6
1999-12-31-23:30,6
2000-01-01-00:30,7
2000-01-01-01:30,8
2000-01-01-02:30,9
2000-01-01-03:30,9
2000-01-01-04:30,10
2000-01-01-05:30,12
2000-01-01-06:30,15
2000-01-01-07:30,18
2000-01-01-08:30,21
2000-01-01-09:30,21
2000-01-01-10:30,20
2000-01-01-11:30,18
2000-01-01-12:30,17
2000-01-01-13:30,15
2000-01-01-14:30,14
2000-01-01-15:30,13
2000-01-01-16:30,13
2000-01-01-17:30,11
2000-01-01-18:30,11
2000-01-01-19:30,11
2000-01-01-20:30,11
2000-01-01-21:30,11
2000-01-01-22:30,11
2000-01-01-23:30,11
2000-01-02-00:30,10
2000-01-02-01:30,10
2000-01-02-02:30,11
2000-01-02-03:30,13
2000-01-02-04:30,13
2000-01-02-05:30,13
2000-01-02-06:30,14
2000-01-02-07:30,19
2000-01-02-08:30,21
2000-01-02-09:30,17
2000-01-02-10:30,17
2000-01-02-11:30,15
2000-01-02-12:30,13
2000-01-02-13:30,11
2000-01-02-15:30,11
2000-01-02-16:30,11
2000-01-02-17:30,12
2000-01-02-18:30,12
2000-01-02-19:30,13
2000-01-02-20:30,13
2000-01-02-21:30,12
2000-01-02-22:30,12
2000-01-02-23:30,11
2000-01-03-00:30,10
2000-01-03-01:30,11
2000-01-03-02:30,10
2000-01-03-03:30,11
2000-01-03-04:30,12
2000-01-03-06:30,15
2000-01-03-07:30,16
2000-01-03-09:30,17
2000-01-03-10:30,18
2000-01-03-11:30,17
2000-01-03-12:30,16
2000-01-03-13:30,14
2000-01-03-14:30,13
2000-01-03-15:30,11
2000-01-03-16:30,10
2000-01-03-17:30,9
2000-01-03-19:30,8
2000-01-03-20:30,7
2000-01-03-21:30,7
2000-01-03-22:30,6
2000-01-03-23:30,8
2000-01-04-00:30,10
2000-01-04-01:30,10
2000-01-04-02:30,10
2000-01-04-03:30,10
2000-01-04-04:30,11
2000-01-04-05:30,14
2000-01-04-06:30,15
2000-01-04-07:30,16
2000-01-04-08:00,17
2000-01-04-09:30,17
2000-01-04-10:30,16
2000-01-04-11:30,15
2000-01-04-12:30,13
2000-01-04-13:30,12
2000-01-04-14:30,12
2000-01-04-15:30,11
2000-01-04-16:30,10
2000-01-04-17:30,9
2000-01-04-18:30,8
2000-01-04-19:30,8
2000-01-04-20:30,8
2000-01-04-21:30,8
2000-01-04-22:30,8
2000-01-04-23:30,8
2000-01-05-00:30,8
2000-01-05-01:30,8
2000-01-05-02:30,8
2000-01-05-03:30,9
2000-01-05-04:30,9
2000-01-05-05:30,11
2000-01-05-06:30,13
2000-01-05-07:30,15
2000-01-05-08:30,17
2000-01-05-09:30,17
2000-01-05-10:30,17
2000-01-05-11:30,15
2000-01-05-12:30,13
2000-01-05-13:30,12
2000-01-05-14:30,12
2000-01-05-15:30,11
2000-01-05-16:30,10
2000-01-05-17:30,9
2000-01-05-18:30,9
2000-01-05-19:30,8
2000-01-05-20:30,6
2000-01-05-21:30,7
2000-01-05-22:30,7
2000-01-06-00:30,8
2000-01-06-01:00,10
2000-01-06-01:30,10
2000-01-06-03:30,10
2000-01-06-05:30,11
2000-01-06-06:30,11
2000-01-06-08:30,13
2000-01-06-09:30,14
2000-01-06-10:30,14
2000-01-06-11:30,14
2000-01-06-12:30,12
2000-01-06-13:30,12
2000-01-06-14:30,11
2000-01-06-15:30,10
2000-01-06-16:30,9
2000-01-06-17:30,9
2000-01-06-18:30,8
2000-01-06-19:30,6
2000-01-06-20:30,6
2000-01-06-21:30,7
2000-01-06-22:30,7
2000-01-06-23:30,7
2000-01-07-00:30,6
2000-01-07-01:30,6
2000-01-07-02:30,6
2000-01-07-03:30,6.5
2000-01-07-04:30,7
2000-01-07-05:30,10
2000-01-07-06:30,13
2000-01-07-07:30,14
2000-01-07-08:30,16
2000-01-07-09:30,16
2000-01-07-10:30,16
2000-01-07-11:30,15
2000-01-07-12:30,13
2000-01-07-13:30,12
2000-01-07-14:30,11
2000-01-07-15:30,10
2000-01-07-16:30,10
2000-01-07-17:30,9
2000-01-07-18:30,8
2000-01-07-19:30,8
2000-01-07-20:30,8
2000-01-07-21:30,8
2000-01-07-22:30,8
2000-01-07-23:30,7
2000-01-08-04:30,11
2000-01-08-05:30,14
2000-01-08-06:30,17
2000-01-08-08:30,16
2000-01-08-09:30,16
2000-01-08-10:30,16
2000-01-08-11:30,15
2000-01-08-12:30,15
2000-01-08-13:30,14
2000-01-08-14:30,13
2000-01-08-15:30,13
2000-01-08-16:30,13
2000-01-08-17:30,12
2000-01-08-18:30,12
2000-01-08-19:30,12
2000-01-08-20:30,11
2000-01-08-21:30,10
2000-01-08-22:30,11
2000-01-08-23:30,10
2000-01-09-00:30,12
2000-01-09-01:30,12
2000-01-09-02:30,11
2000-01-09-04:30,13
2000-01-09-05:30,13
2000-01-09-06:30,13
2000-01-09-07:30,14
2000-01-09-08:30,14
2000-01-09-10:30,13
2000-01-09-11:30,14
2000-01-09-12:30,13
2000-01-09-13:30,13
2000-01-09-14:30,13
2000-01-09-15:30,12
2000-01-09-16:30,12
2000-01-09-17:30,12
2000-01-09-18:30,12
2000-01-09-19:30,11
2000-01-09-20:30,11
2000-01-09-21:30,11
2000-01-09-22:30,11
2000-01-09-23:30,11
2000-01-10-00:30,11
2000-01-10-01:30,12
2000-01-10-02:30,12
2000-01-10-03:30,13
2000-01-10-04:30,14
2000-01-10-05:30,15
2000-01-10-06:30,16
2000-01-10-08:30,17
2000-01-10-09:30,17
2000-01-10-10:30,17
2000-01-10-11:30,17
2000-01-10-12:30,15
2000-01-10-13:30,15
2000-01-10-14:30,13
2000-01-10-15:30,14
2000-01-10-16:30,13
2000-01-10-17:30,13
2000-01-10-18:30,12
2000-01-10-19:30,12
2000-01-10-20:30,12
2000-01-10-21:30,11
2000-01-10-22:30,11
2000-01-10-23:30,12
2000-01-11-00:30,12
2000-01-11-01:30,10
2000-01-11-02:30,11
2000-01-11-03:30,14
2000-01-11-04:30,15
2000-01-11-05:30,17
2000-01-11-06:30,19
2000-01-11-07:30,21
2000-01-11-08:30,22
2000-01-11-09:30,23
2000-01-11-10:30,22
2000-01-11-11:30,21
2000-01-11-12:30,19
2000-01-11-13:30,17
2000-01-11-14:30,15
2000-01-11-15:30,15
2000-01-11-16:30,15
2000-01-11-17:30,15
2000-01-11-18:30,16
2000-01-11-19:30,16
2000-01-11-20:30,15
2000-01-11-21:30,15
2000-01-11-22:30,14
2000-01-11-23:30,13
2000-01-11-23:46,13
2000-01-12-05:30,19
2000-01-12-06:30,20
2000-01-12-08:30,21
2000-01-12-09:30,20
2000-01-12-10:30,20
2000-01-12-11:30,19
2000-01-12-12:30,17
2000-01-12-14:30,16
2000-01-12-15:30,15
2000-01-12-16:30,15
2000-01-12-17:30,15
2000-01-12-18:30,15
2000-01-12-19:30,15
2000-01-12-20:30,15
2000-01-12-21:30,15
2000-01-12-22:30,15
2000-01-12-23:30,14
2000-01-13-00:30,14
2000-01-13-01:30,13
2000-01-13-02:30,13
2000-01-13-03:30,14
2000-01-13-04:30,15
2000-01-13-05:30,16
2000-01-13-06:30,18
2000-01-13-07:30,18
2000-01-13-08:30,18
2000-01-13-09:30,19
2000-01-13-10:30,18
2000-01-13-11:30,18
2000-01-13-13:30,15
2000-01-13-14:30,16
2000-01-13-15:30,15
2000-01-13-16:30,15
2000-01-13-17:30,15
2000-01-13-18:30,14
2000-01-13-20:30,13
2000-01-13-21:30,12
2000-01-13-22:30,12
2000-01-13-23:30,10
2000-01-14-00:30,11
2000-01-14-02:30,10
2000-01-14-04:30,13
2000-01-14-05:30,15
2000-01-14-06:30,17
2000-01-14-07:30,18
2000-01-14-08:30,18
2000-01-14-09:30,19
2000-01-14-10:30,18
2000-01-14-11:30,17
2000-01-14-12:30,15
2000-01-14-14:30,13
2000-01-14-15:30,12
2000-01-14-16:30,11
2000-01-14-17:30,11
2000-01-14-18:30,9
2000-01-14-19:30,10
2000-01-14-20:30,10
2000-01-14-21:30,10
2000-01-14-22:30,8
2000-01-14-23:30,7
2000-01-15-00:30,8
2000-01-15-01:30,8
2000-01-15-02:30,7
2000-01-15-03:30,8
2000-01-15-04:30,10
2000-01-15-05:30,13
2000-01-15-06:30,14
2000-01-15-08:30,16
2000-01-15-09:30,16
2000-01-15-10:30,16
2000-01-15-11:30,16
2000-01-15-12:30,14
2000-01-15-13:30,13
2000-01-15-14:30,13
2000-01-15-15:30,13
2000-01-15-16:30,12
2000-01-15-17:30,12
2000-01-15-19:30,10
2000-01-15-20:30,10
2000-01-15-21:30,9
2000-01-15-22:30,7.5
2000-01-15-23:30,6
2000-01-16-00:30,5
2000-01-16-01:30,5
2000-01-16-02:30,6
2000-01-16-03:30,7
2000-01-16-04:30,10
2000-01-16-05:30,13
2000-01-16-06:30,14
2000-01-16-07:30,15
2000-01-16-08:30,15
2000-01-16-09:30,16
2000-01-16-10:30,16
2000-01-16-11:30,15
2000-01-16-12:30,14
2000-01-16-13:30,13
2000-01-16-14:30,12
2000-01-16-15:30,11
2000-01-16-16:30,10
2000-01-16-17:30,9
2000-01-16-18:30,8
2000-01-16-19:30,8
2000-01-16-20:30,7
2000-01-16-21:30,7
2000-01-16-22:30,6
2000-01-16-23:30,5
2000-01-17-00:30,5
2000-01-17-01:30,5
2000-01-17-02:30,6.5
2000-01-17-03:30,8
2000-01-17-04:30,10
2000-01-17-05:30,12
2000-01-17-06:30,15
2000-01-17-07:30,16
2000-01-17-08:30,16
2000-01-17-09:30,18
2000-01-17-10:30,18
2000-01-17-11:30,17
2000-01-17-12:30,14
2000-01-17-13:30,15
2000-01-17-14:30,14
2000-01-17-15:30,12
2000-01-17-16:30,11
2000-01-17-17:30,10
2000-01-17-18:30,9
2000-01-17-19:30,8
2000-01-17-20:30,8
2000-01-17-21:30,8
2000-01-17-22:30,9
2000-01-17-23:30,8
2000-01-18-00:30,7
2000-01-18-01:30,7
2000-01-18-02:30,8
2000-01-18-03:30,10
2000-01-18-04:30,14
2000-01-18-05:30,16
2000-01-18-06:30,18
2000-01-18-08:30,20
2000-01-18-09:30,20
2000-01-18-10:30,20
2000-01-18-11:30,19
2000-01-18-12:30,17
2000-01-18-13:30,16
2000-01-18-14:30,15
2000-01-18-15:30,14
2000-01-18-16:30,17
2000-01-18-18:30,12
2000-01-18-19:30,11
2000-01-18-20:30,11
2000-01-18-21:30,10
2000-01-18-22:30,9
2000-01-18-23:30,9
2000-01-19-00:30,8
2000-01-19-01:30,8
2000-01-19-02:30,8
2000-01-19-03:30,10
2000-01-19-04:30,14
2000-01-19-05:30,16
2000-01-19-06:30,18
2000-01-19-07:30,19
2000-01-19-08:30,20
2000-01-19-09:30,21
2000-01-19-10:30,21
2000-01-19-11:30,21
2000-01-19-12:30,18
2000-01-19-13:30,17
2000-01-19-14:30,17
2000-01-19-15:30,17
2000-01-19-16:30,16
2000-01-19-17:30,14
2000-01-19-18:30,13
2000-01-19-19:30,12
2000-01-19-20:30,11
2000-01-19-21:30,10
2000-01-19-22:30,10
2000-01-19-23:30,9
2000-01-20-00:30,9
2000-01-20-01:30,9
2000-01-20-02:30,9
2000-01-20-03:30,11
2000-01-20-04:30,14
2000-01-20-05:30,17
2000-01-20-08:30,22
2000-01-20-09:30,22
2000-01-20-10:30,22
2000-01-20-11:30,21
2000-01-20-12:30,19
2000-01-20-13:30,18
2000-01-20-14:30,17
2000-01-20-16:30,16
2000-01-20-17:30,14
2000-01-20-19:30,13
2000-01-20-20:30,13
2000-01-20-21:30,13
2000-01-20-22:30,13
2000-01-21-00:30,13
2000-01-21-01:30,14
2000-01-21-02:30,14
2000-01-21-03:30,16
2000-01-21-04:30,19
2000-01-21-05:30,20
2000-01-21-06:30,22
2000-01-21-07:30,22
2000-01-21-09:30,23
2000-01-21-10:30,23
2000-01-21-11:30,21
2000-01-21-12:30,18
2000-01-21-13:30,17
2000-01-21-14:30,18
2000-01-21-15:30,16
2000-01-21-16:30,15
2000-01-21-17:30,15
2000-01-21-18:30,15
2000-01-21-19:30,14
2000-01-21-20:30,13
2000-01-21-21:30,13
2000-01-21-22:30,13
2000-01-21-23:30,13
2000-01-22-00:30,12
2000-01-22-01:30,12
2000-01-22-02:30,13
2000-01-22-03:30,14
2000-01-22-04:30,13
2000-01-22-06:30,16
2000-01-22-07:30,19
2000-01-22-08:30,20
2000-01-22-09:30,17
2000-01-22-10:30,17
2000-01-22-11:30,18
2000-01-22-12:30,17
2000-01-22-13:30,15
2000-01-22-14:30,15
2000-01-22-15:30,14
2000-01-22-16:30,14
2000-01-22-17:30,13
2000-01-22-19:30,13
2000-01-22-20:30,13
2000-01-22-21:30,12
2000-01-22-22:30,11
2000-01-22-23:30,11
2000-01-23-00:30,10
2000-01-23-01:30,11
2000-01-23-02:30,11
2000-01-23-03:30,12
2000-01-23-04:30,16
2000-01-23-05:30,17.5
2000-01-23-06:30,19
2000-01-23-07:30,20
2000-01-23-08:30,21
2000-01-23-09:30,22
2000-01-23-10:30,21
2000-01-23-11:30,21
2000-01-23-12:30,19
2000-01-23-13:30,17
2000-01-23-14:30,16
2000-01-23-15:30,15
2000-01-23-16:30,15
2000-01-23-17:30,14
2000-01-23-18:30,13
2000-01-23-19:30,13
2000-01-23-20:30,12
2000-01-23-21:30,11
2000-01-23-22:30,11
2000-01-24-00:30,9
2000-01-24-01:30,10
2000-01-24-02:30,10
2000-01-24-03:30,12
2000-01-24-04:30,15
2000-01-24-05:30,17
2000-01-24-06:30,19
2000-01-24-07:30,21
2000-01-24-08:30,22
2000-01-24-09:30,22
2000-01-24-10:30,22
2000-01-24-11:30,21
2000-01-24-12:30,20
2000-01-24-13:30,18
2000-01-24-14:30,17
2000-01-24-15:30,16
2000-01-24-16:30,16
2000-01-24-17:30,16
2000-01-24-18:30,15
2000-01-24-19:30,14
2000-01-24-20:30,14
2000-01-24-21:30,14
2000-01-24-22:30,13
2000-01-24-23:30,10
2000-01-25-00:30,12
2000-01-25-01:30,13
2000-01-25-02:30,13
2000-01-25-03:30,15
2000-01-25-04:30,16
2000-01-25-06:30,20
2000-01-25-07:30,21
2000-01-25-08:30,17
2000-01-25-09:30,17
2000-01-25-10:30,18
2000-01-25-11:30,18
2000-01-25-12:30,15
2000-01-25-13:30,15
2000-01-25-14:30,14
2000-01-25-15:30,14
2000-01-25-16:30,14
2000-01-25-17:30,14
2000-01-25-18:30,14
2000-01-25-19:30,13
2000-01-25-20:30,14
2000-01-25-21:30,14
2000-01-25-22:30,13
2000-01-26-00:30,13
2000-01-26-01:30,13
2000-01-26-02:30,14
2000-01-26-03:30,15
2000-01-26-04:30,16
2000-01-26-05:30,17
2000-01-26-06:30,19
2000-01-26-12:30,18
2000-01-26-13:30,18
2000-01-26-14:30,16
2000-01-26-15:30,15
2000-01-26-16:30,15
2000-01-26-17:30,15
2000-01-26-18:30,14
2000-01-26-19:30,13
2000-01-26-20:30,12
2000-01-26-21:30,12
2000-01-26-22:30,12
2000-01-26-23:30,11
2000-01-27-00:30,11
2000-01-27-01:30,11
2000-01-27-02:30,11
2000-01-27-03:00,10
2000-01-27-03:30,11
2000-01-27-04:30,12
2000-01-27-05:30,14
2000-01-27-06:30,15
2000-01-27-07:30,15
2000-01-27-08:30,17
2000-01-27-09:30,18
2000-01-27-10:30,18
2000-01-27-11:30,18
2000-01-27-12:30,16
2000-01-27-13:30,15
2000-01-27-14:30,15
2000-01-27-15:30,14
2000-01-27-16:30,13
2000-01-27-17:30,12
2000-01-27-18:30,12
2000-01-27-19:30,12
2000-01-27-20:30,11
2000-01-27-21:30,11
2000-01-27-22:30,11
2000-01-27-23:30,10
2000-01-28-00:30,10
2000-01-28-02:30,9
2000-01-28-03:00,10
2000-01-28-03:30,11
2000-01-28-04:30,13
2000-01-28-05:30,15
2000-01-28-06:30,17
2000-01-28-07:30,19
2000-01-28-08:30,19
2000-01-28-09:30,21
2000-01-28-10:30,20
2000-01-28-11:30,19
2000-01-28-12:30,17
2000-01-28-13:30,15
2000-01-28-14:30,15
2000-01-28-15:30,14
2000-01-28-16:30,13
2000-01-28-17:30,12
2000-01-28-19:30,11
2000-01-28-20:30,11
2000-01-28-21:30,11
2000-01-28-22:30,10
2000-01-29-00:30,9
2000-01-29-01:30,9
2000-01-29-02:30,10
2000-01-29-03:30,13
2000-01-29-04:30,16
2000-01-29-05:30,17
2000-01-29-06:30,18
2000-01-29-07:30,19
2000-01-29-08:30,21
2000-01-29-09:30,21
2000-01-29-10:30,21
2000-01-29-11:30,21
2000-01-29-12:30,19
2000-01-29-13:30,17
2000-01-29-14:30,16
2000-01-29-15:30,15
2000-01-29-16:30,14
2000-01-29-17:30,14
2000-01-29-18:30,12
2000-01-29-19:30,12
2000-01-29-20:30,11
2000-01-29-21:30,11
2000-01-29-22:30,11
2000-01-29-23:30,9
2000-01-30-01:30,10
2000-01-30-02:30,10
2000-01-30-03:30,12
2000-01-30-04:30,16
2000-01-30-05:30,18
2000-01-30-06:30,20
2000-01-30-07:30,21
2000-01-30-08:30,22
2000-01-30-09:30,23
2000-01-30-10:30,23
2000-01-30-11:30,22
2000-01-30-12:30,21
2000-01-30-13:30,18
2000-01-30-14:30,17
2000-01-30-15:30,16
2000-01-30-16:30,16
2000-01-30-17:30,15
2000-01-30-18:30,14
2000-01-30-19:30,14
2000-01-30-20:30,13
2000-01-30-21:30,13
2000-01-30-22:30,13
2000-01-30-23:30,13
2000-01-31-00:30,12
2000-01-31-03:30,14
2000-01-31-04:30,17
2000-01-31-05:30,20
2000-01-31-06:30,21
2000-01-31-07:30,22
2000-01-31-08:30,22
2000-01-31-09:30,22
2000-01-31-11:30,21
2000-01-31-12:30,19
2000-01-31-13:30,18
2000-01-31-14:30,18
2000-01-31-15:30,17
2000-01-31-16:30,17
2000-01-31-17:30,16
2000-01-31-18:30,16
2000-01-31-20:30,15
2000-01-31-22:30,14
2000-01-31-23:30,14
2000-02-01-01:30,13
2000-02-01-04:30,17
2000-02-01-05:30,17
2000-02-01-06:30,18
2000-02-01-07:30,20
2000-02-01-08:30,21
2000-02-01-09:30,22
2000-02-01-11:30,21
2000-02-01-12:30,19
2000-02-01-13:30,18
2000-02-01-15:30,16
2000-02-01-16:30,16
2000-02-01-17:30,15
2000-02-01-18:30,14
2000-02-01-19:30,14
2000-02-01-20:30,14
2000-02-01-21:30,13
2000-02-01-22:30,13
2000-02-01-23:30,13
2000-02-02-00:30,13
2000-02-02-01:30,13
2000-02-02-02:30,13
2000-02-02-03:30,14
2000-02-02-05:30,17
2000-02-02-06:30,19
2000-02-02-07:30,20
2000-02-02-08:30,20
2000-02-02-09:30,20
2000-02-02-10:30,20
2000-02-02-11:30,19
2000-02-02-12:30,18
2000-02-02-13:30,18
2000-02-02-14:30,17
2000-02-02-15:30,17
2000-02-02-16:30,17
2000-02-02-17:30,16
2000-02-02-18:30,15
2000-02-02-19:30,15
2000-02-02-20:30,15
2000-02-02-21:30,14
2000-02-02-22:30,14
2000-02-02-22:40,14
2000-02-02-23:30,13
2000-02-03-00:30,12
2000-02-03-01:30,12
2000-02-03-02:30,13
2000-02-03-03:30,16
2000-02-03-04:30,19
2000-02-03-06:30,21
2000-02-03-07:30,21
2000-02-03-09:30,23
2000-02-03-10:30,23
2000-02-03-11:30,21
2000-02-03-12:30,20
2000-02-03-13:30,19
2000-02-03-14:30,18
2000-02-03-15:30,17
2000-02-03-16:30,17
2000-02-03-17:30,17
2000-02-03-18:30,16
2000-02-03-19:30,15
2000-02-03-20:30,15
2000-02-03-21:30,15
2000-02-03-22:30,14
2000-02-03-23:30,14
2000-02-04-01:30,13
2000-02-04-02:30,14
2000-02-04-03:30,16
2000-02-04-04:30,19
2000-02-04-05:30,21
2000-02-04-06:30,21
2000-02-04-07:30,22
2000-02-04-08:30,22
2000-02-04-09:30,22
2000-02-04-10:30,21
2000-02-04-11:30,21
2000-02-04-12:30,19
2000-02-04-13:30,15
2000-02-04-14:30,14
2000-02-04-15:30,14
2000-02-04-17:30,14
2000-02-04-18:30,14
2000-02-04-19:30,14
2000-02-04-20:30,14
2000-02-04-21:30,13
2000-02-04-22:30,13
2000-02-04-23:30,13
2000-02-05-00:30,13.5
2000-02-05-01:30,14
2000-02-05-02:30,14
2000-02-05-03:30,14
2000-02-05-04:30,14
2000-02-05-05:30,15
2000-02-05-06:30,16
2000-02-05-07:30,15
2000-02-05-08:30,15
2000-02-05-09:30,14
2000-02-05-10:30,14
2000-02-05-11:30,14
2000-02-05-12:30,13
2000-02-05-13:30,13
2000-02-05-14:30,13
2000-02-05-15:30,13
2000-02-05-16:30,13
2000-02-05-17:30,13
2000-02-05-18:30,13
2000-02-05-19:30,13
2000-02-05-20:30,12
2000-02-05-22:30,12
2000-02-05-23:30,12
2000-02-06-00:30,12
2000-02-06-01:30,13
2000-02-06-02:30,13
2000-02-06-03:30,14
2000-02-06-04:30,15
2000-02-06-05:30,16
2000-02-06-07:30,17
2000-02-06-08:30,18
2000-02-06-09:30,17
2000-02-06-10:30,17
2000-02-06-11:30,17
2000-02-06-12:30,16
2000-02-06-13:30,15
2000-02-06-14:30,15
2000-02-06-15:30,14
2000-02-06-16:30,13
2000-02-06-17:30,12
2000-02-06-18:30,12
2000-02-06-19:30,11
2000-02-06-20:30,11
2000-02-06-21:30,11
2000-02-06-22:30,11
2000-02-06-23:30,11
2000-02-07-00:30,11
2000-02-07-01:30,11
2000-02-07-02:30,11
2000-02-07-03:30,11
2000-02-07-04:30,12
2000-02-07-05:30,12
2000-02-07-06:30,13
2000-02-07-07:30,14
2000-02-07-08:30,15
2000-02-07-09:30,16
2000-02-07-10:30,16
2000-02-07-11:30,16
2000-02-07-12:30,15
2000-02-07-14:30,13
2000-02-07-15:30,12
2000-02-07-16:30,12
2000-02-07-17:30,11
2000-02-07-18:30,11
2000-02-07-19:30,10.5
2000-02-07-20:30,10
2000-02-07-21:30,9
2000-02-07-22:30,8
2000-02-07-23:30,8
2000-02-08-00:30,8
2000-02-08-01:30,8
2000-02-08-03:30,9
2000-02-08-04:30,10
2000-02-08-05:30,10
2000-02-08-07:30,13
2000-02-08-08:30,15
2000-02-08-09:30,15
2000-02-08-10:30,16
2000-02-08-11:30,15
2000-02-08-12:30,14
2000-02-08-13:30,14
2000-02-08-14:30,13
2000-02-08-15:30,12
2000-02-08-16:30,12
2000-02-08-18:30,11
2000-02-08-20:30,10
2000-02-08-21:30,9
2000-02-08-23:30,8
2000-02-09-00:30,7
2000-02-09-01:30,7
2000-02-09-02:30,8
2000-02-09-03:30,9
2000-02-09-05:30,15
2000-02-09-06:30,18
2000-02-09-07:30,19
2000-02-09-08:30,19
2000-02-09-09:30,20
2000-02-09-10:30,20
2000-02-09-11:30,20
2000-02-09-13:30,17
2000-02-09-14:30,16
2000-02-09-15:30,15
2000-02-09-17:30,14
2000-02-09-18:30,14
2000-02-09-19:30,14
2000-02-09-20:30,12
2000-02-09-21:30,12
2000-02-09-22:30,12
2000-02-09-23:30,13
2000-02-10-00:30,12
2000-02-10-01:30,12
2000-02-10-02:30,14
2000-02-10-03:30,16
2000-02-10-04:30,18
2000-02-10-05:30,20
2000-02-10-06:30,19
2000-02-10-07:30,19
2000-02-10-08:30,20
2000-02-10-09:30,18
2000-02-10-10:30,17
2000-02-10-11:30,17
2000-02-10-12:30,17
2000-02-10-13:30,15
2000-02-10-14:30,15
2000-02-10-15:30,14
2000-02-10-16:30,13
2000-02-10-17:30,13
2000-02-10-18:30,13
2000-02-10-19:30,13
2000-02-10-22:30,12
2000-02-10-23:30,12
2000-02-11-00:30,12
2000-02-11-01:30,12
2000-02-11-02:30,12
2000-02-11-03:30,13
2000-02-11-05:30,14
2000-02-11-06:30,14
2000-02-11-07:30,15
2000-02-11-08:30,15
2000-02-11-09:30,15
2000-02-11-10:30,16
2000-02-11-11:30,16
2000-02-11-12:30,15
2000-02-11-13:30,14
2000-02-11-14:30,13
2000-02-11-15:30,13
2000-02-11-16:30,12
2000-02-11-17:30,12
2000-02-11-20:30,12
2000-02-11-21:30,11
2000-02-11-23:30,10
2000-02-12-00:30,10
2000-02-12-01:30,9
2000-02-12-02:30,9
2000-02-12-03:30,9
2000-02-12-04:30,11
2000-02-12-05:30,11
2000-02-12-06:30,12
2000-02-12-07:30,14
2000-02-12-08:30,15
2000-02-12-09:30,16
2000-02-12-10:30,17
2000-02-12-11:30,17
2000-02-12-12:30,16
2000-02-12-13:30,15
2000-02-12-14:30,15
2000-02-12-15:30,13
2000-02-12-16:30,13
2000-02-12-17:30,12
2000-02-12-18:30,12
2000-02-12-19:30,12
2000-02-12-22:30,9
2000-02-12-23:30,6
2000-02-13-00:30,6
2000-02-13-01:30,7
2000-02-13-02:30,7
2000-02-13-03:30,8
2000-02-13-04:30,9
2000-02-13-05:30,11
2000-02-13-06:30,13
2000-02-13-07:30,15
2000-02-13-08:30,17
2000-02-13-09:30,17
2000-02-13-10:30,16
2000-02-13-11:30,17
2000-02-13-13:30,14
2000-02-13-14:30,13
2000-02-13-15:30,13
2000-02-13-16:30,12
2000-02-13-18:30,11
2000-02-13-19:30,10
2000-02-13-20:30,9
2000-02-13-21:30,9
2000-02-13-22:30,8
2000-02-14-03:30,10
2000-02-14-04:30,12
2000-02-14-05:30,15
2000-02-14-07:30,17
2000-02-14-08:30,18
2000-02-14-09:30,18
2000-02-14-10:30,19
2000-02-14-11:30,18
2000-02-14-12:30,18
2000-02-14-13:30,16
2000-02-14-14:30,15
2000-02-14-15:30,14
2000-02-14-16:30,14
2000-02-14-17:30,13
2000-02-14-18:30,12
2000-02-14-19:30,11
2000-02-14-20:30,11
2000-02-14-21:30,10
2000-02-14-22:30,10
2000-02-14-23:30,10
2000-02-15-00:30,10
2000-02-15-01:30,9
2000-02-15-02:30,9
2000-02-15-03:30,11
2000-02-15-04:30,14
2000-02-15-05:00,11
2000-02-15-05:30,17
2000-02-15-06:30,18
2000-02-15-07:30,19
2000-02-15-08:30,20
2000-02-15-09:30,21
2000-02-15-10:30,21
2000-02-15-11:30,21
2000-02-15-12:30,20
2000-02-15-13:30,19
2000-02-15-14:30,17
2000-02-15-15:30,15
2000-02-15-16:30,15
2000-02-15-17:30,13
2000-02-15-18:30,13
2000-02-15-19:30,12
2000-02-15-20:30,12
2000-02-16-02:30,11
2000-02-16-03:30,14
2000-02-16-04:30,17
2000-02-16-10:30,22
2000-02-16-11:30,22
2000-02-16-12:30,20
2000-02-16-13:30,18
2000-02-16-14:30,17
2000-02-16-16:30,15
2000-02-16-17:30,15
2000-02-16-18:30,15
2000-02-16-19:30,13
2000-02-16-20:30,13
2000-02-16-21:30,13
2000-02-16-22:30,12
2000-02-16-23:30,12
2000-02-17-00:30,12
2000-02-17-01:30,12
2000-02-17-02:30,14
2000-02-17-03:30,18
2000-02-17-04:30,20
2000-02-17-05:30,20
2000-02-17-06:30,21
2000-02-17-07:30,21
2000-02-17-08:30,22
2000-02-17-09:30,22
2000-02-17-10:30,23
2000-02-17-11:30,22
2000-02-17-12:30,20
2000-02-17-13:30,19
2000-02-17-14:30,17
2000-02-17-15:30,17
2000-02-17-16:30,16
2000-02-17-17:30,16
2000-02-17-18:30,15
2000-02-17-19:30,15
2000-02-17-20:30,14
2000-02-17-21:30,13
2000-02-17-22:30,13
2000-02-17-23:30,12
2000-02-18-00:30,10
2000-02-18-01:30,10
2000-02-18-02:30,10
2000-02-18-03:30,12
2000-02-18-04:30,15
2000-02-18-05:30,18
2000-02-18-06:30,20
2000-02-18-07:30,20
2000-02-18-09:30,21
2000-02-18-10:30,21
2000-02-18-11:30,20
2000-02-18-12:30,19
2000-02-18-13:30,19
2000-02-18-14:30,17
2000-02-18-15:30,16
2000-02-18-16:30,16
2000-02-18-17:30,14
2000-02-18-18:30,13
2000-02-18-19:30,12
2000-02-18-20:30,11
2000-02-18-21:30,11
2000-02-18-22:30,10
2000-02-18-23:30,10
2000-02-19-02:30,10
2000-02-19-03:30,14
2000-02-19-04:30,15
2000-02-19-05:30,17
2000-02-19-06:30,19
2000-02-19-07:30,20
2000-02-19-08:30,21
2000-02-19-09:30,21
2000-02-19-10:30,21
2000-02-19-12:30,20
2000-02-19-13:30,18
2000-02-19-15:30,15
2000-02-19-16:30,15
2000-02-19-17:30,14
2000-02-19-18:30,14
2000-02-19-19:30,13
2000-02-19-20:30,12
2000-02-19-21:30,12
2000-02-19-22:30,11
2000-02-19-23:30,11
2000-02-20-00:30,10
2000-02-20-01:30,11
2000-02-20-02:30,12
2000-02-20-03:30,16
2000-02-20-04:30,18
2000-02-20-05:30,20
2000-02-20-06:30,22
2000-02-20-07:30,23
2000-02-20-08:30,24
2000-02-20-09:30,24
2000-02-20-10:30,22
2000-02-20-11:30,22
2000-02-20-12:30,20
2000-02-20-13:30,17
2000-02-20-14:30,17
2000-02-20-15:30,17
2000-02-20-16:30,16
2000-02-20-17:30,16
2000-02-20-18:30,15
2000-02-20-19:30,14
2000-02-20-20:30,14
2000-02-20-22:30,14
2000-02-21-00:30,12
2000-02-21-01:30,12
2000-02-21-02:30,12
2000-02-21-03:30,13
2000-02-21-04:30,15
2000-02-21-05:30,18
2000-02-21-06:30,20
2000-02-21-07:30,21
2000-02-21-08:30,22
2000-02-21-09:30,23
2000-02-21-10:30,22
2000-02-21-11:30,22
2000-02-21-12:30,21
2000-02-21-14:30,19
2000-02-21-15:30,18
2000-02-21-16:30,17
2000-02-21-17:30,17
2000-02-21-18:30,16
2000-02-21-19:30,15
2000-02-21-20:30,15
2000-02-21-21:30,14
2000-02-21-22:30,13
2000-02-21-23:30,13
2000-02-22-00:30,12
2000-02-22-01:30,11
2000-02-22-02:30,12
2000-02-22-03:30,15
2000-02-22-04:30,17
2000-02-22-05:30,20
2000-02-22-06:30,21
2000-02-22-07:30,21
2000-02-22-08:30,21
2000-02-22-09:30,21
2000-02-22-10:30,22
2000-02-22-12:30,19
2000-02-22-14:30,17
2000-02-22-15:30,17
2000-04-29-05:30,35
2000-05-12-16:30,26
2000-06-10-04:30,30
2000-06-10-18:30,28
2000-06-10-19:30,28
2000-06-10-20:30,27
2000-06-10-21:30,27
2000-06-10-22:30,27
2000-06-10-23:30,27
2000-06-11-00:30,27
2000-06-11-01:30,28
2000-06-11-02:30,29
2000-06-11-03:30,32
2000-06-11-04:30,32
2000-06-11-05:30,33
2000-06-11-06:30,34
2000-06-11-07:30,35
2000-06-11-08:30,36
2000-06-11-09:30,37
2000-06-11-10:30,37
2000-06-11-11:30,37
2000-06-11-12:30,36
2000-06-11-13:30,35
2000-06-11-14:30,33
2000-06-11-15:30,32
2000-06-11-16:30,31
2000-06-11-17:30,31
2000-06-11-18:30,30
2000-06-11-19:30,29
2000-06-11-21:30,29
2000-06-11-22:30,28
2000-06-11-23:30,29
2000-06-12-00:30,28
2000-06-12-01:30,29
2000-06-12-02:30,31
2000-06-12-03:30,32
2000-06-12-04:30,34
2000-06-12-05:30,35
2000-06-12-06:30,36
2000-06-12-07:30,37
2000-06-12-08:30,38
2000-06-12-09:30,39
2000-06-12-10:30,39
2000-06-12-11:30,34
2000-06-12-12:30,34
2000-06-12-13:30,33
2000-06-12-14:30,32
2000-06-12-15:30,31
2000-06-12-16:30,31
2000-06-12-17:30,31
2000-06-12-18:30,31
2000-06-12-19:30,30
2000-06-12-20:30,30
2000-06-12-21:30,30
2000-06-12-22:30,29
2000-06-12-23:30,29
2000-06-13-00:30,29
2000-06-13-01:30,29
2000-06-13-02:30,30
2000-06-13-06:30,36
2000-06-13-07:30,38
2000-06-13-11:30,32
2000-06-13-12:30,33
2000-06-13-13:30,33
2000-06-13-14:30,32
2000-06-13-15:30,32
2000-06-13-16:30,32
2000-06-13-17:30,32
2000-06-13-18:30,32
2000-06-13-19:30,31
2000-06-13-20:30,31
2000-06-13-21:30,30
2000-06-13-22:30,29
2000-06-13-23:30,31
2000-06-14-00:30,31
2000-06-14-01:30,31
2000-06-14-02:30,32
2000-06-14-03:30,34
2000-06-14-05:30,34
2000-06-14-06:30,37
2000-06-14-07:30,38
2000-06-14-08:30,39
2000-06-14-09:30,39
2000-06-14-10:30,39
2000-06-14-11:30,40
2000-06-14-12:30,39
2000-06-14-13:30,39
2000-06-14-14:30,38
2000-06-14-15:30,36
2000-06-14-16:30,36
2000-06-14-17:30,35
2000-06-14-18:30,33
2000-06-14-19:30,33
2000-06-14-20:30,33
2000-06-14-21:30,32
2000-06-14-22:30,32
2000-06-14-23:30,32
2000-06-15-00:30,31
2000-06-15-01:30,32
2000-06-15-02:30,33
2000-06-15-03:30,35
2000-06-15-04:30,35
2000-06-15-05:30,37
2000-06-15-06:30,37
2000-06-15-07:30,38
2000-06-15-08:30,39
2000-06-15-09:30,40
2000-06-15-10:30,40
2000-06-15-11:30,40
2000-06-15-12:30,39
2000-06-15-13:30,37
2000-06-15-14:30,36
2000-06-15-15:30,36
2000-06-15-16:30,35
2000-06-15-17:30,31
2000-06-15-18:30,31
2000-06-15-19:30,31
2000-06-15-20:30,31
2000-06-15-22:30,29
2000-06-15-23:30,28
2000-06-16-00:30,28
2000-06-16-01:30,28
2000-06-16-02:30,29
2000-06-16-03:30,30
2000-06-16-04:30,31
2000-06-16-05:30,32
2000-06-16-09:30,36
2000-06-16-10:30,36
2000-06-16-11:30,36
2000-06-16-12:30,35
2000-06-16-13:30,34
2000-06-16-14:30,33
2000-06-16-15:30,32
2000-06-16-16:30,31
2000-06-16-17:30,31
2000-06-16-18:30,30
2000-06-16-19:30,30
2000-06-16-20:30,29
2000-06-16-21:30,29
2000-06-16-22:00,29
2000-06-16-22:30,29
2000-06-16-23:30,29
2000-06-17-00:30,29
2000-06-17-01:30,29
2000-06-17-02:30,30
2000-06-17-03:30,31
2000-06-17-04:30,33
2000-06-17-05:30,35
2000-06-17-06:30,37
2000-06-17-07:30,38
2000-06-17-08:30,39
2000-06-17-09:30,40
2000-06-17-10:30,40
2000-06-17-11:30,40
2000-06-17-12:30,38
2000-06-17-13:30,36
2000-06-17-14:30,35
2000-06-17-15:30,34
2000-06-17-16:30,33
2000-06-17-17:30,33
2000-06-17-18:30,33
2000-06-17-19:30,33
2000-06-17-20:30,32
2000-06-17-21:30,32
2000-06-17-22:30,31
2000-06-17-23:30,31
2000-06-18-00:30,31
2000-06-18-01:30,31
2000-06-18-02:30,33
2000-06-18-03:30,35
2000-06-18-04:30,36
2000-06-18-05:30,37
2000-06-18-06:30,37
2000-06-18-07:30,38
2000-06-18-08:30,39
2000-06-18-09:30,39
2000-06-18-10:30,39
2000-06-18-11:30,39
2000-06-18-12:30,38
2000-06-18-13:30,36
2000-06-18-14:30,34
2000-06-18-15:30,33
2000-06-18-16:30,32
2000-06-18-17:30,32
2000-06-18-18:30,31
2000-06-18-20:30,30
2000-06-18-21:30,30
2000-06-18-22:30,30
2000-06-18-23:30,29
2000-06-19-00:30,29
2000-06-19-01:30,30
2000-06-19-02:30,31
2000-06-19-03:30,32
2000-06-19-04:30,33
2000-06-19-05:30,34
2000-06-19-06:30,35
2000-06-19-07:30,35
2000-06-19-08:30,36
2000-06-19-09:30,37
2000-06-19-10:30,37
2000-06-19-11:30,36
2000-06-19-12:30,36
2000-06-19-14:30,33
2000-06-19-15:30,31
2000-06-19-16:30,31
2000-06-19-17:30,31
2000-06-19-18:30,30
2000-06-19-19:30,29
2000-06-19-20:30,29
2000-06-19-21:30,29
2000-06-19-22:30,28
2000-06-19-23:30,28
2000-06-20-00:30,28
2000-06-20-01:30,28
2000-06-20-02:30,30
2000-06-20-03:30,31
2000-06-20-04:30,32
2000-06-20-05:30,33
2000-06-20-06:30,34
2000-06-20-07:30,35
2000-06-20-08:30,35
2000-06-20-09:30,36
2000-06-20-10:30,35
2000-06-20-11:30,35
2000-06-20-12:30,33
2000-06-20-13:30,33
2000-06-20-15:30,31
2000-06-20-16:30,30
2000-06-20-17:30,30
2000-06-20-18:30,29
2000-06-20-19:30,29
2000-06-20-20:30,29
2000-06-20-21:30,29
2000-06-20-22:30,29
2000-06-20-23:30,29
2000-06-21-00:30,28
2000-06-21-01:30,29
2000-06-21-02:30,31
2000-06-21-03:30,32
2000-06-21-04:30,33
2000-06-21-05:30,35
2000-06-21-06:30,36
2000-06-21-07:30,37
2000-06-21-08:30,39
2000-06-21-09:30,40
2000-06-21-10:30,41
2000-06-21-11:30,40
2000-06-21-12:30,38
2000-06-21-13:30,37
2000-06-21-14:30,37
2000-06-21-15:30,35
2000-06-21-16:30,35
2000-06-21-17:30,35
2000-06-21-18:30,34
2000-06-21-19:30,33
2000-06-21-20:30,31
2000-06-21-21:30,31
2000-06-21-22:30,31
2000-06-22-00:30,30
2000-06-22-01:30,31
2000-06-22-02:30,34
2000-06-22-03:30,35
2000-06-22-04:30,37
2000-06-22-05:30,38
2000-06-22-06:30,39
2000-06-22-08:30,40
2000-06-22-09:30,38
2000-06-22-10:30,34
2000-06-22-11:30,28
2000-06-22-12:30,30
2000-06-22-13:30,30
2000-06-22-14:30,30
2000-06-22-15:30,29
2000-06-22-16:30,29
2000-06-22-17:30,29
2000-06-22-18:30,29
2000-06-22-19:30,27
2000-06-22-20:30,27
2000-06-22-21:30,27
2000-06-22-22:30,27
2000-06-22-23:30,28
2000-06-23-00:30,28
2000-06-23-01:30,27
2000-06-23-02:30,28
2000-06-23-03:30,30
2000-06-23-04:30,31
2000-06-23-05:30,33
2000-06-23-06:30,33
2000-06-23-07:30,30
2000-06-23-08:30,32
2000-06-23-09:30,31
2000-06-23-11:30,31
2000-06-23-12:30,32
2000-06-23-14:30,31
2000-06-23-15:30,31
2000-06-23-16:30,30
2000-06-23-17:30,30
2000-06-23-18:30,29
2000-06-23-19:30,29
2000-06-23-20:30,28
2000-06-23-21:30,28
2000-06-23-22:30,28
2000-06-23-23:30,28
2000-06-24-00:30,28
2000-06-24-01:30,29
2000-06-24-02:30,31
2000-06-24-03:30,33
2000-06-24-04:30,35
2000-06-24-05:30,35
2000-06-24-06:30,36
2000-06-24-07:30,37
2000-06-24-21:30,30
2000-06-24-22:30,30
2000-06-24-23:30,31
2000-06-25-00:30,31
2000-06-25-01:30,30
2000-06-25-02:30,32
2000-06-25-03:30,34
2000-06-25-04:30,35
2000-06-25-05:30,36
2000-06-25-06:30,36
2000-06-25-07:30,37
2000-06-25-08:30,36
2000-06-25-09:30,37
2000-06-25-10:30,37
2000-06-25-11:30,37
2000-06-25-12:30,36
2000-06-25-13:30,35
2000-06-25-14:30,35
2000-06-25-15:30,34
2000-06-25-16:30,33
2000-06-25-17:30,32
2000-06-25-18:30,32
2000-06-25-19:30,32
2000-06-25-20:30,32
2000-06-25-21:30,32
2000-06-25-22:30,33
2000-06-26-00:30,32
2000-06-26-01:30,33
2000-06-26-02:30,33
2000-06-26-03:30,33
2000-06-26-04:30,35
2000-06-26-05:30,35
2000-06-26-06:30,36
2000-06-26-07:30,37
2000-06-26-08:30,35
2000-06-26-09:30,36
2000-06-26-10:30,37
2000-06-26-11:30,37
2000-06-26-12:30,37
2000-06-26-13:30,36
2000-06-26-14:30,34
2000-06-26-15:30,34
2000-06-26-17:30,33
2000-06-26-18:30,32
2000-06-26-19:30,32
2000-06-26-20:30,32
2000-06-26-21:30,32
2000-06-26-22:30,32
2000-06-26-23:30,32
2000-06-27-00:30,32
2000-06-27-01:30,31
2000-06-27-02:30,33
2000-06-27-03:30,33
2000-06-27-04:30,33
2000-06-27-06:30,35
2000-06-27-07:30,36
2000-06-27-08:30,37
2000-06-27-09:30,38
2000-06-27-10:30,38
2000-06-27-11:30,38
2000-06-27-12:30,37
2000-06-27-13:30,36
2000-06-27-14:30,34
2000-06-27-15:30,32
2000-06-27-16:30,31
2000-06-27-17:30,29
2000-06-27-18:30,29
2000-06-27-19:30,29
2000-06-27-20:30,29
2000-06-27-21:30,28
2000-06-27-22:30,27
2000-06-27-23:30,28
2000-06-28-00:30,27
2000-06-28-01:30,29
2000-06-28-02:30,30
2000-06-28-03:30,32
2000-06-28-04:30,33
2000-06-28-05:30,34
2000-06-28-06:30,35
2000-06-28-07:30,35
2000-06-28-08:30,37
2000-06-28-09:30,36
2000-06-28-10:30,34
2000-06-28-11:30,34
2000-06-28-12:30,33
2000-06-28-13:30,32
2000-06-28-14:30,32
2000-06-28-15:30,32
2000-06-28-16:30,31
2000-06-28-17:30,31
2000-06-28-18:30,30
2000-06-28-19:30,29
2000-06-28-20:30,28
2000-06-28-21:30,27
2000-06-28-22:30,28
2000-06-28-23:30,28
2000-06-29-00:30,30
2000-06-29-01:30,31
2000-06-29-02:30,31
2000-06-29-03:30,33
2000-06-29-04:30,34
2000-06-29-05:30,35
2000-06-29-06:30,35
2000-06-29-07:30,36
2000-06-29-08:30,37
2000-06-29-09:30,31
2000-06-29-10:30,29
2000-06-29-11:30,27
2000-06-29-12:30,28
2000-06-29-13:30,29
2000-06-29-14:30,28
2000-06-29-16:30,29
2000-06-29-17:30,28
2000-06-29-18:30,28
2000-06-29-19:30,28
2000-06-29-20:30,27
2000-06-29-21:30,27
2000-06-29-22:30,27
2000-06-29-23:30,27
2000-06-30-00:30,27
2000-06-30-01:30,28
2000-06-30-02:30,29
2000-06-30-03:30,30
2000-06-30-04:30,31
2000-06-30-05:30,30.5
2000-06-30-06:30,30
2000-06-30-07:30,26
2000-06-30-08:30,27
2000-06-30-09:30,28
2000-06-30-10:30,30
2000-06-30-11:30,31
2000-06-30-12:30,32
2000-06-30-13:30,31
2000-06-30-14:30,30
2000-06-30-16:30,30
2000-06-30-17:30,30
2000-06-30-18:30,30
2000-06-30-19:30,30
2000-06-30-20:30,29
2000-06-30-21:30,29
2000-06-30-22:30,29
2000-06-30-23:30,29
2000-07-01-00:30,29
2000-07-01-01:30,29
2000-07-01-02:30,30
2000-07-01-03:30,31
2000-07-01-04:30,27
2000-07-01-05:30,26
2000-07-01-06:30,28
2000-07-01-07:30,30
2000-07-01-08:30,32
2000-07-01-09:30,34
2000-07-01-10:30,35
2000-07-01-11:30,34
2000-07-01-12:30,34
2000-07-01-13:30,33
2000-07-01-14:30,32
2000-07-01-15:30,31
2000-07-01-16:30,30
2000-07-01-17:30,30
2000-07-01-18:30,30
2000-07-01-19:30,30
2000-07-01-20:30,30
2000-07-01-21:30,30
2000-07-01-22:30,30
2000-07-01-23:30,30
2000-07-02-00:30,30
2000-07-02-01:30,31
2000-07-02-02:30,32
2000-07-02-03:30,33
2000-07-02-04:30,33
2000-07-02-05:30,34
2000-07-02-06:30,34
2000-07-02-07:30,35
2000-07-02-08:30,29
2000-07-02-09:30,27
2000-07-02-10:30,28
2000-07-02-11:30,29
2000-07-02-12:30,29
2000-07-02-13:30,29
2000-07-02-14:30,29
2000-07-02-15:30,29
2000-07-02-16:30,28
2000-07-02-17:30,28
2000-07-02-18:30,27
2000-07-02-19:30,27
2000-07-02-20:30,27
2000-07-02-21:30,27
2000-07-02-22:30,27
2000-07-02-23:30,27
2000-07-03-00:30,27
2000-07-03-01:30,27
2000-07-03-02:30,28
2000-07-03-03:30,29
2000-07-03-04:30,31
2000-07-03-05:30,31
2000-07-03-06:30,32
2000-07-03-07:30,33
2000-07-03-08:30,33
2000-07-03-09:30,34
2000-07-03-10:30,35
2000-07-03-11:30,35
2000-07-03-12:30,35
2000-07-03-13:30,34
2000-07-03-14:30,33
2000-07-03-15:30,33
2000-07-03-16:30,32
2000-07-03-17:30,32
2000-07-03-18:30,31
2000-07-03-19:30,31
2000-07-03-20:30,31
2000-07-03-21:30,30
2000-07-03-22:30,30
2000-07-03-23:30,30
2000-07-04-00:30,30
2000-07-04-01:30,29
2000-07-04-02:30,30
2000-07-04-03:30,31
2000-07-04-04:30,32
2000-07-04-05:30,33
2000-07-04-06:30,33
2000-07-04-07:30,35
2000-07-04-08:30,36
2000-07-04-09:30,36
2000-07-04-10:30,36
2000-07-04-11:30,36
2000-07-04-12:30,36
2000-07-04-13:30,35
2000-07-04-14:30,33
2000-07-04-15:30,33
2000-07-04-16:30,33
2000-07-04-17:30,32
2000-07-04-18:30,32
2000-07-04-19:30,32
2000-07-04-20:30,31
2000-07-04-21:30,31
2000-07-04-22:30,30
2000-07-04-23:30,30
2000-07-05-00:30,31
2000-07-05-01:30,31
2000-07-05-02:30,33
2000-07-05-03:30,35
2000-07-05-04:30,36
2000-07-05-05:30,37
2000-07-05-06:30,37
2000-07-05-07:30,39
2000-07-05-08:30,39
2000-07-05-09:30,39
2000-07-05-10:30,39
2000-07-05-11:30,38
2000-07-05-12:30,37
2000-07-05-13:30,37
2000-07-05-14:30,36
2000-07-05-15:30,35
2000-07-05-16:30,35
2000-07-05-17:30,34
2000-07-05-18:30,33
2000-07-05-19:30,33
2000-07-05-20:30,33
2000-07-05-21:30,33
2000-07-05-22:30,33
2000-07-05-23:30,32
2000-07-06-00:30,33
2000-07-06-01:30,33
2000-07-06-02:30,33
2000-07-06-03:30,35
2000-07-06-04:30,36
2000-07-06-06:30,39
2000-07-06-07:30,40
2000-07-06-08:30,41
2000-07-06-09:30,41
2000-07-06-10:30,41
2000-07-06-11:30,41
2000-07-06-12:30,41
2000-07-06-13:30,38
2000-07-06-14:30,37
2000-07-06-15:30,37
2000-07-06-16:30,36
2000-07-06-17:30,34
2000-07-06-18:30,33
2000-07-06-19:30,33
2000-07-06-20:30,32
2000-07-06-21:30,32
2000-07-06-22:30,31
2000-07-06-23:30,31
2000-07-07-00:30,31
2000-07-07-01:30,31
2000-07-07-02:30,32
2000-07-07-03:30,33
2000-07-07-04:30,35
2000-07-07-05:30,37
2000-07-07-06:30,35
2000-07-07-07:30,34
2000-07-07-08:30,35
2000-07-07-09:30,36
2000-07-07-10:30,36
2000-07-07-11:30,35
2000-07-07-12:30,35
2000-07-07-13:30,34
2000-07-07-14:30,33
2000-07-07-15:30,33
2000-07-07-16:30,33
2000-07-07-17:30,32
2000-07-07-18:30,31
2000-07-07-19:30,31
2000-07-07-20:30,30
2000-07-07-21:30,29
2000-07-07-22:30,28
2000-07-07-23:30,27
2000-07-08-00:30,27
2000-07-08-01:30,27
2000-07-08-02:30,28
2000-07-08-03:30,29
2000-07-08-04:30,30
2000-07-08-05:30,32
2000-07-08-06:30,33
2000-07-08-07:30,33
2000-07-08-08:30,33
2000-07-08-09:30,33
2000-07-08-10:30,33
2000-07-08-11:30,33
2000-07-08-12:30,32
2000-07-08-13:30,32
2000-07-08-14:30,32
2000-07-08-15:30,31
2000-07-08-16:30,30
2000-07-08-17:30,30
2000-07-08-19:30,30
2000-07-08-20:30,30
2000-07-08-21:30,29
2000-07-08-22:30,29
2000-07-08-23:30,29
2000-07-09-00:30,29
2000-07-09-02:30,30
2000-07-09-03:30,31
2000-07-09-04:30,31
2000-07-09-05:30,32
2000-07-09-06:30,34
2000-07-09-07:30,35
2000-07-09-08:30,36
2000-07-09-09:30,36
2000-07-09-10:30,36
2000-07-09-11:30,36
2000-07-09-12:30,35
2000-07-09-13:30,35
2000-07-09-14:30,34
2000-07-09-15:30,33
2000-07-09-16:30,33
2000-07-09-17:30,33
2000-07-09-19:30,31
2000-07-09-20:30,31
2000-07-09-22:30,30
2000-07-09-23:30,29
2000-07-10-00:30,28
2000-07-10-01:30,28
2000-07-10-02:30,30
2000-07-10-03:30,31
2000-07-10-04:30,32
2000-07-10-05:30,32
2000-07-10-06:30,34
2000-07-10-07:30,35
2000-07-10-08:30,35
2000-07-10-09:30,35
2000-07-10-10:30,37
2000-07-10-11:30,37
2000-07-10-12:30,35
2000-07-10-13:30,33
2000-07-10-14:30,32
2000-07-10-15:30,30
2000-07-10-16:30,29
2000-07-10-17:30,29
2000-07-10-18:30,29
2000-07-10-19:30,27
2000-07-10-20:30,27
2000-07-10-21:30,28
2000-07-10-22:30,27
2000-07-10-23:30,27
2000-07-11-00:30,27
2000-07-11-01:30,26
2000-07-11-02:30,27
2000-07-11-03:30,27
2000-07-11-04:30,27
2000-07-11-05:30,28
2000-07-11-06:30,29
2000-07-11-07:30,30
2000-07-11-08:30,32
2000-07-11-09:30,33
2000-07-11-10:30,29
2000-07-11-11:30,30
2000-07-11-12:30,30
2000-07-11-13:30,30
2000-07-11-14:30,29
2000-07-11-15:30,29
2000-07-11-16:30,29
2000-07-11-17:30,29
2000-07-11-18:30,29
2000-07-11-19:30,29
2000-07-11-20:30,28
2000-07-11-21:30,28
2000-07-11-22:30,28
2000-07-11-23:30,28
2000-07-12-00:30,28
2000-07-12-01:30,29
2000-07-12-02:30,29
2000-07-12-03:30,30
2000-07-12-04:30,30
2000-07-12-05:30,29
2000-07-12-06:30,27
2000-07-12-07:30,27
2000-07-12-09:30,31
2000-07-12-10:30,31
2000-07-12-11:30,32
2000-07-12-12:30,32
2000-07-12-13:30,31
2000-07-12-14:30,29
2000-07-12-15:30,30
2000-07-12-16:30,29
2000-07-12-17:30,29
2000-07-12-18:30,29
2000-07-12-19:30,28
2000-07-12-20:30,28
2000-07-12-21:30,28
2000-07-12-22:30,27
2000-07-13-00:30,27
2000-07-13-01:30,27
2000-07-13-02:30,28
2000-07-13-03:30,30
2000-07-13-04:30,32
2000-07-13-05:30,34
2000-07-13-06:30,33
2000-07-13-07:30,34
2000-07-13-08:30,34
2000-07-13-09:30,35
2000-07-13-10:30,29
2000-07-13-11:30,31
2000-07-13-12:30,32
2000-07-13-13:30,32
2000-07-13-14:30,31
2000-07-13-15:30,30
2000-07-13-16:30,30
2000-07-13-17:30,30
2000-07-13-18:30,29
2000-07-13-19:30,29
2000-07-13-20:30,29
2000-07-13-21:30,28
2000-07-13-22:30,27
2000-07-13-23:30,27
2000-07-14-00:30,29
2000-07-14-01:30,30
2000-07-14-02:30,30
2000-07-14-03:30,31
2000-07-14-04:30,32
2000-07-14-05:30,32
2000-07-14-06:30,32
2000-07-14-07:30,33
2000-07-14-08:30,35
2000-07-14-09:30,33
2000-07-14-10:30,32
2000-07-14-11:30,32
2000-07-14-12:30,32
2000-07-14-13:30,31
2000-07-14-14:30,27
2000-07-14-15:30,29
2000-07-14-16:30,28
2000-07-14-17:30,25
2000-07-14-18:30,25
2000-07-14-19:30,26
2000-07-14-20:30,29
2000-07-14-21:30,30
2000-07-14-22:30,31
2000-07-14-23:30,31
2000-07-15-00:30,31
2000-07-15-01:30,30
2000-07-15-02:30,32
2000-07-15-03:30,29
2000-07-15-04:30,30
2000-07-15-05:30,34
2000-07-15-06:30,33
2000-07-15-07:30,32
2000-07-15-09:30,32
2000-07-15-10:30,34
2000-07-15-11:30,34
2000-07-15-12:30,34
2000-07-15-13:30,31
2000-07-15-14:30,31
2000-07-15-15:30,30
2000-07-15-16:30,29
2000-07-15-17:30,30
2000-07-15-18:30,30
2000-07-15-19:30,29
2000-07-15-20:30,29
2000-07-15-21:30,29
2000-07-15-22:30,29
2000-07-15-23:30,29
2000-07-16-00:30,29
2000-07-16-01:30,28
2000-07-16-02:30,27
2000-07-16-03:30,28
2000-07-16-04:30,28
2000-07-16-05:30,29
2000-07-16-06:30,30
2000-07-16-07:30,32
2000-07-16-09:30,35
2000-07-16-10:30,34
2000-07-16-11:30,33
2000-07-16-12:30,26
2000-07-16-13:30,27
2000-07-16-14:30,27
2000-07-16-15:30,29
2000-07-16-16:30,30
2000-07-16-17:30,30
2000-07-16-18:30,29
2000-07-16-19:30,28
2000-07-16-20:30,28
2000-07-16-21:30,28
2000-07-16-22:30,26
2000-07-16-23:30,26
2000-07-17-00:30,26
2000-07-17-01:30,28
2000-07-17-02:30,29
2000-07-17-03:30,29
2000-07-17-04:30,30
2000-07-17-05:30,31
2000-07-17-06:30,31
2000-07-17-07:30,33
2000-07-17-08:30,34
2000-07-17-09:30,33
2000-07-17-10:30,31
2000-07-17-11:30,29
2000-07-17-12:30,28
2000-07-17-13:30,27
2000-07-17-14:30,27
2000-07-17-15:30,26
2000-07-17-16:30,27
2000-07-17-17:30,27
2000-07-17-18:30,27
2000-07-17-19:30,27
2000-07-17-20:30,26
2000-07-17-21:30,26
2000-07-17-22:30,27
2000-07-17-23:30,27
2000-07-18-00:30,28
2000-07-18-01:30,28
2000-07-18-02:30,28
2000-07-18-03:30,28
2000-07-18-04:30,29
2000-07-18-05:30,30
2000-07-18-06:30,31
2000-07-18-07:30,32
2000-07-18-08:30,32
2000-07-18-09:30,33
2000-07-18-10:30,35
2000-07-18-11:30,33
2000-07-18-12:30,33
2000-07-18-13:30,31
2000-07-18-14:30,28
2000-07-18-15:30,28
2000-07-18-16:30,28
2000-07-18-17:30,28
2000-07-18-18:30,28
2000-07-18-19:30,28
2000-07-18-20:30,28
2000-07-18-21:30,28
2000-07-18-22:30,28
2000-07-18-23:30,29
2000-07-19-00:30,29
2000-07-19-01:30,29
2000-07-19-02:30,29
2000-07-19-03:30,29
2000-07-19-04:30,30
2000-07-19-05:30,30
2000-07-19-06:30,28
2000-07-19-07:30,28
2000-07-19-08:30,28
2000-07-19-09:30,32
2000-07-19-10:30,33
2000-07-19-11:30,33
2000-07-19-12:30,31
2000-07-19-13:30,31
2000-07-19-14:30,30
2000-07-19-15:30,31
2000-07-19-16:30,31
2000-07-19-17:30,30
2000-07-19-18:30,30
2000-07-19-19:30,29
2000-07-19-20:30,29
2000-07-19-21:30,29
2000-07-19-22:30,29
2000-07-19-23:30,29
2000-07-20-00:30,28
2000-07-20-01:30,29
2000-07-20-02:30,30
2000-07-20-03:30,31
2000-07-20-04:30,33
2000-07-20-05:30,34
2000-07-20-06:30,30
2000-07-20-07:30,30
2000-07-20-08:30,32
2000-07-20-09:30,33
2000-07-20-10:30,32
2000-07-20-11:30,32
2000-07-20-12:30,32
2000-07-20-13:30,31
2000-07-20-14:30,30
2000-07-20-15:30,30
2000-07-20-16:30,30
2000-07-20-17:30,30
2000-07-20-18:30,28
2000-07-20-19:30,27
2000-07-20-20:30,27
2000-07-20-21:30,27
2000-07-20-22:30,28
2000-07-20-23:30,29
2000-07-21-00:30,30
2000-07-21-01:30,30
2000-07-21-02:30,30
2000-07-21-03:30,28
2000-07-21-04:30,28
2000-07-21-05:30,29
2000-07-21-06:30,30
2000-07-21-07:30,30
2000-07-21-08:30,32
2000-07-21-09:30,32
2000-07-21-10:30,31
2000-07-21-11:30,30
2000-07-21-12:30,29
2000-07-21-13:30,28
2000-07-21-14:30,28
2000-07-21-15:30,27
2000-07-21-16:30,26
2000-07-21-17:30,25
2000-07-21-18:30,26
2000-07-21-19:30,26
2000-07-21-20:30,25
2000-07-21-21:30,25
2000-07-21-22:30,25
2000-07-21-23:30,25
2000-07-22-00:30,25
2000-07-22-01:30,25
2000-07-22-02:30,25
2000-07-22-03:30,25
2000-07-22-04:30,26
2000-07-22-05:30,28
2000-07-22-06:30,28
2000-07-22-07:30,28
2000-07-22-08:30,29
2000-07-22-09:30,28
2000-07-22-10:30,26
2000-07-22-11:30,27
2000-07-22-12:30,27
2000-07-22-13:30,27
2000-07-22-14:30,27
2000-07-22-15:30,26
2000-07-22-16:30,26
2000-07-22-17:30,26
2000-07-22-18:30,26
2000-07-22-19:30,25
2000-07-22-20:30,25
2000-07-22-21:30,25
2000-07-22-22:30,25
2000-07-22-23:30,26
2000-07-23-00:30,26
2000-07-23-01:30,26
2000-07-23-02:30,25
2000-07-23-03:30,25
2000-07-23-04:30,25
2000-07-23-05:30,26
2000-07-23-06:30,27
2000-07-23-07:30,28
2000-07-23-08:30,29
2000-07-23-09:30,30
2000-07-23-10:30,29
2000-07-23-11:30,28
2000-07-23-12:30,28
2000-07-23-13:30,28
2000-07-23-14:30,27
2000-07-23-15:30,27
2000-07-23-16:30,27
2000-07-23-17:30,26
2000-07-23-18:30,26
2000-07-23-19:30,26
2000-07-23-20:30,26
2000-07-23-21:30,26
2000-07-23-22:30,24
2000-07-23-23:30,24
2000-07-24-00:30,24
2000-07-24-01:30,25
2000-07-24-02:30,25
2000-07-24-03:30,26
2000-07-24-04:30,28
2000-07-24-05:30,28
2000-07-24-06:30,29
2000-07-24-07:30,39
2000-07-24-08:30,31
2000-07-24-09:30,31
2000-07-24-10:30,30
2000-07-24-11:30,30
2000-07-24-12:30,30
2000-07-24-13:30,30
2000-07-24-14:30,29
2000-07-24-15:30,29
2000-07-24-16:30,25
2000-07-24-17:30,25
2000-07-24-18:30,25
2000-07-24-19:30,26
2000-07-24-20:30,25
2000-07-24-21:30,25
2000-07-24-22:30,25
2000-07-24-23:30,26
2000-07-25-00:30,26
2000-07-25-01:30,26
2000-07-25-02:30,28
2000-07-25-03:30,29
2000-07-25-04:30,29
2000-07-25-05:30,30
2000-07-25-06:30,31
2000-07-25-07:30,31
2000-07-25-08:30,31
2000-07-25-09:30,33
2000-07-25-10:30,33
2000-07-25-11:30,33
2000-07-25-12:30,32
2000-07-25-13:30,31
2000-07-25-15:30,30
2000-07-25-16:30,29
2000-07-25-17:30,29
2000-07-25-17:45,29
2000-07-25-18:30,29
2000-07-25-19:30,29
2000-07-25-20:30,28
2000-07-25-21:30,27
2000-07-25-22:30,27
2000-07-26-00:30,27
2000-07-26-01:30,27
2000-07-26-02:30,27
2000-07-26-03:30,29
2000-07-26-04:30,30
2000-07-26-05:30,31
2000-07-26-06:30,32
2000-07-26-07:30,32
2000-07-26-08:30,33
2000-07-26-09:30,34
2000-07-26-10:30,34
2000-07-26-11:30,34
2000-07-26-12:30,34
2000-07-26-13:30,33
2000-07-26-14:30,32
2000-07-26-15:30,32
2000-07-26-16:30,32
2000-07-26-17:30,30
2000-07-26-18:30,30
2000-07-26-19:30,30
2000-07-26-20:30,30
2000-07-26-21:30,29
2000-07-26-22:30,29
2000-07-27-00:30,27
2000-07-27-01:30,27
2000-07-27-02:30,28
2000-07-27-03:30,29
2000-07-27-04:30,29
2000-07-27-05:30,29
2000-07-27-06:30,30
2000-07-27-07:30,29
2000-07-27-08:30,29
2000-07-27-09:30,29
2000-07-27-10:30,30
2000-07-27-11:30,30
2000-07-27-12:30,30
2000-07-27-13:30,30
2000-07-27-14:30,29
2000-07-27-15:30,28
2000-07-27-16:30,28
2000-07-27-17:30,28
2000-07-27-18:30,28
2000-07-27-19:30,27
2000-07-27-20:30,27
2000-07-27-21:30,27
2000-07-27-22:30,27
2000-07-28-00:30,27
2000-07-28-01:30,27
2000-07-28-02:30,29
2000-07-28-05:30,32
2000-07-28-06:30,33
2000-07-28-07:30,33
2000-07-28-08:30,31
2000-07-28-09:30,31
2000-07-28-10:30,31
2000-07-28-11:30,31
2000-07-28-12:30,31
2000-07-28-13:30,30
2000-07-28-14:30,29
2000-07-28-15:30,29
2000-07-28-16:30,28
2000-07-28-17:30,28
2000-07-28-18:30,28
2000-07-28-19:30,28
2000-07-28-20:30,28
2000-07-28-21:30,27
2000-07-28-22:30,27
2000-07-28-23:30,27
2000-07-29-00:30,27
2000-07-29-01:30,27
2000-07-29-02:30,29
2000-07-29-03:30,30
2000-07-29-04:30,31
2000-07-29-04:50,31
2000-07-29-05:30,32
2000-07-29-06:30,32
2000-07-29-07:30,33
2000-07-29-08:30,33
2000-07-29-09:30,34
2000-07-29-10:30,33
2000-07-29-11:30,33
2000-07-29-12:30,32
2000-07-29-13:30,31
2000-07-29-14:30,31
2000-07-29-15:30,30
2000-07-29-23:30,28
2000-07-30-01:30,29
2000-07-30-02:30,30
2000-07-30-03:30,31
2000-07-30-04:30,33
2000-07-30-05:30,33
2000-07-30-06:30,34
2000-07-30-07:30,35
2000-07-30-08:30,35
2000-07-30-09:30,37
2000-07-30-10:30,35
2000-07-30-11:30,35
2000-07-30-12:30,35
2000-07-30-13:30,33
2000-07-30-14:30,32
2000-07-30-15:30,27
2000-07-30-16:30,27
2000-07-30-17:30,27
2000-07-30-18:30,27
2000-07-30-19:30,27
2000-07-30-20:30,27
2000-07-30-21:30,28
2000-07-30-22:30,28
2000-07-30-23:30,27
2000-07-31-00:30,27
2000-07-31-01:30,28
2000-07-31-02:30,29
2000-07-31-03:30,29
2000-07-31-07:30,33
2000-07-31-10:30,33
2000-07-31-12:30,33
2000-07-31-13:30,32
2000-07-31-14:30,31
2000-07-31-15:30,30
2000-07-31-16:30,30
2000-07-31-17:30,29
2000-07-31-18:30,29
2000-07-31-19:30,29
2000-07-31-20:30,28
2000-07-31-21:30,28
2000-07-31-22:30,28
2000-07-31-23:30,28
2000-08-01-00:30,28
2000-08-01-01:30,28
2000-08-01-02:30,29
2000-08-01-03:30,30
2000-08-01-04:30,32
2000-08-01-05:30,33
2000-08-01-06:30,34
2000-08-01-07:30,35
2000-08-01-08:30,34
2000-08-01-09:30,34
2000-08-01-10:30,35
2000-08-01-11:30,35
2000-08-01-12:30,34
2000-08-01-13:30,33
2000-08-01-14:30,32
2000-08-01-15:30,31
2000-08-01-16:30,31
2000-08-01-17:30,31
2000-08-01-18:30,30
2000-08-01-19:30,30
2000-08-01-20:30,29
2000-08-01-21:30,29
2000-08-01-22:30,29
2000-08-01-23:30,29
2000-08-02-00:30,28
2000-08-02-01:30,29
2000-08-02-02:30,29
2000-08-02-03:30,31
2000-08-02-04:30,32
2000-08-02-05:30,33
2000-08-02-06:30,34
2000-08-02-07:30,34
2000-08-02-08:30,34
2000-08-02-09:30,35
2000-08-02-10:30,36
2000-08-02-11:30,35
2000-08-02-12:30,34
2000-08-02-13:30,33
2000-08-02-14:30,32
2000-08-02-15:30,32
2000-08-02-16:30,31
2000-08-02-17:30,30
2000-08-02-18:30,30
2000-08-02-19:30,30
2000-08-02-20:30,30
2000-08-02-21:30,29
2000-08-02-22:30,29
2000-08-02-23:30,28
2000-08-03-00:30,28
2000-08-03-01:30,28
2000-08-03-02:30,29
2000-08-03-03:30,31
2000-08-03-04:30,32
2000-08-03-05:30,33
2000-08-03-06:30,34
2000-08-03-07:30,34
2000-08-03-08:30,35
2000-08-03-09:30,35
2000-08-03-10:30,35
2000-08-03-11:30,35
2000-08-03-12:30,34
2000-08-03-13:30,34
2000-08-03-14:30,33
2000-08-03-15:30,32
2000-08-03-16:30,31
2000-08-03-17:30,31
2000-08-03-18:30,30
2000-08-03-19:30,30
2000-08-03-20:30,29
2000-08-03-21:30,28
2000-08-03-22:30,28
2000-08-03-23:30,28
2000-08-04-00:30,27
2000-08-04-01:30,28
2000-08-04-02:30,29
2000-08-04-03:30,31
2000-08-04-04:30,33
2000-08-04-05:30,34
2000-08-04-06:30,35
2000-08-04-07:30,35
2000-08-04-08:30,35
2000-08-04-09:30,36
2000-08-04-10:30,36
2000-08-04-11:30,35
2000-08-04-12:30,35
2000-08-04-13:30,33
2000-08-04-14:30,33
2000-08-04-15:30,29
2000-08-04-16:30,29
2000-08-04-17:30,28
2000-08-04-18:30,28
2000-08-04-19:30,28
2000-08-04-20:30,27
2000-08-04-21:30,27
2000-08-04-22:30,27
2000-08-04-23:30,27
2000-08-05-00:30,27
2000-08-05-01:30,28
2000-08-05-02:30,29
2000-08-05-03:30,31
2000-08-05-04:30,33
2000-08-05-05:30,33
2000-08-05-06:30,35
2000-08-05-07:30,36
2000-08-05-08:30,36
2000-08-05-09:30,37
2000-08-05-10:30,37
2000-08-05-11:30,37
2000-08-05-12:30,36
2000-08-05-13:30,35
2000-08-05-14:30,34
2000-08-05-15:30,34
2000-08-05-16:30,33
2000-08-05-17:30,32
2000-08-05-18:30,31
2000-08-05-19:30,30
2000-08-05-20:30,30
2000-08-05-21:30,30
2000-08-05-22:30,29
2000-08-05-23:30,29
2000-08-06-00:30,28
2000-08-06-01:30,29
2000-08-06-02:30,30
2000-08-06-03:30,32
2000-08-06-04:30,33
2000-08-06-05:30,34
2000-08-06-06:30,35
2000-08-06-07:30,36
2000-08-06-08:30,37
2000-08-06-09:30,38
2000-08-06-10:30,38
2000-08-06-11:30,38
2000-08-06-12:30,37
2000-08-06-13:30,36
2000-08-06-14:30,35
2000-08-06-15:30,34
2000-08-06-16:30,34
2000-08-06-17:30,33
2000-08-06-18:30,32
2000-08-06-19:30,32
2000-08-06-20:30,32
2000-08-06-21:30,31
2000-08-06-22:30,32
2000-08-07-00:30,30
2000-08-07-01:30,30
2000-08-07-02:30,31
2000-08-07-03:30,33
2000-08-07-04:30,34
2000-08-07-05:30,35
2000-08-07-06:30,37
2000-08-07-07:30,37
2000-08-07-08:30,38
2000-08-07-09:30,39
2000-08-07-10:30,38
2000-08-07-11:30,38
2000-08-07-12:30,38
2000-08-07-13:30,37
2000-08-07-14:30,36
2000-08-07-16:30,35
2000-08-07-17:30,34
2000-08-07-18:30,33
2000-08-07-19:30,33
2000-08-07-20:30,31
2000-08-07-21:30,31
2000-08-07-22:30,31
2000-08-07-23:30,30
2000-08-08-00:30,29
2000-08-08-01:30,30
2000-08-08-02:30,31
2000-08-08-03:30,33
2000-08-08-04:30,35
2000-08-08-05:30,36
2000-08-08-06:30,36
2000-08-08-07:30,37
2000-08-08-08:30,37
2000-08-08-09:30,37
2000-08-08-10:30,37
2000-08-08-11:30,36
2000-08-08-12:30,36
2000-08-08-13:30,35
2000-08-08-14:30,34
2000-08-08-15:30,34
2000-08-08-16:30,33
2000-08-08-17:30,33
2000-08-08-18:30,33
2000-08-08-19:30,32
2000-08-08-20:30,32
2000-08-08-21:30,31
2000-08-08-22:30,31
2000-08-08-23:30,30
2000-08-09-00:30,30
2000-08-09-01:30,30
2000-08-09-02:30,32
2000-08-09-03:30,33
2000-08-09-04:30,33
2000-08-09-05:30,34
2000-08-09-06:30,35
2000-08-09-07:30,35
2000-08-09-08:30,36
2000-08-09-09:30,36
2000-08-09-10:30,37
2000-08-09-11:30,35
2000-08-09-12:30,35
2000-08-09-13:30,34
2000-08-09-14:30,33
2000-08-09-15:30,33
2000-08-09-16:30,32
2000-08-09-17:30,31
2000-08-09-18:30,31
2000-08-09-19:30,31
2000-08-09-20:30,30
2000-08-09-21:30,30
2000-08-09-22:30,30
2000-08-09-23:30,29
2000-08-10-00:30,29
2000-08-10-01:30,29
2000-08-10-02:30,29
2000-08-10-03:30,30
2000-08-10-04:30,30
2000-08-10-05:30,30
2000-08-10-06:30,30
2000-08-10-07:30,30
2000-08-10-09:30,27
2000-08-10-10:30,26
2000-08-10-11:30,27
2000-08-10-12:30,27
2000-08-10-13:30,27
2000-08-10-14:30,27
2000-08-10-15:30,27
2000-08-10-16:30,27
2000-08-10-17:30,27
2000-08-10-18:30,27
2000-08-10-19:30,27
2000-08-10-20:30,27
2000-08-10-21:30,27
2000-08-10-22:30,27
2000-08-10-23:30,27
2000-08-11-00:30,27
2000-08-11-01:30,27
2000-08-11-02:30,27
2000-08-11-03:30,28
2000-08-11-04:30,29
2000-08-11-05:30,30
2000-08-11-06:30,31
2000-08-11-07:30,32
2000-08-11-08:30,31
2000-08-11-09:30,30
2000-08-11-10:30,30
2000-08-11-11:30,30
2000-08-11-12:30,29
2000-08-11-13:30,29
2000-08-11-14:30,29
2000-08-11-15:30,29
2000-08-11-16:30,28
2000-08-11-17:30,29
2000-08-11-18:30,29
2000-08-22-15:30,27
2000-08-27-08:30,36
2000-08-27-09:30,37
2000-08-27-10:30,36
2000-08-27-11:30,35
2000-08-27-12:30,35
2000-09-01-00:30,27
2000-09-01-01:30,28
2000-09-01-02:30,28
2000-09-01-03:30,30
2000-09-01-04:30,32
2000-09-01-05:30,32
2000-09-01-07:30,34
2000-09-01-08:30,34
2000-09-01-09:30,35
2000-09-01-10:30,35
2000-09-01-11:30,35
2000-09-01-12:30,33
2000-09-01-13:30,32
2000-09-01-14:30,31
2000-09-01-18:30,29
2000-09-01-19:30,29
2000-09-01-20:30,28
2000-09-01-21:30,28
2000-09-01-22:30,27
2000-09-02-00:30,26
2000-09-02-02:30,28
2000-09-02-03:30,30
2000-09-02-04:30,32
2000-09-02-05:30,33
2000-09-02-06:30,34
2000-09-02-07:30,34
2000-09-02-08:30,35
2000-09-02-09:30,35
2000-09-02-10:30,35
2000-09-02-11:30,35
2000-09-02-12:30,34
2000-09-02-13:30,33
2000-09-02-14:30,32
2000-09-02-15:30,32
2000-09-02-16:30,31
2000-09-02-17:30,30
2000-09-02-18:30,29
2000-09-02-19:30,29
2000-09-02-20:30,28
2000-09-02-21:30,29
2000-09-02-23:30,28
2000-09-03-01:30,28
2000-09-03-02:30,29
2000-09-03-03:30,29
2000-09-03-04:30,30
2000-09-03-05:30,31
2000-09-03-06:30,33
2000-09-03-07:30,34
2000-09-03-08:30,34
2000-09-03-09:30,28
2000-09-03-10:30,27
2000-09-03-11:30,27
2000-09-03-12:30,27
2000-09-03-13:30,27
2000-09-03-14:30,28
2000-09-03-15:30,29
2000-09-03-16:30,28
2000-09-03-17:30,28
2000-09-03-18:30,27
2000-09-03-19:30,27
2000-09-03-20:30,28
2000-09-03-23:30,28
2000-09-04-00:30,28
2000-09-04-01:30,29
2000-09-04-02:30,31
2000-09-04-03:30,31
2000-09-04-04:30,32
2000-09-04-05:30,33
2000-09-04-06:30,34
2000-09-04-07:30,34
2000-09-04-08:30,34
2000-09-04-09:30,34
2000-09-04-10:30,34
2000-09-04-11:30,34
2000-09-04-12:30,33
2000-09-04-13:30,32
2000-09-04-14:30,31
2000-09-04-15:30,31
2000-09-04-16:30,30
2000-09-04-18:30,30
2000-09-04-19:30,29
2000-09-04-20:30,29
2000-09-04-21:30,29
2000-09-04-22:30,29
2000-09-04-23:30,28
2000-09-05-00:30,28
2000-09-05-01:30,28
2000-09-05-02:30,30
2000-09-05-03:30,31
2000-09-05-04:30,32
2000-09-05-05:30,33
2000-09-05-06:30,33
2000-09-05-07:30,35
2000-09-05-08:30,36
2000-09-05-09:30,34
2000-09-05-10:30,32
2000-09-05-11:30,31
2000-09-05-12:30,31
2000-09-05-13:30,29
2000-09-05-14:30,29
2000-09-05-15:30,29
2000-09-05-16:30,29
2000-09-05-17:30,29
2000-09-05-18:30,28
2000-09-05-19:30,28
2000-09-05-20:30,28
2000-09-05-21:30,28
2000-09-05-22:30,28
2000-09-05-23:30,27
2000-09-06-00:30,27
2000-09-06-01:30,28
2000-09-06-02:30,29
2000-09-06-03:30,30
2000-09-06-04:30,29
2000-09-06-05:30,28
2000-09-06-07:30,30
2000-09-06-08:30,33
2000-09-06-10:30,32
2000-09-06-12:30,32
2000-09-06-13:30,30
2000-09-06-14:30,30
2000-09-06-15:30,29
2000-09-06-16:30,28
2000-09-06-17:30,28
2000-09-06-18:30,28
2000-09-06-19:30,27
2000-09-06-20:30,26
2000-09-06-21:30,26
2000-09-06-22:30,26
2000-09-06-23:30,26
2000-09-07-00:30,26
2000-09-07-01:30,27
2000-09-07-02:30,28
2000-09-07-03:30,29
2000-09-07-04:30,31
2000-09-07-05:30,31
2000-09-07-06:30,32
2000-09-07-07:30,33
2000-09-07-08:30,34
2000-09-07-09:30,33
2000-09-07-10:30,34
2000-09-07-11:30,34
2000-09-07-12:30,33
2000-09-07-14:30,32
2000-09-07-15:30,31
2000-09-07-16:30,31
2000-09-07-17:30,31
2000-09-07-18:30,30
2000-09-07-19:30,30
2000-09-07-20:30,29
2000-09-07-22:30,29
2000-09-07-23:30,28
2000-09-08-00:30,27
2000-09-08-01:30,28
2000-09-08-02:30,29
2000-09-08-03:30,30
2000-09-08-04:30,31
2000-09-08-05:30,33
2000-09-08-06:30,33
2000-09-08-07:30,34
2000-09-08-08:30,35
2000-09-08-09:30,36
2000-09-08-10:30,36
2000-09-08-11:30,35
2000-09-08-12:30,34
2000-09-08-17:30,27
2000-09-08-22:30,26
2000-09-08-23:30,25
2000-09-09-00:30,25
2000-09-09-01:30,26
2000-09-09-02:30,28
2000-09-09-03:21,29
2000-09-09-04:30,31
2000-09-09-05:30,32
2000-09-09-06:30,33
2000-09-09-07:30,34
2000-09-09-08:30,34
2000-09-09-09:30,35
2000-09-09-10:30,32
2000-09-09-11:30,32
2000-09-09-12:30,31
2000-09-09-13:30,31
2000-09-09-14:30,31
2000-09-09-15:30,29
2000-09-09-16:30,29
2000-09-09-17:30,29
2000-09-09-18:30,29
2000-09-09-19:30,29
2000-09-09-20:30,28
2000-09-09-21:30,27
2000-09-09-22:30,26
2000-09-09-23:30,26
2000-09-10-00:30,26
2000-09-10-01:30,26
2000-09-10-02:30,28
2000-09-10-03:30,29
2000-09-10-04:30,30
2000-09-10-05:30,32
2000-09-10-06:30,33
2000-09-10-07:30,33
2000-09-10-08:30,34
2000-09-10-09:30,35
2000-09-10-10:30,34
2000-09-10-11:30,34
2000-09-10-12:30,33
2000-09-10-13:30,33
2000-09-10-14:30,32
2000-09-10-15:30,31
2000-09-10-16:30,30
2000-09-10-17:30,30
2000-09-10-18:30,29
2000-09-10-19:30,28
2000-09-10-20:30,28
2000-09-10-21:30,27
2000-09-10-22:30,27
2000-09-10-23:30,27
2000-09-11-00:30,26
2000-09-11-01:30,26
2000-09-11-02:30,27
2000-09-11-03:30,30
2000-09-11-04:30,31
2000-09-11-05:30,32
2000-09-11-06:30,32
2000-09-11-07:30,33
2000-09-11-08:30,34
2000-09-11-09:30,34
2000-09-11-10:30,35
2000-09-11-11:30,34
2000-09-11-12:30,33
2000-09-11-13:30,31
2000-09-11-15:30,29
2000-09-11-16:30,29
2000-09-11-17:30,27
2000-09-11-18:30,28
2000-09-11-19:30,27
2000-09-11-20:30,27
2000-09-12-00:30,27
2000-09-12-01:30,27
2000-09-12-02:00,27
2000-09-12-02:30,28
2000-09-12-03:30,29
2000-09-12-04:30,30.5
2000-09-12-05:30,32
2000-09-12-06:30,33
2000-09-12-07:30,34
2000-09-12-08:30,35
2000-09-12-09:30,35
2000-09-12-10:30,36
2000-09-12-11:30,33
2000-09-12-12:30,31
2000-09-12-13:30,30
2000-09-12-14:30,30
2000-09-12-15:30,30
2000-09-12-16:30,29
2000-09-12-17:30,29
2000-09-12-18:30,29
2000-09-12-19:30,28
2000-09-12-20:30,29
2000-09-12-21:30,27
2000-09-12-22:30,27
2000-09-12-23:30,27
2000-09-13-00:30,27
2000-09-13-01:30,27
2000-09-13-02:30,29
2000-09-13-03:30,30
2000-09-13-04:30,32
2000-09-13-05:30,33
2000-09-13-06:30,34
2000-09-13-07:30,35
2000-09-13-08:30,35
2000-09-13-09:30,35
2000-09-13-10:30,36
2000-09-13-11:30,35
2000-09-13-12:30,34
2000-09-13-13:30,33
2000-09-13-14:30,33
2000-09-13-15:30,32
2000-09-13-16:30,31
2000-09-13-17:30,30
2000-09-13-18:30,28
2000-09-13-19:30,28
2000-09-13-20:30,27
2000-09-13-21:30,27
2000-09-13-22:30,27
2000-09-13-23:30,27
2000-09-14-00:30,27
2000-09-14-01:30,27
2000-09-14-02:30,27
2000-09-14-03:30,30
2000-09-14-04:30,32
2000-09-14-05:30,33
2000-09-14-06:30,34
2000-09-14-07:30,35
2000-09-14-08:30,35
2000-09-14-09:30,36
2000-09-14-10:30,33
2000-09-14-12:30,33
2000-09-14-13:30,33
2000-09-14-14:30,33
2000-09-14-15:30,32
2000-09-14-16:30,31
2000-09-14-17:30,31
2000-09-14-18:30,31
2000-09-14-19:30,31
2000-09-14-20:30,30
2000-09-14-21:30,30
2000-09-14-22:30,29
2000-09-15-00:30,30
2000-09-15-03:30,31
2000-09-15-04:30,33
2000-09-15-05:30,34
2000-09-15-06:30,35
2000-09-15-07:30,36
2000-09-15-08:30,35
2000-09-15-09:30,35
2000-09-15-10:30,35
2000-09-15-11:30,35
2000-09-15-12:30,34
2000-09-15-13:30,33
2000-09-15-14:30,32
2000-09-15-15:30,31
2000-09-15-16:30,31
2000-09-15-17:30,30
2000-09-15-18:30,29
2000-09-15-19:30,29
2000-09-15-20:30,29
2000-09-15-21:30,28
2000-09-15-22:30,27
2000-09-15-23:30,27
2000-09-16-00:30,27
2000-09-16-01:30,27
2000-09-16-02:30,29
2000-09-16-03:30,31
2000-09-16-04:30,33
2000-09-16-05:30,34
2000-09-16-06:30,35
2000-09-16-07:30,36
2000-09-16-08:30,37
2000-09-16-09:30,37
2000-09-16-10:30,37
2000-09-16-11:30,36
2000-09-16-12:30,35
2000-09-16-13:30,33
2000-09-16-14:30,33
2000-09-16-15:30,32
2000-09-16-16:30,31
2000-09-16-17:30,30
2000-09-16-18:30,29
2000-09-16-19:30,29
2000-09-16-20:30,29
2000-09-16-21:30,28
2000-09-16-22:30,28
2000-09-16-23:30,27
2000-09-17-00:30,26
2000-09-17-01:30,27
2000-09-17-02:30,29
2000-09-17-03:30,31
2000-09-17-04:30,33
2000-09-17-05:30,34
2000-09-17-06:30,36
2000-09-17-07:30,37
2000-09-17-08:30,37
2000-09-17-09:30,37
2000-09-17-10:30,38
2000-09-17-11:30,37
2000-09-17-12:30,36
2000-09-17-13:30,35
2000-09-17-14:30,32
2000-09-17-15:30,32
2000-09-17-16:30,30
2000-09-17-17:30,29
2000-09-17-18:30,29
2000-09-17-19:30,28
2000-09-17-20:30,27
2000-09-17-21:30,27
2000-09-17-22:30,26
2000-09-17-23:30,26
2000-09-18-00:30,25
2000-09-18-01:30,25
2000-09-18-02:30,28
2000-09-18-03:30,31
2000-09-18-04:30,32
2000-09-18-05:30,34
2000-09-18-07:30,36
2000-09-18-08:30,37
2000-09-18-09:30,37
2000-09-18-10:30,37
2000-09-18-11:30,37
2000-09-18-12:30,36
2000-09-18-13:30,35
2000-09-18-14:30,33
2000-09-18-15:30,32
2000-09-18-16:30,30
2000-09-18-17:30,29
2000-09-18-18:30,29
2000-09-18-19:30,28
2000-09-18-20:30,28
2000-09-18-21:30,28
2000-09-18-22:30,27
2000-09-18-23:30,26
2000-09-19-00:30,26
2000-09-19-01:30,26
2000-09-19-02:30,28
2000-09-19-03:30,30
2000-09-19-05:30,33
2000-09-19-06:30,34
2000-09-19-07:30,35
2000-09-19-09:30,36
2000-09-19-10:30,35
2000-09-19-11:30,34
2000-09-19-12:30,33
2000-09-19-13:30,31
2000-09-19-14:30,29
2000-09-19-15:30,28
2000-09-19-16:30,27
2000-09-19-17:30,26
2000-09-19-18:30,26
2000-09-19-19:30,25
2000-09-19-20:30,25
2000-09-19-21:30,25
2000-09-19-22:30,25
2000-09-19-23:30,25
2000-09-20-00:30,25
2000-09-20-01:30,25
2000-09-20-02:30,27
2000-09-20-03:30,27
2000-09-20-04:30,30
2000-09-20-05:30,30
2000-09-20-06:30,31
2000-09-20-07:30,32
2000-09-20-08:30,32
2000-09-20-09:30,33
2000-09-20-10:30,33
2000-09-20-11:30,32
2000-09-20-12:30,30
2000-09-20-13:30,29
2000-09-20-14:30,29
2000-09-20-15:30,27
2000-09-20-16:30,27
2000-09-20-17:30,26
2000-09-20-18:30,26
2000-09-20-19:30,26
2000-09-20-20:30,26
2000-09-20-21:30,26
2000-09-20-22:30,25
2000-09-20-23:30,25
2000-09-21-00:30,25
2000-09-21-01:30,25
2000-09-21-02:30,27
2000-09-21-03:30,27
2000-09-21-04:30,29
2000-09-21-05:30,30
2000-09-21-06:30,31
2000-09-21-07:30,32
2000-09-21-08:30,33
2000-09-21-09:30,33
2000-09-21-10:30,33
2000-09-21-11:30,32
2000-09-21-12:30,31
2000-09-21-13:30,30
2000-09-21-14:30,29
2000-09-21-15:30,28
2000-09-21-16:30,28
2000-09-21-17:30,27
2000-09-21-18:30,27
2000-09-21-19:30,27
2000-09-21-20:30,26
2000-09-21-21:30,26
2000-09-21-23:30,25
2000-09-22-00:30,25
2000-09-22-01:30,26
2000-09-22-02:30,28
2000-09-22-03:30,29
2000-09-22-04:30,30
2000-09-22-05:30,32
2000-09-22-06:30,32
2000-09-22-07:30,33
2000-09-22-08:30,34
2000-09-22-09:30,34
2000-09-22-10:30,33
2000-09-22-11:30,33
2000-09-22-12:30,31
2000-09-22-13:30,29
2000-09-22-15:30,28
2000-09-22-16:30,28
2000-09-22-17:30,27
2000-09-22-18:30,27
2000-09-22-19:30,26
2000-09-22-20:30,26
2000-09-22-21:30,26
2000-09-22-22:30,25
2000-09-23-00:30,25
2000-09-23-01:30,25
2000-09-23-02:30,28
2000-09-23-03:30,30
2000-09-23-05:30,32
2000-09-23-06:30,33
2000-09-23-07:30,34
2000-09-23-08:30,35
2000-09-23-09:30,35
2000-09-23-10:30,34
2000-09-23-11:30,33
2000-09-23-12:30,33
2000-09-23-13:30,32
2000-09-23-14:30,31
2000-09-23-15:30,30
2000-09-23-16:30,29
2000-09-23-17:30,28
2000-09-24-02:30,27
2000-09-24-03:30,29
2000-09-24-04:30,30
2000-09-24-05:30,32
2000-09-24-06:30,34
2000-09-24-07:30,34
2000-09-24-08:30,35
2000-09-24-09:30,35
2000-09-24-10:30,36
2000-09-24-11:30,34
2000-09-24-12:30,33
2000-09-24-15:30,30
2000-09-24-16:30,29
2000-09-24-17:30,28
2000-09-24-18:30,28
2000-09-24-19:30,28
2000-09-24-20:30,27
2000-09-24-21:30,27
2000-09-24-22:30,27
2000-09-24-23:30,26
2000-09-25-01:30,27
2000-09-25-02:30,30
2000-09-25-03:30,32
2000-09-25-04:30,33
2000-09-25-05:30,34
2000-09-25-06:30,35
2000-09-25-07:30,36
2000-09-25-08:30,37
2000-09-25-09:00,37
2000-09-25-09:30,37
2000-09-25-10:30,37
2000-09-25-11:30,36
2000-09-25-12:30,34
2000-09-25-13:30,33
2000-09-25-14:30,31
2000-09-25-15:30,31
2000-09-25-18:30,28
2000-09-25-19:30,27
2000-09-25-20:30,26
2000-09-25-21:30,26
2000-09-25-22:30,26
2000-09-25-23:30,27
2000-09-26-00:30,25
2000-09-26-01:30,25
2000-09-26-02:30,25
2000-09-26-03:30,27
2000-09-26-04:30,29
2000-09-26-06:30,29
2000-09-26-07:30,30
2000-09-26-08:30,28
2000-09-26-09:30,30
2000-09-26-10:30,30
2000-09-26-11:30,29
2000-09-26-12:00,29
2000-09-26-12:30,29
2000-09-26-13:30,27
2000-09-26-14:30,27
2000-09-26-15:30,26
2000-09-26-16:30,25
2000-09-26-17:30,25
2000-09-26-18:30,24
2000-09-26-19:30,23
2000-09-26-20:30,24
2000-09-26-21:30,25
2000-09-26-22:30,25
2000-09-26-23:30,24
2000-09-27-00:30,25
2000-09-27-01:30,24
2000-09-27-02:30,27
2000-09-27-04:30,30
2000-09-27-05:30,32
2000-09-27-06:30,33
2000-09-27-07:30,34
2000-09-27-08:30,35
2000-09-27-09:30,35
2000-09-27-10:30,35
2000-09-27-11:30,34
2000-09-27-12:30,33
2000-09-27-13:30,31
2000-09-27-14:30,30
2000-09-27-15:30,30
2000-09-27-16:30,29
2000-09-27-17:30,29
2000-09-27-18:30,27
2000-09-27-19:30,27
2000-09-27-20:30,26
2000-09-27-21:30,25
2000-09-27-22:30,26
2000-09-27-23:30,26
2000-09-28-00:30,26
2000-09-28-01:30,26
2000-09-28-02:30,28
2000-09-28-03:30,31
2000-09-28-04:30,31
2000-09-28-05:30,31
2000-09-28-06:30,33
2000-09-28-07:30,34
2000-09-28-08:30,35
2000-09-28-09:30,34
2000-09-28-10:30,34
2000-09-28-11:30,33
2000-09-28-12:30,32
2000-09-28-13:30,31
2000-09-28-14:30,30
2000-09-28-15:30,28
2000-09-28-16:30,28
2000-09-28-17:30,27
2000-09-28-18:30,26
2000-09-28-19:30,25
2000-09-28-20:30,25
2000-09-28-21:30,24
2000-09-28-23:30,22
2000-09-29-00:30,22
2000-09-29-01:30,22
2000-09-29-02:30,25
2000-09-29-03:30,29
2000-09-29-04:30,31
2000-09-29-06:30,34
2000-09-29-07:30,35
2000-09-29-08:30,35
2000-09-29-09:30,36
2000-09-29-10:30,36
2000-09-29-11:30,35
2000-09-29-12:30,33
2000-09-29-13:30,31
2000-09-29-14:30,29
2000-09-29-15:30,29
2000-09-29-16:30,28
2000-09-29-17:30,28
2000-09-29-18:30,26
2000-09-29-19:30,25
2000-09-29-20:30,24
2000-09-29-21:30,24
2000-09-29-22:30,23
2000-09-29-23:30,24
2000-09-30-00:30,23
2000-09-30-01:30,24
2000-09-30-02:30,29
2000-09-30-03:30,31
2000-09-30-04:00,32
2000-09-30-05:30,33
2000-09-30-07:30,35
2000-09-30-08:30,36
2000-09-30-09:30,36
2000-09-30-10:30,35
2000-09-30-11:30,35
2000-09-30-12:30,32
2000-09-30-13:30,30
2000-09-30-14:30,30
2000-09-30-15:30,29
2000-09-30-16:30,28
2000-09-30-17:30,27
2000-09-30-18:30,26
2000-09-30-19:30,26
2000-09-30-20:30,25
2000-09-30-21:30,25
2000-09-30-22:30,25
2000-09-30-23:30,24
2000-10-01-00:30,24
2000-10-01-01:30,24
2000-10-01-02:30,27
2000-10-01-03:30,30
2000-10-01-04:30,32
2000-10-01-05:30,34
2000-10-01-06:30,34
2000-10-01-07:30,35
2000-10-01-08:30,36
2000-10-01-09:30,36
2000-10-01-10:30,35
2000-10-01-11:30,34
2000-10-01-12:30,32
2000-10-01-13:30,31
2000-10-01-14:30,31
2000-10-01-15:30,30
2000-10-01-16:30,30
2000-10-01-17:30,29
2000-10-01-18:30,28
2000-10-01-19:30,27
2000-10-01-20:30,26
2000-10-01-21:30,25
2000-10-01-22:30,25
2000-10-01-23:30,25
2000-10-02-00:30,25
2000-10-02-01:30,26
2000-10-02-02:30,28
2000-10-02-03:30,31
2000-10-02-04:30,32
2000-10-02-05:30,34
2000-10-02-06:30,35
2000-10-02-07:30,35
2000-10-02-08:30,36
2000-10-02-09:30,36
2000-10-02-10:30,36
2000-10-02-11:30,35
2000-10-02-12:30,33
2000-10-02-13:30,32
2000-10-02-14:30,31
2000-10-02-15:30,30
2000-10-02-16:30,29
2000-10-02-17:30,28
2000-10-02-18:30,27
2000-10-02-19:30,26
2000-10-02-20:30,26
2000-10-02-21:30,25
2000-10-02-22:30,25
2000-10-02-23:30,25
2000-10-03-00:30,24
2000-10-03-01:30,24
2000-10-03-02:30,26
2000-10-03-03:30,28
2000-10-03-04:30,31
2000-10-03-05:30,33
2000-10-03-06:30,34
2000-10-03-07:30,35
2000-10-03-08:30,36
2000-10-03-09:30,36
2000-10-03-10:30,36
2000-10-03-11:30,35
2000-10-03-12:30,33
2000-10-03-13:30,32
2000-10-03-14:30,30
2000-10-03-16:30,29
2000-10-03-17:30,29
2000-10-03-18:30,28
2000-10-03-19:30,27
2000-10-03-20:30,26
2000-10-03-21:30,26
2000-10-03-22:30,26
2000-10-03-23:30,25
2000-10-04-02:30,27
2000-10-04-03:30,30
2000-10-04-04:30,32
2000-10-04-05:30,34
2000-10-04-06:30,35
2000-10-04-07:30,36
2000-10-04-08:30,36
2000-10-04-09:30,37
2000-10-04-10:30,36
2000-10-04-12:30,33
2000-10-04-13:30,32
2000-10-04-14:30,31
2000-10-04-15:30,29
2000-10-04-16:30,29
2000-10-04-17:30,28
2000-10-04-18:30,27
2000-10-04-19:30,27
2000-10-04-20:30,26
2000-10-04-21:30,26
2000-10-04-22:30,26
2000-10-04-23:30,26
2000-10-05-00:30,25
2000-10-05-01:30,26
2000-10-05-02:30,28
2000-10-05-03:30,30
2000-10-05-04:30,32
2000-10-05-05:30,33
2000-10-05-06:30,35
2000-10-05-07:30,35
2000-10-05-08:30,35
2000-10-05-09:30,35
2000-10-05-10:30,35
2000-10-05-11:30,33
2000-10-05-12:30,31
2000-10-05-13:30,30
2000-10-05-14:30,30
2000-10-05-15:30,29
2000-10-05-16:30,29
2000-10-05-17:30,28
2000-10-05-18:30,27
2000-10-05-19:30,27
2000-10-05-20:30,27
2000-10-05-21:30,26
2000-10-05-22:30,26
2000-10-05-23:30,25
2000-10-06-00:30,25
2000-10-06-01:30,25
2000-10-06-02:30,28
2000-10-06-03:30,30
2000-10-06-04:30,32
2000-10-06-05:30,34
2000-10-06-06:30,34
2000-10-06-07:30,35
2000-10-06-08:30,35
2000-10-06-09:30,35
2000-10-06-10:30,35
2000-10-06-11:30,34
2000-10-06-12:30,33
2000-10-06-13:30,31
2000-10-06-14:30,31
2000-10-06-15:30,30
2000-10-06-16:30,29
2000-10-06-17:30,29
2000-10-06-18:30,28
2000-10-06-19:30,28
2000-10-06-20:30,27
2000-10-06-21:30,27
2000-10-06-22:30,27
2000-10-06-23:30,26
2000-10-07-00:30,26
2000-10-07-01:30,26
2000-10-07-02:30,28
2000-10-07-03:30,31
2000-10-07-04:30,33
2000-10-07-05:30,34
2000-10-07-06:30,35
2000-10-07-07:30,35
2000-10-07-08:30,36
2000-10-07-09:30,36
2000-10-07-10:30,36
2000-10-07-11:30,35
2000-10-07-12:30,33
2000-10-07-13:30,31
2000-10-07-14:30,31
2000-10-07-15:30,30
2000-10-07-16:30,30
2000-10-07-17:30,29
2000-10-07-18:30,28
2000-10-07-19:30,27
2000-10-07-20:30,27
2000-10-07-21:30,26
2000-10-07-22:30,25
2000-10-07-23:30,25
2000-10-08-00:30,25
2000-10-08-01:30,25
2000-10-08-02:30,27
2000-10-08-03:30,29
2000-10-08-04:30,31
2000-10-08-05:30,34
2000-10-08-06:30,35
2000-10-08-07:30,36
2000-10-08-08:30,37
2000-10-08-09:30,37
2000-10-08-10:30,37
2000-10-08-11:30,36
2000-10-08-12:30,33
2000-10-08-13:30,32
2000-10-08-14:30,31
2000-10-08-15:30,30
2000-10-08-16:30,29
2000-10-08-17:30,27
2000-10-08-19:30,27
2000-10-08-20:30,26
2000-10-08-21:30,25
2000-10-08-22:30,25
2000-10-08-23:30,24
2000-10-09-00:30,24
2000-10-09-01:30,25
2000-10-09-02:30,27
2000-10-09-03:30,29
2000-10-09-04:30,32
2000-10-09-05:30,34
2000-10-09-06:30,35
2000-10-09-07:30,37
2000-10-09-08:30,37
2000-10-09-09:30,36
2000-10-09-10:30,37
2000-10-09-11:30,36
2000-10-09-12:30,34
2000-10-09-13:30,32
2000-10-09-14:30,31
2000-10-09-15:30,31
2000-10-09-16:30,29
2000-10-09-17:30,28
2000-10-09-18:30,27
2000-10-09-19:30,27
2000-10-09-20:30,26
2000-10-09-21:30,26
2000-10-09-22:30,26
2000-10-09-23:30,25
2000-10-10-00:30,25
2000-10-10-01:30,24
2000-10-10-02:30,27
2000-10-10-03:30,29
2000-10-10-04:30,31
2000-10-10-05:30,33
2000-10-10-06:30,35
2000-10-10-07:30,36
2000-10-10-08:30,36
2000-10-10-09:30,35
2000-10-10-10:30,35
2000-10-10-11:30,34
2000-10-10-12:30,32
2000-10-10-13:30,31
2000-10-10-14:30,29
2000-10-10-15:30,28
2000-10-10-16:30,28
2000-10-10-17:30,27
2000-10-10-18:30,26
2000-10-10-19:30,25
2000-10-10-20:30,25
2000-10-10-21:30,25
2000-10-10-22:30,25
2000-10-10-23:30,25
2000-10-11-00:30,25
2000-10-11-01:30,24
2000-10-11-02:30,26
2000-10-11-03:30,28
2000-10-11-04:30,31
2000-10-11-05:30,32
2000-10-11-07:30,34
2000-10-11-09:30,34
2000-10-11-10:30,33
2000-10-11-11:30,33
2000-10-11-12:30,25
2000-10-11-13:30,30
2000-10-11-14:30,29
2000-10-11-15:30,29
2000-10-11-16:30,28
2000-10-11-17:30,25
2000-10-11-18:30,25
2000-10-11-19:30,25
2000-10-11-20:30,24
2000-10-11-21:30,23
2000-10-11-22:30,22
2000-10-11-23:30,22
2000-10-12-00:30,22
2000-10-12-01:30,22
2000-10-12-02:30,25
2000-10-12-03:30,28
2000-10-12-04:30,31
2000-10-12-05:30,32
2000-10-12-06:30,34
2000-10-12-07:30,35
2000-10-12-08:30,35
2000-10-12-09:30,34
2000-10-12-10:30,34
2000-10-12-11:30,33
2000-10-12-12:30,32
2000-10-12-13:30,30
2000-10-12-14:30,28
2000-10-12-15:30,26
2000-10-12-16:30,25
2000-10-12-17:30,25
2000-10-12-18:30,24
2000-10-12-19:30,24
2000-10-12-20:30,23
2000-10-12-21:30,23
2000-10-12-22:30,23
2000-10-12-23:30,22
2000-10-13-00:00,21
2000-10-13-00:30,21
2000-10-13-01:30,21
2000-10-13-02:30,23
2000-10-13-03:30,27
2000-10-13-04:30,30
2000-10-13-05:30,33
2000-10-13-06:30,34
2000-10-13-07:30,35
2000-10-13-08:30,36
2000-10-13-09:30,36
2000-10-13-10:30,35
2000-10-13-11:30,35
2000-10-13-12:30,33
2000-10-13-13:30,31
2000-10-13-14:30,28
2000-10-13-15:30,26
2000-10-13-16:30,25
2000-10-13-17:00,24
2000-10-13-17:30,24
2000-10-13-18:30,24
2000-10-13-19:30,23
2000-10-13-20:30,23
2000-10-13-21:30,22
2000-10-13-22:30,21
2000-10-13-23:30,22
2000-10-14-00:30,21
2000-10-14-01:30,20
2000-10-14-02:30,24
2000-10-14-03:30,27
2000-10-14-04:30,30
2000-10-14-05:30,32
2000-10-14-06:30,34
2000-10-14-07:30,34
2000-10-14-08:30,35
2000-10-14-09:30,35
2000-10-14-10:30,35
2000-10-14-11:30,33
2000-10-14-12:30,32
2000-10-14-13:30,30
2000-10-14-14:30,28
2000-10-14-15:30,25
2000-10-14-16:30,27
2000-10-14-17:30,27
2000-10-14-18:30,27
2000-10-14-19:30,24
2000-10-14-21:30,21
2000-10-14-22:30,20
2000-10-14-23:30,20
2000-10-15-00:30,19
2000-10-15-01:30,20
2000-10-15-02:30,23
2000-10-15-03:30,25
2000-10-15-04:30,29
2000-10-15-05:30,32
2000-10-15-06:30,34
2000-10-15-07:30,34
2000-10-15-08:30,35
2000-10-15-09:30,35
2000-10-15-10:30,34.5
2000-10-15-11:30,34
2000-10-15-12:30,32
2000-10-15-13:30,29
2000-10-15-14:30,27
2000-10-15-15:30,25
2000-10-15-16:30,24
2000-10-15-17:30,24
2000-10-15-18:30,23
2000-10-15-19:30,22
2000-10-15-20:30,22
2000-10-15-21:30,21
2000-10-15-22:30,21
2000-10-15-23:30,20
2000-10-16-00:30,19
2000-10-16-01:30,19
2000-10-16-02:30,21
2000-10-16-03:30,24
2000-10-16-04:30,27
2000-10-16-05:30,30
2000-10-16-06:30,33
2000-10-16-07:30,33
2000-10-16-08:30,35
2000-10-16-09:30,35
2000-10-16-10:30,34
2000-10-16-11:30,34
2000-10-16-12:30,32
2000-10-16-13:30,29
2000-10-16-14:30,28
2000-10-16-15:30,28
2000-10-16-16:30,26
2000-10-16-17:30,24
2000-10-16-18:30,23
2000-10-16-19:30,23
2000-10-16-20:30,23
2000-10-16-21:30,23
2000-10-16-23:30,21
2000-10-17-00:30,20
2000-10-17-01:30,21
2000-10-17-02:30,24
2000-10-17-03:30,28
2000-10-17-04:30,30
2000-10-17-05:30,32
2000-10-17-06:30,33
2000-10-17-07:30,34
2000-10-17-08:30,35
2000-10-17-09:30,35
2000-10-17-10:30,35
2000-10-17-11:30,33
2000-10-17-12:30,31
2000-10-17-13:30,29
2000-10-17-14:30,28
2000-10-17-16:30,26
2000-10-17-17:30,25
2000-10-17-18:30,25
2000-10-17-19:30,25
2000-10-17-20:30,23
2000-10-17-21:30,22
2000-10-17-22:30,21
2000-10-17-23:30,21
2000-10-18-00:30,21
2000-10-18-01:30,20
2000-10-18-02:30,23
2000-10-18-04:30,27
2000-10-18-05:30,31
2000-10-18-06:30,33
2000-10-18-07:30,34
2000-10-18-08:30,35
2000-10-18-09:30,36
2000-10-18-10:30,36
2000-10-18-11:30,35
2000-10-18-13:30,29
2000-10-18-15:30,27
2000-10-18-18:30,25
2000-10-18-19:30,24
2000-10-18-20:30,24
2000-10-18-21:30,23
2000-10-18-22:30,22
2000-10-18-23:30,21
2000-10-19-00:30,21
2000-10-19-01:30,21
2000-10-19-02:30,24
2000-10-19-03:30,27
2000-10-19-04:30,30
2000-10-19-05:30,33
2000-10-19-06:30,35
2000-10-19-07:30,36
2000-10-19-08:30,37
2000-10-19-09:30,37
2000-10-19-10:30,36
2000-10-19-11:30,34
2000-10-19-12:30,31
2000-10-19-13:30,30
2000-10-19-14:30,28
2000-10-19-15:30,27
2000-10-19-16:30,26
2000-10-19-18:30,24
2000-10-19-19:30,24
2000-10-19-20:30,23
2000-10-19-21:30,23
2000-10-19-22:30,22
2000-10-20-00:30,21
2000-10-20-01:30,21
2000-10-20-02:30,24
2000-10-20-03:30,27
2000-10-20-04:30,30
2000-10-20-05:30,32
2000-10-20-06:30,34
2000-10-20-07:30,35
2000-10-20-08:30,36
2000-10-20-09:30,36
2000-10-20-10:30,36
2000-10-20-11:30,35
2000-10-20-12:30,33
2000-10-20-13:30,30
2000-10-20-14:30,28
2000-10-20-15:30,28
2000-10-20-16:30,28
2000-10-20-17:30,27
2000-10-20-18:30,26
2000-10-20-19:30,25
2000-10-20-20:30,24
2000-10-20-21:30,23
2000-10-20-22:30,22
2000-10-20-23:30,21
2000-10-21-00:30,21
2000-10-21-01:30,21
2000-10-21-02:30,23
2000-10-21-03:30,25
2000-10-21-04:30,29
2000-10-21-05:30,31
2000-10-21-06:30,33
2000-10-21-07:30,35
2000-10-21-08:30,35
2000-10-21-09:30,35
2000-10-21-10:30,35
2000-10-21-11:30,34
2000-10-21-12:30,32
2000-10-21-13:30,28
2000-10-21-14:30,29
2000-10-21-15:30,27
2000-10-21-16:30,26
2000-10-21-17:30,25
2000-10-21-18:30,26
2000-10-21-19:30,24
2000-10-21-20:30,23
2000-10-21-21:30,23
2000-10-21-22:30,22
2000-10-21-23:30,21
2000-10-22-00:30,22
2000-10-22-01:30,22
2000-10-22-02:30,25
2000-10-22-03:30,28
2000-10-22-04:30,30
2000-10-22-05:30,33
2000-10-22-06:30,35
2000-10-22-07:30,35
2000-10-22-08:30,35
2000-10-22-09:30,35
2000-10-22-10:30,35
2000-10-22-11:30,33
2000-10-22-12:30,30
2000-10-22-13:30,29
2000-10-22-14:30,27
2000-10-22-15:30,27
2000-10-22-16:30,26
2000-10-22-17:30,25
2000-10-22-18:30,25
2000-10-22-19:30,25
2000-10-22-20:30,23
2000-10-22-21:30,23
2000-10-22-22:30,23
2000-10-22-23:30,22
2000-10-23-00:30,22
2000-10-23-01:30,22
2000-10-23-02:30,24
2000-10-23-03:30,28
2000-10-23-04:30,30
2000-10-23-05:30,32
2000-10-23-06:30,34
2000-10-23-07:30,35
2000-10-23-08:30,36
2000-10-23-09:30,36
2000-10-23-10:30,36
2000-10-23-11:30,35
2000-10-23-12:30,32
2000-10-23-13:30,29
2000-10-23-14:30,29
2000-10-23-15:30,28
2000-10-23-16:30,27
2000-10-23-17:30,26
2000-10-23-18:30,25
2000-10-23-19:30,24
2000-10-23-20:30,23
2000-10-23-21:30,24
2000-10-23-22:30,22
2000-10-23-23:30,21
2000-10-24-00:30,21
2000-10-24-01:30,21
2000-10-24-02:30,23
2000-10-24-03:30,27
2000-10-24-04:30,29
2000-10-24-05:30,32
2000-10-24-06:30,35
2000-10-24-07:30,36
2000-10-24-08:30,36
2000-10-24-09:30,36
2000-10-24-10:30,36
2000-10-24-11:30,35
2000-10-24-12:30,32
2000-10-24-13:30,30
2000-10-24-14:30,29
2000-10-24-15:30,28
2000-10-24-16:30,25
2000-10-24-17:30,25
2000-10-24-18:30,24
2000-10-24-19:30,24
2000-10-24-20:30,23
2000-10-24-21:30,22
2000-10-24-22:30,22
2000-10-24-23:30,21
2000-10-25-00:30,20
2000-10-25-01:30,20
2000-10-25-02:30,21
2000-10-25-03:30,24
2000-10-25-04:30,27
2000-10-25-05:30,29
2000-10-25-06:30,31
2000-10-25-07:30,32
2000-10-25-08:30,33
2000-10-25-09:30,33
2000-10-25-10:30,33
2000-10-25-11:30,31
2000-10-25-12:30,30
2000-10-25-13:30,28
2000-10-25-14:30,27
2000-10-25-15:30,25
2000-10-25-16:30,24
2000-10-25-17:30,24
2000-10-25-18:30,24
2000-10-25-19:30,24
2000-10-25-20:30,22
2000-10-25-21:30,21
2000-10-25-22:30,20
2000-10-25-23:30,20
2000-10-26-00:30,20
2000-10-26-01:30,20
2000-10-26-02:30,21
2000-10-26-03:30,25
2000-10-26-04:30,28
2000-10-26-05:30,30
2000-10-26-06:30,32
2000-10-26-07:30,34
2000-10-26-08:30,34
2000-10-26-09:30,34
2000-10-26-10:30,34
2000-10-26-11:30,33
2000-10-26-12:30,31
2000-10-26-13:30,29
2000-10-26-14:30,26
2000-10-26-15:30,25
2000-10-26-16:30,24
2000-10-26-17:30,24
2000-10-26-18:30,23
2000-10-26-19:30,21
2000-10-26-20:30,21
2000-10-26-21:30,20
2000-10-26-22:30,19
2000-10-26-23:30,19
2000-10-27-00:30,19
2000-10-27-01:30,19
2000-10-27-02:30,22
2000-10-27-03:30,25
2000-10-27-04:30,28
2000-10-27-05:30,31
2000-10-27-06:30,32
2000-10-27-07:30,33
2000-10-27-08:30,34
2000-10-27-09:30,36
2000-10-27-10:30,33
2000-10-27-11:30,32
2000-10-27-12:30,30
2000-10-27-13:30,27
2000-10-27-14:30,26
2000-10-27-15:30,25
2000-10-27-16:30,25
2000-10-27-17:30,24
2000-10-27-18:30,23
2000-10-27-19:30,23
2000-10-27-21:30,22
2000-10-27-22:30,21
2000-10-27-23:30,19
2000-10-28-00:30,19
2000-10-28-01:30,19
2000-10-28-02:30,20
2000-10-28-03:30,23
2000-10-28-04:30,27
2000-10-28-05:30,29
2000-10-28-06:30,31
2000-10-28-07:30,32
2000-10-28-08:30,32
2000-10-28-09:30,33
2000-10-28-10:30,32
2000-10-28-11:30,31
2000-10-28-12:30,29
2000-10-28-13:30,28
2000-10-28-14:30,27
2000-10-28-15:30,25
2000-10-28-16:30,25
2000-10-28-17:30,24
2000-10-28-18:30,23
2000-10-28-19:30,23
2000-10-28-20:30,23
2000-10-28-21:30,22
2000-10-28-22:30,21
2000-10-28-23:30,20
2000-10-29-00:30,20
2000-10-29-01:30,21
2000-10-29-02:30,22
2000-10-29-03:30,25
2000-10-29-04:30,28
2000-10-29-05:30,31
2000-10-29-06:30,32
2000-10-29-07:30,33
2000-10-29-08:30,34
2000-10-29-10:30,33
2000-10-29-11:30,32
2000-10-29-12:30,29
2000-10-29-13:30,27
2000-10-29-14:30,26
2000-10-29-15:30,25
2000-10-29-16:30,24
2000-10-29-17:30,24
2000-10-29-19:30,23
2000-10-29-21:30,22
2000-10-29-22:30,22
2000-10-29-23:30,20
2000-10-30-00:30,20
2000-10-30-01:30,21
2000-10-30-02:30,23
2000-10-30-03:30,26
2000-10-30-04:30,28
2000-10-30-05:30,31
2000-10-30-06:30,31
2000-10-30-07:00,34
2000-10-30-07:30,34
2000-10-30-08:00,31
2000-10-30-08:30,34
2000-10-30-09:30,34
2000-10-30-10:30,33
2000-10-30-12:30,30
2000-10-30-13:30,28
2000-10-30-14:30,26
2000-10-30-16:30,24
2000-10-30-19:30,22
2000-10-30-20:30,21
2000-10-30-21:30,21
2000-10-31-00:30,19
2000-10-31-01:30,19
2000-10-31-02:30,22
2000-10-31-03:30,24
2000-10-31-04:30,24
2000-10-31-05:30,28
2000-10-31-06:30,30
2000-10-31-07:30,31
2000-10-31-08:30,32
2000-10-31-09:30,31
2000-10-31-10:30,31
2000-10-31-11:30,31
2000-10-31-12:30,29
2000-10-31-13:30,27
2000-10-31-14:30,26
2000-10-31-15:30,26
2000-10-31-16:30,24
2000-10-31-17:30,23
2000-10-31-18:30,23
2000-10-31-19:30,22
2000-10-31-20:30,22
2000-10-31-21:30,21
2000-11-01-00:30,20
2000-11-01-01:30,20
2000-11-01-02:30,22
2000-11-01-03:30,26
2000-11-01-04:30,28
2000-11-01-05:30,31
2000-11-01-06:30,31
2000-11-01-07:30,31
2000-11-01-08:30,33
2000-11-01-09:30,33
2000-11-01-10:30,31
2000-11-01-11:30,30
2000-11-01-12:30,28
2000-11-01-13:30,27
2000-11-01-14:30,26
2000-11-01-15:30,26
2000-11-01-16:30,25
2000-11-01-17:30,25
2000-11-01-18:30,23
2000-11-01-19:30,23
2000-11-01-20:30,22
2000-11-01-21:30,22
2000-11-01-22:30,21
2000-11-01-23:30,21
2000-11-02-00:30,21
2000-11-02-01:30,20
2000-11-02-02:30,21
2000-11-02-03:30,24
2000-11-02-04:30,26
2000-11-02-05:30,29
2000-11-02-06:30,29
2000-11-02-07:30,30
2000-11-02-08:30,31
2000-11-02-09:30,31
2000-11-02-10:30,30
2000-11-02-11:30,29
2000-11-02-12:30,27
2000-11-02-13:30,27
2000-11-02-14:30,26
2000-11-02-15:30,25
2000-11-02-16:30,24
2000-11-02-17:30,23
2000-11-02-18:30,24
2000-11-02-20:30,23
2000-11-02-21:30,21
2000-11-02-22:30,20.5
2000-11-02-23:30,20
2000-11-03-00:30,19
2000-11-03-01:30,19
2000-11-03-02:30,21
2000-11-03-03:30,25
2000-11-03-04:30,27
2000-11-03-06:30,30
2000-11-03-07:30,31
2000-11-03-08:30,31
2000-11-03-09:30,31
2000-11-03-10:30,31
2000-11-03-11:30,30
2000-11-03-12:30,29
2000-11-03-13:30,27
2000-11-03-14:30,28
2000-11-03-15:30,25
2000-11-03-16:30,25
2000-11-03-17:30,23
2000-11-03-18:30,23
2000-11-03-19:30,22
2000-11-03-20:30,22
2000-11-04-00:30,18
2000-11-04-01:30,19
2000-11-04-02:30,20
2000-11-04-03:30,23
2000-11-04-04:30,26
2000-11-04-05:30,28
2000-11-04-06:30,30
2000-11-04-07:30,31
2000-11-04-08:30,31
2000-11-04-09:30,32
2000-11-04-10:30,31
2000-11-04-11:30,30
2000-11-04-12:30,28
2000-11-04-13:30,25
2000-11-04-14:30,25
2000-11-04-15:30,26
2000-11-04-16:30,24
2000-11-04-17:30,25
2000-11-04-18:30,23
2000-11-04-19:30,21
2000-11-04-20:30,20
2000-11-04-21:30,20
2000-11-04-22:30,19
2000-11-04-23:30,19
2000-11-05-00:30,18
2000-11-05-01:30,18
2000-11-05-02:30,20
2000-11-05-03:30,23
2000-11-05-04:30,26
2000-11-05-05:30,29
2000-11-05-06:30,30
2000-11-05-07:30,31
2000-11-05-08:30,32
2000-11-05-09:30,32
2000-11-05-10:30,31
2000-11-05-11:30,30
2000-11-05-12:30,29
2000-11-05-13:30,27
2000-11-05-14:30,25
2000-11-05-15:30,24
2000-11-05-16:30,23
2000-11-05-17:30,22
2000-11-05-18:30,21
2000-11-05-19:30,19
2000-11-05-20:30,19
2000-11-05-21:30,19
2000-11-05-22:30,19
2000-11-05-23:30,18
2000-11-06-00:30,17
2000-11-06-01:30,18
2000-11-06-02:30,21
2000-11-06-03:30,24
2000-11-06-04:30,27
2000-11-06-05:30,29
2000-11-06-06:30,31
2000-11-06-07:30,33
2000-11-06-08:30,33
2000-11-06-09:30,33
2000-11-06-10:30,32
2000-11-06-11:30,31
2000-11-06-12:30,27
2000-11-06-13:30,27
2000-11-06-14:30,25
2000-11-06-15:30,24
2000-11-06-16:30,24
2000-11-06-17:30,23
2000-11-06-18:30,21
2000-11-06-19:30,21
2000-11-06-20:30,21
2000-11-06-21:30,20
2000-11-06-22:30,21
2000-11-07-00:30,18
2000-11-07-01:30,18
2000-11-07-02:30,21
2000-11-07-03:30,26
2000-11-07-04:30,29
2000-11-07-05:30,31
2000-11-07-06:30,33
2000-11-07-07:30,33
2000-11-07-08:30,33
2000-11-07-09:30,34
2000-11-07-10:30,33
2000-11-07-11:30,30
2000-11-07-12:30,28
2000-11-07-13:30,26
2000-11-07-14:30,25
2000-11-07-15:30,25
2000-11-07-16:30,24
2000-11-07-18:30,22
2000-11-07-19:30,22
2000-11-07-20:30,22
2000-11-07-21:30,21
2000-11-07-22:30,20
2000-11-07-23:30,20
2000-11-08-00:30,20
2000-11-08-01:30,20
2000-11-08-02:30,23
2000-11-08-03:30,27
2000-11-08-04:30,30
2000-11-08-05:30,31
2000-11-08-06:30,33
2000-11-08-07:30,33
2000-11-08-08:30,34
2000-11-08-09:30,33
2000-11-08-10:30,33
2000-11-08-11:30,32
2000-11-08-12:30,30
2000-11-08-13:30,27
2000-11-08-14:30,26
2000-11-08-15:30,26
2000-11-08-16:30,25
2000-11-08-17:30,24
2000-11-08-18:30,22
2000-11-08-19:30,22
2000-11-08-20:30,22
2000-11-08-21:30,21
2000-11-08-22:30,20
2000-11-08-23:30,20
2000-11-09-00:30,20
2000-11-09-01:30,19
2000-11-09-02:30,22
2000-11-09-03:30,26
2000-11-09-04:30,28
2000-11-09-05:30,29
2000-11-09-06:30,31
2000-11-09-07:30,32
2000-11-09-08:30,33
2000-11-09-09:30,33
2000-11-09-10:30,32
2000-11-09-11:30,31
2000-11-09-12:30,29
2000-11-09-13:30,27
2000-11-09-14:30,26
2000-11-09-15:30,25
2000-11-09-16:30,24
2000-11-09-17:30,21
2000-11-09-18:30,21
2000-11-09-19:30,21
2000-11-09-20:30,19
2000-11-09-21:30,19
2000-11-09-22:30,19
2000-11-09-23:30,17
2000-11-10-00:30,17
2000-11-10-01:30,16
2000-11-10-02:30,18
2000-11-10-03:30,22
2000-11-10-04:30,25
2000-11-10-05:30,29
2000-11-10-06:30,31
2000-11-10-07:30,31
2000-11-10-08:30,31
2000-11-10-09:30,31
2000-11-10-10:30,30
2000-11-10-11:30,29
2000-11-10-12:30,27
2000-11-10-13:30,26
2000-11-10-14:30,23
2000-11-10-15:30,23
2000-11-10-16:30,21
2000-11-10-17:30,27
2000-11-10-18:30,20
2000-11-10-19:30,19
2000-11-10-20:30,19
2000-11-10-21:30,18
2000-11-10-22:30,18
2000-11-11-00:30,16
2000-11-11-01:30,16
2000-11-11-02:30,17
2000-11-11-03:30,21
2000-11-11-04:30,24
2000-11-11-05:30,26
2000-11-11-06:30,28
2000-11-11-07:30,29
2000-11-11-08:30,29
2000-11-11-09:30,30
2000-11-11-10:30,30
2000-11-11-11:30,28
2000-11-11-12:30,26
2000-11-11-13:30,25
2000-11-11-14:30,22
2000-11-11-15:30,21
2000-11-11-16:30,20
2000-11-11-17:30,20
2000-11-11-18:30,18
2000-11-11-19:30,18
2000-11-11-20:30,17
2000-11-11-21:30,18
2000-11-11-22:30,17
2000-11-11-23:30,16
2000-11-12-00:30,15
2000-11-12-01:30,16
2000-11-12-02:30,18
2000-11-12-03:30,20
2000-11-12-04:30,24
2000-11-12-05:30,26
2000-11-12-06:30,29
2000-11-12-07:30,29
2000-11-12-08:30,30
2000-11-12-09:30,30
2000-11-12-10:30,29
2000-11-12-11:30,28
2000-11-12-12:30,26
2000-11-12-13:30,25
2000-11-12-14:30,24
2000-11-12-15:30,23
2000-11-12-16:30,21
2000-11-12-17:30,20
2000-11-12-18:30,20
2000-11-12-19:30,20
2000-11-12-20:30,18
2000-11-12-21:30,19
2000-11-12-22:30,18
2000-11-12-23:30,18
2000-11-13-00:30,18
2000-11-13-01:30,17
2000-11-13-02:30,19
2000-11-13-03:30,22
2000-11-13-04:30,26
2000-11-13-05:30,28
2000-11-13-07:30,30
2000-11-13-08:30,31
2000-11-13-09:30,32
2000-11-13-10:30,30
2000-11-13-11:30,28
2000-11-13-12:30,27
2000-11-13-13:30,25
2000-11-13-14:30,25
2000-11-13-15:30,24
2000-11-13-16:30,23
2000-11-13-17:30,24
2000-11-13-18:30,23
2000-11-13-19:30,21
2000-11-13-20:30,21
2000-11-13-21:30,21
2000-11-13-22:30,20
2000-11-13-23:30,19
2000-11-14-00:30,18
2000-11-14-01:30,19
2000-11-14-02:30,20
2000-11-14-03:30,24
2000-11-14-04:30,26
2000-11-14-05:30,28
2000-11-14-06:30,29
2000-11-14-07:30,31
2000-11-14-08:30,31
2000-11-14-09:30,31
2000-11-14-10:30,31
2000-11-14-11:30,29
2000-11-14-12:30,27
2000-11-14-13:30,27
2000-11-14-14:30,25
2000-11-14-15:30,21
2000-11-14-16:30,20
2000-11-14-17:30,21
2000-11-14-18:30,20
2000-11-14-19:30,19
2000-11-14-20:30,18
2000-11-14-21:30,17
2000-11-14-22:30,16
2000-11-15-01:30,15
2000-11-15-02:30,17
2000-11-15-03:30,20
2000-11-15-04:30,23
2000-11-15-05:30,26
2000-11-15-06:30,27
2000-11-15-07:30,27
2000-11-15-08:30,28
2000-11-15-09:30,29
2000-11-15-10:30,28
2000-11-15-11:30,27
2000-11-15-12:30,26
2000-11-15-13:30,22
2000-11-15-14:30,21
2000-11-15-15:30,21
2000-11-15-16:30,20
2000-11-15-17:30,20
2000-11-15-18:30,18
2000-11-15-19:30,17
2000-11-15-20:30,16
2000-11-15-21:30,15
2000-11-15-22:30,14
2000-11-15-23:30,14
2000-11-16-00:30,13
2000-11-16-01:30,13
2000-11-16-02:30,15
2000-11-16-03:30,19
2000-11-16-04:30,24
2000-11-16-05:30,27
2000-11-16-07:30,29
2000-11-16-08:30,30
2000-11-16-09:30,30
2000-11-16-10:30,29
2000-11-16-11:30,27
2000-11-16-12:30,25
2000-11-16-13:30,23.5
2000-11-16-14:30,22
2000-11-16-15:30,22
2000-11-16-16:30,22
2000-11-16-17:30,20
2000-11-16-19:30,19
2000-11-16-21:30,18
2000-11-16-22:30,19
2000-11-16-23:30,17
2000-11-17-02:30,20
2000-11-17-03:30,23
2000-11-17-04:30,26
2000-11-17-05:30,29
2000-11-17-06:30,30
2000-11-17-07:30,30
2000-11-17-08:30,30
2000-11-17-09:30,30
2000-11-17-10:30,30
2000-11-17-11:30,28
2000-11-17-12:30,25
2000-11-17-13:30,24
2000-11-17-14:30,24
2000-11-17-15:30,22
2000-11-17-16:30,22
2000-11-17-17:30,21
2000-11-17-18:30,20
2000-11-17-19:30,20
2000-11-17-20:30,19
2000-11-17-21:30,19
2000-11-17-22:30,18
2000-11-17-23:30,17
2000-11-18-00:30,17
2000-11-18-01:30,17
2000-11-18-02:30,19
2000-11-18-03:30,21
2000-11-18-05:30,26
2000-11-18-06:30,28
2000-11-18-08:30,30
2000-11-18-10:30,30
2000-11-18-11:30,28
2000-11-18-12:30,26
2000-11-18-13:30,24
2000-11-18-14:30,23
2000-11-18-15:30,22
2000-11-18-16:30,21
2000-11-18-17:30,21
2000-11-18-18:30,19
2000-11-18-19:30,19
2000-11-18-20:30,17
2000-11-18-21:30,17
2000-11-18-22:30,16
2000-11-19-00:30,14
2000-11-19-01:30,13
2000-11-19-02:30,14
2000-11-19-03:30,15
2000-11-19-04:30,18
2000-11-19-05:30,20
2000-11-19-06:30,23
2000-11-19-07:30,25
2000-11-19-08:30,26
2000-11-19-09:30,27
2000-11-19-10:30,27
2000-11-19-11:30,24
2000-11-19-12:30,23
2000-11-19-13:30,21
2000-11-19-14:30,20
2000-11-19-15:30,20
2000-11-19-16:30,21
2000-11-19-17:30,20
2000-11-19-18:30,18
2000-11-19-19:30,17
2000-11-19-20:30,15
2000-11-19-21:30,15
2000-11-19-22:30,14
2000-11-19-23:30,14
2000-11-20-00:00,16
2000-11-20-00:30,13
2000-11-20-01:30,13
2000-11-20-02:30,14
2000-11-20-03:30,16
2000-11-20-04:30,19
2000-11-20-05:30,22
2000-11-20-06:30,24
2000-11-20-07:30,26
2000-11-20-08:30,27
2000-11-20-09:30,28
2000-11-20-11:30,26
2000-11-20-12:30,24
2000-11-20-13:30,22
2000-11-20-14:30,20
2000-11-20-15:30,19
2000-11-20-16:30,19
2000-11-20-17:30,17
2000-11-20-18:30,17
2000-11-20-19:30,16
2000-11-20-20:30,15
2000-11-20-21:30,15
2000-11-20-23:30,15
2000-11-21-00:30,13
2000-11-21-01:30,13
2000-11-21-02:30,14
2000-11-21-03:30,18
2000-11-21-04:30,22
2000-11-21-05:30,25
2000-11-21-06:30,27
2000-11-21-07:30,27
2000-11-21-08:30,28
2000-11-21-09:30,28
2000-11-21-10:30,27
2000-11-21-11:30,25
2000-11-21-12:30,23
2000-11-21-13:30,22
2000-11-21-14:30,22
2000-11-21-15:30,22
2000-11-21-16:30,21
2000-11-21-17:30,20
2000-11-21-18:30,19
2000-11-21-19:30,19
2000-11-21-20:30,18
2000-11-21-21:30,18
2000-11-21-22:30,18
2000-11-21-23:30,17
2000-11-22-00:30,16
2000-11-22-01:30,17
2000-11-22-02:30,18
2000-11-22-03:30,20
2000-11-22-04:30,23
2000-11-22-05:30,25
2000-11-22-06:30,26
2000-11-22-09:30,27
2000-11-22-10:30,27
2000-11-22-11:30,26
2000-11-22-12:30,24
2000-11-22-13:30,23
2000-11-22-14:30,22
2000-11-22-15:30,21
2000-11-22-16:30,20
2000-11-22-17:30,20
2000-11-22-18:30,19
2000-11-22-19:30,19
2000-11-22-20:30,19
2000-11-22-22:30,18
2000-11-22-23:30,18
2000-11-23-00:30,17
2000-11-23-01:30,17
2000-11-23-02:30,18
2000-11-23-03:30,18
2000-11-23-04:30,22
2000-11-23-05:30,24
2000-11-23-06:30,26
2000-11-23-07:30,27
2000-11-23-08:30,27
2000-11-23-09:30,28
2000-11-23-10:30,27
2000-11-23-11:30,26
2000-11-23-12:30,23
2000-11-23-13:30,23
2000-11-23-14:30,23
2000-11-23-15:30,22
2000-11-23-16:30,22
2000-11-23-17:30,21
2000-11-23-18:30,20
2000-11-23-19:30,20
2000-11-23-20:30,19
2000-11-23-21:30,19
2000-11-23-22:30,19
2000-11-23-23:30,18
2000-11-24-00:30,17
2000-11-24-01:30,17
2000-11-24-02:30,18
2000-11-24-03:30,21
2000-11-24-04:30,23
2000-11-24-05:30,25
2000-11-24-06:30,26
2000-11-24-07:30,27
2000-11-24-11:30,26
2000-11-24-12:30,24
2000-11-24-13:30,22
2000-11-24-14:30,21
2000-11-24-15:30,20
2000-11-24-16:30,21
2000-11-24-17:30,20
2000-11-24-18:30,20
2000-11-24-19:30,19
2000-11-24-20:30,18
2000-11-24-21:30,16
2000-11-24-22:30,17
2000-11-24-23:30,14
2000-11-25-00:30,13
2000-11-25-01:30,12
2000-11-25-02:30,14
2000-11-25-03:30,26
2000-11-25-04:30,19
2000-11-25-05:30,22
2000-11-25-06:30,24
2000-11-25-07:30,25
2000-11-25-08:30,26
2000-11-25-09:30,26
2000-11-25-10:30,26
2000-11-25-11:30,24
2000-11-25-12:30,21
2000-11-25-13:30,20
2000-11-25-14:30,19
2000-11-25-15:30,17
2000-11-25-16:30,17
2000-11-25-17:30,17
2000-11-25-18:30,15
2000-11-25-19:30,14
2000-11-25-20:30,14
2000-11-25-21:30,13
2000-11-25-22:30,13
2000-11-25-23:30,13
2000-11-26-00:30,12
2000-11-26-01:30,12
2000-11-26-02:30,14
2000-11-26-03:30,17
2000-11-26-04:30,21
2000-11-26-05:30,23
2000-11-26-06:30,24
2000-11-26-07:30,25
2000-11-26-08:30,26
2000-11-26-09:30,26
2000-11-26-10:30,26
2000-11-26-11:30,25
2000-11-26-12:30,22
2000-11-26-13:30,21
2000-11-26-14:30,21
2000-11-26-15:30,21
2000-11-26-16:30,20
2000-11-26-17:30,19
2000-11-26-18:30,19
2000-11-26-19:30,17
2000-11-26-20:30,16
2000-11-26-21:30,18
2000-11-26-22:30,16
2000-11-27-00:30,16
2000-11-27-01:30,17
2000-11-27-02:30,17
2000-11-27-03:30,19
2000-11-27-04:30,20
2000-11-27-05:30,21
2000-11-27-06:30,22
2000-11-27-07:30,22
2000-11-27-08:30,21
2000-11-27-09:30,20
2000-11-27-10:30,17
2000-11-27-11:30,17
2000-11-27-12:30,17
2000-11-27-13:30,16
2000-11-27-14:30,16
2000-11-27-15:30,15
2000-11-27-16:30,14
2000-11-27-17:30,14
2000-11-27-18:30,14
2000-11-27-19:30,14
2000-11-27-20:30,12
2000-11-27-21:30,12
2000-11-27-22:30,14
2000-11-27-23:30,13
2000-11-28-00:30,12
2000-11-28-01:30,12
2000-11-28-02:30,12
2000-11-28-03:30,14
2000-11-28-04:30,18
2000-11-28-05:30,21
2000-11-28-06:30,22
2000-11-28-07:30,24
2000-11-28-08:30,24
2000-11-28-09:30,24
2000-11-28-10:30,24
2000-11-28-11:30,23
2000-11-28-12:30,22
2000-11-28-13:30,20
2000-11-28-14:30,17
2000-11-28-15:30,17
2000-11-28-16:30,16
2000-11-28-17:30,15
2000-11-28-18:30,13
2000-11-28-19:30,12
2000-11-28-20:30,12
2000-11-28-21:30,11
2000-11-28-22:30,10
2000-11-28-23:30,10
2000-11-29-00:30,9
2000-11-29-01:30,9
2000-11-29-02:30,10
2000-11-29-03:30,14
2000-11-29-04:30,17
2000-11-29-05:30,20
2000-11-29-06:30,22
2000-11-29-07:30,24
2000-11-29-08:30,25
2000-11-29-09:30,25
2000-11-29-10:30,24
2000-11-29-11:30,23
2000-11-29-12:30,19
2000-11-29-13:30,17
2000-11-29-14:30,17
2000-11-29-15:30,15
2000-11-29-16:30,14
2000-11-29-17:30,13
2000-11-29-18:30,13
2000-11-29-19:30,12
2000-11-29-20:30,12
2000-11-29-21:30,11
2000-11-29-22:30,11
2000-11-29-23:30,10
2000-11-30-00:30,9
2000-11-30-01:30,9
2000-11-30-02:30,11
2000-11-30-03:30,14
2000-11-30-04:30,17
2000-11-30-05:30,20
2000-11-30-06:30,22
2000-11-30-07:30,23
2000-11-30-08:30,24
2000-11-30-09:30,24
2000-11-30-10:30,33
2000-11-30-11:30,22
2000-11-30-12:30,20
2000-11-30-13:30,18
2000-11-30-14:30,16
2000-11-30-15:30,14
2000-11-30-16:30,13
2000-11-30-17:30,13
2000-11-30-18:30,12
2000-11-30-19:30,12
2000-11-30-20:30,12
2000-11-30-22:30,10
2000-11-30-23:30,10
2000-12-01-00:30,9
2000-12-01-01:30,8
2000-12-01-02:30,9
2000-12-01-03:30,14
2000-12-01-04:30,17
2000-12-01-05:30,20
2000-12-01-06:30,22
2000-12-01-07:30,23
2000-12-01-08:21,23
2000-12-01-09:30,24
2000-12-01-10:30,24
2000-12-01-11:30,22
2000-12-01-12:30,19
2000-12-01-13:30,17
2000-12-01-14:30,15
2000-12-01-15:30,14
2000-12-01-16:30,12
2000-12-01-17:30,12
2000-12-01-18:30,12
2000-12-01-19:30,11
2000-12-01-20:30,10
2000-12-01-21:30,9
2000-12-01-22:30,8
2000-12-01-23:30,7
2000-12-02-00:30,7
2000-12-02-01:30,7
2000-12-02-02:30,8
2000-12-02-03:30,11
2000-12-02-04:30,15
2000-12-02-05:30,19
2000-12-02-06:30,21
2000-12-02-07:30,22
2000-12-02-08:30,24
2000-12-02-09:30,24
2000-12-02-10:30,24
2000-12-02-11:30,22
2000-12-02-12:30,18
2000-12-02-13:30,16
2000-12-02-14:30,15
2000-12-02-15:30,13
2000-12-02-17:30,13
2000-12-02-18:30,12
2000-12-02-19:30,11
2000-12-02-20:30,10
2000-12-02-21:30,10
2000-12-02-22:30,9
2000-12-02-23:30,9
2000-12-03-00:30,8
2000-12-03-01:30,8
2000-12-03-02:30,10
2000-12-03-03:30,15
2000-12-03-04:30,18
2000-12-03-05:30,20
2000-12-03-06:30,22
2000-12-03-07:30,24
2000-12-03-08:30,24
2000-12-03-09:30,25
2000-12-03-10:30,25
2000-12-03-11:30,23
2000-12-03-12:30,20
2000-12-03-13:30,17
2000-12-03-14:30,16
2000-12-03-15:30,15
2000-12-03-16:30,14
2000-12-03-17:30,13
2000-12-03-18:30,13
2000-12-03-19:30,11
2000-12-03-20:30,11
2000-12-03-21:30,10
2000-12-03-22:30,10
2000-12-03-23:30,9
2000-12-04-00:30,8
2000-12-04-01:30,8
2000-12-04-02:30,9
2000-12-04-03:30,13
2000-12-04-04:30,17
2000-12-04-05:30,21
2000-12-04-06:30,23
2000-12-04-07:30,25
2000-12-04-08:30,26
2000-12-04-09:30,26
2000-12-04-10:30,25
2000-12-04-11:30,23
2000-12-04-12:30,21
2000-12-04-13:30,19
2000-12-04-14:30,17
2000-12-04-15:30,17
2000-12-04-16:30,15
2000-12-04-17:30,14
2000-12-04-18:30,13
2000-12-04-19:30,13
2000-12-04-20:30,12
2000-12-04-21:30,11
2000-12-04-22:30,11
2000-12-04-23:30,10
2000-12-05-00:30,9
2000-12-05-01:30,10
2000-12-05-02:30,11
2000-12-05-03:30,14
2000-12-05-04:30,17
2000-12-05-05:30,20
2000-12-05-06:30,22
2000-12-05-07:30,23
2000-12-05-08:30,24
2000-12-05-09:30,25
2000-12-05-10:30,25
2000-12-05-11:30,24
2000-12-05-12:30,21
2000-12-05-13:30,18
2000-12-05-14:30,18
2000-12-05-15:30,17
2000-12-05-16:30,15
2000-12-05-17:30,14
2000-12-05-18:30,14
2000-12-05-19:30,13
2000-12-05-20:30,12
2000-12-05-21:30,11
2000-12-05-22:30,11
2000-12-05-23:30,11
2000-12-06-00:30,10
2000-12-06-01:30,9
2000-12-06-02:30,11
2000-12-06-03:30,13
2000-12-06-04:21,17
2000-12-06-05:30,20
2000-12-06-06:30,23
2000-12-06-07:30,24
2000-12-06-08:30,25
2000-12-06-09:30,25
2000-12-06-10:30,25
2000-12-06-11:30,24
2000-12-06-12:30,20
2000-12-06-13:30,18
2000-12-06-14:30,16
2000-12-06-15:30,16
2000-12-06-16:30,15
2000-12-06-17:30,14
2000-12-06-18:30,14
2000-12-06-19:30,13
2000-12-06-20:30,12
2000-12-06-21:30,11.5
2000-12-06-22:30,11
2000-12-06-23:30,11
2000-12-07-00:30,10
2000-12-07-01:30,10
2000-12-07-02:30,11
2000-12-07-03:30,14
2000-12-07-04:30,18
2000-12-07-05:30,21
2000-12-07-06:30,23
2000-12-07-07:30,24
2000-12-07-08:30,25
2000-12-07-09:30,26
2000-12-07-10:30,25
2000-12-07-11:30,24
2000-12-07-12:30,22
2000-12-07-13:30,19
2000-12-07-14:30,19
2000-12-07-15:30,17
2000-12-07-16:30,16
2000-12-07-17:30,17
2000-12-07-18:30,15
2000-12-07-19:30,15
2000-12-07-20:30,15
2000-12-07-21:30,15
2000-12-07-22:30,14
2000-12-08-01:30,13
2000-12-08-03:30,20
2000-12-08-04:30,24
2000-12-08-05:30,26
2000-12-08-06:30,27
2000-12-08-07:30,28
2000-12-08-08:30,29
2000-12-08-09:30,28
2000-12-08-10:30,27
2000-12-08-11:30,27
2000-12-08-12:30,23
2000-12-08-13:30,21
2000-12-08-14:30,21
2000-12-08-15:30,17
2000-12-08-16:30,17
2000-12-08-17:30,16
2000-12-08-18:30,16
2000-12-08-20:30,12
2000-12-08-21:30,21
2000-12-08-22:30,12
2000-12-08-23:30,11
2000-12-09-00:30,10
2000-12-09-01:30,10
2000-12-09-02:30,11
2000-12-09-03:30,14
2000-12-09-04:30,17
2000-12-09-05:30,20
2000-12-09-07:30,24
2000-12-09-08:30,25
2000-12-09-09:30,25
2000-12-09-10:30,25
2000-12-09-11:30,23
2000-12-09-12:30,20
2000-12-09-13:30,18
2000-12-09-14:30,17
2000-12-09-15:30,17
2000-12-09-16:30,16
2000-12-09-17:30,14
2000-12-09-18:30,13
2000-12-09-19:30,12
2000-12-09-20:30,12
2000-12-09-21:30,11
2000-12-09-22:30,11
2000-12-09-23:30,10
2000-12-10-00:30,9
2000-12-10-01:30,9
2000-12-10-02:30,11
2000-12-10-03:30,14
2000-12-10-04:30,17
2000-12-10-05:30,19
2000-12-10-06:30,21
2000-12-10-07:30,23
2000-12-10-08:30,23
2000-12-10-09:30,23
2000-12-10-10:30,22
2000-12-10-11:30,21
2000-12-10-12:30,19
2000-12-10-13:30,16
2000-12-10-14:30,15
2000-12-10-15:30,14
2000-12-10-16:30,14
2000-12-10-17:30,15
2000-12-10-18:30,12
2000-12-10-19:30,12
2000-12-10-20:30,12
2000-12-10-21:30,11
2000-12-10-22:30,10
2000-12-10-23:30,10
2000-12-11-00:30,9
2000-12-11-01:30,9
2000-12-11-02:30,10
2000-12-11-03:30,13
2000-12-11-04:30,16
2000-12-11-05:30,19
2000-12-11-06:30,21
2000-12-11-07:30,22
2000-12-11-08:30,23
2000-12-11-10:30,23
2000-12-11-11:30,21
2000-12-11-12:30,19
2000-12-11-13:30,16
2000-12-11-14:30,15
2000-12-11-15:30,13
2000-12-11-16:30,13
2000-12-11-17:30,12
2000-12-11-18:30,11
2000-12-11-19:30,11
2000-12-11-20:30,11
2000-12-11-21:30,10
2000-12-11-22:30,10
2000-12-11-23:30,9
2000-12-12-00:30,8
2000-12-12-01:30,8
2000-12-12-03:30,13
2000-12-12-04:30,16
2000-12-12-05:30,19
2000-12-12-06:30,21
2000-12-12-07:30,23
2000-12-12-08:30,23
2000-12-12-09:30,24
2000-12-12-10:30,24
2000-12-12-11:30,23
2000-12-12-12:30,19
2000-12-12-13:30,17
2000-12-12-14:30,15
2000-12-12-15:30,15
2000-12-12-16:30,13
2000-12-12-17:30,14
2000-12-12-18:30,12
2000-12-12-19:30,12
2000-12-12-20:30,12
2000-12-12-21:30,10
2000-12-12-22:30,11
2000-12-13-00:30,9
2000-12-13-01:30,10
2000-12-13-02:30,11
2000-12-13-03:30,15
2000-12-13-04:30,18
2000-12-13-05:30,21
2000-12-13-06:30,22
2000-12-13-07:30,23
2000-12-13-08:30,24
2000-12-13-09:30,24
2000-12-13-10:30,24
2000-12-13-11:30,22
2000-12-13-12:30,19
2000-12-13-13:30,17
2000-12-13-14:30,17
2000-12-13-15:30,16
2000-12-13-16:30,14
2000-12-13-17:30,14
2000-12-13-18:30,14
2000-12-13-19:30,13
2000-12-13-20:30,12
2000-12-13-21:30,11
2000-12-13-22:30,11
2000-12-13-23:30,10
2000-12-14-00:30,10
2000-12-14-01:30,10
2000-12-14-02:30,11
2000-12-14-03:30,13
2000-12-14-04:30,18
2000-12-14-05:30,21
2000-12-14-06:30,23
2000-12-14-07:21,24
2000-12-14-08:30,25
2000-12-14-09:30,25
2000-12-14-10:30,25
2000-12-14-11:30,24
2000-12-14-12:30,21
2000-12-14-14:30,20
2000-12-14-15:30,18
2000-12-14-16:30,17
2000-12-14-17:30,16
2000-12-14-18:30,14
2000-12-14-19:30,14
2000-12-14-20:30,14
2000-12-14-21:30,13
2000-12-14-23:30,11
2000-12-15-00:30,11
2000-12-15-01:30,11
2000-12-15-02:30,12
2000-12-15-03:30,15
2000-12-15-04:30,19
2000-12-15-05:30,22
2000-12-15-06:30,23
2000-12-15-07:30,25
2000-12-15-08:30,25
2000-12-15-09:30,25
2000-12-15-10:30,25
2000-12-15-11:30,24
2000-12-15-12:30,20
2000-12-15-13:30,18
2000-12-15-14:30,16
2000-12-15-15:30,16
2000-12-15-16:30,16
2000-12-15-17:30,15
2000-12-15-18:30,14
2000-12-15-19:30,14
2000-12-15-20:30,13
2000-12-15-21:30,13
2000-12-15-22:30,13
2000-12-15-23:30,12
2000-12-16-00:30,12
2000-12-16-01:30,12
2000-12-16-02:30,13
2000-12-16-03:30,17
2000-12-16-04:30,21
2000-12-16-05:30,24
2000-12-16-07:30,27
2000-12-16-08:30,28
2000-12-16-09:30,28
2000-12-16-10:30,27
2000-12-16-11:30,26
2000-12-16-12:30,24
2000-12-16-13:30,21
2000-12-16-14:30,19
2000-12-16-15:00,21
2000-12-16-15:30,19
2000-12-16-16:30,18
2000-12-16-17:30,17
2000-12-16-18:30,17
2000-12-16-19:30,16
2000-12-16-20:30,16
2000-12-16-21:30,15
2000-12-16-22:30,15
2000-12-16-23:30,16
2000-12-17-00:30,15
2000-12-17-01:30,14
2000-12-17-02:30,14
2000-12-17-03:30,19
2000-12-17-05:30,24
2000-12-17-06:30,25
2000-12-17-07:30,27
2000-12-17-08:30,28
2000-12-17-09:30,28
2000-12-17-10:30,28
2000-12-17-11:30,26
2000-12-17-12:30,22
2000-12-17-13:30,20
2000-12-17-14:30,19
2000-12-17-15:30,18
2000-12-17-16:30,17
2000-12-17-17:30,16
2000-12-17-18:30,16
2000-12-17-19:30,16
2000-12-17-20:30,15
2000-12-17-21:30,14
2000-12-17-22:30,14
2000-12-18-00:30,13
2000-12-18-01:30,13
2000-12-18-02:30,13
2000-12-18-03:30,15
2000-12-18-04:30,18
2000-12-18-05:30,21
2000-12-18-06:30,23
2000-12-18-07:30,25
2000-12-18-08:30,25
2000-12-18-09:30,25
2000-12-18-10:30,25
2000-12-18-11:30,23
2000-12-18-12:30,21
2000-12-18-13:30,19
2000-12-18-14:30,20
2000-12-18-15:30,19
2000-12-18-16:30,18
2000-12-18-17:30,15
2000-12-18-18:30,14
2000-12-18-19:30,14
2000-12-18-20:30,13
2000-12-18-21:30,12
2000-12-18-22:30,11
2000-12-18-23:30,11
2000-12-19-00:30,10
2000-12-19-01:30,9
2000-12-19-02:30,9
2000-12-19-03:30,12
2000-12-19-04:30,16
2000-12-19-05:30,18
2000-12-19-06:30,20
2000-12-19-07:30,21
2000-12-19-08:30,22
2000-12-19-09:30,22
2000-12-19-10:30,21
2000-12-19-11:30,20
2000-12-19-12:30,17
2000-12-19-13:30,15
2000-12-19-14:30,14
2000-12-19-15:30,13
2000-12-19-16:30,12
2000-12-19-17:30,11
2000-12-19-18:30,11
2000-12-19-19:30,9
2000-12-19-20:30,9
2000-12-19-21:30,9
2000-12-19-22:30,9
2000-12-19-23:30,8
2000-12-20-00:30,7
2000-12-20-01:30,6
2000-12-20-02:30,8
2000-12-20-03:30,11
2000-12-20-04:30,15
2000-12-20-05:30,18
2000-12-20-06:30,20
2000-12-20-07:30,22
2000-12-20-08:30,22
2000-12-20-09:30,23
2000-12-20-10:30,23
2000-12-20-11:30,22
2000-12-20-12:30,18
2000-12-20-13:30,17
2000-12-20-14:30,15
2000-12-20-15:30,15
2000-12-20-16:30,13
2000-12-20-17:30,12
2000-12-20-18:30,11
2000-12-20-19:30,10
2000-12-20-20:30,10
2000-12-20-21:30,9
2000-12-20-22:30,8
2000-12-20-23:30,8
2000-12-21-00:30,9
2000-12-21-01:30,7
2000-12-21-02:30,9
2000-12-21-03:30,11
2000-12-21-04:30,15
2000-12-21-05:30,18
2000-12-21-06:30,20
2000-12-21-07:30,21
2000-12-21-08:30,22
2000-12-21-09:30,23
2000-12-21-10:30,23
2000-12-21-11:30,22
2000-12-21-12:30,19
2000-12-21-13:30,16
2000-12-21-14:30,15
2000-12-21-15:30,13
2000-12-21-16:30,13
2000-12-21-17:30,13
2000-12-21-18:30,12
2000-12-21-19:30,10
2000-12-21-20:30,9
2000-12-21-21:30,9
2000-12-21-22:30,9
2000-12-21-23:30,8
2000-12-22-00:30,7
2000-12-22-01:30,7
2000-12-22-02:30,9
2000-12-22-03:30,11
2000-12-22-04:30,16
2000-12-22-05:30,18
2000-12-22-06:30,20
2000-12-22-07:30,21
2000-12-22-08:30,22
2000-12-22-09:30,22
2000-12-22-10:30,22
2000-12-22-11:30,21
2000-12-22-12:30,18
2000-12-22-13:30,17
2000-12-22-14:30,17
2000-12-22-15:30,13
2000-12-22-16:30,12
2000-12-22-17:30,10
2000-12-22-18:30,10
2000-12-22-19:30,9
2000-12-22-20:30,10
2000-12-22-21:30,9
2000-12-22-22:30,8
2000-12-22-23:30,7
2000-12-23-00:30,7
2000-12-23-01:30,7
2000-12-23-02:30,8
2000-12-23-03:30,11
2000-12-23-04:30,15
2000-12-23-05:30,18
2000-12-23-06:30,20
2000-12-23-07:30,21
2000-12-23-08:30,22
2000-12-23-09:30,23
2000-12-23-10:30,23
2000-12-23-11:30,21
2000-12-23-12:30,19
2000-12-23-13:30,16
2000-12-23-14:30,17
2000-12-23-15:30,15
2000-12-23-16:30,13
2000-12-23-17:30,12
2000-12-23-18:30,10
2000-12-23-19:30,10
2000-12-23-20:30,10
2000-12-23-21:30,9
2000-12-23-22:30,9
2000-12-23-23:30,8
2000-12-24-00:30,7
2000-12-24-01:30,7
2000-12-24-02:30,7
2000-12-24-03:30,9
2000-12-24-04:30,14
2000-12-24-05:30,17
2000-12-24-06:30,19
2000-12-24-07:30,20
2000-12-24-08:30,22
2000-12-24-09:30,22
2000-12-24-10:30,22
2000-12-24-11:30,21
2000-12-24-13:30,15
2000-12-24-14:30,15
2000-12-24-15:30,14
2000-12-24-16:30,12
2000-12-24-17:30,12
2000-12-24-18:30,12
2000-12-24-19:30,11
2000-12-24-20:30,10
2000-12-24-22:30,9
2000-12-24-23:30,8
2000-12-25-00:30,8
2000-12-25-01:30,8
2000-12-25-02:30,8
2000-12-25-03:30,9
2000-12-25-04:30,13
2000-12-25-05:30,17
2000-12-25-06:30,19
2000-12-25-07:30,21
2000-12-25-08:30,22
2000-12-25-09:30,22
2000-12-25-10:30,23
2000-12-25-11:30,21
2000-12-25-12:30,18
2000-12-25-13:30,15
2000-12-25-14:30,14
2000-12-25-15:30,13
2000-12-25-16:30,11
2000-12-25-17:30,11
2000-12-25-18:30,11
2000-12-25-19:30,10
2000-12-25-20:30,9
2000-12-25-21:30,8
2000-12-25-22:30,8
2000-12-25-23:30,7
2000-12-26-00:30,7
2000-12-26-01:30,6
2000-12-26-02:30,7
2000-12-26-03:30,9
2000-12-26-04:30,13
2000-12-26-06:30,19
2000-12-26-07:30,21
2000-12-26-08:30,22
2000-12-26-09:30,22
2000-12-26-11:30,21
2000-12-26-12:30,18
2000-12-26-13:30,16
2000-12-26-14:30,15
2000-12-26-15:30,15
2000-12-26-16:30,14
2000-12-26-17:30,12
2000-12-26-18:30,13
2000-12-26-19:30,10
2000-12-26-20:30,10
2000-12-26-21:30,9
2000-12-26-22:30,9
2000-12-26-23:30,9
2000-12-27-00:30,8
2000-12-27-01:30,8
2000-12-27-04:30,16
2000-12-27-05:30,21
2000-12-27-06:30,22
2000-12-27-07:30,23
2000-12-27-08:30,23
2000-12-27-09:30,23
2000-12-27-10:30,24
2000-12-27-11:30,22
2000-12-27-12:30,19
2000-12-27-13:30,19
2000-12-27-14:30,17
2000-12-27-15:30,16
2000-12-27-16:30,14
2000-12-27-17:30,14
2000-12-27-18:30,13
2000-12-27-19:30,13
2000-12-27-20:30,13
2000-12-27-21:30,12
2000-12-27-22:30,12
2000-12-27-23:30,11
2000-12-28-00:30,11
2000-12-28-01:30,10
2000-12-28-02:30,10
2000-12-28-03:30,16
2000-12-28-04:30,19
2000-12-28-05:30,20
2000-12-28-06:30,22
2000-12-28-07:30,23
2000-12-28-08:30,23
2000-12-28-09:30,24
2000-12-28-10:30,23
2000-12-28-11:30,21
2000-12-28-12:30,19
2000-12-28-13:30,17
2000-12-28-14:30,17
2000-12-28-15:30,16
2000-12-28-16:30,15
2000-12-28-17:30,14
2000-12-28-18:30,13
2000-12-28-19:30,13
2000-12-28-20:30,13
2000-12-28-21:30,12
2000-12-28-22:30,13
2000-12-28-23:30,11
2000-12-29-00:30,10
2000-12-29-01:30,10
2000-12-29-02:30,11
2000-12-29-03:30,16
2000-12-29-04:30,19
2000-12-29-05:30,21
2000-12-29-06:30,23
2000-12-29-07:30,24
2000-12-29-08:30,25
2000-12-29-09:30,25
2000-12-29-10:30,25
2000-12-29-11:30,23
2000-12-29-12:30,20
2000-12-29-13:30,18
2000-12-29-14:30,15
2000-12-29-15:30,15
2000-12-29-16:30,14
2000-12-29-17:30,13
2000-12-29-18:30,13
2000-12-29-19:30,13
2000-12-29-20:30,12
2000-12-29-21:30,11
2000-12-29-22:30,10
2000-12-29-23:30,9
2000-12-30-00:30,9
2000-12-30-01:30,9
2000-12-30-02:30,10
2000-12-30-03:30,12
2000-12-30-04:30,16
2000-12-30-05:30,19
2000-12-30-06:30,20
2000-12-30-07:30,20
2000-12-30-08:30,20
2000-12-30-09:30,20
2000-12-30-10:30,19
2000-12-30-11:30,19
2000-12-30-12:30,18
2000-12-30-13:30,18
2000-12-30-14:30,17
2000-12-30-15:30,17
2000-12-30-16:30,16
2000-12-30-17:30,15
2000-12-30-18:30,14
2000-12-30-19:30,15
2000-12-30-20:30,16
2000-12-30-21:30,15
2000-12-30-22:30,15
2000-12-30-23:30,15
2000-12-31-00:30,14
2000-12-31-01:30,13
2000-12-31-02:30,14
2000-12-31-03:30,15
2000-12-31-04:30,20
2000-12-31-05:30,21
2000-12-31-06:30,22
2000-12-31-07:30,23
2000-12-31-08:30,23
2000-12-31-09:30,23
2000-12-31-10:30,23
2000-12-31-11:30,21
2000-12-31-17:30,15
2000-12-31-18:30,15
2000-12-31-19:30,15
2000-12-31-20:30,15
2000-12-31-21:30,15
2000-12-31-22:30,15
2000-12-31-23:30,15
2001-01-01-00:30,14
2001-01-01-01:30,13
2001-01-01-02:30,13
2001-01-01-03:30,13
2001-01-01-04:30,13
2001-01-01-05:30,13
2001-01-01-06:30,13
2001-01-01-07:30,13
2001-01-01-08:30,13
2001-01-01-09:30,13
2001-01-01-10:30,14
2001-01-01-11:30,13
2001-01-01-12:30,12
2001-01-01-13:30,12
2001-01-01-14:30,12
2001-01-01-15:30,12
2001-01-01-16:30,11
2001-01-01-17:30,11
2001-01-01-18:30,10
2001-01-01-19:30,9
2001-01-01-20:30,9
2001-01-01-21:30,9
2001-01-01-22:30,8
2001-01-01-23:30,9
2001-01-02-00:30,10
2001-01-02-01:30,10
2001-01-02-02:30,10
2001-01-02-03:30,11
2001-01-02-04:30,13
2001-01-02-05:30,14
2001-01-02-06:30,15
2001-01-02-07:30,16
2001-01-02-08:30,16
2001-01-02-09:30,16
2001-01-02-10:30,16
2001-01-02-11:30,15
2001-01-02-12:30,14
2001-01-02-13:30,13
2001-01-02-14:30,12
2001-01-02-15:30,12
2001-01-02-16:30,11
2001-01-02-17:30,11
2001-01-02-18:30,11
2001-01-02-19:30,10
2001-01-02-20:30,10
2001-01-02-21:30,10
2001-01-02-22:30,10
2001-01-02-23:30,10
2001-01-03-00:30,9
2001-01-03-01:30,9
2001-01-03-02:30,10
2001-01-03-05:30,12
2001-01-03-06:30,12
2001-01-03-07:30,13
2001-01-03-08:30,13
2001-01-03-09:30,13
2001-01-03-10:30,13
2001-01-03-11:30,13
2001-01-03-12:30,13
2001-01-03-13:30,12
2001-01-03-14:30,12
2001-01-03-15:30,12
2001-01-03-16:30,12
2001-01-03-17:30,12
2001-01-03-18:30,12
2001-01-03-19:30,12
2001-01-03-20:30,12
2001-01-03-21:30,11
2001-01-03-22:30,11
2001-01-03-23:30,11
2001-01-04-00:30,11
2001-01-04-01:30,11
2001-01-04-02:30,11
2001-01-04-03:30,11
2001-01-04-04:30,11
2001-01-04-05:30,12
2001-01-04-06:30,12
2001-01-04-07:30,12
2001-01-04-08:30,12
2001-01-04-09:30,12
2001-01-04-10:30,12
2001-01-04-11:30,12
2001-01-04-12:30,12
2001-01-04-13:30,12
2001-01-04-14:30,11
2001-01-04-15:30,11
2001-01-04-16:30,11
2001-01-04-17:30,11
2001-01-04-18:30,11
2001-01-04-19:30,11
2001-01-04-20:30,10
2001-01-04-21:30,10
2001-01-04-22:30,10
2001-01-04-23:30,10
2001-01-05-00:30,10
2001-01-05-01:30,10
2001-01-05-02:30,10
2001-01-05-03:30,10
2001-01-05-04:30,11
2001-01-05-05:30,12
2001-01-05-06:30,13
2001-01-05-07:30,14
2001-01-05-08:30,15
2001-01-05-09:30,15
2001-01-05-10:30,15
2001-01-05-11:30,14
2001-01-05-12:30,12
2001-01-05-13:30,12
2001-01-05-14:30,11
2001-01-05-15:30,10
2001-01-05-16:30,10
2001-01-05-17:30,9
2001-01-05-18:30,9
2001-01-05-19:30,9
2001-01-05-20:30,9
2001-01-05-21:30,8
2001-01-05-22:30,8
2001-01-05-23:30,8
2001-01-06-00:30,8
2001-01-06-01:30,9
2001-01-06-02:30,9
2001-01-06-03:30,11
2001-01-06-04:30,13
2001-01-06-05:30,13
2001-01-06-06:30,15
2001-01-06-07:30,15
2001-01-06-09:30,16
2001-01-06-10:30,16
2001-01-06-11:30,15
2001-01-06-12:30,13
2001-01-06-13:30,12
2001-01-06-14:30,11
2001-01-06-15:30,11
2001-01-06-16:30,10
2001-01-06-17:30,9
2001-01-06-18:30,8
2001-01-06-19:30,8
2001-01-06-20:30,8
2001-01-06-21:30,7
2001-01-06-22:30,7
2001-01-06-23:30,7
2001-01-07-00:30,7
2001-01-07-01:30,6
2001-01-07-02:30,7
2001-01-07-03:30,9
2001-01-07-04:30,11
2001-01-07-05:30,13
2001-01-07-06:30,14
2001-01-07-07:30,16
2001-01-07-09:30,17
2001-01-07-10:30,17
2001-01-07-11:30,16
2001-01-07-12:30,14
2001-01-07-13:30,13
2001-01-07-14:30,12
2001-01-07-15:30,11
2001-01-07-16:30,11
2001-01-07-17:30,9
2001-01-07-18:30,9
2001-01-07-19:30,8
2001-01-07-20:30,8
2001-01-07-21:30,7
2001-01-07-22:30,6
2001-01-07-23:30,4
2001-01-08-00:30,4
2001-01-08-01:30,4
2001-01-08-02:30,5
2001-01-08-03:30,6
2001-01-08-04:30,7
2001-01-08-05:30,9
2001-01-08-06:30,10
2001-01-08-07:30,13
2001-01-08-08:30,15
2001-01-08-09:30,15
2001-01-08-10:30,16
2001-01-08-11:30,15
2001-01-08-12:30,13
2001-01-08-13:30,11
2001-01-08-14:30,10
2001-01-08-15:30,10
2001-01-08-16:30,9
2001-01-08-17:30,9
2001-01-08-18:30,8
2001-01-08-19:30,8
2001-01-08-20:30,7
2001-01-08-21:30,7
2001-01-08-22:30,5
2001-01-08-23:30,7
2001-01-09-00:30,7
2001-01-09-02:30,7
2001-01-09-03:30,7
2001-01-09-04:30,7
2001-01-09-05:30,9
2001-01-09-06:30,10
2001-01-09-07:30,12
2001-01-09-08:30,13
2001-01-09-09:30,13
2001-01-09-10:30,14
2001-01-09-11:30,13
2001-01-09-12:30,11
2001-01-09-13:30,10
2001-01-09-14:30,9
2001-01-09-15:30,9
2001-01-09-16:30,8
2001-01-09-17:30,8
2001-01-09-18:30,7
2001-01-09-19:30,6
2001-01-09-20:30,6
2001-01-09-23:30,7
2001-01-10-00:30,7
2001-01-10-01:30,7
2001-01-10-02:30,7
2001-01-10-03:30,7
2001-01-10-04:30,8
2001-01-10-05:30,9
2001-01-10-06:30,9
2001-01-10-07:30,12
2001-01-10-08:30,13
2001-01-10-09:30,15
2001-01-10-10:30,15
2001-01-10-11:30,15
2001-01-10-12:30,13
2001-01-10-13:30,12
2001-01-10-14:30,11
2001-01-10-15:30,10
2001-01-10-16:30,10
2001-01-10-17:30,9
2001-01-10-18:30,9
2001-01-10-19:30,8
2001-01-10-20:30,7
2001-01-10-21:30,6
2001-01-10-22:30,6
2001-01-10-23:30,5
2001-01-11-00:30,5
2001-01-11-01:30,4
2001-01-11-02:30,5
2001-01-11-03:30,8
2001-01-11-04:30,11
2001-01-11-05:30,14
2001-01-11-06:30,16
2001-01-11-08:30,18
2001-01-11-09:30,19
2001-01-11-10:30,19
2001-01-11-11:30,18
2001-01-11-12:30,16
2001-01-11-13:30,14
2001-01-11-14:30,14
2001-01-11-15:30,13
2001-01-11-16:30,11
2001-01-11-17:30,11
2001-01-11-18:30,10
2001-01-11-19:30,8
2001-01-11-20:30,9
2001-01-11-21:30,9
2001-01-11-22:30,8
2001-01-11-23:30,8
2001-01-12-00:30,8
2001-01-12-01:30,8
2001-01-12-02:30,8
2001-01-12-03:30,8
2001-01-12-04:30,9.5
2001-01-12-05:30,11
2001-01-12-06:30,14
2001-01-12-07:30,16
2001-01-12-08:30,17
2001-01-12-09:30,17
2001-01-12-10:30,18
2001-01-12-11:30,17
2001-01-12-12:30,16
2001-01-12-13:30,14
2001-01-12-14:30,12
2001-01-12-15:30,11
2001-01-12-16:30,10
2001-01-12-17:30,10
2001-01-12-18:30,10
2001-01-12-19:30,8
2001-01-12-20:30,7
2001-01-12-21:30,6
2001-01-12-22:30,5
2001-01-12-23:30,4
2001-01-13-00:30,5
2001-01-13-01:30,5
2001-01-13-02:30,5
2001-01-13-03:30,6
2001-01-13-04:30,7
2001-01-13-05:30,10
2001-01-13-06:30,13
2001-01-13-07:30,16
2001-01-13-08:30,17
2001-01-13-09:30,18
2001-01-13-10:30,17
2001-01-13-11:30,17
2001-01-13-12:30,15
2001-01-13-13:30,13
2001-01-13-14:30,12
2001-01-13-15:30,11
2001-01-13-16:30,10
2001-01-13-17:30,9
2001-01-13-18:30,8
2001-01-13-19:30,8
2001-01-13-20:30,7
2001-01-13-21:30,7
2001-01-13-22:30,6
2001-01-13-23:30,6
2001-01-14-00:30,5
2001-01-14-01:30,5
2001-01-14-02:30,6
2001-01-14-03:30,8
2001-01-14-04:30,11
2001-01-14-05:30,15
2001-01-14-06:30,16
2001-01-14-07:30,18
2001-01-14-08:30,18
2001-01-14-09:30,19
2001-01-14-10:30,19
2001-01-14-11:30,18
2001-01-14-12:30,15
2001-01-14-13:30,14
2001-01-14-14:30,12
2001-01-14-15:30,11
2001-01-14-16:30,11
2001-01-14-17:30,9
2001-01-14-18:30,9
2001-01-14-19:30,8
2001-01-14-20:30,7
2001-01-14-21:30,7
2001-01-14-22:30,6
2001-01-14-23:30,6
2001-01-15-00:30,6
2001-01-15-01:30,6
2001-01-15-02:30,6
2001-01-15-03:30,7
2001-01-15-04:30,8
2001-01-15-05:30,11
2001-01-15-06:30,16
2001-01-15-07:30,19
2001-01-15-08:30,19
2001-01-15-09:30,18
2001-01-15-10:30,18
2001-01-15-11:30,18
2001-01-15-12:30,16
2001-01-15-13:30,13
2001-01-15-14:30,12
2001-01-15-15:30,12
2001-01-15-16:30,10
2001-01-15-17:30,9
2001-01-15-18:30,8
2001-01-15-19:30,7
2001-01-15-20:30,4
2001-01-15-21:30,4
2001-01-15-23:30,6
2001-01-16-00:30,5
2001-01-16-01:30,5
2001-01-16-03:30,5
2001-01-16-04:30,6
2001-01-16-06:30,11
2001-01-16-07:30,13
2001-01-16-08:30,16
2001-01-16-09:30,17
2001-01-16-10:30,17
2001-01-16-11:30,17
2001-01-16-12:30,14
2001-01-16-13:30,13
2001-01-16-14:30,12
2001-01-16-15:30,10
2001-01-16-17:30,10
2001-01-16-18:30,9
2001-01-16-19:30,7
2001-01-16-20:30,7
2001-01-16-21:30,5
2001-01-16-22:30,4
2001-01-17-00:30,5
2001-01-17-01:30,5
2001-01-17-03:30,5
2001-01-17-04:30,6
2001-01-17-05:30,6
2001-01-17-06:30,8
2001-01-17-07:30,13
2001-01-17-08:30,16
2001-01-17-09:30,17
2001-01-17-10:30,18
2001-01-17-11:30,17
2001-01-17-12:30,14
2001-01-17-13:30,13
2001-01-17-14:30,12
2001-01-17-15:30,12
2001-01-17-16:30,11
2001-01-17-17:30,10
2001-01-17-18:30,10
2001-01-17-19:30,9
2001-01-17-20:30,6
2001-01-17-21:30,7
2001-01-17-22:30,7
2001-01-17-23:30,7
2001-01-18-00:30,7
2001-01-18-01:30,7
2001-01-18-02:30,7
2001-01-18-03:30,7
2001-01-18-04:30,8
2001-01-18-05:30,9
2001-01-18-06:30,11
2001-01-18-07:30,16
2001-01-18-08:30,18
2001-01-18-09:30,19
2001-01-18-10:30,19
2001-01-18-11:30,19
2001-01-18-12:30,17
2001-01-18-13:30,15
2001-01-18-14:30,14
2001-01-18-15:30,11
2001-01-18-16:30,10
2001-01-18-17:30,10
2001-01-18-18:30,8
2001-01-18-19:30,7
2001-01-18-20:30,7
2001-01-18-21:30,7
2001-01-18-22:30,6
2001-01-18-23:30,6
2001-01-19-00:30,6
2001-01-19-01:30,6
2001-01-19-02:30,7
2001-01-19-03:30,6
2001-01-19-06:30,17
2001-01-19-07:30,20
2001-01-19-08:30,20
2001-01-19-09:30,20.5
2001-01-19-10:30,21
2001-01-19-11:30,21
2001-01-19-12:30,19
2001-01-19-13:30,17
2001-01-19-14:30,16
2001-01-19-15:30,13
2001-01-19-16:30,11
2001-01-19-17:30,11
2001-01-19-18:30,10
2001-01-19-19:30,10
2001-01-19-20:30,9
2001-01-19-21:30,9
2001-01-19-22:30,8
2001-01-19-23:30,8
2001-01-20-00:30,7
2001-01-20-01:30,7
2001-01-20-02:30,7
2001-01-20-03:30,10
2001-01-20-04:30,14
2001-01-20-05:30,18
2001-01-20-06:30,21
2001-01-20-07:30,23
2001-01-20-08:30,23
2001-01-20-09:30,24
2001-01-20-10:30,23
2001-01-20-11:30,21
2001-01-20-12:30,19
2001-01-20-13:30,17
2001-01-20-14:30,17
2001-01-20-15:30,15
2001-01-20-16:30,14
2001-01-20-17:30,14
2001-01-20-18:30,13
2001-01-20-19:30,14
2001-01-20-20:30,13
2001-01-20-21:30,13
2001-01-20-22:30,12
2001-01-20-23:30,12
2001-01-21-00:30,11
2001-01-21-01:30,11
2001-01-21-02:30,11
2001-01-21-03:30,14
2001-01-21-04:30,17
2001-01-21-05:30,20
2001-01-21-06:30,21
2001-01-21-07:30,22
2001-01-21-08:30,23
2001-01-21-09:30,24
2001-01-21-10:30,23
2001-01-21-11:30,22
2001-01-21-12:30,20
2001-01-21-13:30,18
2001-01-21-14:30,17
2001-01-21-15:30,16
2001-01-21-16:30,16
2001-01-21-17:30,15
2001-01-21-18:30,14
2001-01-21-19:30,13
2001-01-21-20:30,12
2001-01-21-21:30,12
2001-01-21-22:30,12
2001-01-21-23:30,10
2001-01-22-00:30,10
2001-01-22-01:30,10
2001-01-22-02:30,10
2001-01-22-03:30,9
2001-01-22-04:30,11
2001-01-22-05:30,13
2001-01-22-06:00,13
2001-01-22-06:30,16
2001-01-22-07:30,20
2001-01-22-08:30,22
2001-01-22-09:30,23
2001-01-22-10:30,23
2001-01-22-11:30,22
2001-01-22-12:30,20
2001-01-22-13:30,20
2001-01-22-14:30,18
2001-01-22-15:30,17
2001-01-22-16:30,16
2001-01-22-17:30,15
2001-01-22-18:30,15
2001-01-22-19:30,14
2001-01-22-20:30,12
2001-01-22-21:30,11
2001-01-22-22:30,10
2001-01-22-23:30,9
2001-01-23-00:30,9
2001-01-23-01:30,8
2001-01-23-02:30,7
2001-01-23-03:30,8
2001-01-23-04:30,9
2001-01-23-05:30,10
2001-01-23-06:30,14
2001-01-23-07:21,17
2001-01-23-08:30,18
2001-01-23-09:30,19
2001-01-23-10:30,18
2001-01-23-11:30,17
2001-01-23-12:30,15
2001-01-23-13:30,14
2001-01-23-14:30,12
2001-01-23-15:30,12
2001-01-23-16:30,12
2001-01-23-17:30,11
2001-01-23-18:30,10
2001-01-23-19:30,10
2001-01-23-20:30,10
2001-01-23-21:30,9
2001-01-23-22:30,8
2001-01-23-23:30,8
2001-01-24-00:30,8
2001-01-24-02:30,7
2001-01-24-03:30,10
2001-01-24-04:30,14
2001-01-24-05:30,16
2001-01-24-06:30,18
2001-01-24-07:30,19
2001-01-24-08:30,19
2001-01-24-09:30,19
2001-01-24-10:30,19
2001-01-24-11:30,19
2001-01-24-12:30,17
2001-01-24-13:30,16
2001-01-24-14:30,14
2001-01-24-15:30,12
2001-01-24-16:30,10
2001-01-24-17:30,11
2001-01-24-18:30,10
2001-01-24-19:30,9
2001-01-24-20:30,8
2001-01-24-21:30,8
2001-01-24-22:30,8
2001-01-24-23:30,7
2001-01-25-00:30,7
2001-01-25-01:30,7
2001-01-25-02:30,7
2001-01-25-03:30,10
2001-01-25-04:30,14
2001-01-25-05:30,17
2001-01-25-06:30,18
2001-01-25-07:30,19
2001-01-25-08:30,20
2001-01-25-09:30,21
2001-01-25-10:30,21
2001-01-25-11:30,21
2001-01-25-12:30,18
2001-01-25-13:30,17
2001-01-25-14:30,16
2001-01-25-15:30,14
2001-01-25-16:30,13
2001-01-25-17:30,12
2001-01-25-18:30,10
2001-01-25-19:30,9
2001-01-25-20:30,9
2001-01-25-21:30,8
2001-01-25-22:30,7
2001-01-25-23:30,7
2001-01-26-00:30,7
2001-01-26-01:30,6
2001-01-26-02:30,7
2001-01-26-03:30,11
2001-01-26-04:30,14
2001-01-26-05:30,17
2001-01-26-06:30,19
2001-01-26-07:30,20
2001-01-26-08:30,22
2001-01-26-09:30,22
2001-01-26-10:30,22
2001-01-26-11:30,21
2001-01-26-12:30,18
2001-01-26-13:30,16
2001-01-26-14:30,15
2001-01-26-15:30,14
2001-01-26-17:30,12
2001-01-26-18:30,12
2001-01-26-19:30,11
2001-01-26-20:30,11
2001-01-26-21:30,9
2001-01-26-22:30,9
2001-01-26-23:30,8
2001-01-27-00:30,7
2001-01-27-01:30,7
2001-01-27-02:30,8
2001-01-27-03:30,11
2001-01-27-04:30,14
2001-01-27-05:30,18
2001-01-27-06:30,21
2001-01-27-07:30,22
2001-01-27-08:30,23
2001-01-27-09:30,23
2001-01-27-10:30,23
2001-01-27-11:30,22
2001-01-27-12:30,19
2001-01-27-13:30,16
2001-01-27-14:30,15
2001-01-27-15:30,14
2001-01-27-16:30,13
2001-01-27-17:30,12
2001-01-27-18:30,11
2001-01-27-19:30,10
2001-01-27-20:30,10
2001-01-27-21:30,9
2001-01-27-22:30,8
2001-01-27-23:30,8
2001-01-28-00:30,7
2001-01-28-01:30,8
2001-01-28-02:30,8
2001-01-28-03:30,11
2001-01-28-04:30,15
2001-01-28-05:30,19
2001-01-28-06:30,21
2001-01-28-07:30,23
2001-01-28-08:30,24
2001-01-28-09:30,24
2001-01-28-10:30,24
2001-01-28-11:30,23
2001-01-28-12:30,20
2001-01-28-13:30,18
2001-01-28-14:30,16
2001-01-28-15:30,15
2001-01-28-16:30,16
2001-01-28-17:30,16
2001-01-28-18:30,14
2001-01-28-19:30,12
2001-01-28-20:30,13
2001-01-28-21:30,12
2001-01-28-22:30,11
2001-01-28-23:30,11
2001-01-29-00:30,10
2001-01-29-01:30,9
2001-01-29-02:30,11
2001-01-29-03:30,14
2001-01-29-05:30,21
2001-01-29-06:30,24
2001-01-29-08:30,25
2001-01-29-09:30,27
2001-01-29-13:30,19
2001-01-29-14:30,19
2001-01-29-15:30,18
2001-01-29-16:30,18
2001-01-29-17:30,17
2001-01-29-18:30,16
2001-01-29-19:30,16
2001-01-29-20:30,16
2001-01-29-22:30,15
2001-01-30-00:30,14
2001-01-30-01:30,12
2001-01-30-02:30,13
2001-01-30-03:30,16
2001-01-30-04:30,21
2001-01-30-05:30,25
2001-01-30-06:30,26
2001-01-30-07:30,27
2001-01-30-08:30,27
2001-01-30-09:30,26
2001-01-30-10:30,26
2001-01-30-11:30,25
2001-01-30-12:30,24
2001-01-30-13:30,22
2001-01-30-14:30,21
2001-01-30-15:30,20
2001-01-30-16:30,19
2001-01-30-17:30,19
2001-01-30-18:30,19
2001-01-30-19:30,18
2001-01-30-20:30,16
2001-01-30-21:30,16
2001-01-30-22:30,15
2001-01-30-23:30,13
2001-01-31-01:30,12
2001-01-31-02:30,19.5
2001-01-31-03:30,22
2001-01-31-04:30,17
2001-01-31-05:30,20
2001-01-31-06:30,21
2001-01-31-09:30,25
2001-01-31-10:30,25
2001-01-31-11:30,24
2001-01-31-12:30,22
2001-01-31-13:30,20
2001-01-31-14:30,18
2001-01-31-15:30,17
2001-01-31-16:30,16
2001-01-31-17:30,16
2001-01-31-18:30,15
2001-01-31-19:30,13
2001-01-31-20:30,12
2001-01-31-21:30,11
2001-01-31-22:30,9
2001-01-31-23:30,8
2001-02-01-00:30,6
2001-02-01-01:30,6
2001-02-01-02:30,6
2001-02-01-03:30,8
2001-02-01-04:30,13
2001-02-01-05:30,16
2001-02-01-06:30,17
2001-02-01-07:30,19
2001-02-01-08:30,20
2001-02-01-09:30,20
2001-02-01-10:30,20
2001-02-01-11:30,19
2001-02-01-12:30,17
2001-02-01-13:30,16
2001-02-01-14:30,15
2001-02-01-15:30,13
2001-02-01-17:30,10
2001-02-01-18:30,9
2001-02-01-20:30,8
2001-02-01-23:30,7
2001-02-02-00:30,7
2001-02-02-01:30,6
2001-02-02-02:30,7
2001-02-02-03:30,9
2001-02-02-04:30,13
2001-02-02-05:30,16
2001-02-02-06:30,19
2001-02-02-07:30,19
2001-02-02-08:30,20
2001-02-02-10:30,20
2001-02-02-11:30,20
2001-02-02-12:30,17
2001-02-02-13:30,15
2001-02-02-14:30,14
2001-02-02-15:30,13
2001-02-02-16:30,12
2001-02-02-17:30,11
2001-02-02-18:30,10
2001-02-02-19:30,10
2001-02-02-20:30,9
2001-02-02-21:30,9
2001-02-02-22:30,8
2001-02-02-23:30,7
2001-02-03-00:30,6
2001-02-03-01:30,5
2001-02-03-02:30,6
2001-02-03-03:30,9
2001-02-03-04:30,13
2001-02-03-05:30,17
2001-02-03-06:30,18
2001-02-03-07:30,20
2001-02-03-08:30,21
2001-02-03-09:30,21
2001-02-03-10:30,22
2001-02-03-11:30,21
2001-02-03-12:30,18
2001-02-03-13:30,16
2001-02-03-14:30,14
2001-02-03-15:30,13
2001-02-03-16:30,12
2001-02-03-17:30,13
2001-02-03-18:30,10
2001-02-03-19:30,9
2001-02-03-20:30,9
2001-02-03-21:30,8
2001-02-03-22:30,8
2001-02-04-00:30,6
2001-02-04-01:30,7
2001-02-04-02:30,9
2001-02-04-03:30,12
2001-02-04-04:30,16
2001-02-04-05:30,19
2001-02-04-06:30,21
2001-02-04-07:30,22
2001-02-04-08:30,23
2001-02-04-09:30,22
2001-02-04-10:30,22
2001-02-04-11:30,21
2001-02-04-12:30,19
2001-02-04-13:30,16
2001-02-04-14:30,16
2001-02-04-15:30,15
2001-02-04-16:30,14
2001-02-04-17:30,13
2001-02-04-18:30,13
2001-02-04-19:30,13
2001-02-04-20:30,11
2001-02-04-21:30,11
2001-02-04-22:30,9
2001-02-04-23:30,10
2001-02-05-00:30,9
2001-02-05-01:30,8
2001-02-05-02:30,8
2001-02-05-03:30,13
2001-02-05-04:30,18
2001-02-05-05:30,13
2001-02-05-06:30,21
2001-02-05-07:30,22
2001-02-05-08:30,23
2001-02-05-09:30,23
2001-02-05-10:30,23
2001-02-05-11:30,22
2001-02-05-12:30,20
2001-02-05-13:30,19
2001-02-05-14:30,17
2001-02-05-15:30,16
2001-02-05-16:30,15
2001-02-05-17:30,15
2001-02-05-18:30,13
2001-02-05-19:30,13
2001-02-05-20:30,12
2001-02-05-21:30,11
2001-02-05-22:30,8
2001-02-05-23:30,7
2001-02-06-00:30,7
2001-02-06-01:30,6
2001-02-06-02:30,7
2001-02-06-03:30,9
2001-02-06-05:30,17
2001-02-06-06:30,20
2001-02-06-07:30,22
2001-02-06-08:30,23
2001-02-06-09:30,24
2001-02-06-10:30,23
2001-02-06-11:30,23
2001-02-06-12:30,20
2001-02-06-13:30,18
2001-02-06-14:30,18
2001-02-06-15:30,15
2001-02-06-16:30,14
2001-02-06-17:30,13
2001-02-06-18:30,12
2001-02-06-19:30,10
2001-02-06-20:30,10
2001-02-06-21:30,9
2001-02-06-22:30,8
2001-02-06-23:30,7
2001-02-07-00:30,7
2001-02-07-01:30,7
2001-02-07-02:30,8
2001-02-07-03:30,11
2001-02-07-04:30,15
2001-02-07-05:30,18
2001-02-07-06:30,20
2001-02-07-07:30,22
2001-02-07-08:30,24
2001-02-07-09:30,24
2001-02-07-10:30,24
2001-02-07-11:30,23
2001-02-07-12:30,21
2001-02-07-13:30,19
2001-02-07-14:30,17
2001-02-07-15:30,15
2001-02-07-16:30,15
2001-02-07-17:30,14
2001-02-07-18:30,14
2001-02-07-19:30,12
2001-02-07-20:30,12
2001-02-07-21:30,11
2001-02-07-22:30,10
2001-02-07-23:30,10
2001-02-08-00:30,9
2001-02-08-01:30,8
2001-02-08-02:30,9
2001-02-08-03:30,13
2001-02-08-04:30,17
2001-02-08-05:30,20
2001-02-08-06:30,22
2001-02-08-07:30,23
2001-02-08-08:30,24
2001-02-08-09:30,25
2001-02-08-10:30,24
2001-02-08-11:30,23
2001-02-08-12:30,21
2001-02-08-13:30,18
2001-02-08-14:30,17
2001-02-08-15:30,13
2001-02-08-16:30,15
2001-02-08-17:30,13
2001-02-08-18:30,12
2001-02-08-19:30,12
2001-02-08-20:30,12
2001-02-08-21:30,12
2001-02-08-22:30,11
2001-02-08-23:30,11
2001-02-09-00:30,8
2001-02-09-01:30,8
2001-02-09-02:30,11
2001-02-09-03:30,15
2001-02-09-04:30,18
2001-02-09-05:30,21
2001-02-09-07:30,24
2001-02-09-08:30,24
2001-02-09-09:30,24
2001-02-09-10:30,25
2001-02-09-11:30,24
2001-02-09-12:30,22
2001-02-09-13:30,21
2001-02-09-14:30,19
2001-02-09-15:21,18
2001-02-09-16:30,16
2001-02-09-17:30,15
2001-02-09-18:30,14
2001-02-09-19:30,13
2001-02-09-20:30,13
2001-02-09-21:30,13
2001-02-09-22:30,12
2001-02-09-23:30,11
2001-02-10-00:30,10
2001-02-10-01:30,10
2001-02-10-02:30,12
2001-02-10-03:30,16
2001-02-10-04:30,19
2001-02-10-05:30,21
2001-02-10-06:30,23
2001-02-10-07:30,24
2001-02-10-08:30,24
2001-02-10-09:30,25
2001-02-10-10:30,24
2001-02-10-11:30,24
2001-02-10-12:30,22
2001-02-10-13:30,20
2001-02-10-14:30,18
2001-02-10-15:30,17
2001-02-10-16:30,16
2001-02-10-17:30,14
2001-02-10-18:30,13
2001-02-10-19:30,12
2001-02-10-20:30,12
2001-02-10-21:30,11
2001-02-10-22:30,11
2001-02-10-23:30,10
2001-02-11-00:30,9
2001-02-11-01:30,9
2001-02-11-02:30,10
2001-02-11-03:30,13
2001-02-11-04:30,17
2001-02-11-05:30,18
2001-02-11-06:30,22
2001-02-11-07:30,23
2001-02-11-08:30,24
2001-02-11-09:30,25
2001-02-11-10:30,25
2001-02-11-11:30,24
2001-02-11-12:30,21
2001-02-11-13:30,19
2001-02-11-15:30,16
2001-02-11-16:30,14
2001-02-11-17:30,14
2001-02-11-21:30,11
2001-02-11-22:30,11
2001-02-12-00:30,10
2001-02-12-01:30,9
2001-02-12-02:30,10
2001-02-12-03:30,16
2001-02-12-04:30,22
2001-02-12-05:30,24
2001-02-12-06:30,25
2001-02-12-07:30,27
2001-02-12-09:30,28
2001-02-12-10:30,28
2001-02-12-11:30,27
2001-02-12-12:30,22
2001-02-12-13:30,23
2001-02-12-14:30,22
2001-02-12-15:30,17
2001-02-12-16:30,17
2001-02-12-17:30,15
2001-02-12-18:30,15
2001-02-12-19:30,15
2001-02-12-20:30,15
2001-02-12-21:30,13
2001-02-12-22:30,12
2001-02-12-23:30,12
2001-02-13-00:30,11
2001-02-13-01:30,10
2001-02-13-02:30,10
2001-02-13-03:30,13
2001-02-13-04:30,18
2001-02-13-05:30,23
2001-02-13-06:30,25
2001-02-13-07:30,27
2001-02-13-08:30,27
2001-02-13-09:30,28
2001-02-13-10:30,28
2001-02-13-11:30,27
2001-02-13-12:30,24
2001-02-13-13:30,22
2001-02-13-14:30,20
2001-02-13-15:30,20
2001-02-13-16:30,19
2001-02-13-17:30,20
2001-02-13-18:30,18
2001-02-13-19:30,17
2001-02-13-20:30,17
2001-02-13-21:30,17
2001-02-13-23:30,16
2001-02-14-00:30,16
2001-02-14-01:30,16
2001-02-14-02:30,17
2001-02-14-03:30,18
2001-02-14-04:30,21
2001-02-14-05:30,22
2001-02-14-06:30,23
2001-02-14-07:30,23
2001-02-14-08:30,24
2001-02-14-09:30,25
2001-02-14-10:30,25
2001-02-14-11:30,23
2001-02-14-12:30,22
2001-02-14-13:30,21
2001-02-14-14:30,20
2001-02-14-15:30,18
2001-02-14-16:30,17
2001-02-14-17:30,17
2001-02-14-18:30,16
2001-02-14-19:30,14
2001-02-14-21:30,15
2001-02-14-22:30,14
2001-02-15-00:30,13
2001-02-15-01:30,14
2001-02-15-02:30,15
2001-02-15-03:30,17
2001-02-15-04:30,19
2001-02-15-05:30,21
2001-02-15-06:30,21
2001-02-15-07:30,22
2001-02-15-08:30,21
2001-02-15-09:30,22
2001-02-15-10:30,22
2001-02-15-11:30,22
2001-02-15-12:30,21
2001-02-15-13:30,19
2001-02-15-14:30,18
2001-02-15-15:30,17
2001-02-15-16:30,15
2001-02-15-17:30,14
2001-02-15-18:30,15
2001-02-15-19:30,14
2001-02-15-20:30,14
2001-02-15-21:30,14
2001-02-15-22:30,14
2001-02-15-23:30,13
2001-02-16-00:30,12
2001-02-16-01:30,12
2001-02-16-02:30,14
2001-02-16-03:30,16
2001-02-16-04:30,21
2001-02-16-05:30,23
2001-02-16-06:30,24
2001-02-16-07:30,25
2001-02-16-08:30,26
2001-02-16-09:30,26
2001-02-16-10:30,26
2001-02-16-11:30,25
2001-02-16-12:30,24
2001-02-16-13:30,23
2001-02-16-14:30,21
2001-02-16-15:00,20
2001-02-16-15:30,19
2001-02-16-16:30,19
2001-02-16-17:30,20
2001-02-16-18:30,19
2001-02-16-19:30,19
2001-02-16-20:30,16
2001-02-16-21:30,16
2001-02-16-22:30,15
2001-02-16-23:30,15
2001-02-17-00:30,14
2001-02-17-01:30,14
2001-02-17-02:30,14
2001-02-17-03:30,16
2001-02-17-04:30,20
2001-02-17-05:30,23
2001-02-17-06:30,25
2001-02-17-07:30,26
2001-02-17-08:30,26
2001-02-17-09:30,26
2001-02-17-10:30,26
2001-02-17-11:30,25
2001-02-17-12:30,24
2001-02-17-13:30,23
2001-02-17-14:30,20
2001-02-17-15:30,21
2001-02-17-16:30,20
2001-02-17-17:30,20
2001-02-17-18:30,19
2001-02-17-19:30,17
2001-02-17-20:30,16
2001-02-17-21:30,15
2001-02-17-22:30,15
2001-02-17-23:30,14
2001-02-18-00:30,14
2001-02-18-01:30,13
2001-02-18-02:30,13
2001-02-18-03:30,15
2001-02-18-04:30,19
2001-02-18-05:30,23
2001-02-18-06:30,25
2001-02-18-07:30,26
2001-02-18-08:30,27
2001-02-18-09:30,26
2001-02-18-10:30,26
2001-02-18-11:30,26
2001-02-18-12:30,24
2001-02-18-13:30,21
2001-02-18-14:30,20
2001-02-18-15:30,18
2001-02-18-16:30,18
2001-02-18-17:30,17
2001-02-18-18:30,16
2001-02-18-19:30,15
2001-02-18-20:30,15
2001-02-18-21:30,14
2001-02-18-22:30,13
2001-02-18-23:30,13
2001-02-19-00:30,12
2001-02-19-01:30,12
2001-02-19-02:30,13
2001-02-19-03:30,15
2001-02-19-04:30,19
2001-02-19-05:30,24
2001-02-19-06:30,26
2001-02-19-07:30,27
2001-02-19-08:30,27
2001-02-19-09:30,28
2001-02-19-10:30,28
2001-02-19-11:30,27
2001-02-19-12:30,25
2001-02-19-13:30,23
2001-02-19-14:30,21
2001-02-19-15:30,19
2001-02-19-16:30,18
2001-02-19-17:30,17
2001-02-19-18:30,17
2001-02-19-19:30,16
2001-02-19-20:30,16
2001-02-19-21:30,16
2001-02-19-22:30,16
2001-02-19-23:30,15
2001-02-20-00:30,14
2001-02-20-04:30,22
2001-02-20-05:30,24
2001-02-20-06:30,26
2001-02-20-07:30,27
2001-02-20-08:30,28
2001-02-20-09:30,28
2001-02-20-10:30,28
2001-02-20-11:30,27
2001-02-20-12:30,26
2001-02-20-13:00,25
2001-02-20-13:30,24
2001-02-20-14:30,23
2001-02-20-15:30,23
2001-02-20-16:30,22
2001-02-20-17:30,22
2001-02-20-18:30,21
2001-02-20-19:30,20
2001-02-20-20:30,19
2001-02-20-21:30,19
2001-02-20-22:30,17
2001-02-20-23:30,17
2001-02-21-00:30,15
2001-02-21-01:30,15
2001-02-21-02:30,16
2001-02-21-03:30,18
2001-02-21-04:30,21
2001-02-21-05:30,23
2001-02-21-06:30,25
2001-02-21-07:30,25
2001-02-21-08:30,26
2001-02-21-09:30,26
2001-02-21-10:30,26
2001-02-21-11:30,25
2001-02-21-12:30,23
2001-02-21-13:30,22
2001-02-21-14:30,21
2001-02-21-15:30,21
2001-02-21-16:30,21
2001-02-21-17:30,20
2001-02-21-18:30,18
2001-02-21-19:30,18
2001-02-21-20:30,17
2001-02-21-21:30,17
2001-02-21-22:30,16
2001-02-21-23:30,16
2001-02-22-00:30,14
2001-02-22-01:30,13
2001-02-22-02:30,13
2001-02-22-03:30,16
2001-02-22-04:30,20
2001-02-22-05:30,22
2001-02-22-06:30,24
2001-02-22-07:30,24
2001-02-22-08:30,25
2001-02-22-09:30,26
2001-02-22-10:30,26
2001-02-22-11:30,25
2001-02-22-12:30,25
2001-02-22-13:30,22
2001-02-22-14:30,23
2001-02-22-15:30,22
2001-02-22-16:30,21
2001-02-22-17:30,19
2001-02-22-18:30,19
2001-02-22-19:30,18
2001-02-22-20:30,18
2001-02-22-21:30,19
2001-02-22-22:30,17
2001-02-22-23:30,17
2001-02-23-00:30,17
2001-02-23-01:30,17
2001-02-23-02:30,18
2001-02-23-03:30,20
2001-02-23-04:30,23
2001-02-23-05:30,26
2001-02-23-06:30,27
2001-02-23-07:30,27
2001-02-23-08:30,28
2001-02-23-09:30,29
2001-02-23-10:30,29
2001-02-23-11:30,28
2001-02-23-12:30,26
2001-02-23-13:30,25
2001-02-23-14:30,23
2001-02-23-15:30,22
2001-02-23-16:30,22
2001-02-23-17:30,22
2001-02-23-18:30,21
2001-02-23-19:30,20
2001-02-23-22:30,19
2001-02-24-00:30,19
2001-02-24-01:30,19
2001-02-24-02:30,20
2001-02-24-03:30,24
2001-02-24-04:30,26
2001-02-24-05:30,28
2001-02-24-06:30,28
2001-02-24-07:30,28
2001-02-24-08:30,25
2001-02-24-09:30,27
2001-02-24-10:30,26
2001-02-24-11:30,24
2001-02-24-12:30,22
2001-02-24-13:30,21
2001-02-24-14:30,21
2001-02-24-16:30,19
2001-02-24-17:30,18
2001-02-24-18:30,18
2001-02-24-19:30,18
2001-02-24-20:30,18
2001-02-24-21:30,17
2001-02-24-22:30,17
2001-02-24-23:30,16
2001-02-25-00:30,16
2001-02-25-01:30,16
2001-02-25-02:30,17
2001-02-25-03:30,19
2001-02-25-04:30,21
2001-02-25-05:30,23
2001-02-25-06:30,25
2001-02-25-07:30,25
2001-02-25-08:30,25
2001-02-25-09:30,26
2001-02-25-10:30,25
2001-02-25-11:30,25
2001-02-25-12:30,23
2001-02-25-13:30,22
2001-02-25-14:30,22
2001-02-25-15:30,21
2001-02-25-16:30,20
2001-02-25-17:30,20
2001-02-25-18:30,19
2001-02-25-19:30,18
2001-02-25-20:30,18
2001-02-25-21:30,16
2001-02-25-22:21,15
2001-02-25-23:30,15
2001-02-26-00:30,14
2001-02-26-01:30,14
2001-02-26-02:30,15
2001-02-26-03:30,16
2001-02-26-04:30,17
2001-02-26-05:30,21
2001-02-26-06:30,24
2001-02-26-07:30,24
2001-02-26-08:30,25
2001-02-26-09:30,26
2001-02-26-10:30,26
2001-02-26-11:30,25
2001-02-26-12:30,24
2001-02-26-13:30,22
2001-02-26-14:30,22
2001-02-26-15:30,20
2001-02-26-16:30,19
2001-02-26-17:30,17
2001-02-26-18:30,18
2001-02-26-19:30,16
2001-02-26-20:30,15
2001-02-26-21:30,15
2001-02-26-22:30,13
2001-02-26-23:30,14
2001-02-27-00:30,13
2001-02-27-01:30,13
2001-02-27-02:30,14
2001-02-27-03:30,18
2001-02-27-04:30,22
2001-02-27-05:30,24
2001-02-27-06:30,25
2001-02-27-07:30,26
2001-02-27-08:30,27
2001-02-27-09:30,27
2001-02-27-10:30,27
2001-02-27-11:30,26
2001-02-27-12:30,25
2001-02-27-16:30,19
2001-02-27-17:30,18
2001-02-28-06:30,27
2001-02-28-07:30,27
2001-02-28-08:30,27
2001-02-28-09:30,28
2001-02-28-10:30,27
2001-02-28-11:30,26
2001-02-28-12:30,25
2001-02-28-13:30,23
2001-02-28-14:30,22
2001-02-28-15:30,21
2001-02-28-16:30,20
2001-02-28-17:30,18
2001-02-28-18:30,18
2001-02-28-19:30,16
2001-02-28-20:30,16
2001-02-28-21:30,15
2001-02-28-23:30,15
2001-03-01-00:30,14
2001-03-01-01:30,14
2001-03-01-02:30,16
2001-03-01-03:30,19
2001-03-01-04:30,21
2001-03-01-05:30,22
2001-03-01-06:30,25
2001-03-01-07:30,25
2001-03-01-08:30,26
2001-03-01-09:30,26
2001-03-01-10:30,25
2001-03-01-11:30,25
2001-03-01-12:30,24
2001-03-01-13:30,21
2001-03-01-14:30,19
2001-03-01-15:30,18
2001-03-01-16:30,16
2001-03-01-17:30,16
2001-03-01-18:30,15
2001-03-01-19:30,14
2001-03-01-20:30,14
2001-03-01-21:30,13
2001-03-01-22:30,13
2001-03-02-00:30,11
2001-03-02-01:30,11
2001-03-02-02:30,11
2001-03-02-03:30,15
2001-03-02-04:30,19
2001-03-02-05:30,22
2001-03-02-06:30,24
2001-03-02-07:30,25
2001-03-02-08:30,25
2001-03-02-09:30,26
2001-03-02-10:30,26
2001-03-02-11:30,25
2001-03-02-12:30,24
2001-03-02-13:30,22
2001-03-02-14:30,20
2001-03-02-15:30,18
2001-03-02-16:30,18
2001-03-02-17:30,17
2001-03-02-18:30,16
2001-03-02-19:30,15
2001-03-02-20:30,14
2001-03-02-21:30,13
2001-03-02-22:30,13
2001-03-02-23:30,12
2001-03-03-00:30,11
2001-03-03-01:30,11
2001-03-03-02:30,13
2001-03-03-03:30,16
2001-03-03-04:30,19
2001-03-03-05:30,23
2001-03-03-06:30,25
2001-03-03-07:30,25
2001-03-03-08:30,27
2001-03-03-09:30,27
2001-03-03-10:30,27
2001-03-03-12:30,24
2001-03-03-14:30,22
2001-03-03-15:30,21
2001-03-03-16:30,20
2001-03-03-17:30,20
2001-03-03-18:30,18
2001-03-03-19:30,17
2001-03-03-20:30,15
2001-03-03-21:30,14
2001-03-03-22:30,13
2001-03-03-23:30,13
2001-03-04-00:30,12
2001-03-04-01:30,12
2001-03-04-02:30,14
2001-03-04-03:30,18
2001-03-04-04:30,21
2001-03-04-05:30,23
2001-03-04-06:30,24
2001-03-04-07:30,25
2001-03-04-08:30,25
2001-03-04-09:30,25
2001-03-04-10:30,25
2001-03-04-11:30,25
2001-03-04-12:30,24
2001-03-04-13:30,23
2001-03-04-14:30,21
2001-03-04-15:30,19
2001-03-04-16:30,17
2001-03-04-18:30,16
2001-03-04-19:30,15
2001-03-04-20:30,14
2001-03-04-21:30,13
2001-03-04-22:30,12
2001-03-05-00:30,12
2001-03-05-01:30,12
2001-03-05-02:30,14
2001-03-05-03:30,10
2001-03-05-04:30,21
2001-03-05-05:30,23
2001-03-05-06:30,25
2001-03-05-07:30,26
2001-03-05-08:30,27
2001-03-05-09:30,27
2001-03-05-10:30,27
2001-03-05-11:30,26
2001-03-05-12:30,25
2001-03-05-13:30,22
2001-03-05-14:30,21
2001-03-05-15:30,19
2001-03-05-16:30,18
2001-03-05-17:30,17
2001-03-05-18:30,17
2001-03-05-19:30,15
2001-03-05-20:30,15
2001-03-05-21:30,14
2001-03-05-22:21,13
2001-03-05-23:30,13
2001-03-06-00:30,12
2001-03-06-01:30,12
2001-03-06-02:21,13
2001-03-06-02:30,13
2001-03-06-03:30,18
2001-03-06-04:30,22
2001-03-06-05:30,24
2001-03-06-06:30,27
2001-03-06-07:30,27
2001-03-06-08:30,28
2001-03-06-09:30,29
2001-03-06-10:30,29
2001-03-06-11:30,28
2001-03-06-12:30,27
2001-03-06-13:30,24
2001-03-06-14:30,23
2001-03-06-15:30,21
2001-03-06-16:30,21
2001-03-06-17:30,21
2001-03-06-18:30,20
2001-03-06-19:30,19
2001-03-06-20:30,18
2001-03-06-21:30,17
2001-03-06-22:30,16
2001-03-06-23:30,17
2001-03-07-00:30,15
2001-03-07-01:30,16
2001-03-07-02:30,20
2001-03-07-03:30,23
2001-03-07-05:30,27
2001-03-07-06:30,29
2001-03-07-09:30,31
2001-03-07-10:30,31
2001-03-07-11:30,31
2001-03-07-12:30,29
2001-03-07-13:30,25
2001-03-07-14:30,24
2001-03-07-15:30,23
2001-03-07-16:30,22
2001-03-07-17:30,21.5
2001-03-07-18:30,21
2001-03-07-19:30,19
2001-03-07-20:30,20
2001-03-07-21:30,18
2001-03-07-22:30,17
2001-03-07-23:30,16
2001-03-08-00:30,17
2001-03-08-01:30,17
2001-03-08-02:30,18
2001-03-08-03:30,22
2001-03-08-04:30,25
2001-03-08-05:30,27
2001-03-08-06:30,29
2001-03-08-15:30,23
2001-03-08-16:30,22
2001-03-08-17:30,21
2001-03-08-18:30,19
2001-03-08-19:30,18
2001-03-08-20:30,16
2001-03-08-21:30,15
2001-03-08-22:30,15
2001-03-08-23:30,14
2001-03-09-00:30,14
2001-03-09-01:30,13
2001-03-09-02:30,16
2001-03-09-03:30,20
2001-03-09-05:30,26
2001-03-09-06:30,28
2001-03-09-08:30,29
2001-03-09-09:30,30
2001-03-09-10:30,30
2001-03-09-11:30,29
2001-03-09-15:30,25
2001-03-09-16:30,23
2001-03-09-17:30,23
2001-03-09-18:30,20
2001-03-09-19:30,20
2001-03-09-20:30,19
2001-03-09-21:30,18
2001-03-09-22:30,17
2001-03-09-23:30,16
2001-03-10-00:30,15
2001-03-10-01:30,14
2001-03-10-02:30,16
2001-03-10-03:30,18
2001-03-10-04:30,23
2001-03-10-05:30,27
2001-03-10-06:30,29
2001-03-10-07:30,30
2001-03-10-08:30,31
2001-03-10-09:30,31
2001-03-10-10:30,31
2001-03-10-11:30,30
2001-03-10-12:30,29
2001-03-10-13:30,27
2001-03-10-14:30,25
2001-03-10-15:30,23
2001-03-10-16:30,22
2001-03-10-17:30,21
2001-03-10-18:30,21
2001-03-10-19:30,20
2001-03-10-20:30,17
2001-03-10-21:30,16
2001-03-10-22:30,15
2001-03-10-23:30,15
2001-03-11-00:30,15
2001-03-11-01:30,15
2001-03-11-02:30,17
2001-03-11-04:30,25
2001-03-11-05:30,28
2001-03-11-06:30,30
2001-03-11-07:30,31
2001-03-11-08:30,31
2001-03-11-17:30,23
2001-03-11-18:30,22
2001-03-11-21:30,20
2001-03-11-22:30,19.5
2001-03-11-23:30,19
2001-03-12-00:30,19
2001-03-12-01:30,19
2001-03-12-02:30,12
2001-03-12-03:30,25
2001-03-12-04:30,28
2001-03-12-05:30,29
2001-03-12-06:30,30
2001-03-12-08:30,31
2001-03-12-09:30,33
2001-03-12-10:30,32
2001-03-12-11:30,31
2001-03-12-12:30,30
2001-03-12-13:30,27
2001-03-12-14:30,25
2001-03-12-15:30,25
2001-03-12-16:30,25
2001-03-12-17:30,23
2001-03-12-18:30,23
2001-03-12-19:30,22
2001-03-12-20:30,22
2001-03-12-21:30,22
2001-03-12-22:30,22
2001-03-12-23:30,22
2001-03-13-00:30,21
2001-03-13-01:30,22
2001-03-13-02:30,25
2001-03-13-03:30,28
2001-03-13-04:30,29
2001-03-13-05:30,31
2001-03-13-06:30,32
2001-03-13-07:30,33
2001-03-13-08:30,34
2001-03-13-09:30,33
2001-03-13-10:30,33
2001-03-13-11:30,31
2001-03-13-12:30,29
2001-03-13-13:30,28
2001-03-13-15:30,26
2001-03-13-16:00,25
2001-03-13-17:30,21
2001-03-13-18:30,24
2001-03-13-19:30,24
2001-03-13-20:30,23
2001-03-13-21:30,23
2001-03-13-22:30,23
2001-03-13-23:30,23
2001-03-14-00:30,21
2001-03-14-01:30,21
2001-03-14-02:30,22
2001-03-14-03:30,23
2001-03-14-04:30,25
2001-03-14-05:30,26
2001-03-14-06:30,27
2001-03-14-07:30,28
2001-03-14-08:30,27
2001-03-14-10:30,28
2001-03-14-11:30,27
2001-03-14-12:30,26
2001-03-14-13:30,24
2001-03-14-14:30,23
2001-03-14-15:30,22
2001-03-14-16:30,22
2001-03-14-17:30,21
2001-03-14-18:30,21
2001-03-14-19:30,20
2001-03-14-20:30,20
2001-03-14-21:30,19
2001-03-14-22:30,19
2001-03-14-23:30,19
2001-03-15-00:30,20
2001-03-15-01:30,19
2001-03-15-02:30,21
2001-03-15-03:30,24
2001-03-15-04:30,25
2001-03-15-05:30,28
2001-03-15-06:00,28
2001-03-15-06:30,29
2001-03-15-07:30,29
2001-03-15-08:30,30
2001-03-15-09:30,31
2001-03-15-10:30,32
2001-03-15-11:30,31
2001-03-15-12:30,29
2001-03-15-13:30,27
2001-03-15-14:30,26
2001-03-15-15:30,25
2001-03-15-17:30,25
2001-03-15-18:30,24
2001-03-15-19:30,23
2001-03-15-20:30,21
2001-03-15-21:30,20.5
2001-03-15-22:30,20
2001-03-15-23:30,20
2001-03-16-00:30,16
2001-03-16-01:30,15
2001-03-16-02:30,17
2001-03-16-03:30,21
2001-03-16-04:30,23
2001-03-16-06:30,28
2001-03-16-07:30,28
2001-03-16-08:30,28.5
2001-03-16-09:30,29
2001-03-16-10:30,29
2001-03-16-11:30,28
2001-03-16-12:30,27
2001-03-16-13:30,25
2001-03-16-14:30,23
2001-03-16-15:30,21
2001-03-16-16:30,21
2001-03-16-17:30,20
2001-03-16-18:30,19
2001-03-16-20:30,18
2001-03-16-21:30,17
2001-03-16-22:30,16
2001-03-16-23:30,15
2001-03-17-00:30,15
2001-03-17-01:30,15
2001-03-17-02:30,17
2001-03-17-03:30,21
2001-03-17-04:30,24
2001-03-17-05:30,27
2001-03-17-06:30,28
2001-03-17-07:30,29
2001-03-17-08:30,31
2001-03-17-09:30,31
2001-03-17-10:30,31
2001-03-17-11:30,30
2001-03-17-12:30,29
2001-03-17-13:30,27
2001-03-17-14:30,26
2001-03-17-15:30,24
2001-03-17-16:30,24
2001-03-17-17:30,23
2001-03-17-18:30,21
2001-03-17-19:30,21
2001-03-17-20:30,20
2001-03-17-21:30,19
2001-03-17-22:30,19
2001-03-17-23:30,18
2001-03-18-00:30,17
2001-03-18-01:30,17
2001-03-18-02:30,19
2001-03-18-03:30,23
2001-03-18-04:30,27
2001-03-18-05:30,29
2001-03-18-06:30,31
2001-03-18-07:30,32
2001-03-18-08:30,32
2001-03-18-09:30,32
2001-03-18-10:30,32
2001-03-18-11:30,32
2001-03-18-12:30,30
2001-03-18-13:30,29
2001-03-18-14:30,27
2001-03-18-15:30,27
2001-03-18-16:30,26
2001-03-18-17:30,14
2001-03-18-18:30,23
2001-03-18-19:30,21
2001-03-18-20:30,20
2001-03-18-21:30,20
2001-03-18-23:30,19
2001-03-19-00:30,19
2001-03-19-01:30,28.5
2001-03-19-02:30,29.75
2001-03-19-03:30,25
2001-03-19-04:30,27
2001-03-19-05:30,31
2001-03-19-06:30,33
2001-03-19-07:30,33
2001-03-19-08:30,34
2001-03-19-09:30,33
2001-03-19-10:30,33
2001-03-19-11:30,32
2001-03-19-14:30,28
2001-03-19-15:30,28
2001-03-19-16:30,27
2001-03-19-17:30,25.5
2001-03-19-18:30,24
2001-03-19-19:00,24
2001-03-19-19:30,25
2001-03-19-20:30,25
2001-03-19-21:30,24
2001-03-19-22:30,24
2001-03-19-23:30,23
2001-03-20-00:30,23
2001-03-20-01:30,24
2001-03-20-02:30,25
2001-03-20-03:30,27
2001-03-20-04:30,30
2001-03-20-05:30,31
2001-03-20-06:30,33
2001-03-20-07:30,34
2001-03-20-08:30,34
2001-03-20-09:30,34
2001-03-20-10:30,35
2001-03-20-11:30,33
2001-03-20-12:30,32
2001-03-20-13:30,30
2001-03-20-14:30,28
2001-03-20-15:30,27
2001-03-20-16:30,26
2001-03-20-17:30,25
2001-03-20-18:30,25
2001-03-20-19:30,24
2001-03-20-20:30,24
2001-03-20-21:30,23
2001-03-20-22:30,22
2001-03-20-23:30,21
2001-03-21-00:30,20
2001-03-21-01:30,20
2001-03-21-03:30,24
2001-03-21-04:30,26
2001-03-21-05:30,25
2001-03-21-06:30,27
2001-03-21-07:30,28
2001-03-21-08:30,29
2001-03-21-09:30,30
2001-03-21-10:30,30
2001-03-21-11:30,29
2001-03-21-12:30,27
2001-03-21-13:30,26
2001-03-21-14:30,25
2001-03-21-16:30,23
2001-03-21-17:30,23
2001-03-21-18:30,22
2001-03-21-19:30,21
2001-03-21-20:30,20
2001-03-21-21:30,20
2001-03-21-22:00,20
2001-03-21-22:30,19
2001-03-21-23:30,18
2001-03-22-01:30,17
2001-03-22-02:30,19
2001-03-22-03:30,22
2001-03-22-04:30,25
2001-03-22-05:30,27
2001-03-22-06:30,29
2001-03-22-07:30,29
2001-03-22-08:30,30
2001-03-22-09:30,29
2001-03-22-10:30,30
2001-03-22-11:30,29
2001-03-22-12:30,29
2001-03-22-13:30,28
2001-03-22-14:30,27
2001-03-22-15:00,26
2001-03-22-15:30,26
2001-03-22-16:30,25
2001-03-22-17:30,24
2001-03-22-18:30,23
2001-03-22-19:30,22
2001-03-22-20:30,21
2001-03-22-21:30,20
2001-03-22-22:30,19
2001-03-23-01:30,17
2001-03-23-02:30,19
2001-03-23-03:30,21
2001-03-23-04:30,25
2001-03-23-05:30,27
2001-03-23-06:30,30
2001-03-23-07:30,31
2001-03-23-08:30,31
2001-03-23-09:30,32
2001-03-23-17:30,23
2001-03-23-19:30,21
2001-03-23-20:30,21
2001-03-23-21:30,21
2001-03-23-22:30,18
2001-03-23-23:30,16
2001-03-24-00:30,15
2001-03-24-01:30,16
2001-03-24-02:30,18
2001-03-24-03:30,22
2001-03-24-04:30,25
2001-03-24-05:30,28
2001-03-24-06:30,29
2001-03-24-07:30,29
2001-03-24-08:30,29
2001-03-24-09:30,29
2001-03-24-10:30,28
2001-03-24-11:30,28
2001-03-24-12:30,29
2001-03-24-13:30,25
2001-03-24-14:30,23.5
2001-03-24-15:30,22
2001-03-24-16:30,21
2001-03-24-17:30,21
2001-03-24-18:30,19
2001-03-24-19:30,19
2001-03-24-20:30,18
2001-03-24-21:30,18
2001-03-24-22:30,18
2001-03-24-23:30,19
2001-03-25-00:30,17
2001-03-25-01:30,17
2001-03-25-02:30,19
2001-03-25-03:30,22
2001-03-25-04:30,25
2001-03-25-05:30,28
2001-03-25-06:30,30
2001-03-25-07:30,32
2001-03-25-08:30,32
2001-03-25-09:30,32
2001-03-25-10:30,33
2001-03-25-11:30,32
2001-03-25-12:30,31
2001-03-25-13:30,29
2001-03-25-14:30,29
2001-03-25-15:30,28
2001-03-25-16:30,26
2001-03-25-17:30,26
2001-03-25-20:30,21
2001-03-25-21:30,20
2001-03-25-22:21,19
2001-03-25-23:30,19
2001-03-26-00:30,18
2001-03-26-01:30,18
2001-03-26-02:30,20
2001-03-26-03:30,24
2001-03-26-04:30,27
2001-03-26-05:30,29
2001-03-26-07:30,32
2001-03-26-08:30,33
2001-03-26-09:30,32.5
2001-03-26-10:30,32
2001-03-26-11:21,33
2001-03-26-12:30,31
2001-03-26-13:30,30
2001-03-26-14:30,28
2001-03-26-15:30,28
2001-03-26-16:30,26
2001-03-26-17:30,26
2001-03-26-18:30,23
2001-03-26-19:30,22
2001-03-26-20:30,21
2001-03-26-21:30,20
2001-03-26-22:30,20
2001-03-26-23:30,19
2001-03-27-01:30,19
2001-03-27-02:30,22
2001-03-27-03:30,25
2001-03-27-04:30,28
2001-03-27-05:30,30
2001-03-27-06:30,32
2001-03-27-07:30,33
2001-03-27-08:30,34
2001-03-27-09:30,35
2001-03-27-10:30,34.5
2001-03-27-11:30,34
2001-03-27-12:30,33
2001-03-27-13:30,32
2001-03-27-13:38,32
2001-03-27-14:30,30
2001-03-27-15:30,28
2001-03-27-16:30,29
2001-03-27-17:30,27
2001-03-27-18:30,26
2001-03-27-19:30,26
2001-03-27-20:30,26
2001-03-27-22:30,25
2001-03-27-23:30,24
2001-03-28-00:30,23
2001-03-28-01:30,24
2001-03-28-02:30,27
2001-03-28-03:30,29
2001-03-28-04:30,30
2001-03-28-05:30,31
2001-03-28-06:30,32
2001-03-28-07:30,32
2001-03-28-08:30,32
2001-03-28-09:30,34
2001-03-28-10:30,34
2001-03-28-11:30,32
2001-03-28-12:30,31
2001-03-28-13:30,29
2001-03-28-14:30,28
2001-03-28-15:30,27
2001-03-28-16:30,26
2001-03-28-17:30,23
2001-03-28-18:30,22.5
2001-03-28-20:30,22
2001-03-28-21:30,22
2001-03-28-22:30,21
2001-03-28-23:30,20
2001-03-29-00:30,21
2001-03-29-01:30,21
2001-03-29-02:30,23
2001-03-29-05:30,31
2001-03-29-06:30,31
2001-03-29-07:30,32
2001-03-29-08:30,33
2001-03-29-09:30,32
2001-03-29-10:30,33
2001-03-29-11:30,32
2001-03-29-12:30,31
2001-03-29-13:30,30
2001-03-29-14:30,28
2001-03-29-15:30,26
2001-03-29-16:30,26
2001-03-29-17:30,25
2001-03-29-18:30,24
2001-03-29-19:30,23
2001-03-29-20:30,22
2001-03-29-21:00,22
2001-03-29-21:30,22
2001-03-29-22:30,21
2001-03-30-00:30,18
2001-03-30-01:30,19
2001-03-30-03:30,17
2001-03-30-04:30,18
2001-03-30-05:30,18
2001-03-30-06:30,21
2001-03-30-07:30,24
2001-03-30-08:30,25
2001-03-30-09:30,26
2001-03-30-10:30,27
2001-03-30-11:30,26
2001-03-30-12:30,24
2001-03-30-13:30,22
2001-03-30-14:30,21
2001-03-30-15:30,20.5
2001-03-30-16:30,20
2001-03-30-17:30,19
2001-03-30-18:30,19
2001-03-30-19:30,18
2001-03-30-20:30,18
2001-03-30-21:30,18
2001-03-30-22:30,18
2001-03-30-23:30,17.5
2001-03-31-00:30,17
2001-03-31-01:30,16
2001-03-31-02:30,18
2001-03-31-04:30,25
2001-03-31-05:30,27
2001-03-31-06:30,28
2001-03-31-07:30,29
2001-03-31-08:30,30
2001-03-31-09:30,30
2001-03-31-10:30,29
2001-03-31-11:30,28
2001-03-31-12:30,27
2001-03-31-13:30,26
2001-03-31-14:30,25
2001-03-31-15:30,24
2001-03-31-16:30,23
2001-03-31-17:30,22
2001-03-31-18:30,22
2001-03-31-19:30,22
2001-03-31-20:30,21.5
2001-03-31-21:30,21
2001-03-31-22:30,21
2001-03-31-23:30,19
2001-04-01-00:30,18
2001-04-01-01:30,18
2001-04-01-02:30,20
2001-04-01-03:30,23
2001-04-01-04:30,25
2001-04-01-05:30,28
2001-04-01-06:30,28
2001-04-01-07:30,29
2001-04-01-08:30,29
2001-04-01-09:30,29
2001-04-01-10:30,29
2001-04-01-11:30,29
2001-04-01-12:30,28
2001-04-01-13:30,27
2001-04-01-14:30,26
2001-04-01-15:30,26
2001-04-01-16:30,25
2001-04-01-17:30,23
2001-04-01-18:30,22
2001-04-01-19:30,21
2001-04-01-20:30,20
2001-04-01-21:30,19
2001-04-01-22:30,18
2001-04-01-23:30,18
2001-04-02-00:30,18
2001-04-02-01:30,18
2001-04-02-02:30,20
2001-04-02-03:30,23
2001-04-02-04:30,27
2001-04-02-05:30,29
2001-04-02-06:30,30
2001-04-02-07:30,31
2001-04-02-08:30,31
2001-04-02-09:30,31
2001-04-02-10:30,32
2001-04-02-11:30,31
2001-04-02-12:30,30
2001-04-02-13:30,29
2001-04-02-14:30,28
2001-04-02-15:30,27
2001-04-02-16:30,25
2001-04-02-17:30,25
2001-04-02-18:30,24
2001-04-02-20:30,22
2001-04-02-21:30,21
2001-04-02-22:30,20
2001-04-02-23:30,19
2001-04-03-00:30,19
2001-04-03-01:30,20
2001-04-03-02:30,24
2001-04-03-03:30,26
2001-04-03-04:30,29
2001-04-03-05:30,32
2001-04-03-06:30,33
2001-04-03-07:30,34
2001-04-03-08:30,34
2001-04-03-09:30,35
2001-04-03-10:30,35
2001-04-03-11:30,35
2001-04-03-12:30,33
2001-04-03-13:30,30
2001-04-03-14:30,29
2001-04-03-15:30,28
2001-04-03-16:30,26
2001-04-03-17:30,25
2001-04-03-18:30,25
2001-04-03-19:30,24
2001-04-03-20:30,23
2001-04-03-22:30,22.5
2001-04-03-23:30,22
2001-04-04-00:30,23
2001-04-04-01:30,23
2001-04-04-02:30,25
2001-04-04-03:30,27
2001-04-04-05:30,32
2001-04-04-06:30,31
2001-04-04-07:30,32
2001-04-04-08:30,25
2001-04-04-09:30,35
2001-04-04-10:30,35
2001-04-04-11:30,34
2001-04-04-12:30,33
2001-04-04-13:30,32
2001-04-04-14:30,29
2001-04-04-15:30,29
2001-04-04-16:30,28
2001-04-04-17:30,26
2001-04-04-18:30,25
2001-04-04-19:30,25
2001-04-04-20:30,25
2001-04-04-21:30,24
2001-04-04-22:30,24
2001-04-04-23:30,24
2001-04-05-00:30,25
2001-04-05-01:30,25
2001-04-05-02:30,24
2001-04-05-03:30,29
2001-04-05-04:30,29
2001-04-05-05:30,31
2001-04-05-06:30,34
2001-04-05-07:30,35
2001-04-05-08:30,35
2001-04-05-09:30,36
2001-04-05-10:30,35
2001-04-05-11:30,34
2001-04-05-12:21,32
2001-04-05-13:30,25
2001-04-05-14:30,26
2001-04-05-15:30,26
2001-04-05-16:30,26
2001-04-05-17:30,25
2001-04-05-18:30,28
2001-04-05-19:30,25
2001-04-05-20:30,23
2001-04-05-21:30,22
2001-04-05-22:30,22
2001-04-05-23:30,21
2001-04-06-00:30,21
2001-04-06-01:30,20
2001-04-06-02:30,23
2001-04-06-03:30,26
2001-04-06-04:30,28
2001-04-06-05:30,30
2001-04-06-06:30,31
2001-04-06-08:30,34
2001-04-06-09:30,34
2001-04-06-10:30,34
2001-04-06-11:30,34
2001-04-06-12:30,33
2001-04-06-13:30,31
2001-04-06-14:30,31
2001-04-06-15:30,29
2001-04-06-16:30,28
2001-04-06-17:30,25
2001-04-06-18:30,24.5
2001-04-06-19:30,24
2001-04-06-20:30,23
2001-04-06-21:30,22
2001-04-06-22:30,21
2001-04-06-23:30,20
2001-04-07-00:30,19
2001-04-07-01:30,19
2001-04-07-02:21,21
2001-04-07-03:30,26
2001-04-07-04:30,30
2001-04-07-05:30,32.5
2001-04-07-06:30,35
2001-04-07-07:30,37
2001-04-07-08:30,37
2001-04-07-09:30,37
2001-04-07-10:30,37
2001-04-07-11:30,36
2001-04-07-12:30,35
2001-04-07-13:30,33
2001-04-07-14:30,32
2001-04-07-15:30,30.5
2001-04-07-16:30,29
2001-04-07-17:30,27
2001-04-07-18:30,26
2001-04-07-18:38,22
2001-04-07-19:30,26
2001-04-07-20:30,25
2001-04-07-21:30,24
2001-04-07-22:30,24
2001-04-07-23:30,23
2001-04-08-00:30,21
2001-04-08-01:30,22
2001-04-08-02:30,26
2001-04-08-03:30,29
2001-04-08-04:30,32
2001-04-08-05:30,35
2001-04-08-06:30,36
2001-04-08-07:30,38
2001-04-08-08:30,39
2001-04-08-09:30,38
2001-04-08-10:30,39
2001-04-08-11:30,38
2001-04-08-12:30,36.5
2001-04-08-13:30,35
2001-04-08-14:30,32
2001-04-08-15:30,31
2001-04-08-16:30,30
2001-04-08-17:30,29
2001-04-08-18:30,28
2001-04-08-20:30,26
2001-04-08-21:30,27
2001-04-08-22:30,29
2001-04-08-23:30,27
2001-04-09-00:30,25
2001-04-09-01:30,26
2001-04-09-02:30,29
2001-04-09-03:30,32
2001-04-09-04:20,34
2001-04-09-04:21,34
2001-04-09-05:00,37
2001-04-09-05:30,37
2001-04-09-07:30,39
2001-04-09-08:30,40
2001-04-09-09:30,40
2001-04-09-10:30,40
2001-04-09-11:30,40
2001-04-09-12:30,39
2001-04-09-13:30,36
2001-04-09-14:30,34
2001-04-09-15:30,32
2001-04-09-16:30,31
2001-04-09-17:30,30
2001-04-09-20:30,29
2001-04-09-21:30,27.5
2001-04-09-22:30,26
2001-04-09-23:30,26
2001-04-10-00:30,26
2001-04-10-01:30,26
2001-04-10-02:30,30
2001-04-10-03:30,33
2001-04-10-04:30,34.5
2001-04-10-05:30,36
2001-04-10-06:30,38
2001-04-10-07:30,39
2001-04-10-08:30,39
2001-04-10-09:30,40
2001-04-10-10:30,40
2001-04-10-11:30,39
2001-04-10-12:30,37
2001-04-10-13:30,36
2001-04-10-14:30,34
2001-04-10-15:30,34
2001-04-10-16:30,33
2001-04-10-17:30,31
2001-04-10-18:30,30
2001-04-10-19:30,30
2001-04-10-20:30,29
2001-04-10-21:30,29
2001-04-10-23:30,28
2001-04-11-00:30,26
2001-04-11-01:30,26
2001-04-11-02:30,29
2001-04-11-03:30,33
2001-04-11-04:30,35
2001-04-11-05:30,37
2001-04-11-06:30,37
2001-04-11-07:30,39
2001-04-11-08:30,38
2001-04-11-09:30,39
2001-04-11-10:30,38
2001-04-11-11:30,38
2001-04-11-12:30,36.5
2001-04-11-13:30,35
2001-04-11-14:30,33
2001-04-11-15:30,33
2001-04-11-16:30,32
2001-04-11-17:30,32
2001-04-11-18:30,30
2001-04-11-19:30,31
2001-04-11-20:30,30
2001-04-11-21:30,29
2001-04-11-22:30,29
2001-04-12-00:30,28
2001-04-12-02:30,29
2001-04-12-03:30,28
2001-04-12-04:30,29
2001-04-12-05:30,32
2001-04-12-06:30,34
2001-04-12-07:30,35
2001-04-12-08:30,36
2001-04-12-09:30,35
2001-04-12-10:30,36
2001-04-12-11:30,36
2001-04-12-12:30,34
2001-04-12-13:30,33
2001-04-12-14:30,25
2001-04-12-15:30,25
2001-04-12-16:30,25
2001-04-12-17:30,25
2001-04-12-18:30,25
2001-04-12-19:30,26
2001-04-12-20:30,25
2001-04-12-21:30,23
2001-04-12-22:30,22
2001-04-12-23:30,23
2001-04-13-00:30,23
2001-04-13-01:30,24
2001-04-13-02:30,27
2001-04-13-03:30,29
2001-04-13-04:30,31
2001-04-13-05:30,31
2001-04-13-06:30,32
2001-04-13-07:30,33
2001-04-13-08:30,34
2001-04-13-09:30,34
2001-04-13-10:30,34
2001-04-13-11:30,30
2001-04-13-12:30,30
2001-04-13-13:30,29
2001-04-13-14:30,28
2001-04-13-15:30,27
2001-04-13-16:30,26
2001-04-13-19:30,25
2001-04-13-20:30,25
2001-04-13-21:30,25
2001-04-13-22:30,23
2001-04-13-23:30,23
2001-04-14-00:30,23
2001-04-14-01:30,24
2001-04-14-02:30,25
2001-04-14-03:30,27
2001-04-14-04:30,29
2001-04-14-05:30,30
2001-04-14-06:30,32
2001-04-14-07:30,33
2001-04-14-08:30,34
2001-04-14-09:30,34
2001-04-14-11:30,34
2001-04-14-12:30,33
2001-04-14-13:30,32
2001-04-14-14:30,31
2001-04-14-15:30,29
2001-04-14-16:30,27
2001-04-14-17:30,26
2001-04-14-21:30,22
2001-04-14-22:30,23
2001-04-14-23:30,22
2001-04-15-00:30,22
2001-04-15-01:30,22
2001-04-15-02:30,23
2001-04-15-04:30,28
2001-04-15-05:30,30
2001-04-15-06:30,30
2001-04-15-07:30,31
2001-04-15-08:30,32
2001-04-15-09:30,32
2001-04-15-10:30,32
2001-04-15-11:30,32
2001-04-15-12:30,30
2001-04-15-13:30,29
2001-04-15-14:30,28
2001-04-15-15:30,27
2001-04-15-16:30,26
2001-04-15-17:30,26
2001-04-15-18:30,26
2001-04-15-19:30,25
2001-04-15-20:30,24
2001-04-15-21:30,24
2001-04-15-22:30,24
2001-04-16-00:30,24
2001-04-16-01:30,23
2001-04-16-02:30,25
2001-04-16-03:30,27
2001-04-16-04:30,29
2001-04-16-05:30,30
2001-04-16-06:30,31
2001-04-16-07:30,32
2001-04-16-08:30,32
2001-04-16-09:30,33
2001-04-16-10:30,34
2001-04-16-11:30,34
2001-04-16-12:30,33
2001-04-16-13:30,31
2001-04-16-14:30,30
2001-04-16-15:30,29
2001-04-16-16:30,26
2001-04-16-17:30,22
2001-04-16-18:30,21
2001-04-16-19:30,22
2001-04-16-20:30,21
2001-04-16-21:30,21
2001-04-16-22:30,21
2001-04-17-00:30,21
2001-04-17-01:30,21
2001-04-17-02:30,22
2001-04-17-03:30,25
2001-04-17-04:30,26
2001-04-17-05:30,27
2001-04-17-06:30,27
2001-04-17-08:30,30
2001-04-17-09:30,31
2001-04-17-10:30,30
2001-04-17-11:30,30
2001-04-17-12:30,21
2001-04-17-13:30,20
2001-04-17-14:30,21
2001-04-17-15:30,21
2001-04-17-16:30,21
2001-04-17-17:30,20
2001-04-17-18:30,20
2001-04-17-19:30,20
2001-04-17-20:30,19
2001-04-17-21:30,19
2001-04-17-22:30,19
2001-04-17-23:30,19
2001-04-18-00:30,19
2001-04-18-01:30,20
2001-04-18-02:30,22
2001-04-18-03:30,24
2001-04-18-04:30,26
2001-04-18-05:30,27
2001-04-18-06:30,28
2001-04-18-07:30,29
2001-04-18-08:30,30
2001-04-18-09:30,30
2001-04-18-10:30,30
2001-04-18-11:30,26
2001-04-18-12:30,24
2001-04-18-13:30,24
2001-04-18-14:30,24
2001-04-18-15:30,23
2001-04-18-16:30,23
2001-04-18-17:30,23
2001-04-18-18:30,22
2001-04-18-19:30,22
2001-04-18-20:30,21
2001-04-18-21:30,21
2001-04-18-22:30,21
2001-04-18-23:30,21
2001-04-19-00:30,20
2001-04-19-01:30,21
2001-04-19-02:30,25
2001-04-19-03:30,27
2001-04-19-04:30,28
2001-04-19-05:30,30
2001-04-19-06:30,31
2001-04-19-07:30,24
2001-04-19-08:30,25
2001-04-19-09:30,27
2001-04-19-10:30,27
2001-04-19-11:30,26
2001-04-19-12:30,26
2001-04-19-13:30,25
2001-04-19-14:30,25
2001-04-19-15:30,24
2001-04-19-16:30,24
2001-04-19-17:30,23
2001-04-19-18:30,22
2001-04-19-19:30,22
2001-04-19-20:30,20
2001-04-19-21:30,20
2001-04-19-22:30,20
2001-04-19-23:30,19
2001-04-20-00:30,18
2001-04-20-01:30,18
2001-04-20-02:30,19
2001-04-20-03:30,22
2001-04-20-04:30,24
2001-04-20-05:30,26
2001-04-20-06:30,27
2001-04-20-07:30,29
2001-04-20-08:30,29
2001-04-20-09:30,31
2001-04-20-10:30,31
2001-04-20-11:30,31
2001-04-20-12:30,30
2001-04-20-13:30,29
2001-04-20-14:30,28
2001-04-20-15:30,26
2001-04-20-16:30,25
2001-04-20-17:30,25
2001-04-20-18:30,24
2001-04-20-19:30,23
2001-04-20-20:30,22
2001-04-20-21:30,21
2001-04-20-22:30,21
2001-04-20-23:30,21
2001-04-21-00:30,20
2001-04-21-01:30,20
2001-04-21-02:30,23
2001-04-21-04:21,27
2001-04-21-05:30,29
2001-04-21-06:30,31
2001-04-21-07:30,32
2001-04-21-08:30,33
2001-04-21-09:30,34
2001-04-21-10:30,34
2001-04-21-11:30,34
2001-04-21-12:30,33
2001-04-21-13:30,31
2001-04-21-14:30,29
2001-04-21-15:30,28
2001-04-21-16:30,27
2001-04-21-17:30,26
2001-04-21-18:30,26
2001-04-21-19:30,25
2001-04-21-20:30,24
2001-04-21-21:30,24
2001-04-21-22:30,23
2001-04-21-23:30,22
2001-04-22-00:30,22
2001-04-22-01:30,23
2001-04-22-02:30,26
2001-04-22-03:30,30
2001-04-22-04:30,32
2001-04-22-05:30,34
2001-04-22-06:30,35
2001-04-22-07:30,35
2001-04-22-08:30,36
2001-04-22-09:30,37
2001-04-22-10:30,37
2001-04-22-11:30,37
2001-04-22-12:30,37
2001-04-22-13:30,35
2001-04-22-14:30,33
2001-04-22-15:30,31
2001-04-22-16:30,30
2001-04-22-17:30,27
2001-04-22-18:30,27
2001-04-22-19:30,25
2001-04-22-20:30,25
2001-04-22-21:30,24
2001-04-22-22:30,24
2001-04-22-23:30,24
2001-04-23-00:30,24
2001-04-23-01:30,25
2001-04-23-02:30,29
2001-04-23-03:30,31
2001-04-23-04:30,35
2001-04-23-05:30,37
2001-04-23-06:30,38
2001-04-23-07:30,39
2001-04-23-08:30,39
2001-04-23-09:30,40
2001-04-23-10:30,40
2001-04-23-11:30,39
2001-04-23-12:30,38
2001-04-23-13:30,35
2001-04-23-14:30,33
2001-04-23-15:30,31
2001-04-23-16:30,30
2001-04-23-17:30,30
2001-04-23-18:30,30
2001-04-23-19:30,28
2001-04-23-20:30,28
2001-04-23-22:30,27
2001-04-23-23:30,25
2001-04-24-00:30,25
2001-04-24-01:30,26
2001-04-24-02:30,30
2001-04-24-03:30,32
2001-04-24-04:30,32
2001-04-24-05:30,36
2001-04-24-06:30,38
2001-04-24-07:30,40
2001-04-24-08:30,41
2001-04-24-09:30,41
2001-04-24-10:30,41
2001-04-24-11:30,41
2001-04-24-12:30,39
2001-04-24-13:30,39
2001-04-24-14:30,37
2001-04-24-15:30,34
2001-04-24-16:30,32
2001-04-24-17:30,31
2001-04-24-18:30,31
2001-04-24-19:30,30
2001-04-24-20:30,28
2001-04-24-21:30,27
2001-04-24-22:30,26
2001-04-24-23:30,26
2001-04-25-00:30,25
2001-04-25-01:30,27
2001-04-25-02:30,31
2001-04-25-03:30,34
2001-04-25-04:30,37
2001-04-25-05:30,39
2001-04-25-06:30,40
2001-04-25-07:30,40
2001-04-25-08:30,41
2001-04-25-09:30,41
2001-04-25-10:30,41
2001-04-25-11:30,40
2001-04-25-12:30,39
2001-04-25-13:30,38
2001-04-25-14:30,38
2001-04-25-15:30,36
2001-04-25-16:30,34
2001-04-25-17:30,33.5
2001-04-25-18:30,33
2001-04-25-19:30,32
2001-04-25-20:30,31
2001-04-25-22:30,28
2001-04-25-23:30,26
2001-04-26-00:30,26
2001-04-26-01:30,26
2001-04-26-02:30,29
2001-04-26-03:30,32
2001-04-26-04:30,36
2001-04-26-05:30,38
2001-04-26-06:30,40
2001-04-26-07:30,40
2001-04-26-08:30,42
2001-04-26-09:30,42
2001-04-26-10:30,42
2001-04-26-11:30,41
2001-04-26-12:30,41
2001-04-26-13:30,39
2001-04-26-14:30,37
2001-04-26-15:30,35
2001-04-26-16:30,35
2001-04-26-17:30,34
2001-04-26-18:30,33
2001-04-26-19:30,32
2001-04-26-20:30,31
2001-04-26-21:30,31
2001-04-26-22:30,30
2001-04-26-23:30,31
2001-04-27-00:30,30
2001-04-27-01:30,30
2001-04-27-02:30,32
2001-04-27-03:30,35
2001-04-27-04:30,37
2001-04-27-05:30,39
2001-04-27-06:30,40
2001-04-27-07:30,41
2001-04-27-08:30,42
2001-04-27-09:30,42
2001-04-27-10:30,42
2001-04-27-11:30,42
2001-04-27-12:30,41
2001-04-27-13:30,39
2001-04-27-14:30,37
2001-04-27-15:30,36
2001-04-27-16:30,36
2001-04-27-17:30,34
2001-04-27-18:30,34
2001-04-27-19:30,33
2001-04-27-20:30,31
2001-04-27-21:30,30
2001-04-27-22:30,29
2001-04-27-23:30,29
2001-04-28-00:30,29
2001-04-28-01:30,28
2001-04-28-02:30,32
2001-04-28-03:30,36
2001-04-28-04:30,38
2001-04-28-05:30,38
2001-04-28-06:30,40
2001-04-28-08:30,42
2001-04-28-09:30,42
2001-04-28-10:30,42
2001-04-28-11:30,42
2001-04-28-12:30,41
2001-04-28-13:30,40
2001-04-28-14:30,38
2001-04-28-15:30,38
2001-04-28-16:30,37
2001-04-28-17:30,37
2001-04-28-18:30,33
2001-04-28-19:30,33
2001-04-28-20:30,32
2001-04-28-21:30,31
2001-04-28-22:30,30
2001-04-28-23:30,29
2001-04-29-00:30,29
2001-04-29-01:30,29
2001-04-29-02:30,32
2001-04-29-03:30,34
2001-04-29-04:30,36
2001-04-29-05:30,38
2001-04-29-06:30,39
2001-04-29-07:30,41
2001-04-29-08:30,42
2001-04-29-11:30,42
2001-04-29-12:30,41
2001-04-29-13:30,40
2001-04-29-14:30,38
2001-04-29-15:30,36
2001-04-29-16:30,35
2001-04-29-17:30,33
2001-04-29-18:30,33
2001-04-29-19:30,31
2001-04-29-20:30,31
2001-04-29-21:30,29
2001-04-29-22:30,29
2001-04-30-00:30,29
2001-04-30-01:30,29
2001-04-30-02:30,31
2001-04-30-03:30,34
2001-04-30-04:30,38
2001-04-30-06:30,41
2001-04-30-10:30,43
2001-04-30-11:30,43
2001-04-30-12:30,42
2001-04-30-13:30,41
2001-04-30-14:30,38
2001-04-30-15:30,36
2001-04-30-16:30,34
2001-04-30-17:30,33
2001-04-30-18:30,32
2001-04-30-19:30,32
2001-04-30-20:30,32
2001-04-30-21:30,31
2001-04-30-22:30,30
2001-04-30-23:30,29
2001-05-01-00:30,29
2001-05-01-01:30,31
2001-05-01-02:30,33
2001-05-01-03:30,35
2001-05-01-04:30,36
2001-05-01-05:30,38
2001-05-01-06:30,40
2001-05-01-07:30,42
2001-05-01-08:30,41
2001-05-01-09:30,26
2001-05-01-14:30,31
2001-05-01-15:30,31
2001-05-01-16:30,29
2001-05-01-17:30,29
2001-05-01-18:30,29
2001-05-01-19:30,28
2001-05-01-20:30,27
2001-05-01-21:30,27
2001-05-01-23:30,26
2001-05-02-00:30,26
2001-05-02-01:30,27
2001-05-02-02:30,30
2001-05-02-03:30,33
2001-05-02-04:30,36
2001-05-02-05:30,38
2001-05-02-07:30,39
2001-05-02-08:30,40
2001-05-02-09:30,40
2001-05-02-10:30,41
2001-05-02-11:30,41
2001-05-02-12:30,40
2001-05-02-13:30,38
2001-05-02-14:30,35
2001-05-02-15:30,36
2001-05-02-16:30,34
2001-05-02-17:30,33
2001-05-02-18:30,32
2001-05-02-19:30,31
2001-05-02-20:30,31
2001-05-02-21:30,31
2001-05-02-22:30,31
2001-05-02-23:30,31
2001-05-03-00:30,31
2001-05-03-01:30,31
2001-05-03-02:30,33
2001-05-03-03:30,35
2001-05-03-04:30,36
2001-05-03-05:30,37
2001-05-03-06:30,38
2001-05-03-08:30,32
2001-05-03-09:30,33
2001-05-03-10:30,35
2001-05-03-11:30,35
2001-05-03-12:30,35
2001-05-03-13:30,33
2001-05-03-15:30,29
2001-05-03-16:30,29
2001-05-03-17:30,27
2001-05-03-18:30,27
2001-05-03-19:30,27
2001-05-03-20:30,27
2001-05-03-21:30,27
2001-05-03-22:30,26
2001-05-03-23:30,26
2001-05-04-00:30,26
2001-05-04-01:30,27
2001-05-04-02:30,30
2001-05-04-03:30,32
2001-05-04-04:30,34
2001-05-04-05:30,36
2001-05-04-06:30,37
2001-05-04-10:30,39
2001-05-04-11:30,39
2001-05-04-12:30,38
2001-05-04-13:30,36
2001-05-04-14:30,34
2001-05-04-15:30,33
2001-05-04-16:30,32
2001-05-04-17:30,31
2001-05-04-18:30,30
2001-05-04-19:30,29
2001-05-04-20:30,30
2001-05-04-21:30,29
2001-05-04-22:21,29
2001-05-04-23:30,28
2001-05-05-00:30,27
2001-05-05-01:30,27
2001-05-05-02:30,29
2001-05-05-03:30,31
2001-05-05-04:30,33
2001-05-05-05:30,36
2001-05-05-06:30,38
2001-05-05-07:30,39
2001-05-05-08:30,41
2001-05-05-09:30,42
2001-05-05-10:30,42
2001-05-05-11:30,42
2001-05-05-12:30,40
2001-05-05-13:30,38
2001-05-05-14:30,36
2001-05-05-15:30,35
2001-05-05-16:30,33
2001-05-05-17:30,33
2001-05-05-18:30,32
2001-05-05-19:30,32
2001-05-05-20:30,31
2001-05-05-21:30,31
2001-05-05-22:30,31
2001-05-05-23:30,30
2001-05-06-00:30,30
2001-05-06-01:30,30
2001-05-06-02:30,31
2001-05-06-03:30,33
2001-05-06-04:30,35
2001-05-06-05:30,38
2001-05-06-06:30,40
2001-05-06-07:30,40
2001-05-06-08:30,43
2001-05-06-09:30,43
2001-05-06-10:30,43
2001-05-06-11:30,41
2001-05-06-12:30,40
2001-05-06-13:30,39
2001-05-06-14:30,39
2001-05-06-15:30,37
2001-05-06-16:30,36
2001-05-06-17:30,35
2001-05-06-18:30,34
2001-05-06-19:30,33
2001-05-06-20:30,32
2001-05-06-21:30,32
2001-05-06-22:30,31
2001-05-06-23:30,31
2001-05-07-00:30,30
2001-05-07-01:30,30
2001-05-07-02:30,31
2001-05-07-03:30,32
2001-05-07-04:30,34
2001-05-07-05:30,35
2001-05-07-06:30,36
2001-05-07-07:30,38
2001-05-07-08:30,39
2001-05-07-09:30,40
2001-05-07-10:30,39
2001-05-07-11:30,39
2001-05-07-12:30,39
2001-05-07-13:30,38
2001-05-07-14:30,36
2001-05-07-15:30,35
2001-05-07-16:30,34
2001-05-07-17:30,34
2001-05-07-18:30,33
2001-05-07-19:30,33
2001-05-07-20:30,32
2001-05-07-21:30,32
2001-05-07-22:30,30
2001-05-07-23:30,27
2001-05-08-00:30,28
2001-05-08-01:30,29
2001-05-08-02:30,30
2001-05-08-03:30,33
2001-05-08-04:30,35
2001-05-08-05:30,37
2001-05-08-06:30,38.5
2001-05-08-07:30,40
2001-05-08-08:30,40
2001-05-08-09:30,41
2001-05-08-10:30,42
2001-05-08-11:30,41
2001-05-08-12:30,41
2001-05-08-13:30,39
2001-05-08-14:30,37
2001-05-08-15:30,36
2001-05-08-16:30,36
2001-05-08-17:30,34
2001-05-08-18:30,33
2001-05-08-19:30,33
2001-05-08-20:30,32
2001-05-08-21:30,31
2001-05-08-22:30,30
2001-05-08-23:30,29
2001-05-09-00:30,29
2001-05-09-01:30,29
2001-05-09-02:30,32
2001-05-09-03:30,35
2001-05-09-04:30,37
2001-05-09-05:30,39
2001-05-09-06:30,40
2001-05-09-08:30,42
2001-05-09-09:30,42
2001-05-09-10:30,43
2001-05-09-11:30,42
2001-05-09-12:30,42
2001-05-09-13:30,41
2001-05-09-14:30,40
2001-05-09-15:30,40
2001-05-09-16:30,39
2001-05-09-17:30,38
2001-05-09-18:30,37
2001-05-09-19:30,35
2001-05-09-20:30,35
2001-05-09-21:30,34
2001-05-09-22:30,34
2001-05-09-23:30,34
2001-05-10-00:30,34
2001-05-10-01:30,34
2001-05-10-02:30,36
2001-05-10-03:30,37
2001-05-10-04:30,39
2001-05-10-05:30,40
2001-05-10-06:30,42
2001-05-10-07:30,43
2001-05-10-08:30,44
2001-05-10-09:30,45
2001-05-10-10:30,44
2001-05-10-11:30,44
2001-05-10-12:30,44
2001-05-10-13:30,43
2001-05-10-14:30,41
2001-05-10-15:30,40
2001-05-10-16:30,38
2001-05-10-17:30,37
2001-05-10-18:00,37
2001-05-10-18:30,36
2001-05-10-19:30,35
2001-05-10-20:30,34
2001-05-10-21:30,33
2001-05-10-22:30,33
2001-05-10-23:30,33
2001-05-11-00:30,33
2001-05-11-01:30,34
2001-05-11-02:30,36
2001-05-11-03:30,37
2001-05-11-04:30,38
2001-05-11-05:30,40
2001-05-11-06:30,41
2001-05-11-07:30,43
2001-05-11-08:30,45
2001-05-11-09:30,46
2001-05-11-10:30,46
2001-05-11-11:30,46
2001-05-11-12:30,45
2001-05-11-13:30,41
2001-05-11-14:30,39
2001-05-11-15:30,38
2001-05-11-16:30,36
2001-05-11-17:30,36
2001-05-11-18:30,35
2001-05-11-19:30,34
2001-05-11-20:30,33
2001-05-11-21:30,32
2001-05-11-22:30,31
2001-05-11-23:30,31
2001-05-12-00:30,30
2001-05-12-02:30,31
2001-05-12-03:30,33
2001-05-12-04:30,35
2001-05-12-05:30,37
2001-05-12-06:30,39
2001-05-12-07:30,40
2001-05-12-09:30,43
2001-05-12-10:30,44
2001-05-12-12:30,41
2001-05-12-13:30,39
2001-05-12-14:30,38
2001-05-12-15:30,36
2001-05-12-16:30,35
2001-05-12-17:30,34
2001-05-12-18:30,34
2001-05-12-19:30,33
2001-05-12-20:30,32
2001-05-12-21:30,31
2001-05-12-22:30,31
2001-05-12-23:30,31
2001-05-13-00:30,31
2001-05-13-01:30,32
2001-05-13-02:30,33
2001-05-13-03:30,34
2001-05-13-04:30,37
2001-05-13-05:30,39
2001-05-13-06:30,41
2001-05-13-07:30,42
2001-05-13-08:30,42
2001-05-13-09:30,43
2001-05-13-10:30,44
2001-05-13-11:30,44
2001-05-13-12:30,43
2001-05-13-13:30,39
2001-05-13-14:30,39
2001-05-13-15:30,37
2001-05-13-16:30,36
2001-05-13-17:30,35
2001-05-13-18:30,35
2001-05-13-19:30,34
2001-05-13-20:30,34
2001-05-13-21:30,33
2001-05-13-22:30,32
2001-05-13-23:30,32
2001-05-14-00:30,31
2001-05-14-01:30,32
2001-05-14-02:30,34
2001-05-14-03:30,36
2001-05-14-04:30,37
2001-05-14-05:30,39
2001-05-14-06:30,40
2001-05-14-07:30,41
2001-05-14-08:30,43
2001-05-14-09:30,43
2001-05-14-10:30,43
2001-05-14-11:30,43
2001-05-14-12:30,40
2001-05-14-13:30,38
2001-05-14-14:30,37
2001-05-14-15:30,36
2001-05-14-16:30,34
2001-05-14-17:30,33
2001-05-14-18:30,33
2001-05-14-19:30,32
2001-05-14-20:30,32
2001-05-14-21:30,31
2001-05-14-22:30,31
2001-05-14-23:30,30
2001-05-15-00:30,29
2001-05-15-01:30,30
2001-05-15-02:30,31
2001-05-15-03:30,32
2001-05-15-04:30,33
2001-05-15-05:30,36
2001-05-15-06:30,38
2001-05-15-07:30,40
2001-05-15-08:30,41
2001-05-15-09:30,42
2001-05-15-10:30,43
2001-05-15-11:30,42
2001-05-15-12:30,41
2001-05-15-13:30,33
2001-05-15-14:30,28
2001-05-15-15:30,31
2001-05-15-16:30,35
2001-05-15-17:30,29
2001-05-15-18:30,27
2001-05-15-19:30,26
2001-05-15-20:30,26
2001-05-15-21:30,25
2001-05-15-22:30,24
2001-05-15-23:30,25
2001-05-16-00:30,25
2001-05-16-01:30,25
2001-05-16-02:30,27
2001-05-16-03:30,29
2001-05-16-04:30,30
2001-05-16-05:30,32
2001-05-16-06:30,33
2001-05-16-07:30,34
2001-05-16-08:30,33
2001-05-16-09:30,33
2001-05-16-10:30,33
2001-05-16-11:30,34
2001-05-16-12:30,32
2001-05-16-13:30,32
2001-05-16-14:30,30
2001-05-16-15:30,29
2001-05-16-16:30,28
2001-05-16-17:30,27
2001-05-16-18:30,27
2001-05-16-19:30,26
2001-05-16-20:30,26
2001-05-16-21:30,26
2001-05-16-22:30,25
2001-05-16-23:30,25
2001-05-17-00:30,25
2001-05-17-02:30,26
2001-05-17-03:30,23
2001-05-17-04:30,23
2001-05-17-05:30,21
2001-05-17-06:30,21
2001-05-17-07:30,25
2001-05-17-08:30,27
2001-05-17-09:30,29
2001-05-17-10:30,28
2001-05-17-11:30,28
2001-05-17-12:30,28
2001-05-17-13:30,27
2001-05-17-14:30,27
2001-05-17-15:30,26
2001-05-17-16:30,26
2001-05-17-17:30,25
2001-05-17-18:30,25
2001-05-17-19:30,24
2001-05-17-20:30,24
2001-05-17-21:30,24
2001-05-17-22:30,24
2001-05-17-23:30,24
2001-05-18-00:30,24
2001-05-18-01:30,24
2001-05-18-02:30,25
2001-05-18-03:30,25
2001-05-18-04:30,26
2001-05-18-05:30,26
2001-05-18-06:30,27
2001-05-18-07:30,29
2001-05-18-08:30,30
2001-05-18-09:30,31
2001-05-18-10:30,32
2001-05-18-11:30,32
2001-05-18-12:30,31
2001-05-18-13:30,30
2001-05-18-14:30,29
2001-05-18-15:30,29
2001-05-18-16:30,28
2001-05-18-17:30,27
2001-05-18-18:30,27
2001-05-18-19:30,26
2001-05-18-20:30,25
2001-05-18-21:30,25
2001-05-18-22:30,25
2001-05-18-23:30,25
2001-05-19-00:30,25
2001-05-19-01:30,26
2001-05-19-02:30,27
2001-05-19-03:30,29
2001-05-19-04:30,29
2001-05-19-06:30,33
2001-05-19-07:30,33
2001-05-19-08:30,34
2001-05-19-09:30,35
2001-05-19-10:30,35
2001-05-19-11:30,35
2001-05-19-12:30,33
2001-05-19-13:30,31
2001-05-19-14:30,30
2001-05-19-15:30,30
2001-05-19-16:30,30
2001-05-19-17:30,29
2001-05-19-18:30,29
2001-05-19-19:30,28
2001-05-19-20:30,28
2001-05-19-21:30,27
2001-05-19-22:30,28
2001-05-19-23:30,27
2001-05-20-00:30,28
2001-05-20-01:30,23
2001-05-20-02:30,25
2001-05-20-03:30,25
2001-05-20-04:30,26
2001-05-20-05:30,27
2001-05-20-06:30,29
2001-05-20-07:30,31
2001-05-20-08:30,32
2001-05-20-09:30,33
2001-05-20-10:30,34
2001-05-20-11:30,33
2001-05-20-12:30,33
2001-05-20-13:30,31
2001-05-20-14:30,31
2001-05-20-15:30,30
2001-05-20-16:30,29
2001-05-20-17:30,29
2001-05-20-18:30,28
2001-05-20-19:30,28
2001-05-20-21:30,27
2001-05-20-22:30,27
2001-05-20-23:30,27
2001-05-21-00:30,27
2001-05-21-01:30,28
2001-05-21-02:30,29
2001-05-21-03:30,29
2001-05-21-04:30,30
2001-05-21-05:30,33
2001-05-21-06:30,34
2001-05-21-07:30,33
2001-05-21-08:30,30
2001-05-21-09:30,32
2001-05-21-10:30,31
2001-05-21-11:30,32
2001-05-21-12:30,31
2001-05-21-13:30,30
2001-05-21-14:30,29
2001-05-21-15:30,28
2001-05-21-16:30,27
2001-05-21-17:30,26
2001-05-21-18:30,26
2001-05-21-19:30,25
2001-05-21-20:30,25
2001-05-21-21:30,25
2001-05-21-22:30,25
2001-05-21-23:30,24
2001-05-22-00:30,24
2001-05-22-01:30,25
2001-05-22-02:30,27
2001-05-22-03:30,29
2001-05-22-04:30,31
2001-05-22-05:30,33
2001-05-22-06:30,34
2001-05-22-07:30,35
2001-05-22-08:30,35
2001-05-22-09:30,36
2001-05-22-10:30,37
2001-05-22-11:30,36
2001-05-22-12:30,35
2001-05-22-13:30,35
2001-05-22-14:30,33
2001-05-22-15:30,32
2001-05-22-16:30,31
2001-05-22-17:30,30
2001-05-22-18:30,30
2001-05-22-19:30,29
2001-05-22-20:30,28
2001-05-22-21:30,27
2001-05-22-22:30,27
2001-05-22-23:30,27
2001-05-23-00:30,26
2001-05-23-01:30,27
2001-05-23-02:30,29
2001-05-23-03:30,32
2001-05-23-04:30,33
2001-05-23-05:30,35
2001-05-23-06:30,36
2001-05-23-07:30,37
2001-05-23-08:30,38
2001-05-23-09:30,39
2001-05-23-10:30,39
2001-05-23-11:30,39
2001-05-23-12:30,39
2001-05-23-13:30,38
2001-05-23-14:30,37
2001-05-23-15:30,35
2001-05-23-16:30,35
2001-05-23-17:30,33
2001-05-23-18:30,33
2001-05-23-19:30,33
2001-05-23-20:30,32
2001-05-23-21:30,31
2001-05-23-22:30,30
2001-05-23-23:30,30
2001-05-24-00:30,30
2001-05-24-01:30,32
2001-05-24-02:30,34
2001-05-24-03:30,36
2001-05-24-04:30,37
2001-05-24-05:30,39
2001-05-24-06:30,40
2001-05-24-07:30,41
2001-05-24-08:30,43
2001-05-24-09:30,43
2001-05-24-10:30,43
2001-05-24-11:30,43
2001-05-24-12:30,42
2001-05-24-13:30,41
2001-05-24-14:30,39
2001-05-24-15:30,36
2001-05-24-16:30,35
2001-05-24-17:30,34
2001-05-24-18:30,35
2001-05-24-19:30,34
2001-05-24-20:30,32
2001-05-24-21:30,33
2001-05-24-22:30,33
2001-05-24-23:30,32
2001-05-25-00:30,32
2001-05-25-01:30,33
2001-05-25-02:30,35
2001-05-25-03:30,38
2001-05-25-04:30,39
2001-05-25-05:30,41
2001-05-25-06:30,42
2001-05-25-07:30,43
2001-05-25-08:30,43
2001-05-25-09:30,43
2001-05-25-10:30,43
2001-05-25-11:30,43
2001-05-25-12:30,42
2001-05-25-13:30,41
2001-05-25-14:30,40
2001-05-25-15:30,39
2001-05-25-16:30,38
2001-05-25-17:30,38
2001-05-25-18:30,37
2001-05-25-19:30,37
2001-05-25-20:30,36
2001-05-25-21:30,34
2001-05-25-22:30,34
2001-05-25-23:30,34
2001-05-26-00:30,33
2001-05-26-01:30,34
2001-05-26-02:30,35
2001-05-26-03:30,38
2001-05-26-04:30,40
2001-05-26-05:30,41
2001-05-26-06:30,42
2001-05-26-07:30,42
2001-05-26-08:30,42
2001-05-26-09:30,38
2001-05-26-10:30,35
2001-05-26-11:30,36
2001-05-26-12:30,36
2001-05-26-13:30,36
2001-05-26-14:30,35
2001-05-26-15:30,35
2001-05-26-16:30,33
2001-05-26-17:30,33
2001-05-26-18:30,32
2001-05-26-19:30,32
2001-05-26-20:30,32
2001-05-26-21:30,30
2001-05-26-22:30,29
2001-05-26-23:30,30
2001-05-27-00:30,28
2001-05-27-01:30,29
2001-05-27-02:30,27
2001-05-27-03:30,30
2001-05-27-04:30,33
2001-05-27-05:30,31
2001-05-27-06:30,32
2001-05-27-07:30,32
2001-05-27-08:30,33
2001-05-27-09:30,35
2001-05-27-10:30,35
2001-05-27-11:30,35
2001-05-27-12:30,35
2001-05-27-13:30,35
2001-05-27-14:30,34
2001-05-27-15:30,32
2001-05-27-16:30,32
2001-05-27-17:30,33
2001-05-27-18:30,31
2001-05-27-19:30,30
2001-05-27-20:30,28
2001-05-27-21:30,27
2001-05-27-22:30,26
2001-05-27-23:30,27
2001-05-28-00:30,23
2001-05-28-01:30,25
2001-05-28-05:30,27
2001-05-28-06:30,29
2001-05-28-07:30,32
2001-05-28-08:30,33
2001-05-28-09:30,34
2001-05-28-10:30,34
2001-05-28-11:30,34
2001-05-28-12:30,34
2001-05-28-13:30,32
2001-05-28-14:30,31
2001-05-28-15:30,30
2001-05-28-16:30,30
2001-05-28-17:30,29
2001-05-28-18:30,29
2001-05-28-19:30,29
2001-05-28-20:30,29
2001-05-28-21:21,28
2001-05-28-22:30,26
2001-05-28-23:30,27
2001-05-29-00:30,27
2001-05-29-01:30,27
2001-05-29-02:30,26
2001-05-29-03:30,30
2001-05-29-04:30,31
2001-05-29-05:30,32
2001-05-29-06:30,33
2001-05-29-07:30,35
2001-05-29-08:30,36
2001-05-29-09:30,36
2001-05-29-10:30,37
2001-05-29-11:30,37
2001-05-29-12:30,36
2001-05-29-13:30,22
2001-05-29-14:30,26
2001-05-29-15:30,25
2001-05-29-16:30,23
2001-05-29-17:30,24
2001-05-29-18:30,25
2001-05-29-19:30,26
2001-05-29-20:30,26
2001-05-29-22:30,24
2001-05-29-23:30,24
2001-05-30-00:30,23
2001-05-30-01:30,25
2001-05-30-02:30,28
2001-05-30-03:30,31
2001-05-30-04:30,32
2001-05-30-05:30,32
2001-05-30-06:30,32
2001-05-30-07:30,33
2001-05-30-08:30,33
2001-05-30-09:30,35
2001-05-30-10:30,35
2001-05-30-11:30,35
2001-05-30-12:12,34.5
2001-05-30-13:30,34
2001-05-30-14:30,32
2001-05-30-15:30,31
2001-05-30-18:30,30
2001-05-30-19:30,29
2001-05-30-20:30,29
2001-05-30-21:30,27
2001-05-30-22:30,28
2001-05-30-23:30,26
2001-05-31-00:30,27
2001-05-31-01:30,25
2001-05-31-02:30,25
2001-05-31-04:30,31
2001-05-31-05:30,33
2001-05-31-06:30,34
2001-05-31-07:30,35
2001-05-31-08:30,37
2001-05-31-09:30,37
2001-05-31-10:30,34
2001-05-31-11:30,33
2001-05-31-12:30,31
2001-05-31-13:30,29
2001-05-31-14:30,29
2001-05-31-15:30,29
2001-05-31-16:30,29
2001-05-31-17:30,29
2001-05-31-18:30,29
2001-05-31-19:30,25
2001-05-31-20:30,28
2001-05-31-21:30,28
2001-05-31-22:30,29
2001-05-31-23:30,28
2001-06-01-00:30,28
2001-06-01-01:30,28
2001-06-01-02:30,30
2001-06-01-03:30,32
2001-06-01-04:30,33
2001-06-01-05:30,34
2001-06-01-06:30,36
2001-06-01-07:30,36
2001-06-01-08:30,37
2001-06-01-09:30,38
2001-06-01-10:30,39
2001-06-01-11:30,39
2001-06-01-12:30,38
2001-06-01-13:30,38
2001-06-01-14:30,36
2001-06-01-15:30,35
2001-06-01-16:30,35
2001-06-01-17:30,34
2001-06-01-18:30,33
2001-06-01-19:30,33
2001-06-01-20:30,32
2001-06-01-21:30,33
2001-06-01-22:30,32
2001-06-01-23:30,31
2001-06-02-00:30,31
2001-06-02-01:30,32
2001-06-02-02:30,33
2001-06-02-03:30,33
2001-06-02-04:30,34
2001-06-02-05:30,35
2001-06-02-06:30,37
2001-06-02-07:30,37
2001-06-02-08:30,38
2001-06-02-09:30,39
2001-06-02-10:30,39
2001-06-02-11:30,39
2001-06-02-12:30,38
2001-06-02-13:30,37
2001-06-02-14:30,35
2001-06-02-15:30,35
2001-06-02-16:30,35
2001-06-02-17:30,34
2001-06-02-18:30,34
2001-06-02-19:30,33
2001-06-02-20:30,32
2001-06-02-21:30,31
2001-06-02-22:30,30
2001-06-02-23:30,29
2001-06-03-00:30,29
2001-06-03-01:30,30
2001-06-03-02:30,33
2001-06-03-03:30,33
2001-06-03-04:30,35
2001-06-03-05:30,36
2001-06-03-06:30,37
2001-06-03-07:30,38
2001-06-03-08:30,39
2001-06-03-09:30,39
2001-06-03-10:30,39
2001-06-03-11:30,36
2001-06-03-12:30,33
2001-06-03-13:30,33
2001-06-03-14:30,32
2001-06-03-15:30,32
2001-06-03-16:30,32
2001-06-03-17:30,31
2001-06-03-18:30,31
2001-06-03-19:30,31
2001-06-03-20:30,30
2001-06-03-21:30,29
2001-06-03-22:30,29
2001-06-03-23:30,27
2001-06-04-00:30,27
2001-06-04-01:30,28
2001-06-04-02:30,30
2001-06-04-03:30,31
2001-06-04-04:30,33
2001-06-04-05:30,33
2001-06-04-06:30,33
2001-06-04-07:30,27
2001-06-04-08:30,26
2001-06-04-09:30,25
2001-06-04-10:30,24
2001-06-04-11:30,27
2001-06-04-12:30,26
2001-06-04-13:30,26
2001-06-04-14:30,26
2001-06-04-15:30,25
2001-06-04-16:30,25
2001-06-04-17:30,25
2001-06-04-18:30,25
2001-06-04-19:30,24
2001-06-04-20:30,24
2001-06-04-21:30,24
2001-06-04-22:30,24
2001-06-04-23:30,23
2001-06-05-00:30,23
2001-06-05-01:30,23
2001-06-05-02:30,24
2001-06-05-03:30,25
2001-06-05-04:30,26
2001-06-05-05:30,27
2001-06-05-06:30,29
2001-06-05-07:30,30
2001-06-05-08:30,31
2001-06-05-09:30,32
2001-06-05-10:30,33
2001-06-05-11:30,33
2001-06-05-12:30,32
2001-06-05-13:30,31
2001-06-05-15:30,30
2001-06-05-16:30,29
2001-06-05-17:30,28
2001-06-05-18:30,28
2001-06-05-19:30,27
2001-06-05-21:30,27
2001-06-05-22:30,27
2001-06-05-23:30,27
2001-06-06-00:30,27
2001-06-06-01:30,28
2001-06-06-03:30,31
2001-06-06-04:30,33
2001-06-06-05:30,34
2001-06-06-06:30,35
2001-06-06-07:30,35
2001-06-06-08:30,35
2001-06-06-09:30,35
2001-06-06-10:30,36
2001-06-06-11:30,35
2001-06-06-12:30,33
2001-06-06-13:30,31
2001-06-06-14:30,30.5
2001-06-06-15:30,30
2001-06-06-16:30,30
2001-06-06-17:30,29
2001-06-06-18:30,29
2001-06-06-19:30,28
2001-06-06-20:30,28
2001-06-06-21:30,28
2001-06-06-22:30,29
2001-06-06-23:30,28
2001-06-07-00:30,28
2001-06-07-01:30,25.5
2001-06-07-02:30,23
2001-06-07-03:30,24
2001-06-07-04:30,25
2001-06-07-05:30,29
2001-06-07-06:30,29
2001-06-07-07:30,31
2001-06-07-09:30,23
2001-06-07-10:30,26
2001-06-07-11:30,29
2001-06-07-12:30,30
2001-06-07-13:30,29
2001-06-07-14:30,27
2001-06-07-15:30,27
2001-06-07-16:30,27
2001-06-07-17:30,27
2001-06-07-18:30,26
2001-06-07-19:30,26
2001-06-07-20:30,26
2001-06-07-21:30,26
2001-06-07-22:30,25
2001-06-07-23:30,25
2001-06-08-00:30,25
2001-06-08-01:30,27
2001-06-08-02:30,29
2001-06-08-03:30,30
2001-06-08-04:30,31
2001-06-08-05:30,33
2001-06-08-06:30,33
2001-06-08-07:30,34
2001-06-08-08:30,36
2001-06-08-09:30,36
2001-06-08-10:30,36
2001-06-08-11:30,37
2001-06-08-12:30,35
2001-06-08-13:30,34
2001-06-08-14:30,33
2001-06-08-15:30,32
2001-06-08-16:30,31
2001-06-08-17:30,30
2001-06-08-18:30,30
2001-06-08-19:30,29
2001-06-08-20:30,28
2001-06-08-21:30,28
2001-06-08-22:30,28
2001-06-08-23:30,28
2001-06-09-00:30,28
2001-06-09-01:30,29
2001-06-09-02:30,31
2001-06-09-03:30,32
2001-06-09-04:30,33
2001-06-09-05:30,34
2001-06-09-08:30,33
2001-06-09-09:30,31
2001-06-09-10:30,33
2001-06-09-11:30,35
2001-06-09-12:30,32
2001-06-09-13:30,30
2001-06-09-14:30,31
2001-06-09-15:30,30
2001-06-09-16:30,29
2001-06-09-17:30,29
2001-06-09-18:30,29
2001-06-09-19:30,28
2001-06-09-20:30,29
2001-06-09-21:30,28
2001-06-09-22:30,28
2001-06-09-23:30,28
2001-06-10-00:30,27
2001-06-10-01:30,29
2001-06-10-02:30,31
2001-06-10-03:30,34
2001-06-10-04:30,35
2001-06-10-05:30,36
2001-06-10-06:30,36
2001-06-10-07:30,38
2001-06-10-08:30,38
2001-06-10-09:30,39
2001-06-10-10:30,39
2001-06-10-11:30,38
2001-06-10-12:30,37
2001-06-10-13:30,35
2001-06-10-14:30,34
2001-06-10-15:30,33
2001-06-10-16:30,32
2001-06-10-17:30,31
2001-06-10-18:30,31
2001-06-10-19:30,30
2001-06-10-20:30,30
2001-06-10-21:30,30
2001-06-10-22:30,30
2001-06-10-23:30,30
2001-06-11-00:30,29
2001-06-11-01:30,30
2001-06-11-02:30,31
2001-06-11-03:30,32
2001-06-11-04:30,33
2001-06-11-05:30,34
2001-06-11-06:30,35
2001-06-11-07:30,36
2001-06-11-08:30,37
2001-06-11-10:30,37
2001-06-11-11:30,37
2001-06-11-12:30,37
2001-06-11-13:30,35
2001-06-11-14:30,34
2001-06-11-15:30,34
2001-06-11-16:30,33
2001-06-11-17:30,32
2001-06-11-18:30,31
2001-06-11-19:30,31
2001-06-11-20:30,30
2001-06-11-21:30,30
2001-06-11-22:30,30
2001-06-11-23:30,30
2001-06-12-00:30,30
2001-06-12-01:30,31
2001-06-12-02:30,32
2001-06-12-03:30,33
2001-06-12-04:30,34
2001-06-12-05:30,35
2001-06-12-06:30,37
2001-06-12-07:30,37
2001-06-12-08:30,39
2001-06-12-09:30,39
2001-06-12-10:30,40
2001-06-12-11:30,39
2001-06-12-12:30,39
2001-06-12-13:30,38
2001-06-12-14:30,36
2001-06-12-15:30,35
2001-06-12-16:30,35
2001-06-12-17:30,34
2001-06-12-18:30,33
2001-06-12-19:30,33
2001-06-12-20:30,32
2001-06-12-21:30,32
2001-06-12-22:30,31
2001-06-12-23:30,31
2001-06-13-00:30,31
2001-06-13-02:30,33
2001-06-13-03:30,35
2001-06-13-04:30,36
2001-06-13-05:30,37
2001-06-13-06:30,37
2001-06-13-07:30,38
2001-06-13-08:30,39
2001-06-13-09:30,39
2001-06-13-10:30,39
2001-06-13-11:30,39
2001-06-13-12:30,35
2001-06-13-13:30,35
2001-06-13-14:30,34
2001-06-13-15:30,34
2001-06-13-16:30,32
2001-06-13-17:30,32
2001-06-13-18:30,33
2001-06-13-19:30,32
2001-06-13-20:30,32
2001-06-13-21:30,31
2001-06-13-22:30,31
2001-06-13-23:30,31
2001-06-14-00:30,31
2001-06-14-01:30,30
2001-06-14-02:30,32
2001-06-14-03:30,33
2001-06-14-04:30,31
2001-06-14-05:30,30
2001-06-14-06:30,29
2001-06-14-07:30,25
2001-06-14-08:30,26
2001-06-14-09:30,27
2001-06-14-10:30,29
2001-06-14-11:30,31
2001-06-14-12:30,32
2001-06-14-13:30,31
2001-06-14-14:30,30
2001-06-14-15:30,29
2001-06-14-16:30,29
2001-06-14-17:30,28
2001-06-14-18:30,29
2001-06-14-19:30,28
2001-06-14-20:30,28
2001-06-14-21:30,28
2001-06-14-22:30,28
2001-06-14-23:30,28
2001-06-15-00:30,28
2001-06-15-01:30,29
2001-06-15-02:30,30
2001-06-15-03:30,32
2001-06-15-04:30,33
2001-06-15-05:30,34
2001-06-15-06:30,35
2001-06-15-07:30,35
2001-06-15-08:30,36
2001-06-15-09:30,36
2001-06-15-10:30,36
2001-06-15-11:30,36
2001-06-15-12:30,36
2001-06-15-13:30,35
2001-06-15-14:30,33
2001-06-15-15:30,33
2001-06-15-16:30,31
2001-06-15-17:30,30
2001-06-15-18:30,30
2001-06-15-19:30,30
2001-06-15-20:30,29
2001-06-15-21:30,29
2001-06-15-22:30,30
2001-06-15-23:30,29
2001-06-16-00:30,29
2001-06-16-01:30,30
2001-06-16-02:30,31
2001-06-16-03:30,30
2001-06-16-04:30,31
2001-06-16-05:30,25
2001-06-16-07:30,24
2001-06-16-08:30,25
2001-06-16-09:30,26
2001-06-16-10:30,28
2001-06-16-11:30,29
2001-06-16-12:30,29
2001-06-16-13:30,28
2001-06-16-14:30,28
2001-06-16-15:30,28
2001-06-16-16:30,27
2001-06-16-17:30,27
2001-06-16-18:30,27
2001-06-16-19:30,27
2001-06-16-20:30,27
2001-06-16-21:30,27
2001-06-16-22:30,27
2001-06-16-23:30,27
2001-06-17-00:30,27
2001-06-17-01:30,27
2001-06-17-02:30,29
2001-06-17-03:30,30
2001-06-17-04:30,30
2001-06-17-05:30,30
2001-06-17-06:30,31
2001-06-17-07:30,32
2001-06-17-08:30,32
2001-06-17-09:30,32
2001-06-17-10:30,30
2001-06-17-11:30,30
2001-06-17-12:30,29
2001-06-17-13:30,30
2001-06-17-14:30,29
2001-06-17-15:30,29
2001-06-17-16:30,29
2001-06-17-17:30,29
2001-06-17-18:30,29
2001-06-17-19:30,29
2001-06-17-20:30,28
2001-06-17-21:30,28
2001-06-17-22:30,28
2001-06-17-23:30,27
2001-06-18-00:30,28
2001-06-18-01:30,28
2001-06-18-02:30,28
2001-06-18-03:30,31
2001-06-18-04:30,32
2001-06-18-05:30,33
2001-06-18-06:30,33
2001-06-18-07:30,34
2001-06-18-08:30,34
2001-06-18-09:30,35
2001-06-18-10:30,35
2001-06-18-11:30,35
2001-06-18-12:30,34
2001-06-18-13:30,34
2001-06-18-14:30,33
2001-06-18-15:30,30
2001-06-18-16:30,29
2001-06-18-17:30,29
2001-06-18-18:30,29
2001-06-18-19:30,28
2001-06-18-20:30,28
2001-06-18-21:30,27
2001-06-18-22:30,27
2001-06-18-23:30,27
2001-06-19-00:30,27
2001-06-19-01:30,28
2001-06-19-02:30,29
2001-06-19-03:30,31
2001-06-19-04:30,32
2001-06-19-05:30,34
2001-06-19-06:30,35
2001-06-19-07:30,35
2001-06-19-08:30,36
2001-06-19-09:30,36
2001-06-19-10:30,36
2001-06-19-11:30,37
2001-06-19-12:30,36
2001-06-19-13:30,36
2001-06-19-14:30,35
2001-06-19-15:30,34
2001-06-19-16:30,33
2001-06-19-17:30,32
2001-06-19-18:30,31
2001-06-19-19:30,31
2001-06-19-20:30,31
2001-06-19-22:30,30
2001-06-19-23:30,28
2001-06-20-00:30,28
2001-06-20-01:30,28
2001-06-20-02:30,28
2001-06-20-04:30,30
2001-06-20-05:30,31
2001-06-20-06:00,31
2001-06-20-06:30,33
2001-06-20-07:00,33
2001-06-20-07:30,33
2001-06-20-08:30,35
2001-06-20-09:30,35
2001-06-20-10:30,36
2001-06-20-11:30,36
2001-06-20-12:30,36
2001-06-20-13:30,35
2001-06-20-14:30,35
2001-06-20-15:30,34
2001-06-20-16:30,34
2001-06-20-18:30,31
2001-06-20-19:30,30
2001-06-20-20:30,29
2001-06-20-21:30,29
2001-06-20-22:30,29
2001-06-20-23:30,29
2001-06-21-00:30,29
2001-06-21-01:30,30
2001-06-21-02:30,31
2001-06-21-03:30,32
2001-06-21-04:30,33
2001-06-21-05:30,33
2001-06-21-06:30,34
2001-06-21-07:30,35
2001-06-21-08:30,35
2001-06-21-09:30,36
2001-06-21-10:30,36
2001-06-21-11:30,36
2001-06-21-12:30,36
2001-06-21-13:30,35
2001-06-21-14:30,35
2001-06-21-15:30,34
2001-06-21-16:30,34
2001-06-21-17:30,33
2001-06-21-18:30,33
2001-06-21-19:30,32
2001-06-21-20:30,32
2001-06-21-21:30,32
2001-06-21-22:30,31
2001-06-21-23:30,31
2001-06-22-01:30,30
2001-06-22-02:30,32
2001-06-22-03:30,33
2001-06-22-04:30,34
2001-06-22-15:30,31
2001-06-22-16:30,30
2001-06-22-17:30,31
2001-06-22-18:30,30
2001-06-22-19:30,30
2001-06-22-20:30,30
2001-06-22-21:30,30
2001-06-22-22:30,30
2001-06-22-23:30,30
2001-06-23-00:30,30
2001-06-23-01:30,30
2001-06-23-02:30,30
2001-06-23-03:30,31
2001-06-23-04:30,32
2001-06-23-05:30,33
2001-06-23-06:30,33
2001-06-23-07:30,33
2001-06-23-08:30,35
2001-06-23-10:30,33
2001-06-23-11:30,29
2001-06-23-12:30,25
2001-06-23-13:30,26
2001-06-23-14:30,27
2001-06-23-15:30,27
2001-06-23-16:30,26
2001-06-23-18:30,27
2001-06-23-19:30,27
2001-06-23-20:30,27
2001-06-23-21:30,27
2001-06-23-22:30,26
2001-06-23-23:30,26
2001-06-24-00:30,26
2001-06-24-01:30,27
2001-06-24-02:30,29
2001-06-24-03:30,29
2001-06-24-04:30,30
2001-06-24-05:30,32
2001-06-24-06:30,32
2001-06-24-07:30,28
2001-06-24-08:30,28
2001-06-24-09:30,29
2001-06-24-10:30,30
2001-06-24-11:30,30
2001-06-24-12:30,30
2001-06-24-13:30,29
2001-06-24-14:30,28
2001-06-24-15:30,27
2001-06-24-16:30,26
2001-06-24-17:30,27
2001-06-24-18:30,27
2001-06-24-19:30,27
2001-06-24-20:30,27
2001-06-24-21:30,27
2001-06-24-22:30,27
2001-06-24-23:30,27
2001-06-25-00:30,27
2001-06-25-01:30,26
2001-06-25-02:30,27
2001-06-25-03:30,28
2001-06-25-04:30,29
2001-06-25-05:30,30
2001-06-25-06:30,32
2001-06-25-07:30,32
2001-06-25-09:30,32
2001-06-25-10:30,33
2001-06-25-11:30,31
2001-06-25-12:30,31
2001-06-25-13:30,29
2001-06-25-14:30,29
2001-06-25-15:30,29
2001-06-25-16:00,29
2001-06-25-16:30,28
2001-06-25-17:30,28
2001-06-25-18:30,28
2001-06-25-19:30,28
2001-06-25-20:30,27
2001-06-25-21:30,27
2001-06-25-22:30,27
2001-06-25-23:30,27
2001-06-26-00:30,27
2001-06-26-01:30,27
2001-06-26-02:30,29
2001-06-26-03:30,29
2001-06-26-04:30,31
2001-06-26-05:30,31
2001-06-26-06:30,32
2001-06-26-07:30,32
2001-06-26-08:30,33
2001-06-26-09:30,31
2001-06-26-10:30,31
2001-06-26-11:30,32
2001-06-26-12:30,31
2001-06-26-13:30,30
2001-06-26-14:30,30
2001-06-26-15:30,29
2001-06-26-16:30,29
2001-06-26-17:30,29
2001-06-26-18:30,28
2001-06-26-19:30,28
2001-06-26-20:30,28
2001-06-26-21:30,28
2001-06-26-22:30,28
2001-06-27-00:30,27
2001-06-27-03:30,30
2001-06-27-04:30,31
2001-06-27-05:30,33
2001-06-27-06:30,33
2001-06-27-07:30,30
2001-06-27-08:30,33
2001-06-27-09:30,35
2001-06-27-10:30,32
2001-06-27-11:30,33
2001-06-27-12:30,30
2001-06-27-13:30,29
2001-06-27-14:30,28
2001-06-27-15:30,28
2001-06-27-16:30,28
2001-06-27-17:30,28
2001-06-27-18:30,28
2001-06-27-19:30,28
2001-06-27-20:30,28
2001-06-27-21:30,27
2001-06-27-22:30,27
2001-06-27-23:30,27
2001-06-28-01:30,29
2001-06-28-02:30,30
2001-06-28-03:30,31
2001-06-28-04:30,32
2001-06-28-05:30,33
2001-06-28-06:30,34
2001-06-28-07:30,35
2001-06-28-08:30,35
2001-06-28-09:30,37
2001-06-28-10:30,36
2001-06-28-11:30,36
2001-06-28-12:30,35
2001-06-28-13:30,34.5
2001-06-28-14:30,34
2001-06-28-15:30,33
2001-06-28-16:30,32
2001-06-28-17:30,31
2001-06-28-18:30,31
2001-06-28-19:30,31
2001-06-28-20:30,30
2001-06-28-21:30,30
2001-06-28-22:30,30
2001-06-29-00:30,29
2001-06-29-01:30,30
2001-06-29-02:30,32
2001-06-29-03:30,33
2001-06-29-04:30,34
2001-06-29-05:30,36
2001-06-29-06:30,36
2001-06-29-07:30,35
2001-06-29-08:30,33
2001-06-29-09:30,31
2001-06-29-10:30,33.5
2001-06-29-11:30,36
2001-06-29-12:30,35
2001-06-29-13:30,34
2001-06-29-14:30,33
2001-06-29-15:30,31
2001-06-29-16:30,30
2001-06-29-17:30,30
2001-06-29-18:30,30
2001-06-29-20:30,30
2001-06-29-21:30,29
2001-06-29-22:30,29
2001-06-29-23:30,29
2001-06-30-00:30,28
2001-06-30-01:30,28
2001-06-30-02:30,28
2001-06-30-03:30,30
2001-06-30-04:30,29
2001-06-30-05:30,31
2001-06-30-06:30,32
2001-06-30-07:30,33
2001-06-30-08:30,34
2001-06-30-10:30,33
2001-06-30-11:30,28
2001-06-30-12:30,27
2001-06-30-13:30,27
2001-06-30-14:30,27
2001-06-30-15:30,27
2001-06-30-16:30,27
2001-06-30-17:30,28
2001-06-30-18:30,27
2001-06-30-19:30,28
2001-06-30-20:30,28
2001-06-30-21:30,28
2001-06-30-22:30,28
2001-06-30-23:30,28
2001-07-01-00:30,28
2001-07-01-01:30,29
2001-07-01-02:30,31
2001-07-01-03:30,31
2001-07-01-04:30,33
2001-07-01-05:30,33
2001-07-01-06:30,34
2001-07-01-07:30,35
2001-07-01-08:30,35
2001-07-01-09:30,36
2001-07-01-10:30,33
2001-07-01-11:30,33
2001-07-01-12:30,32
2001-07-01-13:30,31
2001-07-01-14:30,30
2001-07-01-15:30,30
2001-07-01-16:30,30
2001-07-01-17:30,30
2001-07-01-18:30,29
2001-07-01-23:30,28
2001-07-02-02:30,32
2001-07-02-03:30,33.5
2001-07-02-04:30,35
2001-07-02-05:30,35
2001-07-02-06:30,35
2001-07-02-07:30,35
2001-07-02-08:30,35
2001-07-02-09:30,31
2001-07-02-10:30,32
2001-07-02-11:30,32
2001-07-02-12:30,32
2001-07-02-13:30,32
2001-07-02-14:30,31
2001-07-02-15:30,31
2001-07-02-16:30,31
2001-07-02-17:30,31
2001-07-02-18:30,31
2001-07-02-20:30,30
2001-07-02-21:30,30
2001-07-02-22:30,29
2001-07-02-23:30,29
2001-07-03-00:30,29
2001-07-03-01:30,29
2001-07-03-02:30,30
2001-07-03-03:30,30
2001-07-03-04:30,32
2001-07-03-05:30,33
2001-07-03-06:30,34
2001-07-03-07:30,35
2001-07-03-08:30,34
2001-07-03-09:30,34
2001-07-03-10:30,35
2001-07-03-11:30,33
2001-07-03-12:30,33
2001-07-03-13:30,32
2001-07-03-14:30,32
2001-07-03-15:30,31
2001-07-03-16:30,30
2001-07-03-17:30,30
2001-07-03-18:30,29
2001-07-03-19:30,29
2001-07-03-20:30,28
2001-07-03-21:30,28
2001-07-03-22:30,28
2001-07-03-23:30,28
2001-07-04-00:30,28
2001-07-04-01:30,29
2001-07-04-02:30,30
2001-07-04-03:30,31
2001-07-04-04:30,31
2001-07-04-05:30,32
2001-07-04-06:30,33
2001-07-04-07:30,32
2001-07-04-08:30,33
2001-07-04-09:30,33
2001-07-04-10:30,33
2001-07-04-11:30,34
2001-07-04-12:30,34
2001-07-04-13:30,33
2001-07-04-14:30,33
2001-07-04-15:30,32
2001-07-04-16:30,31
2001-07-04-17:30,31
2001-07-04-18:30,31
2001-07-04-19:30,30
2001-07-04-20:30,30
2001-07-04-21:30,30
2001-07-05-00:30,30
2001-07-05-01:30,30
2001-07-05-02:30,32
2001-07-05-03:30,33
2001-07-05-04:30,34
2001-07-05-05:30,35
2001-07-05-06:30,35
2001-07-05-07:30,36
2001-07-05-08:30,37
2001-07-05-09:30,37
2001-07-05-10:30,37
2001-07-05-11:30,39
2001-07-05-12:30,38
2001-07-05-13:30,37
2001-07-05-14:30,35
2001-07-05-15:30,35
2001-07-05-16:30,34
2001-07-05-17:30,33
2001-07-05-18:30,33
2001-07-05-19:30,32
2001-07-05-20:30,32
2001-07-05-21:30,32
2001-07-05-22:30,31
2001-07-05-23:30,30
2001-07-06-00:30,30
2001-07-06-01:30,30
2001-07-06-02:30,31
2001-07-06-03:30,33
2001-07-06-04:30,33
2001-07-06-05:30,34
2001-07-06-06:30,35
2001-07-06-07:30,37
2001-07-06-08:30,38
2001-07-06-09:30,38
2001-07-06-10:30,39
2001-07-06-11:30,39
2001-07-06-12:30,38
2001-07-06-13:30,38
2001-07-06-14:30,36
2001-07-06-15:30,35
2001-07-06-16:30,35
2001-07-06-17:30,34
2001-07-06-18:30,33
2001-07-06-19:30,33
2001-07-06-20:30,33
2001-07-06-21:30,32
2001-07-06-22:30,32
2001-07-06-23:30,31
2001-07-07-00:30,31
2001-07-07-01:30,31
2001-07-07-02:30,33
2001-07-07-03:30,34
2001-07-07-04:30,35
2001-07-07-05:30,35
2001-07-07-06:30,37
2001-07-07-07:30,37
2001-07-07-08:30,37
2001-07-07-09:30,32
2001-07-07-10:30,28
2001-07-07-11:30,27
2001-07-07-12:30,27
2001-07-07-13:30,27
2001-07-07-14:30,27
2001-07-07-15:30,26
2001-07-07-16:30,26
2001-07-07-17:30,27
2001-07-07-18:30,27
2001-07-07-19:30,27
2001-07-07-20:30,27
2001-07-07-21:30,27
2001-07-07-22:30,27
2001-07-08-00:30,27
2001-07-08-01:30,28
2001-07-08-02:30,29
2001-07-08-03:30,31
2001-07-08-04:30,31
2001-07-08-05:30,33
2001-07-08-06:30,33
2001-07-08-07:30,34
2001-07-08-08:30,35
2001-07-08-09:30,36
2001-07-08-10:30,36
2001-07-08-11:30,36
2001-07-08-12:30,36
2001-07-08-13:30,35
2001-07-08-14:30,34
2001-07-08-15:30,32
2001-07-08-16:30,31
2001-07-08-17:30,31
2001-07-08-18:30,30
2001-07-08-19:30,30
2001-07-08-20:30,30
2001-07-08-21:30,29
2001-07-08-22:30,29
2001-07-08-23:30,29
2001-07-09-00:30,29
2001-07-09-01:30,31
2001-07-09-02:30,32
2001-07-09-03:30,34
2001-07-09-04:30,34
2001-07-09-05:30,35
2001-07-09-06:30,35
2001-07-09-07:30,37
2001-07-09-08:30,37
2001-07-09-09:30,37
2001-07-09-10:30,38
2001-07-09-11:30,37
2001-07-09-12:30,34
2001-07-09-13:30,33
2001-07-09-14:30,32
2001-07-09-15:30,32
2001-07-09-16:30,32
2001-07-09-17:30,32
2001-07-09-18:30,32
2001-07-09-19:30,32
2001-07-09-20:30,32
2001-07-09-21:30,31
2001-07-09-22:30,31
2001-07-09-23:30,30
2001-07-10-00:30,30
2001-07-10-01:30,31
2001-07-10-02:30,33
2001-07-10-03:30,34
2001-07-10-04:30,34
2001-07-10-05:30,36
2001-07-10-06:30,36
2001-07-10-07:30,37
2001-07-10-08:30,37
2001-07-10-09:30,37
2001-07-10-10:30,38
2001-07-10-11:30,37
2001-07-10-12:30,36
2001-07-10-13:30,35
2001-07-10-14:30,34
2001-07-10-15:30,34
2001-07-10-16:30,34
2001-07-10-17:30,33
2001-07-10-18:30,32
2001-07-10-19:30,32
2001-07-10-20:30,31
2001-07-10-21:30,31
2001-07-10-22:30,30
2001-07-11-00:30,30
2001-07-11-01:30,30
2001-07-11-02:30,31
2001-07-11-03:30,31
2001-07-11-04:30,32
2001-07-11-05:30,33
2001-07-11-06:30,34
2001-07-11-07:30,35
2001-07-11-10:30,35
2001-07-11-11:30,35
2001-07-11-12:30,34
2001-07-11-13:30,34
2001-07-11-14:30,33
2001-07-11-15:30,33
2001-07-11-16:30,32
2001-07-11-17:30,31
2001-07-11-18:30,31
2001-07-11-19:30,30
2001-07-11-20:30,30
2001-07-11-21:30,29
2001-07-11-22:30,29
2001-07-12-00:30,28
2001-07-12-01:30,29
2001-07-12-02:30,30
2001-07-12-03:30,32
2001-07-12-04:30,32
2001-07-12-06:30,34
2001-07-12-07:30,35
2001-07-12-08:30,35
2001-07-12-09:30,34
2001-07-12-10:30,35
2001-07-12-11:30,35
2001-07-12-12:30,31
2001-07-12-13:30,30
2001-07-12-14:30,30
2001-07-12-15:30,30
2001-07-12-16:30,30
2001-07-12-17:30,29
2001-07-12-18:30,29
2001-07-12-19:30,29
2001-07-12-20:30,29
2001-07-12-21:30,29
2001-07-12-22:30,28
2001-07-12-23:30,28
2001-07-13-00:30,29
2001-07-13-01:30,28
2001-07-13-02:30,29
2001-07-13-03:30,30
2001-07-13-04:30,31
2001-07-13-05:30,32
2001-07-13-06:30,33
2001-07-13-07:30,33
2001-07-13-08:30,34
2001-07-13-09:30,32
2001-07-13-10:30,32
2001-07-13-11:30,33
2001-07-13-12:30,32
2001-07-13-13:30,31
2001-07-13-14:30,30
2001-07-13-15:30,30
2001-07-13-16:30,30
2001-07-13-17:30,29
2001-07-13-18:30,29
2001-07-13-19:30,29
2001-07-13-20:30,28
2001-07-13-21:30,28
2001-07-13-22:30,28
2001-07-13-23:30,28
2001-07-14-00:30,28
2001-07-14-01:30,27
2001-07-14-02:30,27
2001-07-14-03:30,27
2001-07-14-04:30,26
2001-07-14-05:30,27
2001-07-14-06:30,28
2001-07-14-07:30,28
2001-07-14-08:30,28
2001-07-14-09:30,29
2001-07-14-10:30,30
2001-07-14-11:30,30
2001-07-14-12:30,31
2001-07-14-13:30,28
2001-07-14-14:30,26
2001-07-14-15:30,27
2001-07-14-16:30,27
2001-07-14-17:30,27
2001-07-14-18:30,27
2001-07-14-19:30,27
2001-07-14-20:30,26
2001-07-14-21:30,26
2001-07-15-00:30,26
2001-07-15-01:30,27
2001-07-15-02:30,27
2001-07-15-03:30,28
2001-07-15-04:30,29
2001-07-15-05:30,31
2001-07-15-06:30,31
2001-07-15-07:30,32
2001-07-15-08:30,32
2001-07-15-09:30,32
2001-07-15-10:30,33
2001-07-15-11:30,33
2001-07-15-12:30,32
2001-07-15-13:30,31
2001-07-15-14:30,30
2001-07-15-15:30,30
2001-07-15-16:30,30
2001-07-15-17:30,29
2001-07-15-18:30,29
2001-07-15-19:30,29
2001-07-15-20:30,29
2001-07-15-21:30,28
2001-07-15-22:30,28
2001-07-16-00:30,28
2001-07-16-01:30,28
2001-07-16-02:30,28
2001-07-16-03:30,29
2001-07-16-04:30,29
2001-07-16-05:30,30
2001-07-16-06:30,31
2001-07-16-07:30,29
2001-07-16-08:30,32
2001-07-16-09:30,32
2001-07-16-10:30,33
2001-07-16-11:30,33
2001-07-16-12:30,32
2001-07-16-13:30,31
2001-07-16-14:30,30.5
2001-07-16-15:30,30
2001-07-16-16:30,30
2001-07-16-17:30,29.5
2001-07-16-18:30,29
2001-07-16-19:30,28
2001-07-16-20:30,28
2001-07-16-21:30,28
2001-07-16-22:30,27
2001-07-17-00:30,27
2001-07-17-01:30,27
2001-07-17-02:30,28
2001-07-17-03:30,30
2001-07-17-04:30,30
2001-07-17-05:30,31
2001-07-17-06:30,33
2001-07-17-08:30,34
2001-07-17-09:30,35
2001-07-17-10:30,35
2001-07-17-11:30,35
2001-07-17-12:30,34
2001-07-17-13:30,33
2001-07-17-14:30,32
2001-07-17-15:30,31
2001-07-17-16:30,30
2001-07-17-17:30,29
2001-07-17-18:30,29
2001-07-17-19:30,29
2001-07-17-20:30,29
2001-07-17-21:30,28
2001-07-17-22:30,28
2001-07-17-23:30,28
2001-07-18-00:30,28
2001-07-18-01:30,29
2001-07-18-02:30,29
2001-07-18-03:30,29
2001-07-18-04:30,30
2001-07-18-05:30,32
2001-07-18-06:30,33
2001-07-18-08:30,34
2001-07-18-09:30,33
2001-07-18-10:30,34
2001-07-18-11:30,34
2001-07-18-12:30,33
2001-07-18-13:30,33
2001-07-18-14:30,32
2001-07-18-15:30,31
2001-07-18-16:30,30
2001-07-18-17:30,30
2001-07-18-18:30,34
2001-07-18-19:30,30
2001-07-18-20:30,30
2001-07-18-21:30,29
2001-07-18-22:30,29
2001-07-18-23:30,29
2001-07-19-00:30,29
2001-07-19-01:30,30
2001-07-19-02:30,31
2001-07-19-03:30,32
2001-07-19-04:30,32
2001-07-19-05:30,33
2001-07-19-06:30,34
2001-07-19-07:30,33
2001-07-19-08:30,29
2001-07-19-09:30,33
2001-07-19-10:30,33
2001-07-19-11:30,32
2001-07-19-12:30,31
2001-07-19-13:30,30
2001-07-19-14:30,29
2001-07-19-15:30,30
2001-07-19-16:30,30
2001-07-19-17:30,30
2001-07-19-18:30,29
2001-07-19-19:30,29
2001-07-19-20:30,29
2001-07-19-21:30,29
2001-07-19-22:30,29
2001-07-19-23:30,29
2001-07-20-00:30,29
2001-07-20-01:30,29
2001-07-20-02:30,29
2001-07-20-03:30,29
2001-07-20-04:30,30
2001-07-20-05:30,31
2001-07-20-06:30,32
2001-07-20-07:30,33
2001-07-20-08:30,33
2001-07-20-09:30,33
2001-07-20-10:30,34
2001-07-20-11:30,34
2001-07-20-12:30,33
2001-07-20-13:30,32
2001-07-20-14:30,32
2001-07-20-15:30,31
2001-07-20-16:30,31
2001-07-20-17:30,30
2001-07-20-18:30,31
2001-07-20-19:30,30
2001-07-20-20:30,30
2001-07-20-21:30,29
2001-07-20-22:30,29
2001-07-20-23:30,29
2001-07-21-00:30,29
2001-07-21-01:30,29
2001-07-21-02:30,30
2001-07-21-03:30,29
2001-07-21-04:30,29
2001-07-21-05:30,28
2001-07-21-06:30,28
2001-07-21-07:30,28
2001-07-21-08:30,31
2001-07-21-09:30,31
2001-07-21-10:30,31
2001-07-21-11:30,30
2001-07-21-12:30,30
2001-07-21-13:30,29
2001-07-21-14:30,28
2001-07-21-15:30,28
2001-07-21-16:30,28
2001-07-21-17:30,28
2001-07-21-18:30,27
2001-07-21-19:30,27
2001-07-21-20:30,27
2001-07-21-21:30,27
2001-07-21-22:30,27
2001-07-21-23:30,27
2001-07-22-00:30,27
2001-07-22-01:30,27
2001-07-22-02:30,27
2001-07-22-03:30,27
2001-07-22-04:30,29
2001-07-22-05:30,29
2001-07-22-06:30,29
2001-07-22-08:30,29
2001-07-22-09:30,31
2001-07-22-10:30,32
2001-07-22-11:30,31
2001-07-22-12:30,31
2001-07-22-13:30,31
2001-07-22-14:30,30
2001-07-22-15:30,30
2001-07-22-16:30,30
2001-07-22-17:30,30
2001-07-22-18:30,30
2001-07-22-19:30,29
2001-07-22-20:30,29
2001-07-22-21:30,28
2001-07-22-22:30,28
2001-07-22-23:30,27
2001-07-23-00:30,28
2001-07-23-01:30,28
2001-07-23-02:30,30
2001-07-23-03:30,32
2001-07-23-04:30,32
2001-07-23-05:30,33
2001-07-23-06:30,34
2001-07-23-07:30,34
2001-07-23-08:30,34
2001-07-23-09:30,33
2001-07-23-10:30,34
2001-07-23-11:30,35
2001-07-23-12:30,34
2001-07-23-13:30,33
2001-07-23-14:30,32
2001-07-23-15:30,32
2001-07-23-16:30,32
2001-07-23-18:30,31
2001-07-23-19:30,30
2001-07-23-20:30,30
2001-07-23-21:30,30
2001-07-23-22:30,29
2001-07-23-23:30,29
2001-07-24-00:30,29
2001-07-24-01:30,30
2001-07-24-02:30,31
2001-07-24-03:30,32
2001-07-24-04:30,33
2001-07-24-05:30,33
2001-07-24-06:30,34
2001-07-24-07:30,34
2001-07-24-08:30,29
2001-07-24-09:30,33
2001-07-24-10:30,33
2001-07-24-11:30,33
2001-07-24-12:30,32
2001-07-24-13:30,32
2001-07-24-14:30,31
2001-07-24-15:30,31
2001-07-24-16:30,30
2001-07-24-17:30,30
2001-07-24-18:30,30
2001-07-24-19:30,30
2001-07-24-20:30,29
2001-07-24-21:30,29
2001-07-24-22:30,29
2001-07-24-23:30,29
2001-07-25-00:30,29
2001-07-25-01:30,30
2001-07-25-02:30,31
2001-07-25-03:30,32
2001-07-25-04:30,33
2001-07-25-05:30,34
2001-07-25-06:30,34
2001-07-25-07:30,34
2001-07-25-08:30,35
2001-07-25-09:30,35
2001-07-25-10:30,30
2001-07-25-12:30,28
2001-07-25-13:30,28
2001-07-25-14:30,28
2001-07-25-15:30,28
2001-07-25-16:30,28
2001-07-25-17:30,28
2001-07-25-18:30,28
2001-07-25-19:30,29
2001-07-25-20:30,28
2001-07-25-21:30,28
2001-07-25-22:30,28
2001-07-25-23:30,28
2001-07-26-00:30,28
2001-07-26-01:30,28
2001-07-26-02:30,29
2001-07-26-04:30,31
2001-07-26-05:30,32
2001-07-26-06:30,34
2001-07-26-07:30,34
2001-07-26-08:30,33
2001-07-26-09:30,30
2001-07-26-10:30,29
2001-07-26-11:30,28
2001-07-26-12:30,27
2001-07-26-13:30,27
2001-07-26-14:30,27
2001-07-26-15:30,27
2001-07-26-16:30,27
2001-07-26-17:30,27
2001-07-26-18:30,27
2001-07-26-19:30,27
2001-07-26-20:30,27
2001-07-26-21:30,27
2001-07-26-22:30,27
2001-07-26-23:30,27
2001-07-27-00:30,27
2001-07-27-01:30,28
2001-07-27-02:30,29
2001-07-27-03:30,29
2001-07-27-04:30,30
2001-07-27-05:30,31
2001-07-27-06:30,32
2001-07-27-07:30,33
2001-07-27-08:30,33
2001-07-27-09:30,33
2001-07-27-10:30,33
2001-07-27-11:30,33
2001-07-27-12:30,31
2001-07-27-13:30,30
2001-07-27-14:30,29
2001-07-27-15:30,29
2001-07-27-16:30,28
2001-07-27-17:30,28
2001-07-27-18:30,28
2001-07-27-19:30,28
2001-07-27-20:30,28
2001-07-27-21:30,28
2001-07-27-22:30,27
2001-07-27-23:30,26
2001-07-28-00:30,27
2001-07-28-01:30,27
2001-07-28-02:30,29
2001-07-28-03:30,29
2001-07-28-04:30,30
2001-07-28-05:30,31
2001-07-28-06:30,32
2001-07-28-07:30,32
2001-07-28-08:30,32
2001-07-28-09:30,33
2001-07-28-10:30,33
2001-07-28-11:30,33
2001-07-28-12:30,33
2001-07-28-13:30,32
2001-07-28-14:30,31
2001-07-28-15:30,30
2001-07-28-16:30,29
2001-07-28-17:30,29
2001-07-28-18:30,29
2001-07-28-19:30,29
2001-07-28-20:30,29
2001-07-28-21:30,29
2001-07-28-22:30,29
2001-07-28-23:30,28
2001-07-29-00:30,28
2001-07-29-01:30,28
2001-07-29-02:30,29
2001-07-29-03:30,30
2001-07-29-04:30,31
2001-07-29-05:30,32
2001-07-29-06:30,32
2001-07-29-07:30,32
2001-07-29-08:21,33
2001-07-29-09:30,34
2001-07-29-10:30,34
2001-07-29-11:30,34
2001-07-29-12:30,34
2001-07-29-13:30,32
2001-07-29-14:30,32
2001-07-29-15:30,31
2001-07-29-16:30,30
2001-07-29-17:30,30
2001-07-29-18:30,29
2001-07-29-19:30,29
2001-07-29-20:30,28
2001-07-29-21:30,28
2001-07-29-22:30,28
2001-07-29-23:30,28
2001-07-30-00:30,28
2001-07-30-01:30,28
2001-07-30-02:30,29
2001-07-30-03:30,29
2001-07-30-04:30,30
2001-07-30-05:30,30
2001-07-30-06:30,31
2001-07-30-07:30,32
2001-07-30-08:30,33
2001-07-30-09:30,34
2001-07-30-10:30,34
2001-07-30-11:30,34
2001-07-30-12:30,33
2001-07-30-13:30,32
2001-07-30-14:30,31
2001-07-30-15:30,30
2001-07-30-16:30,30
2001-07-30-17:30,30
2001-07-30-18:30,30
2001-07-30-19:30,29
2001-07-30-20:30,29
2001-07-30-21:30,29
2001-07-30-23:30,28
2001-07-31-00:30,28
2001-07-31-01:30,29
2001-07-31-02:30,29
2001-07-31-03:30,31
2001-07-31-04:30,32
2001-07-31-06:30,34
2001-07-31-07:30,34
2001-07-31-08:30,35
2001-07-31-09:30,35
2001-07-31-10:30,35
2001-07-31-11:30,35
2001-07-31-12:30,34
2001-07-31-13:30,33
2001-07-31-14:30,32
2001-07-31-15:30,31
2001-07-31-16:30,32
2001-07-31-17:30,32
2001-07-31-18:30,31
2001-07-31-19:30,30
2001-07-31-20:30,29
2001-07-31-21:30,29
2001-07-31-22:30,28
2001-08-01-00:30,28
2001-08-01-01:30,29
2001-08-01-02:30,30
2001-08-01-03:30,32
2001-08-01-04:30,32
2001-08-01-05:30,34
2001-08-01-06:30,34
2001-08-01-07:30,35
2001-08-01-08:30,36
2001-08-01-09:30,36
2001-08-01-10:30,36
2001-08-01-11:30,35
2001-08-01-12:30,35
2001-08-01-13:30,34
2001-08-01-14:30,33
2001-08-01-15:30,32
2001-08-01-16:30,32
2001-08-01-17:30,31
2001-08-01-18:30,30
2001-08-01-19:30,30
2001-08-01-20:30,30
2001-08-01-21:30,30
2001-08-01-22:30,29
2001-08-01-23:30,29
2001-08-02-00:30,29
2001-08-02-01:30,29
2001-08-02-02:30,30
2001-08-02-03:30,31
2001-08-02-04:30,32
2001-08-02-05:30,33
2001-08-02-06:30,34
2001-08-02-07:30,35
2001-08-02-09:30,36
2001-08-02-10:30,36
2001-08-02-11:30,36
2001-08-02-12:30,35
2001-08-02-13:30,34
2001-08-02-14:30,33
2001-08-02-15:30,32
2001-08-02-16:30,32
2001-08-02-17:30,31
2001-08-02-18:30,31
2001-08-02-19:30,31
2001-08-02-20:30,30
2001-08-02-21:30,30
2001-08-02-22:30,29
2001-08-02-23:30,29
2001-08-03-00:30,28
2001-08-03-01:30,29
2001-08-03-02:30,29
2001-08-03-03:30,31
2001-08-03-04:30,32
2001-08-03-05:30,34
2001-08-03-06:30,35
2001-08-03-07:30,35
2001-08-03-08:30,35
2001-08-03-09:30,35
2001-08-03-10:30,36
2001-08-03-11:30,36
2001-08-03-12:30,34
2001-08-03-13:30,33
2001-08-03-14:30,32
2001-08-03-15:30,31
2001-08-03-16:30,31
2001-08-03-17:30,30
2001-08-03-18:30,30
2001-08-03-19:30,30
2001-08-03-20:30,29
2001-08-03-21:30,29
2001-08-03-22:30,29
2001-08-03-23:30,28
2001-08-04-00:30,28
2001-08-04-01:30,28
2001-08-04-02:30,29
2001-08-04-03:30,30
2001-08-04-04:30,30
2001-08-04-05:30,28
2001-08-04-06:30,29
2001-08-04-07:30,30
2001-08-04-08:30,30
2001-08-04-09:30,31
2001-08-04-10:30,33
2001-08-04-11:30,33
2001-08-04-12:30,31
2001-08-04-14:30,26
2001-08-04-15:30,26
2001-08-04-16:30,27
2001-08-04-17:30,27
2001-08-04-18:30,27
2001-08-04-19:30,27
2001-08-04-20:30,27
2001-08-04-21:30,27
2001-08-04-22:30,27
2001-08-04-23:30,27
2001-08-05-00:30,27
2001-08-05-01:30,27
2001-08-05-02:30,28
2001-08-05-03:30,31
2001-08-05-04:30,31
2001-08-05-05:30,33
2001-08-05-06:30,33
2001-08-05-07:30,33
2001-08-05-08:30,34
2001-08-05-09:30,34
2001-08-05-10:30,35
2001-08-05-11:30,34
2001-08-05-12:30,31
2001-08-05-13:30,30
2001-08-05-14:30,30
2001-08-05-15:30,30
2001-08-05-16:30,30
2001-08-05-17:30,29
2001-08-05-18:30,29
2001-08-05-19:30,29
2001-08-05-20:30,28
2001-08-05-21:30,28
2001-08-05-22:30,28
2001-08-06-00:30,28
2001-08-06-01:30,29
2001-08-06-02:30,29
2001-08-06-03:30,31
2001-08-06-04:30,32
2001-08-06-05:30,33
2001-08-06-06:30,34
2001-08-06-07:30,34
2001-08-06-08:30,34
2001-08-06-09:30,35
2001-08-06-10:30,32
2001-08-06-11:30,31
2001-08-06-12:30,28
2001-08-06-13:30,26
2001-08-06-14:30,27
2001-08-06-15:30,28
2001-08-06-16:30,27
2001-08-06-17:30,27
2001-08-06-18:30,27
2001-08-06-19:30,27
2001-08-06-20:30,27
2001-08-06-21:30,27
2001-08-06-22:30,27
2001-08-06-23:30,27
2001-08-07-00:30,27
2001-08-07-01:30,27
2001-08-07-02:30,28
2001-08-07-03:30,30
2001-08-07-04:30,31
2001-08-07-05:30,32
2001-08-07-06:30,33
2001-08-07-07:30,34
2001-08-07-08:30,34
2001-08-07-09:30,34
2001-08-07-10:30,30
2001-08-07-11:30,30
2001-08-07-12:30,30
2001-08-07-13:30,29
2001-08-07-14:30,29
2001-08-07-15:30,28.5
2001-08-07-16:30,30.5
2001-08-07-17:30,28
2001-08-07-18:30,28
2001-08-07-19:30,28
2001-08-07-20:30,28
2001-08-07-21:30,28
2001-08-07-22:30,28
2001-08-07-23:30,28
2001-08-08-00:30,28
2001-08-08-01:30,26
2001-08-08-02:30,25
2001-08-08-03:30,25
2001-08-08-04:30,27
2001-08-08-05:30,31
2001-08-08-06:30,32
2001-08-08-07:30,33
2001-08-08-08:30,34
2001-08-08-09:30,34
2001-08-08-10:30,32
2001-08-08-11:30,29
2001-08-08-12:30,29
2001-08-08-13:30,30
2001-08-08-14:30,30
2001-08-08-15:30,29
2001-08-08-16:30,29
2001-08-08-17:30,29
2001-08-08-18:30,28
2001-08-08-19:30,28
2001-08-08-20:30,28
2001-08-08-21:30,27
2001-08-08-22:30,27
2001-08-08-23:30,27
2001-08-09-00:30,27
2001-08-09-01:30,27
2001-08-09-02:30,29
2001-08-09-03:30,30
2001-08-09-04:30,32
2001-08-09-05:30,32
2001-08-09-06:30,33
2001-08-09-07:30,32
2001-08-09-08:30,29
2001-08-09-09:30,33
2001-08-09-10:30,31
2001-08-09-11:30,29
2001-08-09-12:30,31
2001-08-09-13:30,31
2001-08-09-14:30,31
2001-08-09-15:30,30
2001-08-09-16:30,30
2001-08-09-17:30,29
2001-08-09-18:30,29
2001-08-09-19:30,28
2001-08-09-20:30,28
2001-08-09-21:30,28
2001-08-09-22:30,28
2001-08-09-23:30,28
2001-08-10-00:30,28
2001-08-10-01:30,29
2001-08-10-02:30,30
2001-08-10-03:30,30
2001-08-10-04:30,32
2001-08-10-05:30,32
2001-08-10-06:30,33
2001-08-10-07:30,34
2001-08-10-08:30,34
2001-08-10-09:30,35
2001-08-10-10:30,35
2001-08-10-11:30,34
2001-08-10-12:30,33
2001-08-10-13:30,32
2001-08-10-14:30,31
2001-08-10-15:30,31
2001-08-10-16:30,30
2001-08-10-17:30,30
2001-08-10-18:30,30
2001-08-10-19:30,28
2001-08-10-20:30,29
2001-08-10-21:30,29
2001-08-10-22:30,29
2001-08-10-23:30,29
2001-08-11-00:30,28
2001-08-11-01:30,30
2001-08-11-02:30,31
2001-08-11-03:30,32
2001-08-11-04:30,33
2001-08-11-05:30,34
2001-08-11-06:30,35
2001-08-11-07:30,35
2001-08-11-08:30,36
2001-08-11-09:30,36
2001-08-11-10:30,36
2001-08-11-11:30,36
2001-08-11-12:30,36
2001-08-11-13:30,35
2001-08-11-14:30,34
2001-08-11-15:30,32
2001-08-11-16:30,32
2001-08-11-17:30,32
2001-08-11-18:30,31
2001-08-11-19:30,31
2001-08-11-20:30,30
2001-08-11-21:30,30
2001-08-11-22:30,29
2001-08-11-23:30,29
2001-08-12-00:30,29
2001-08-12-01:30,29
2001-08-12-02:30,31
2001-08-12-03:30,32
2001-08-12-04:30,33
2001-08-12-05:30,34
2001-08-12-06:30,35
2001-08-12-07:30,35
2001-08-12-08:30,36
2001-08-12-09:30,36
2001-08-12-10:30,36
2001-08-12-11:30,37
2001-08-12-12:30,36
2001-08-12-13:30,34
2001-08-12-14:30,32
2001-08-12-15:30,31
2001-08-12-16:30,31
2001-08-12-17:30,31
2001-08-12-18:30,30
2001-08-12-19:30,30
2001-08-12-20:30,30
2001-08-12-21:30,30
2001-08-12-22:30,30
2001-08-12-23:30,30
2001-08-13-00:30,30
2001-08-13-01:30,30
2001-08-13-02:30,31
2001-08-13-03:30,31
2001-08-13-04:30,32
2001-08-13-05:30,33
2001-08-13-06:30,34
2001-08-13-07:30,34
2001-08-13-08:30,34
2001-08-13-09:30,34
2001-08-13-10:30,34
2001-08-13-11:30,33
2001-08-13-12:30,28
2001-08-13-13:30,26
2001-08-13-14:30,25
2001-08-13-15:30,26
2001-08-13-16:30,26
2001-08-13-17:30,26
2001-08-13-18:30,26
2001-08-13-19:30,26
2001-08-13-20:30,26
2001-08-13-21:30,27
2001-08-13-22:30,27
2001-08-13-23:30,27
2001-08-14-00:30,27
2001-08-14-01:30,27
2001-08-14-02:30,26
2001-08-14-03:30,26
2001-08-14-04:30,26
2001-08-14-05:30,26
2001-08-14-06:30,26
2001-08-14-07:30,26
2001-08-14-09:30,28
2001-08-14-10:30,29
2001-08-14-11:30,29
2001-08-14-13:30,29
2001-08-14-14:30,27
2001-08-14-15:30,27
2001-08-14-16:30,27
2001-08-14-17:30,27
2001-08-14-18:30,27
2001-08-14-19:30,27
2001-08-14-20:30,27
2001-08-14-21:30,27
2001-08-14-22:30,27
2001-08-14-23:30,27
2001-08-15-00:30,27
2001-08-15-01:30,27
2001-08-15-02:30,29
2001-08-15-03:30,31
2001-08-15-04:30,32
2001-08-15-05:30,32
2001-08-15-06:30,33
2001-08-15-07:30,34
2001-08-15-08:30,34
2001-08-15-09:30,35
2001-08-15-10:30,34
2001-08-15-11:30,34
2001-08-15-12:30,34
2001-08-15-13:30,34
2001-08-15-14:30,33
2001-08-15-15:30,32
2001-08-15-16:30,31
2001-08-15-17:30,31
2001-08-15-18:30,31
2001-08-15-19:30,30
2001-08-15-20:30,30
2001-08-15-21:30,30
2001-08-15-22:30,29
2001-08-15-23:30,29
2001-08-16-00:30,29
2001-08-16-01:30,29
2001-08-16-02:30,30
2001-08-16-03:30,32
2001-08-16-04:30,33
2001-08-16-05:30,30
2001-08-16-06:30,29
2001-08-16-07:30,29
2001-08-16-08:30,30
2001-08-16-09:30,32
2001-08-16-10:30,33
2001-08-16-11:30,32
2001-08-16-12:30,32
2001-08-16-13:30,31
2001-08-16-14:30,30
2001-08-16-15:30,30
2001-08-16-16:30,29
2001-08-16-17:30,29
2001-08-16-18:30,29
2001-08-16-19:30,28
2001-08-16-20:30,27
2001-08-16-21:30,27
2001-08-16-22:30,27
2001-08-16-23:30,27
2001-08-17-00:30,27
2001-08-17-01:30,27
2001-08-17-02:30,28
2001-08-17-03:30,29
2001-08-17-04:30,30
2001-08-17-05:30,31
2001-08-17-06:30,32
2001-08-17-07:30,33
2001-08-17-08:30,33
2001-08-17-09:30,33
2001-08-17-10:30,33
2001-08-17-11:30,33
2001-08-17-12:30,33
2001-08-17-13:30,31
2001-08-17-14:30,34
2001-08-17-15:30,30
2001-08-17-16:30,29
2001-08-17-17:30,29
2001-08-17-18:30,29
2001-08-17-19:30,29
2001-08-17-20:30,28
2001-08-17-21:30,28
2001-08-17-22:30,27
2001-08-17-23:30,27
2001-08-18-00:30,27
2001-08-18-01:30,28
2001-08-18-02:30,29
2001-08-18-03:30,30
2001-08-18-04:30,31
2001-08-18-05:30,32
2001-08-18-06:30,33
2001-08-18-07:30,34
2001-08-18-08:30,34
2001-08-18-09:30,35
2001-08-18-10:30,35
2001-08-18-12:30,34
2001-08-18-13:30,33
2001-08-18-14:30,32
2001-08-18-15:30,31
2001-08-18-16:30,30
2001-08-18-17:30,30
2001-08-18-18:30,30
2001-08-18-19:30,29
2001-08-18-20:30,29
2001-08-18-21:30,28
2001-08-18-22:30,27
2001-08-19-00:30,27
2001-08-19-01:30,27
2001-08-19-02:30,27
2001-08-19-03:30,30
2001-08-19-04:30,31
2001-08-19-05:30,32
2001-08-19-06:30,33
2001-08-19-07:30,33
2001-08-19-08:30,34
2001-08-19-09:30,35
2001-08-19-10:30,35
2001-08-19-11:30,35
2001-08-19-12:30,35
2001-08-19-13:30,33
2001-08-19-14:30,32
2001-08-19-15:30,32
2001-08-19-16:30,32
2001-08-19-17:30,31
2001-08-19-18:30,31
2001-08-19-19:30,30
2001-08-19-20:30,29
2001-08-19-21:30,28
2001-08-19-22:30,27
2001-08-19-23:30,27
2001-08-20-00:30,26
2001-08-20-01:30,27
2001-08-20-02:30,28
2001-08-20-03:30,29
2001-08-20-04:30,31
2001-08-20-05:30,33
2001-08-20-06:30,33
2001-08-20-07:30,34
2001-08-20-08:30,35
2001-08-20-09:30,35
2001-08-20-10:30,35
2001-08-20-11:30,35
2001-08-20-12:30,35
2001-08-20-13:30,33
2001-08-20-14:30,32
2001-08-20-15:30,33
2001-08-20-16:30,32
2001-08-20-17:30,32
2001-08-20-18:30,31
2001-08-20-19:30,31
2001-08-20-20:30,30
2001-08-20-21:30,29
2001-08-20-22:30,29
2001-08-20-23:30,28
2001-08-21-00:30,28
2001-08-21-01:30,29
2001-08-21-02:30,30
2001-08-21-03:30,31
2001-08-21-04:30,33
2001-08-21-05:30,34
2001-08-21-06:30,34
2001-08-21-07:30,35
2001-08-21-08:30,35
2001-08-21-09:30,36
2001-08-21-10:30,36
2001-08-21-11:30,35
2001-08-21-12:30,35
2001-08-21-13:30,34
2001-08-21-14:30,34
2001-08-21-15:30,33
2001-08-21-16:30,33
2001-08-21-17:30,32
2001-08-21-18:30,31
2001-08-21-19:30,31
2001-08-21-20:30,30
2001-08-21-21:30,30
2001-08-21-22:30,29
2001-08-21-23:30,28
2001-08-22-00:30,28
2001-08-22-01:30,29
2001-08-22-02:30,29
2001-08-22-03:30,31
2001-08-22-04:30,33
2001-08-22-05:30,34
2001-08-22-06:30,35
2001-08-22-07:30,35
2001-08-22-08:30,36
2001-08-22-09:30,36
2001-08-22-10:30,36
2001-08-22-11:30,36
2001-08-22-12:30,35
2001-08-22-13:30,34
2001-08-22-14:30,34
2001-08-22-15:30,33
2001-08-22-16:30,31
2001-08-22-17:30,31
2001-08-22-18:30,31
2001-08-22-19:30,30
2001-08-22-20:30,29
2001-08-22-21:30,28
2001-08-22-22:30,28
2001-08-22-23:30,28
2001-08-23-00:30,28
2001-08-23-01:30,28
2001-08-23-02:30,29
2001-08-23-03:30,31
2001-08-23-04:30,33
2001-08-23-05:30,33
2001-08-23-06:30,34
2001-08-23-07:21,35
2001-08-23-08:30,36
2001-08-23-09:30,36
2001-08-23-10:30,37
2001-08-23-11:30,36
2001-08-23-12:30,35
2001-08-23-13:30,35
2001-08-23-14:30,34
2001-08-23-15:30,33
2001-08-23-16:30,32
2001-08-23-17:30,32
2001-08-23-18:30,31
2001-08-23-19:30,30
2001-08-23-20:30,30
2001-08-23-21:30,29
2001-08-23-23:30,28
2001-08-24-00:30,28
2001-08-24-02:30,29
2001-08-24-03:30,31
2001-08-24-04:30,32
2001-08-24-05:30,33
2001-08-24-06:30,34
2001-08-24-07:30,35
2001-08-24-08:30,35
2001-08-24-09:30,35
2001-08-24-10:30,36
2001-08-24-11:30,34
2001-08-25-02:30,30
2001-08-25-03:30,31
2001-08-25-04:30,33
2001-08-25-05:30,32
2001-08-25-07:30,36
2001-08-25-08:30,37
2001-08-25-09:30,36
2001-08-25-10:30,36
2001-08-25-11:30,36
2001-08-25-12:30,35
2001-08-25-13:30,34
2001-08-25-14:30,34
2001-08-25-15:30,33
2001-08-25-16:30,31
2001-08-25-17:30,31
2001-08-25-18:30,30
2001-08-25-19:30,30
2001-08-25-20:30,30
2001-08-25-21:30,29
2001-08-25-22:30,29
2001-08-25-23:30,28
2001-08-26-00:30,28
2001-08-26-01:30,28
2001-08-26-02:30,30
2001-08-26-03:30,31
2001-08-26-04:30,33
2001-08-26-05:30,34
2001-08-26-06:30,35
2001-08-26-07:30,36
2001-08-26-08:30,36
2001-08-26-09:30,36
2001-08-26-10:30,37
2001-08-26-11:30,36
2001-08-26-12:30,35
2001-08-26-13:30,34
2001-08-26-14:30,33
2001-08-26-15:30,32
2001-08-26-16:30,31
2001-08-26-17:30,30
2001-08-26-18:30,29
2001-08-26-19:30,29
2001-08-26-20:30,28
2001-08-26-21:30,28
2001-08-26-22:30,28
2001-08-26-23:30,27
2001-08-27-00:30,27
2001-08-27-01:30,27
2001-08-27-02:30,29
2001-08-27-03:30,31
2001-08-27-04:30,32
2001-08-27-05:30,34
2001-08-27-06:30,34
2001-08-27-07:30,36
2001-08-27-08:30,37
2001-08-27-09:30,37
2001-08-27-10:30,37
2001-08-27-11:30,37
2001-08-27-12:30,37
2001-08-27-13:30,35
2001-08-27-14:30,33
2001-08-27-15:30,32
2001-08-27-16:30,32
2001-08-27-17:30,31
2001-08-27-18:30,30
2001-08-27-19:30,29
2001-08-27-20:30,29
2001-08-27-21:30,28
2001-08-27-22:30,27
2001-08-27-23:30,27
2001-08-28-00:30,27
2001-08-28-01:30,28
2001-08-28-02:30,29
2001-08-28-03:30,30
2001-08-28-04:30,32
2001-08-28-05:30,33
2001-08-28-06:30,35
2001-08-28-07:30,36
2001-08-28-08:30,37
2001-08-28-09:30,37
2001-08-28-10:30,38
2001-08-28-11:30,37
2001-08-28-12:30,36
2001-08-28-13:30,35
2001-08-28-14:30,34
2001-08-28-15:30,33
2001-08-28-16:30,32
2001-08-28-17:30,31
2001-08-28-18:30,30
2001-08-28-19:30,29
2001-08-28-20:30,29
2001-08-28-21:30,28
2001-08-28-22:30,27
2001-08-28-23:30,27
2001-08-29-00:30,27
2001-08-29-01:30,27
2001-08-29-02:30,29
2001-08-29-03:30,30
2001-08-29-04:30,32
2001-08-29-05:30,33
2001-08-29-06:30,34
2001-08-29-07:30,35
2001-08-29-08:30,36
2001-08-29-09:30,37
2001-08-29-10:30,37
2001-08-29-11:30,37
2001-08-29-13:30,34
2001-08-29-14:30,34
2001-08-29-15:30,33
2001-08-29-16:30,33
2001-08-29-17:30,32
2001-08-29-18:30,31
2001-08-29-19:30,30
2001-08-29-20:30,30
2001-08-29-21:30,29
2001-08-29-22:30,28
2001-08-29-23:30,28
2001-08-30-00:30,27
2001-08-30-01:30,28
2001-08-30-02:30,29
2001-08-30-03:30,30
2001-08-30-04:30,32
2001-08-30-05:30,33
2001-08-30-06:30,34
2001-08-30-07:30,35
2001-08-30-08:30,35
2001-08-30-09:30,36
2001-08-30-10:30,36
2001-08-30-11:30,35
2001-08-30-12:30,35
2001-08-30-13:30,34
2001-08-30-14:30,33
2001-08-30-15:30,33
2001-08-30-16:30,33
2001-08-30-17:30,32
2001-08-30-18:30,32
2001-08-30-19:30,31
2001-08-30-20:30,30
2001-08-30-21:30,29
2001-08-30-22:30,29
2001-08-30-23:30,28
2001-08-31-00:30,27
2001-08-31-01:30,28
2001-08-31-02:30,29
2001-08-31-03:30,31
2001-08-31-04:30,33
2001-08-31-05:30,34
2001-08-31-06:30,35
2001-08-31-07:30,36
2001-08-31-08:30,37
2001-08-31-09:30,38
2001-08-31-10:30,38
2001-08-31-11:30,38
2001-08-31-12:30,36
2001-08-31-13:30,35
2001-08-31-14:30,34
2001-08-31-15:30,33
2001-08-31-16:30,33
2001-08-31-17:30,32
2001-08-31-18:30,32
2001-08-31-19:30,31
2001-08-31-20:30,31
2001-08-31-21:30,31
2001-08-31-22:30,30
2001-08-31-23:30,29
2001-09-01-00:30,29
2001-09-01-01:30,29
2001-09-01-02:30,30
2001-09-01-03:30,31
2001-09-01-04:30,33
2001-09-01-05:30,34
2001-09-01-06:30,35
2001-09-01-07:30,36
2001-09-01-08:30,37
2001-09-01-09:30,37
2001-09-01-10:30,37
2001-09-01-11:30,37
2001-09-01-12:30,35
2001-09-01-13:30,33
2001-09-01-14:30,33
2001-09-01-15:30,32
2001-09-01-16:30,32
2001-09-01-17:30,31
2001-09-01-18:30,30
2001-09-01-19:30,30
2001-09-01-20:30,30
2001-09-01-21:30,30
2001-09-01-22:30,29
2001-09-01-23:30,29
2001-09-02-00:30,29
2001-09-02-01:30,29
2001-09-02-02:30,31
2001-09-02-03:30,32
2001-09-02-04:30,34
2001-09-02-05:30,35
2001-09-02-06:30,36
2001-09-02-07:30,36
2001-09-02-08:30,27
2001-09-02-09:30,28
2001-09-02-10:30,32
2001-09-02-11:30,34
2001-09-02-12:30,33
2001-09-02-13:30,31
2001-09-02-14:30,31
2001-09-02-15:30,30
2001-09-02-16:30,30
2001-09-02-17:30,30
2001-09-02-18:30,30
2001-09-02-19:30,29
2001-09-02-20:30,27.5
2001-09-02-21:30,26
2001-09-02-22:30,26
2001-09-02-23:30,26
2001-09-03-03:30,31
2001-09-03-04:30,33
2001-09-03-05:30,34
2001-09-03-06:30,35
2001-09-03-07:30,36
2001-09-03-08:30,36
2001-09-03-09:30,36
2001-09-03-10:30,35
2001-09-03-11:30,35
2001-09-03-12:30,34
2001-09-03-13:30,32
2001-09-03-14:30,29
2001-09-03-15:30,30
2001-09-03-16:30,31
2001-09-03-17:30,30
2001-09-03-18:30,31
2001-09-03-19:30,25
2001-09-03-20:30,27
2001-09-03-20:50,27
2001-09-03-21:30,28
2001-09-03-22:30,28
2001-09-03-23:30,27
2001-09-04-00:30,27
2001-09-04-01:30,27
2001-09-04-02:30,29
2001-09-04-03:30,30
2001-09-04-04:30,32
2001-09-04-05:30,33
2001-09-04-06:30,34
2001-09-04-07:30,35
2001-09-04-08:30,36
2001-09-04-09:30,36
2001-09-04-10:30,36
2001-09-04-11:30,36
2001-09-04-12:30,35
2001-09-04-13:30,34
2001-09-04-14:30,34
2001-09-04-15:30,33
2001-09-04-16:30,33
2001-09-04-17:30,32
2001-09-04-18:30,30
2001-09-04-19:30,30
2001-09-04-20:30,29
2001-09-04-21:30,29
2001-09-04-22:30,28
2001-09-04-23:30,27
2001-09-05-00:30,27
2001-09-05-01:30,27
2001-09-05-02:30,28
2001-09-05-03:30,31
2001-09-05-04:30,32
2001-09-05-05:30,34
2001-09-05-06:30,35
2001-09-05-07:30,36
2001-09-05-08:30,36
2001-09-05-09:30,37
2001-09-05-10:30,37
2001-09-05-11:30,37
2001-09-05-12:30,35
2001-09-05-13:30,34
2001-09-05-14:30,33
2001-09-05-15:30,33
2001-09-05-16:30,33
2001-09-05-17:30,31
2001-09-05-18:30,29
2001-09-05-19:30,29
2001-09-05-20:30,29
2001-09-05-21:30,29
2001-09-05-22:30,27
2001-09-05-23:30,27
2001-09-06-00:30,26
2001-09-06-01:30,27
2001-09-06-02:30,29
2001-09-06-03:30,31
2001-09-06-04:30,33
2001-09-06-05:30,34
2001-09-06-06:30,35
2001-09-06-07:30,36
2001-09-06-08:30,36
2001-09-06-09:30,37
2001-09-06-10:30,37
2001-09-06-11:30,36
2001-09-06-12:30,35
2001-09-06-13:30,33
2001-09-06-14:30,32
2001-09-06-15:30,31
2001-09-06-16:30,29
2001-09-06-17:30,29
2001-09-06-18:30,29
2001-09-06-19:30,28
2001-09-06-20:30,28
2001-09-06-21:30,28
2001-09-06-22:30,29
2001-09-06-23:30,28
2001-09-07-00:30,27
2001-09-07-01:30,28
2001-09-07-02:30,29
2001-09-07-03:30,31
2001-09-07-04:30,33
2001-09-07-05:30,34
2001-09-07-06:30,35
2001-09-07-07:30,35
2001-09-07-08:30,36
2001-09-07-09:30,35
2001-09-07-10:30,30
2001-09-07-11:30,28
2001-09-07-12:30,29
2001-09-07-13:30,27
2001-09-07-14:30,28
2001-09-07-15:30,29
2001-09-07-16:30,28
2001-09-07-17:30,28
2001-09-07-18:30,28
2001-09-07-19:30,28
2001-09-07-20:30,28
2001-09-07-21:30,27
2001-09-07-22:30,27
2001-09-07-23:30,27
2001-09-08-00:30,26
2001-09-08-01:30,27
2001-09-08-02:30,28
2001-09-08-03:30,30
2001-09-08-04:30,32
2001-09-08-05:30,34
2001-09-08-06:30,36
2001-09-08-07:30,36
2001-09-08-08:30,37
2001-09-08-09:30,37
2001-09-08-10:30,37
2001-09-08-11:30,37
2001-09-08-12:30,36
2001-09-08-13:30,34
2001-09-08-14:30,33
2001-09-08-15:30,33
2001-09-08-16:30,32
2001-09-08-17:30,30
2001-09-08-18:30,29
2001-09-08-19:30,28
2001-09-08-20:30,28
2001-09-08-21:30,27
2001-09-08-22:30,27
2001-09-08-23:30,27
2001-09-09-00:30,27
2001-09-09-01:30,27
2001-09-09-02:30,29
2001-09-09-03:30,32
2001-09-09-04:30,33
2001-09-09-05:30,35
2001-09-09-06:30,36
2001-09-09-07:30,37
2001-09-09-08:30,37
2001-09-09-09:30,38
2001-09-09-10:30,37
2001-09-09-11:30,37
2001-09-09-12:30,36
2001-09-09-13:30,34
2001-09-09-14:30,34
2001-09-09-15:30,33
2001-09-09-16:30,32
2001-09-09-17:30,31
2001-09-09-18:30,30
2001-09-09-19:30,30
2001-09-09-20:30,29
2001-09-09-21:30,29
2001-09-09-22:30,29
2001-09-09-23:30,28
2001-09-10-00:30,28
2001-09-10-01:30,28
2001-09-10-02:30,29
2001-09-10-03:30,32
2001-09-10-04:30,34
2001-09-10-05:30,35
2001-09-10-06:30,36
2001-09-10-07:30,36
2001-09-10-08:30,37
2001-09-10-09:30,37
2001-09-10-10:30,37
2001-09-10-11:30,36
2001-09-10-12:30,36
2001-09-10-13:30,34
2001-09-10-15:30,33
2001-09-10-16:30,31
2001-09-10-17:30,30
2001-09-10-18:30,29
2001-09-10-19:30,29
2001-09-10-20:30,29
2001-09-10-21:30,29
2001-09-10-22:30,28
2001-09-10-23:30,28
2001-09-11-00:30,27
2001-09-11-01:30,28
2001-09-11-02:30,29
2001-09-11-04:30,33
2001-09-11-05:30,34
2001-09-11-06:30,35
2001-09-11-07:30,36
2001-09-11-08:30,37
2001-09-11-09:30,37
2001-09-11-10:30,36.5
2001-09-11-11:30,36
2001-09-11-12:30,35
2001-09-11-13:30,34
2001-09-11-14:30,33
2001-09-11-15:30,32
2001-09-11-16:30,31
2001-09-11-17:30,31
2001-09-11-18:30,30
2001-09-11-19:30,30
2001-09-11-20:30,29
2001-09-11-21:30,29
2001-09-11-22:30,29
2001-09-11-23:30,28
2001-09-12-00:30,28
2001-09-12-01:30,28
2001-09-12-02:30,31
2001-09-12-03:30,32
2001-09-12-04:30,34
2001-09-12-05:30,35
2001-09-12-06:30,35
2001-09-12-07:30,36
2001-09-12-08:30,36
2001-09-12-09:30,37
2001-09-12-10:30,37
2001-09-12-11:30,36
2001-09-12-12:30,35
2001-09-12-13:30,35
2001-09-12-14:30,33
2001-09-12-15:30,32
2001-09-12-16:30,32
2001-09-12-17:30,31
2001-09-12-19:30,31
2001-09-12-20:30,30
2001-09-12-21:30,29
2001-09-12-22:30,29
2001-09-12-23:30,28
2001-09-13-00:30,28
2001-09-13-01:30,28
2001-09-13-02:30,31
2001-09-13-03:30,33
2001-09-13-04:30,34
2001-09-13-05:30,35
2001-09-13-06:30,36
2001-09-13-07:30,37
2001-09-13-08:30,37
2001-09-13-09:30,37
2001-09-13-10:30,36
2001-09-13-11:30,36
2001-09-13-12:30,34
2001-09-13-13:30,33
2001-09-13-14:30,32
2001-09-13-15:30,32
2001-09-13-16:30,31
2001-09-13-17:30,30
2001-09-13-18:30,29
2001-09-13-19:30,29
2001-09-13-20:30,30
2001-09-13-21:30,29
2001-09-13-22:30,29
2001-09-13-23:30,29
2001-09-14-00:30,29
2001-09-14-01:30,28
2001-09-14-02:30,30
2001-09-14-03:30,33
2001-09-14-04:30,34
2001-09-14-05:30,36
2001-09-14-06:30,36
2001-09-14-07:30,37
2001-09-14-08:30,33
2001-09-14-09:30,35
2001-09-14-10:30,33
2001-09-14-11:30,28
2001-09-14-12:30,25
2001-09-14-13:30,25
2001-09-14-14:30,26
2001-09-14-15:30,26
2001-09-14-16:30,26
2001-09-14-17:30,25
2001-09-14-18:30,24
2001-09-14-19:30,24
2001-09-14-20:30,24
2001-09-14-21:30,24
2001-09-14-22:30,25
2001-09-14-23:30,25
2001-09-15-00:30,25
2001-09-15-01:30,26
2001-09-15-02:30,26
2001-09-15-03:30,28
2001-09-15-04:30,30
2001-09-15-05:30,31
2001-09-15-06:30,33
2001-09-15-07:30,34
2001-09-15-08:30,34
2001-09-15-09:30,34
2001-09-15-10:30,33
2001-09-15-11:30,33
2001-09-15-12:30,32
2001-09-15-13:30,31
2001-09-15-14:30,29
2001-09-15-15:30,29
2001-09-15-16:30,28
2001-09-15-17:30,27
2001-09-15-18:30,26
2001-09-15-19:30,26
2001-09-15-20:30,25
2001-09-15-21:30,25
2001-09-15-22:30,25
2001-09-15-23:30,25
2001-09-16-00:30,25
2001-09-16-01:30,26
2001-09-16-02:30,28
2001-09-16-03:30,29
2001-09-16-04:30,31
2001-09-16-05:30,32
2001-09-16-06:30,34
2001-09-16-07:30,35
2001-09-16-08:30,35
2001-09-16-10:30,36
2001-09-16-11:30,35
2001-09-16-12:30,33
2001-09-16-13:30,32
2001-09-16-14:30,31
2001-09-16-15:30,30
2001-09-16-16:30,29
2001-09-16-17:30,29
2001-09-16-18:30,28
2001-09-16-19:30,27
2001-09-16-20:30,27
2001-09-16-21:30,26
2001-09-16-22:30,26
2001-09-16-23:30,25
2001-09-17-00:30,25
2001-09-17-01:30,25
2001-09-17-02:30,27
2001-09-17-03:30,30
2001-09-17-04:30,32
2001-09-17-05:30,33
2001-09-17-06:30,34
2001-09-17-07:30,35
2001-09-17-08:30,36
2001-09-17-09:30,35
2001-09-17-10:30,35
2001-09-17-11:30,35
2001-09-17-12:30,34
2001-09-17-13:30,33
2001-09-17-14:30,31
2001-09-17-15:30,30
2001-09-17-16:30,29
2001-09-17-17:30,28
2001-09-17-18:30,28
2001-09-17-19:30,26
2001-09-17-20:30,26
2001-09-17-22:30,26
2001-09-17-23:30,25
2001-09-18-00:30,25
2001-09-18-01:30,26
2001-09-18-02:30,29
2001-09-18-03:30,31
2001-09-18-04:30,33
2001-09-18-05:30,34
2001-09-18-06:30,35
2001-09-18-07:30,36
2001-09-18-09:30,37
2001-09-18-10:30,37
2001-09-18-11:30,37
2001-09-18-12:30,35
2001-09-18-13:30,33
2001-09-18-14:30,31
2001-09-18-15:30,31
2001-09-18-16:30,31
2001-09-18-18:30,28
2001-09-18-19:30,28
2001-09-18-20:30,27
2001-09-18-21:30,27
2001-09-18-22:30,27
2001-09-18-23:30,27
2001-09-19-00:30,26
2001-09-19-01:30,27
2001-09-19-02:30,29
2001-09-19-03:30,31
2001-09-19-04:30,33
2001-09-19-05:30,36
2001-09-19-06:30,38
2001-09-19-08:30,39
2001-09-19-09:30,39
2001-09-19-10:30,38
2001-09-19-11:30,37
2001-09-19-12:30,36
2001-09-19-13:30,34
2001-09-19-14:30,33
2001-09-19-15:30,31
2001-09-19-16:30,30
2001-09-19-17:30,29
2001-09-19-18:30,28
2001-09-19-19:30,28
2001-09-19-20:30,28
2001-09-19-23:30,26
2001-09-20-00:30,25
2001-09-20-01:30,26
2001-09-20-02:30,29
2001-09-20-03:30,31
2001-09-20-04:30,34
2001-09-20-05:30,36
2001-09-20-06:30,37
2001-09-20-07:30,38
2001-09-20-08:30,39
2001-09-20-09:30,39
2001-09-20-10:30,38
2001-09-20-11:30,38
2001-09-20-12:30,36
2001-09-20-13:30,35
2001-09-20-14:30,33
2001-09-20-15:30,32
2001-09-20-17:30,30
2001-09-20-18:30,29
2001-09-20-19:30,28
2001-09-20-20:30,27
2001-09-20-21:30,27
2001-09-20-22:30,26
2001-09-20-23:30,26
2001-09-21-00:30,25
2001-09-21-01:30,26
2001-09-21-02:30,29
2001-09-21-03:30,31
2001-09-21-04:30,34
2001-09-21-05:30,36
2001-09-21-06:30,37
2001-09-21-07:30,38
2001-09-21-08:30,38
2001-09-21-09:30,38
2001-09-21-10:30,37
2001-09-21-11:30,37
2001-09-21-12:30,35
2001-09-21-13:30,34
2001-09-21-14:30,33
2001-09-21-15:30,33
2001-09-21-16:30,31
2001-09-21-17:30,30
2001-09-21-18:30,28
2001-09-21-19:30,28
2001-09-21-20:30,25
2001-09-21-21:30,25
2001-09-21-22:30,25
2001-09-21-23:30,25
2001-09-22-00:30,24
2001-09-22-01:30,25
2001-09-22-02:30,27
2001-09-22-03:30,31
2001-09-22-04:30,33
2001-09-22-05:30,35
2001-09-22-06:30,36
2001-09-22-07:30,37
2001-09-22-08:30,37
2001-09-22-09:30,37
2001-09-22-10:30,37
2001-09-22-11:30,36
2001-09-22-12:30,35
2001-09-22-13:30,33
2001-09-22-14:30,32
2001-09-22-15:30,32
2001-09-22-16:30,31
2001-09-22-17:30,30
2001-09-22-18:30,29
2001-09-22-19:30,29
2001-09-22-20:30,28
2001-09-22-21:30,28
2001-09-22-22:30,27
2001-09-22-23:30,27
2001-09-23-00:30,27
2001-09-23-01:30,27
2001-09-23-02:30,29
2001-09-23-03:30,31
2001-09-23-04:30,34
2001-09-23-05:30,36
2001-09-23-06:30,37
2001-09-23-07:30,37
2001-09-23-08:30,38
2001-09-23-09:30,37
2001-09-23-10:30,37
2001-09-23-11:30,36
2001-09-23-12:30,34
2001-09-23-13:30,33
2001-09-23-14:30,32
2001-09-23-15:30,31
2001-09-23-16:30,31
2001-09-23-17:30,29
2001-09-23-18:30,28
2001-09-23-19:30,27
2001-09-23-20:30,27
2001-09-23-22:30,26
2001-09-23-23:30,25
2001-09-24-00:30,25
2001-09-24-01:30,25
2001-09-24-02:30,28
2001-09-24-03:30,32
2001-09-24-04:21,34
2001-09-24-05:30,34
2001-09-24-06:30,37
2001-09-24-07:30,37
2001-09-24-08:30,38
2001-09-24-09:30,38
2001-09-24-10:30,37
2001-09-24-11:30,36
2001-09-24-12:30,34
2001-09-24-13:30,33
2001-09-24-14:30,32
2001-09-24-15:30,31
2001-09-24-16:30,30
2001-09-24-17:30,29
2001-09-24-18:30,27
2001-09-24-19:30,27
2001-09-24-20:30,27
2001-09-24-21:30,27
2001-09-24-22:30,26
2001-09-24-23:30,26
2001-09-25-00:30,26
2001-09-25-01:30,27
2001-09-25-02:30,30
2001-09-25-03:30,33
2001-09-25-04:30,34
2001-09-25-05:30,36
2001-09-25-06:30,37
2001-09-25-07:30,38
2001-09-25-08:30,38
2001-09-25-09:30,37
2001-09-25-10:30,37
2001-09-25-11:30,36
2001-09-25-12:30,34
2001-09-25-13:30,32
2001-09-25-14:30,31
2001-09-25-15:30,30
2001-09-25-16:30,29
2001-09-25-17:30,28
2001-09-25-18:30,28
2001-09-25-19:30,29
2001-09-25-20:30,25
2001-09-25-21:30,25
2001-09-26-00:30,24
2001-09-26-01:30,24
2001-09-26-02:30,27
2001-09-26-03:30,31
2001-09-26-04:30,34
2001-09-26-05:30,36
2001-09-26-06:30,37
2001-09-26-07:30,37
2001-09-26-08:30,37
2001-09-26-09:30,37
2001-09-26-10:30,37
2001-09-26-11:30,36
2001-09-26-12:30,34
2001-09-26-13:30,32
2001-09-26-14:30,31
2001-09-26-15:30,31
2001-09-26-16:30,30
2001-09-26-17:30,29
2001-09-26-18:30,27
2001-09-26-19:30,27
2001-09-26-20:30,26
2001-09-26-21:30,25
2001-09-27-00:30,24
2001-09-27-01:30,24
2001-09-27-02:30,26
2001-09-27-03:30,29
2001-09-27-04:30,33
2001-09-27-05:30,35
2001-09-27-06:30,36
2001-09-27-08:30,37
2001-09-27-10:30,37
2001-09-27-11:30,36
2001-09-27-12:30,34
2001-09-27-13:30,33
2001-09-27-14:30,32
2001-09-27-15:30,32
2001-09-27-16:30,29
2001-09-27-17:30,28
2001-09-27-18:30,27
2001-09-27-19:30,27
2001-09-27-20:30,26
2001-09-27-21:30,26
2001-09-27-22:30,25
2001-09-27-23:30,24
2001-09-28-00:30,24
2001-09-28-01:30,24
2001-09-28-02:30,27
2001-09-28-03:30,31
2001-09-28-04:30,33
2001-09-28-05:30,35
2001-09-28-06:30,37
2001-09-28-07:30,37
2001-09-28-08:30,37
2001-09-28-09:30,38
2001-09-28-10:30,37
2001-09-28-12:30,35
2001-09-28-13:30,32
2001-09-28-14:30,31
2001-09-28-15:30,31
2001-09-28-16:30,29
2001-09-28-17:30,28
2001-09-28-18:30,28
2001-09-28-21:30,27
2001-09-28-22:30,26
2001-09-29-00:30,25
2001-09-29-01:30,26
2001-09-29-02:30,28
2001-09-29-03:30,30
2001-09-29-04:30,32
2001-09-29-05:30,33
2001-09-29-06:30,35
2001-09-29-07:30,35
2001-09-29-08:30,36
2001-09-29-09:30,36
2001-09-29-10:30,36
2001-09-29-11:30,35
2001-09-29-12:30,34
2001-09-29-13:30,31
2001-09-29-14:30,31
2001-09-29-15:30,30
2001-09-29-16:30,30
2001-09-29-17:30,29
2001-09-29-18:30,28
2001-09-29-19:30,28
2001-09-29-20:30,27
2001-09-29-21:30,26
2001-09-29-22:30,26
2001-09-29-23:30,26
2001-09-30-00:30,25
2001-09-30-01:30,26
2001-09-30-02:30,27
2001-09-30-03:30,29
2001-09-30-04:30,30
2001-09-30-05:30,30
2001-09-30-06:30,32
2001-09-30-07:30,31
2001-09-30-08:30,31
2001-09-30-09:30,32
2001-09-30-10:30,32
2001-09-30-11:30,31
2001-09-30-12:30,30
2001-09-30-13:30,29
2001-09-30-14:30,28
2001-09-30-15:30,28
2001-09-30-16:30,27
2001-09-30-17:30,27
2001-09-30-18:30,27
2001-09-30-19:30,27
2001-09-30-20:30,27
2001-09-30-21:30,27
2001-09-30-22:30,26
2001-09-30-23:30,26
2001-10-01-00:30,26
2001-10-01-01:30,28
2001-10-01-02:30,29
2001-10-01-04:30,32
2001-10-01-05:30,33
2001-10-01-07:30,34
2001-10-01-08:30,34
2001-10-01-09:30,35
2001-10-01-10:30,35
2001-10-01-11:30,31
2001-10-01-13:30,25
2001-10-01-14:30,24
2001-10-01-15:30,25
2001-10-01-16:30,25
2001-10-01-17:30,26
2001-10-01-18:30,26
2001-10-01-19:30,26
2001-10-01-20:30,26
2001-10-01-21:30,26
2001-10-01-22:30,26
2001-10-01-23:30,25
2001-10-02-00:30,25
2001-10-02-01:30,25
2001-10-02-02:30,26
2001-10-02-03:30,26
2001-10-02-04:30,26
2001-10-02-05:30,27
2001-10-02-06:30,28
2001-10-02-08:30,31
2001-10-02-09:30,32
2001-10-02-10:30,32
2001-10-02-11:30,31
2001-10-02-12:30,30
2001-10-02-13:30,29
2001-10-02-14:30,28
2001-10-02-15:30,28
2001-10-02-16:30,27
2001-10-02-17:30,27
2001-10-02-18:30,26
2001-10-02-19:30,26
2001-10-02-20:30,25
2001-10-02-21:30,25
2001-10-02-22:30,25
2001-10-02-23:30,25
2001-10-03-00:30,25
2001-10-03-01:30,25
2001-10-03-02:30,26
2001-10-03-03:30,28
2001-10-03-04:30,29
2001-10-03-05:30,31
2001-10-03-06:30,32
2001-10-03-07:30,32
2001-10-03-08:30,32
2001-10-03-09:30,32
2001-10-03-10:30,32
2001-10-03-11:30,31
2001-10-03-12:30,31
2001-10-03-13:30,30
2001-10-03-14:30,29
2001-10-03-15:30,28
2001-10-03-16:30,28
2001-10-03-17:30,27
2001-10-03-18:30,27
2001-10-03-19:30,27
2001-10-03-20:30,26
2001-10-03-21:30,26
2001-10-03-22:30,26
2001-10-03-23:30,26
2001-10-04-00:30,26
2001-10-04-01:30,26
2001-10-04-02:30,28
2001-10-04-03:30,30
2001-10-04-04:30,31
2001-10-04-05:30,32
2001-10-04-06:30,33
2001-10-04-07:30,33
2001-10-04-08:30,34
2001-10-04-09:30,33
2001-10-04-10:30,33
2001-10-04-11:30,27
2001-10-04-12:30,25
2001-10-04-13:30,26
2001-10-04-14:30,26
2001-10-04-15:30,26
2001-10-04-16:30,26
2001-10-04-17:30,26
2001-10-04-18:30,26
2001-10-04-19:30,26
2001-10-04-20:30,26
2001-10-04-21:30,26
2001-10-04-22:30,25
2001-10-04-23:30,25
2001-10-05-00:30,25
2001-10-05-01:30,25
2001-10-05-02:30,27
2001-10-05-05:30,31
2001-10-05-06:30,33
2001-10-05-07:30,34
2001-10-05-08:30,34
2001-10-05-09:30,34
2001-10-05-10:30,34
2001-10-05-12:30,32
2001-10-05-13:30,32
2001-10-05-14:30,31
2001-10-05-15:30,29
2001-10-05-16:30,28
2001-10-05-17:30,27
2001-10-05-18:30,27
2001-10-05-19:30,26
2001-10-05-20:30,26
2001-10-05-21:30,25
2001-10-05-22:30,25
2001-10-05-23:30,25
2001-10-06-00:30,24
2001-10-06-01:30,24
2001-10-06-02:30,26
2001-10-06-03:30,28
2001-10-06-05:30,33
2001-10-06-06:30,33
2001-10-06-07:30,34
2001-10-06-09:30,36
2001-10-06-10:30,35
2001-10-06-11:30,34
2001-10-06-12:30,32
2001-10-06-13:30,31
2001-10-06-14:30,30
2001-10-06-15:30,29
2001-10-06-16:30,28
2001-10-06-17:30,28
2001-10-06-18:30,27
2001-10-06-19:30,27
2001-10-06-20:30,26
2001-10-06-22:30,25
2001-10-06-23:30,24
2001-10-07-00:30,24
2001-10-07-01:30,24
2001-10-07-02:30,26
2001-10-07-03:30,30
2001-10-07-04:30,32
2001-10-07-05:30,33
2001-10-07-06:30,34
2001-10-07-07:30,35
2001-10-07-08:30,36
2001-10-07-09:30,36
2001-10-07-10:30,35
2001-10-07-11:30,34
2001-10-07-12:30,31
2001-10-07-13:30,30
2001-10-07-14:30,29
2001-10-07-15:30,29
2001-10-07-16:30,28
2001-10-07-18:30,25
2001-10-07-19:30,25
2001-10-07-20:30,25
2001-10-07-21:30,24
2001-10-07-22:30,24
2001-10-07-23:30,24
2001-10-08-04:30,31
2001-10-08-05:30,33
2001-10-08-06:30,34
2001-10-08-07:30,35
2001-10-08-09:30,35
2001-10-08-10:30,35
2001-10-08-11:30,34
2001-10-08-12:30,32
2001-10-08-13:30,31
2001-10-08-14:30,30
2001-10-08-15:30,28
2001-10-08-16:30,27
2001-10-08-17:30,26
2001-10-08-18:30,25
2001-10-08-19:30,24
2001-10-08-20:30,25
2001-10-08-21:30,25
2001-10-08-22:30,24
2001-10-08-23:30,23
2001-10-09-00:30,22
2001-10-09-01:30,23
2001-10-09-02:30,26
2001-10-09-03:30,29
2001-10-09-04:30,32
2001-10-09-05:30,34
2001-10-09-06:30,35
2001-10-09-08:30,36
2001-10-09-09:30,37
2001-10-09-10:21,35
2001-10-09-11:30,34
2001-10-09-12:30,32
2001-10-09-13:30,30
2001-10-09-14:30,30
2001-10-09-15:30,29
2001-10-09-16:30,27
2001-10-09-17:30,26
2001-10-09-18:30,25
2001-10-09-19:30,25
2001-10-09-20:30,25
2001-10-09-21:30,24
2001-10-09-22:30,24
2001-10-09-23:30,23
2001-10-10-00:30,23
2001-10-10-01:30,24
2001-10-10-02:30,27
2001-10-10-03:30,31
2001-10-10-04:30,33
2001-10-10-05:30,35
2001-10-10-06:30,36
2001-10-10-07:30,37
2001-10-10-08:30,38
2001-10-10-09:30,38
2001-10-10-10:30,37
2001-10-10-11:30,36
2001-10-10-12:30,33
2001-10-10-13:30,31
2001-10-10-14:30,30
2001-10-10-15:30,30
2001-10-10-16:30,28
2001-10-10-17:30,27
2001-10-10-18:30,27
2001-10-10-19:30,27
2001-10-10-20:30,27
2001-10-10-21:30,26
2001-10-10-22:30,26
2001-10-10-23:30,26
2001-10-11-00:30,27
2001-10-11-01:30,27
2001-10-11-02:30,28
2001-10-11-03:30,30
2001-10-11-04:30,33
2001-10-11-05:30,35
2001-10-11-06:30,35
2001-10-11-07:30,36
2001-10-11-08:30,36
2001-10-11-09:30,36
2001-10-11-10:30,35
2001-10-11-11:30,34
2001-10-11-12:30,32
2001-10-11-13:30,30
2001-10-11-14:30,29
2001-10-11-15:30,29
2001-10-11-16:30,29
2001-10-11-17:30,28
2001-10-11-18:30,28
2001-10-11-19:30,28
2001-10-11-20:30,27
2001-10-11-21:30,27
2001-10-11-22:30,26
2001-10-11-23:30,26
2001-10-12-00:30,26
2001-10-12-01:30,25
2001-10-12-02:30,29
2001-10-12-03:30,30
2001-10-12-04:30,31
2001-10-12-05:30,32
2001-10-12-06:30,32
2001-10-12-07:30,31
2001-10-12-08:30,31
2001-10-12-09:30,32
2001-10-12-10:30,33
2001-10-12-11:30,28
2001-10-12-12:30,28
2001-10-12-13:30,28
2001-10-12-14:30,26
2001-10-12-15:30,26
2001-10-12-16:30,25
2001-10-12-17:30,24
2001-10-12-18:30,24
2001-10-12-19:30,23
2001-10-12-20:30,22
2001-10-12-21:30,23
2001-10-12-22:30,22
2001-10-12-23:30,22
2001-10-13-00:30,23
2001-10-13-01:30,22
2001-10-13-02:30,25
2001-10-13-03:30,27
2001-10-13-04:30,29
2001-10-13-05:30,31
2001-10-13-06:30,32
2001-10-13-07:30,34
2001-10-13-08:30,34
2001-10-13-09:30,35
2001-10-13-10:30,35
2001-10-13-11:30,34
2001-10-13-12:30,33
2001-10-13-13:30,32
2001-10-13-14:30,30
2001-10-13-15:30,28
2001-10-13-16:30,28
2001-10-13-17:30,27
2001-10-14-03:00,25
2001-10-14-18:30,23
2001-10-14-19:30,23
2001-10-14-20:30,22
2001-10-14-21:30,22
2001-10-14-22:30,21
2001-10-14-23:30,20
2001-10-15-00:30,20
2001-10-15-01:30,21
2001-10-15-02:30,22
2001-10-15-03:30,24
2001-10-15-04:30,27
2001-10-15-05:30,30
2001-10-15-06:30,31
2001-10-15-07:30,33
2001-10-15-08:30,34
2001-10-15-09:30,33
2001-10-15-10:30,33
2001-10-15-11:30,32
2001-10-15-12:30,30
2001-10-15-13:30,28
2001-10-15-14:30,26
2001-10-15-15:30,25
2001-10-15-16:30,24
2001-10-15-17:30,23
2001-10-15-18:30,23
2001-10-15-19:30,23
2001-10-15-20:30,22
2001-10-15-21:30,21
2001-10-15-22:30,20
2001-10-15-23:30,20
2001-10-16-00:30,19
2001-10-16-01:30,19
2001-10-16-02:30,21
2001-10-16-03:30,23
2001-10-16-04:30,27
2001-10-16-05:30,29
2001-10-16-06:30,31
2001-10-16-07:30,32
2001-10-16-08:30,32
2001-10-16-09:30,34
2001-10-16-10:30,33
2001-10-16-11:30,32
2001-10-16-12:30,31
2001-10-16-13:30,30
2001-10-16-14:30,26
2001-10-16-15:30,25
2001-10-16-16:30,23
2001-10-16-18:30,23
2001-10-16-19:30,22
2001-10-16-20:30,21
2001-10-16-21:30,20
2001-10-16-22:30,20
2001-10-16-23:30,19
2001-10-17-00:30,19
2001-10-17-01:30,18
2001-10-17-02:30,20
2001-10-17-03:30,23
2001-10-17-04:30,28
2001-10-17-05:30,31
2001-10-17-06:30,32
2001-10-17-07:30,33
2001-10-17-08:30,34
2001-10-17-09:30,33
2001-10-17-10:30,33
2001-10-17-11:30,33
2001-10-17-12:30,31
2001-10-17-13:30,28
2001-10-17-14:30,27
2001-10-17-15:30,25
2001-10-17-16:30,23
2001-10-17-17:30,23
2001-10-17-18:30,22
2001-10-17-19:30,22
2001-10-17-20:30,21
2001-10-17-21:30,20
2001-10-17-22:30,19
2001-10-17-23:30,19
2001-10-18-00:30,19
2001-10-18-01:30,19
2001-10-18-02:30,21
2001-10-18-03:30,25
2001-10-18-04:30,27
2001-10-18-05:30,30
2001-10-18-06:30,32
2001-10-18-07:30,33
2001-10-18-08:30,34
2001-10-18-09:30,34
2001-10-18-10:30,34
2001-10-18-11:30,33
2001-10-18-12:30,31
2001-10-18-13:30,28
2001-10-18-14:30,26
2001-10-18-15:30,25
2001-10-18-16:30,24
2001-10-18-17:30,24
2001-10-18-18:30,23
2001-10-18-19:30,23
2001-10-18-20:30,22
2001-10-18-21:30,21
2001-10-18-22:30,20
2001-10-18-23:30,21
2001-10-19-00:30,20
2001-10-19-01:30,20
2001-10-19-02:30,23
2001-10-19-03:30,28
2001-10-19-04:30,32
2001-10-19-05:30,33
2001-10-19-06:30,34
2001-10-19-07:30,35
2001-10-19-08:30,36
2001-10-19-09:30,36
2001-10-19-10:30,36
2001-10-19-11:30,35
2001-10-19-12:30,33
2001-10-19-13:30,29
2001-10-19-14:30,27
2001-10-19-15:30,27
2001-10-19-16:30,24
2001-10-19-17:30,24
2001-10-19-18:30,24
2001-10-19-19:30,22
2001-10-19-20:30,22
2001-10-19-21:30,21
2001-10-19-23:30,20
2001-10-20-01:30,21
2001-10-20-02:30,21
2001-10-20-03:30,24
2001-10-20-04:30,27
2001-10-20-05:30,30
2001-10-20-06:30,32
2001-10-20-07:30,34
2001-10-20-08:30,34
2001-10-20-09:30,35
2001-10-20-10:30,34
2001-10-20-11:30,32
2001-10-20-12:30,30
2001-10-20-13:30,28
2001-10-20-14:30,27
2001-10-20-15:30,26
2001-10-20-16:30,25
2001-10-20-17:30,25
2001-10-20-18:30,24
2001-10-20-19:30,23
2001-10-20-20:30,22
2001-10-20-23:30,21
2001-10-21-00:30,22
2001-10-21-12:30,29
2001-10-21-13:30,27
2001-10-21-14:30,27
2001-10-21-15:30,26
2001-10-21-16:30,25
2001-10-21-17:30,24
2001-10-21-18:30,24
2001-10-21-19:30,23
2001-10-21-20:30,23
2001-10-21-21:30,22
2001-10-21-22:30,22
2001-10-21-23:30,22
2001-10-22-00:30,22
2001-10-22-01:30,22
2001-10-22-02:30,24
2001-10-22-03:30,28
2001-10-22-04:30,30
2001-10-22-05:30,33
2001-10-22-06:30,34
2001-10-22-07:30,35
2001-10-22-08:30,35
2001-10-22-09:30,35
2001-10-22-10:30,34
2001-10-22-11:30,33
2001-10-22-12:30,31
2001-10-22-13:30,29
2001-10-22-14:30,28
2001-10-22-15:30,27
2001-10-22-16:30,26
2001-10-22-17:30,26
2001-10-22-18:30,25
2001-10-22-19:30,25
2001-10-22-20:30,24
2001-10-22-21:30,24
2001-10-22-22:30,23
2001-10-22-23:30,22
2001-10-23-00:30,22
2001-10-23-01:30,21
2001-10-23-02:30,24
2001-10-23-03:30,27
2001-10-23-04:30,30
2001-10-23-05:30,32
2001-10-23-06:30,33
2001-10-23-07:30,34
2001-10-23-08:30,35
2001-10-23-09:30,35
2001-10-23-10:30,35
2001-10-23-11:30,33
2001-10-23-12:30,31
2001-10-23-13:30,30
2001-10-23-14:30,28
2001-10-23-15:30,28
2001-10-23-16:30,27
2001-10-23-17:30,26
2001-10-23-18:30,24
2001-10-23-19:30,23
2001-10-23-20:30,23
2001-10-23-21:30,22
2001-10-23-22:30,21
2001-10-23-23:30,21
2001-10-24-00:00,24
2001-10-24-00:30,21
2001-10-24-01:30,21
2001-10-24-02:30,22
2001-10-24-03:30,25
2001-10-24-04:30,28
2001-10-24-05:30,30
2001-10-24-06:30,31
2001-10-24-07:30,33
2001-10-24-08:30,34
2001-10-24-09:30,34
2001-10-24-10:30,34
2001-10-24-11:30,32
2001-10-24-12:30,30
2001-10-24-13:30,29
2001-10-24-14:30,28
2001-10-24-15:30,28
2001-10-24-16:30,26
2001-10-24-17:30,25
2001-10-24-18:30,24
2001-10-24-19:30,24
2001-10-24-20:30,24
2001-10-24-21:30,23
2001-10-24-22:30,23
2001-10-24-23:30,23
2001-10-25-00:30,22
2001-10-25-01:30,23
2001-10-25-02:30,25
2001-10-25-03:30,29
2001-10-25-04:30,32
2001-10-25-05:30,33
2001-10-25-06:30,34
2001-10-25-07:30,35
2001-10-25-08:30,36
2001-10-25-09:30,36
2001-10-25-10:30,35
2001-10-25-11:30,34
2001-10-25-12:30,32
2001-10-25-13:30,29
2001-10-25-14:30,29
2001-10-25-15:30,27
2001-10-25-16:30,27
2001-10-25-17:30,27
2001-10-25-18:30,25
2001-10-25-19:30,24
2001-10-25-20:30,24
2001-10-25-21:30,23
2001-10-25-22:30,22
2001-10-25-23:30,21
2001-10-26-00:30,20
2001-10-26-01:30,21
2001-10-26-02:30,23
2001-10-26-03:30,26
2001-10-26-04:30,29
2001-10-26-05:30,31
2001-10-26-06:30,33
2001-10-26-07:30,33
2001-10-26-08:30,34
2001-10-26-09:30,34
2001-10-26-10:30,34
2001-10-26-11:30,33
2001-10-26-12:30,31
2001-10-26-13:30,29
2001-10-26-14:30,27
2001-10-26-15:30,26
2001-10-26-16:30,25
2001-10-26-17:30,25
2001-10-26-18:30,25
2001-10-26-19:30,24
2001-10-26-20:30,23
2001-10-26-21:30,23
2001-10-26-22:30,23
2001-10-26-23:30,23
2001-10-27-00:30,22
2001-10-27-01:30,22
2001-10-27-02:30,24
2001-10-27-03:30,27
2001-10-27-04:30,28
2001-10-27-05:30,31
2001-10-27-06:30,32
2001-10-27-07:30,34
2001-10-27-08:30,34
2001-10-27-09:30,34
2001-10-27-10:30,33
2001-10-27-11:30,32
2001-10-27-12:30,31
2001-10-27-13:30,28
2001-10-27-14:30,27
2001-10-27-15:30,26
2001-10-27-16:30,25
2001-10-27-17:30,25
2001-10-27-18:30,25
2001-10-27-19:30,24
2001-10-27-20:30,23
2001-10-27-21:30,23
2001-10-27-22:30,23
2001-10-27-23:30,22
2001-10-28-00:30,23
2001-10-28-01:30,22
2001-10-28-02:30,25
2001-10-28-03:30,27
2001-10-28-04:30,30
2001-10-28-05:30,32
2001-10-28-06:30,32
2001-10-28-08:30,33
2001-10-28-09:30,34
2001-10-28-10:30,33
2001-10-28-11:30,31
2001-10-28-12:30,29
2001-10-28-13:30,29
2001-10-28-14:30,28
2001-10-28-15:30,26
2001-10-28-16:30,26
2001-10-28-17:30,25
2001-10-28-18:30,24
2001-10-28-19:30,24
2001-10-28-20:30,24
2001-10-28-21:30,23
2001-10-28-22:30,23
2001-10-28-23:30,23
2001-10-29-00:30,23
2001-10-29-01:30,22
2001-10-29-02:30,24
2001-10-29-03:30,26
2001-10-29-04:30,30
2001-10-29-05:30,32
2001-10-29-06:30,33
2001-10-29-07:30,34
2001-10-29-08:30,34
2001-10-29-09:30,35
2001-10-29-10:30,33
2001-10-29-11:30,32
2001-10-29-12:30,31
2001-10-29-13:30,29
2001-10-29-14:30,27
2001-10-29-15:30,27
2001-10-29-16:30,25
2001-10-29-17:30,25
2001-10-29-18:30,25
2001-10-29-19:30,24
2001-10-29-20:30,24
2001-10-29-21:30,23
2001-10-29-22:30,23
2001-10-29-23:30,23
2001-10-30-00:30,22
2001-10-30-01:30,22
2001-10-30-02:30,24
2001-10-30-04:30,28
2001-10-30-05:30,33
2001-10-30-06:30,33
2001-10-30-07:30,34
2001-10-30-08:30,35
2001-10-30-09:30,35
2001-10-30-10:30,34
2001-10-30-11:30,34
2001-10-30-12:30,32
2001-10-30-13:30,31
2001-10-30-14:30,27
2001-10-30-15:30,26
2001-10-30-16:30,26
2001-10-30-17:30,26
2001-10-30-18:30,25
2001-10-30-19:30,25
2001-10-30-20:30,23
2001-10-30-21:30,23
2001-10-30-22:30,22
2001-10-30-23:30,21
2001-10-31-00:30,21
2001-10-31-01:30,21
2001-10-31-03:30,26
2001-10-31-04:30,29
2001-10-31-05:30,32
2001-10-31-06:30,34
2001-10-31-07:30,35
2001-10-31-08:30,35
2001-10-31-09:30,36
2001-10-31-10:00,35.5
2001-10-31-10:30,35
2001-10-31-11:30,34
2001-10-31-15:30,28
2001-10-31-16:30,27
2001-10-31-17:30,27
2001-10-31-18:30,25
2001-10-31-19:30,24
2001-10-31-20:30,24
2001-10-31-21:30,22
2001-10-31-22:30,22
2001-10-31-23:30,21
2001-11-01-00:30,20
2001-11-01-01:30,21
2001-11-01-02:30,22
2001-11-01-03:30,25
2001-11-01-04:30,28
2001-11-01-05:30,31
2001-11-01-06:30,33
2001-11-01-07:30,34
2001-11-01-08:30,35
2001-11-01-09:30,35
2001-11-01-10:30,35
2001-11-01-11:30,34
2001-11-01-12:30,32
2001-11-01-13:30,30
2001-11-01-14:30,29
2001-11-01-15:30,27
2001-11-01-16:30,27
2001-11-01-17:30,27
2001-11-01-18:30,25
2001-11-01-19:30,24
2001-11-01-20:30,23
2001-11-01-21:30,23
2001-11-01-22:30,22
2001-11-01-23:30,21
2001-11-02-00:30,21
2001-11-02-01:30,21
2001-11-02-02:30,24
2001-11-02-03:30,28
2001-11-02-04:30,31
2001-11-02-05:30,33
2001-11-02-06:30,34
2001-11-02-07:30,35
2001-11-02-08:30,36
2001-11-02-09:30,36
2001-11-02-10:30,36
2001-11-02-11:30,35
2001-11-02-12:00,27
2001-11-02-12:30,31
2001-11-02-13:30,30
2001-11-02-14:30,28
2001-11-02-15:30,26.5
2001-11-02-17:30,25
2001-11-02-18:30,25
2001-11-02-19:30,25
2001-11-02-20:30,25
2001-11-02-21:30,26
2001-11-02-22:30,25
2001-11-02-23:30,24
2001-11-03-00:30,21
2001-11-03-01:30,21
2001-11-03-02:30,24
2001-11-03-03:30,28
2001-11-03-04:30,32
2001-11-03-05:30,33
2001-11-03-06:30,35
2001-11-03-07:30,35
2001-11-03-08:30,35
2001-11-03-09:30,35
2001-11-03-10:30,35
2001-11-03-11:30,33
2001-11-03-12:30,30
2001-11-03-13:30,28
2001-11-03-14:30,28
2001-11-03-15:30,28
2001-11-03-16:30,26
2001-11-03-17:30,26
2001-11-03-18:30,25
2001-11-03-19:30,25
2001-11-03-20:30,24
2001-11-03-21:30,23
2001-11-03-22:30,23
2001-11-03-23:30,23
2001-11-04-00:30,22
2001-11-04-01:30,22
2001-11-04-02:30,23
2001-11-04-03:30,25
2001-11-04-04:30,28
2001-11-04-05:30,31
2001-11-04-06:30,33
2001-11-04-07:30,34
2001-11-04-08:30,34
2001-11-04-09:30,34
2001-11-04-10:30,33
2001-11-04-11:30,31
2001-11-04-12:30,29
2001-11-04-13:30,27
2001-11-04-14:30,27
2001-11-04-15:30,25
2001-11-04-16:30,25
2001-11-04-17:30,25
2001-11-04-18:30,23
2001-11-04-19:30,23
2001-11-04-20:30,21
2001-11-04-21:21,20
2001-11-04-22:30,19
2001-11-04-23:30,18
2001-11-05-00:30,18
2001-11-05-01:30,18
2001-11-05-02:30,19
2001-11-05-03:30,22
2001-11-05-04:30,24
2001-11-05-05:30,28
2001-11-05-06:30,29
2001-11-05-07:30,30
2001-11-05-08:30,31
2001-11-05-09:30,31
2001-11-05-10:30,31
2001-11-05-11:30,30
2001-11-05-12:30,28
2001-11-05-13:30,27
2001-11-05-14:21,25
2001-11-05-15:30,25
2001-11-05-16:30,25
2001-11-05-17:30,23
2001-11-05-18:30,22
2001-11-05-19:30,27
2001-11-05-20:30,23
2001-11-05-21:30,22
2001-11-05-22:30,21
2001-11-06-00:30,20
2001-11-06-01:30,21
2001-11-06-02:30,22
2001-11-06-03:30,23
2001-11-06-04:30,26
2001-11-06-05:30,28
2001-11-06-06:30,27
2001-11-06-07:30,24
2001-11-06-08:30,26
2001-11-06-09:30,26
2001-11-06-10:30,25
2001-11-06-11:30,24
2001-11-06-12:30,23
2001-11-06-13:30,21
2001-11-06-14:30,21
2001-11-06-15:30,20
2001-11-06-16:30,19
2001-11-06-17:30,18
2001-11-06-18:30,18
2001-11-06-19:30,17
2001-11-06-20:30,17
2001-11-06-21:30,17
2001-11-06-22:30,17
2001-11-06-23:30,17
2001-11-07-00:30,17
2001-11-07-01:30,17
2001-11-07-02:30,18
2001-11-07-03:30,21
2001-11-07-04:30,23
2001-11-07-05:30,25
2001-11-07-06:30,27
2001-11-07-07:30,27
2001-11-07-08:30,28
2001-11-07-09:30,28
2001-11-07-10:30,28
2001-11-07-11:30,28
2001-11-07-12:30,25
2001-11-07-13:30,24
2001-11-07-14:30,22
2001-11-07-15:30,21
2001-11-07-16:30,21
2001-11-07-17:30,20
2001-11-07-18:30,18
2001-11-07-19:30,18
2001-11-07-20:30,17
2001-11-07-21:30,17
2001-11-07-22:30,17
2001-11-07-23:30,16
2001-11-08-00:30,15
2001-11-08-01:30,15
2001-11-08-02:30,16
2001-11-08-03:30,18
2001-11-08-04:30,21
2001-11-08-05:30,24
2001-11-08-06:30,26
2001-11-08-07:30,27
2001-11-08-08:30,28
2001-11-08-09:30,28
2001-11-08-10:30,28
2001-11-08-11:30,27
2001-11-08-12:30,26
2001-11-08-14:30,22
2001-11-08-15:30,19
2001-11-08-16:30,19
2001-11-08-17:30,20
2001-11-08-18:30,19
2001-11-08-19:30,18
2001-11-08-20:30,17
2001-11-08-21:30,17
2001-11-08-22:30,16
2001-11-08-23:00,16
2001-11-08-23:30,15
2001-11-09-00:30,15
2001-11-09-01:30,14
2001-11-09-02:30,16
2001-11-09-03:30,19
2001-11-09-04:30,22
2001-11-09-05:30,24
2001-11-09-06:30,27
2001-11-09-07:30,28
2001-11-09-08:30,28
2001-11-09-09:30,29
2001-11-09-10:30,28
2001-11-09-11:30,27
2001-11-09-12:30,26
2001-11-09-13:30,25
2001-11-09-14:30,23
2001-11-09-15:30,21
2001-11-09-16:30,19
2001-11-09-17:30,19
2001-11-09-18:30,18
2001-11-09-19:30,17
2001-11-09-20:30,17
2001-11-09-21:30,16
2001-11-09-22:30,15
2001-11-09-23:30,15
2001-11-10-00:30,14
2001-11-10-01:30,15
2001-11-10-02:30,16
2001-11-10-03:30,20
2001-11-10-04:30,23
2001-11-10-05:30,26
2001-11-10-06:30,28
2001-11-10-07:30,28
2001-11-10-08:30,29
2001-11-10-09:30,29
2001-11-10-10:30,29
2001-11-10-11:30,28
2001-11-10-12:30,25
2001-11-10-13:30,24
2001-11-10-14:30,22
2001-11-10-15:30,23
2001-11-10-16:30,20
2001-11-10-17:30,20
2001-11-10-18:30,18
2001-11-10-19:30,18
2001-11-10-20:30,17
2001-11-10-21:30,16
2001-11-10-22:30,17
2001-11-10-23:30,15
2001-11-11-00:30,16
2001-11-11-01:30,15
2001-11-11-02:30,16
2001-11-11-03:30,20
2001-11-11-04:30,23
2001-11-11-06:30,27
2001-11-11-07:30,28
2001-11-11-08:30,29
2001-11-11-09:30,29
2001-11-11-10:30,29
2001-11-11-11:30,28
2001-11-11-12:30,25
2001-11-11-13:30,22
2001-11-11-14:30,21
2001-11-11-15:30,20
2001-11-11-16:30,20
2001-11-11-17:30,18
2001-11-11-18:30,18
2001-11-11-19:30,17
2001-11-11-20:30,16
2001-11-11-21:30,16
2001-11-11-22:30,16
2001-11-11-23:30,15
2001-11-12-00:30,15
2001-11-12-01:30,14
2001-11-12-02:30,16
2001-11-12-03:30,19
2001-11-12-04:30,23
2001-11-12-05:30,25
2001-11-12-06:30,27
2001-11-12-07:30,29
2001-11-12-08:30,29
2001-11-12-09:30,30
2001-11-12-10:30,29
2001-11-12-11:30,28
2001-11-12-12:30,26
2001-11-12-13:30,22
2001-11-12-14:30,21
2001-11-12-15:30,21
2001-11-12-16:30,19
2001-11-12-17:30,18
2001-11-12-18:30,18
2001-11-12-19:30,17
2001-11-12-20:30,17
2001-11-12-21:30,15
2001-11-12-22:30,15
2001-11-13-00:30,14
2001-11-13-01:30,13
2001-11-13-02:00,13
2001-11-13-02:30,15
2001-11-13-03:30,19
2001-11-13-04:30,22
2001-11-13-05:30,25
2001-11-13-06:30,26
2001-11-13-07:30,28
2001-11-13-08:30,29
2001-11-13-09:30,30
2001-11-13-10:30,29
2001-11-13-11:30,28
2001-11-13-12:30,26
2001-11-13-13:30,23
2001-11-13-14:30,22
2001-11-13-15:30,21
2001-11-13-16:30,20
2001-11-13-17:30,19
2001-11-13-18:30,18
2001-11-13-19:30,17
2001-11-13-20:30,18
2001-11-13-21:30,17
2001-11-13-22:30,16
2001-11-13-23:30,15
2001-11-14-00:30,15
2001-11-14-01:30,14
2001-11-14-02:30,15
2001-11-14-03:30,18
2001-11-14-04:30,22
2001-11-14-05:30,25
2001-11-14-06:30,27
2001-11-14-07:30,29
2001-11-14-08:30,29
2001-11-14-09:30,30
2001-11-14-10:30,29
2001-11-14-11:30,27
2001-11-14-12:30,25
2001-11-14-13:00,23
2001-11-14-13:30,22
2001-11-14-14:30,20
2001-11-14-15:30,20
2001-11-14-16:30,20
2001-11-14-17:30,18
2001-11-14-18:30,18
2001-11-14-19:30,17
2001-11-14-20:30,16
2001-11-14-21:30,16
2001-11-14-22:30,16
2001-11-14-23:30,15
2001-11-15-00:30,15
2001-11-15-01:30,15
2001-11-15-02:30,16
2001-11-15-03:30,20
2001-11-15-05:30,26
2001-11-15-06:30,28
2001-11-15-07:30,29
2001-11-15-08:30,29
2001-11-15-09:30,29
2001-11-15-10:30,29
2001-11-15-11:30,27
2001-11-15-12:30,25
2001-11-15-13:30,24
2001-11-15-14:30,22
2001-11-15-15:30,21
2001-11-15-16:30,21
2001-11-15-17:30,20.5
2001-11-15-18:30,20
2001-11-15-19:30,19
2001-11-15-20:30,18
2001-11-15-21:30,18
2001-11-15-22:30,17
2001-11-15-23:30,15
2001-11-16-00:30,15
2001-11-16-01:30,14
2001-11-16-02:30,17
2001-11-16-03:30,20
2001-11-16-04:30,24
2001-11-16-05:30,26
2001-11-16-06:30,28
2001-11-16-07:30,28
2001-11-16-08:30,28
2001-11-16-09:30,28
2001-11-16-10:30,28
2001-11-16-11:30,26
2001-11-16-12:30,23
2001-11-16-13:30,23
2001-11-16-14:30,21
2001-11-16-15:30,21
2001-11-16-16:30,20
2001-11-16-17:30,19
2001-11-16-18:30,18
2001-11-16-19:30,17
2001-11-16-20:30,18
2001-11-16-21:30,16
2001-11-16-22:30,16
2001-11-16-23:30,15
2001-11-17-00:30,15
2001-11-17-01:30,15
2001-11-17-02:30,16
2001-11-17-03:00,17.5
2001-11-17-03:30,19
2001-11-17-04:30,22
2001-11-17-05:30,24
2001-11-17-06:30,26
2001-11-17-07:30,28
2001-11-17-08:30,28
2001-11-17-09:30,29
2001-11-17-11:30,27
2001-11-17-12:30,23
2001-11-17-13:30,23
2001-11-17-14:30,23
2001-11-17-15:30,20
2001-11-17-16:30,19
2001-11-17-17:30,19
2001-11-17-18:30,18
2001-11-17-19:30,18
2001-11-17-20:30,17
2001-11-17-21:30,16
2001-11-17-22:30,15
2001-11-17-23:30,15
2001-11-18-00:30,15
2001-11-18-01:30,15
2001-11-18-02:30,16
2001-11-18-03:30,18
2001-11-18-04:30,21
2001-11-18-05:30,24
2001-11-18-07:30,27
2001-11-18-08:30,28
2001-11-18-09:30,29
2001-11-18-10:30,28
2001-11-18-11:30,26
2001-11-18-12:30,23
2001-11-18-13:30,21
2001-11-18-14:30,21
2001-11-18-15:30,19
2001-11-18-16:30,18
2001-11-18-17:30,18
2001-11-18-18:30,17
2001-11-18-19:30,17
2001-11-18-20:30,16
2001-11-18-21:30,16
2001-11-18-22:30,15
2001-11-18-23:30,15
2001-11-19-00:30,14
2001-11-19-01:30,13
2001-11-19-02:30,16
2001-11-19-04:30,23
2001-11-19-05:30,25
2001-11-19-06:30,27
2001-11-19-07:30,28
2001-11-19-08:30,29
2001-11-19-09:30,29
2001-11-19-10:30,29
2001-11-19-11:30,28
2001-11-19-12:30,25
2001-11-19-13:30,22
2001-11-19-14:30,20
2001-11-19-15:30,18
2001-11-19-16:30,18
2001-11-19-17:30,17
2001-11-19-18:30,17
2001-11-19-19:30,16
2001-11-19-20:30,16
2001-11-19-21:30,14
2001-11-19-22:30,14
2001-11-19-23:30,14
2001-11-20-00:30,13
2001-11-20-01:30,13
2001-11-20-02:30,15
2001-11-20-03:30,19
2001-11-20-04:30,22
2001-11-20-05:30,25
2001-11-20-06:30,27
2001-11-20-07:30,28
2001-11-20-08:30,28
2001-11-20-09:30,28
2001-11-20-10:30,28
2001-11-20-11:30,27
2001-11-20-12:30,25
2001-11-20-13:30,21
2001-11-20-14:30,21
2001-11-20-15:30,19
2001-11-20-16:30,19
2001-11-20-17:30,19
2001-11-20-18:30,17
2001-11-20-19:30,17
2001-11-20-20:30,16.5
2001-11-20-21:30,16
2001-11-20-22:30,15
2001-11-20-23:30,14
2001-11-21-00:30,14
2001-11-21-01:30,14
2001-11-21-02:30,16
2001-11-21-03:30,19
2001-11-21-04:30,22
2001-11-21-05:00,23.5
2001-11-21-05:30,25
2001-11-21-06:30,20
2001-11-21-07:30,29
2001-11-21-08:30,29
2001-11-21-09:30,29
2001-11-21-10:30,29
2001-11-21-11:30,27
2001-11-21-12:30,25
2001-11-21-13:30,22
2001-11-21-14:30,21
2001-11-21-15:30,21
2001-11-21-16:30,20
2001-11-21-17:30,18
2001-11-21-18:30,18
2001-11-21-19:30,17
2001-11-21-20:30,16
2001-11-21-21:30,15
2001-11-21-22:30,15
2001-11-21-23:30,14
2001-11-22-00:30,13
2001-11-22-01:00,13
2001-11-22-01:30,13
2001-11-22-02:30,14
2001-11-22-03:30,18
2001-11-22-04:30,20
2001-11-22-05:30,23
2001-11-22-06:30,26
2001-11-22-08:30,28
2001-11-22-09:30,27
2001-11-22-10:30,27
2001-11-22-11:30,26
2001-11-22-12:30,26
2001-11-22-13:30,22
2001-11-22-14:30,20
2001-11-22-15:30,19
2001-11-22-16:30,17
2001-11-22-17:30,17
2001-11-22-18:30,17
2001-11-22-19:30,16
2001-11-22-20:30,16
2001-11-22-21:30,15.5
2001-11-22-22:30,15
2001-11-22-23:30,14
2001-11-23-00:30,13
2001-11-23-01:30,13
2001-11-23-02:30,15
2001-11-23-03:30,18
2001-11-23-04:30,19
2001-11-23-05:30,23
2001-11-23-06:30,25
2001-11-23-07:30,26
2001-11-23-08:30,27
2001-11-23-09:30,28
2001-11-23-10:30,28
2001-11-23-11:30,26
2001-11-23-12:30,24
2001-11-23-13:30,22
2001-11-23-14:30,19
2001-11-23-15:30,18
2001-11-23-16:30,17
2001-11-23-17:30,17
2001-11-23-18:30,16
2001-11-23-19:30,16
2001-11-23-20:30,16
2001-11-23-21:30,14
2001-11-23-22:30,15
2001-11-23-23:30,14
2001-11-24-00:30,13
2001-11-24-01:30,13
2001-11-24-02:30,14
2001-11-24-03:30,18
2001-11-24-04:30,21
2001-11-24-05:30,24
2001-11-24-06:30,26
2001-11-24-07:30,27
2001-11-24-08:30,28
2001-11-24-09:30,28
2001-11-24-10:30,27
2001-11-24-11:30,26
2001-11-24-12:30,22
2001-11-24-13:30,21
2001-11-24-14:30,20
2001-11-24-15:30,19
2001-11-24-16:30,17
2001-11-24-17:30,18
2001-11-24-18:30,17
2001-11-24-19:30,16
2001-11-24-20:30,15
2001-11-24-21:30,14
2001-11-24-22:30,13
2001-11-24-23:30,13
2001-11-25-00:00,13.5
2001-11-25-00:30,14
2001-11-25-02:30,15
2001-11-25-03:30,18
2001-11-25-04:30,21
2001-11-25-05:30,24
2001-11-25-06:30,27
2001-11-25-07:30,27
2001-11-25-08:30,27
2001-11-25-09:30,28
2001-11-25-10:30,27
2001-11-25-12:30,24
2001-11-25-13:30,21
2001-11-25-14:30,20
2001-11-25-15:30,19
2001-11-25-16:30,19
2001-11-25-17:30,19
2001-11-25-18:30,18
2001-11-25-20:30,22
2001-11-25-21:30,21.25
2001-11-25-22:30,20
2001-11-25-23:30,12
2001-11-26-00:30,12
2001-11-26-02:30,13
2001-11-26-03:30,16
2001-11-26-04:30,20
2001-11-26-06:30,24
2001-11-26-07:30,26
2001-11-26-08:30,26
2001-11-26-09:30,26
2001-11-26-10:30,26
2001-11-26-12:30,21
2001-11-26-13:30,19
2001-11-26-14:30,19
2001-11-26-15:30,18
2001-11-26-16:30,17
2001-11-26-17:30,16
2001-11-26-18:30,16
2001-11-26-19:30,15
2001-11-26-20:30,14
2001-11-26-21:30,14
2001-11-26-22:30,13
2001-11-26-23:30,12
2001-11-27-00:30,12
2001-11-27-01:30,12
2001-11-27-02:30,12
2001-11-27-03:30,16
2001-11-27-04:30,20
2001-11-27-05:30,22
2001-11-27-06:30,25
2001-11-27-07:30,26
2001-11-27-08:30,26
2001-11-27-09:30,26
2001-11-27-10:30,26
2001-11-27-11:30,25
2001-11-27-12:30,22
2001-11-27-13:30,20
2001-11-27-14:30,19
2001-11-27-15:30,18
2001-11-27-16:30,17
2001-11-27-17:30,15
2001-11-27-18:30,14
2001-11-27-19:30,14
2001-11-27-20:30,14
2001-11-27-21:30,13
2001-11-27-22:30,13
2001-11-27-23:30,13
2001-11-28-00:30,12
2001-11-28-01:30,12
2001-11-28-02:30,13
2001-11-28-03:30,15
2001-11-28-04:30,18
2001-11-28-05:30,20
2001-11-28-07:30,24
2001-11-28-08:30,25
2001-11-28-09:30,26
2001-11-28-10:30,25
2001-11-28-11:30,25
2001-11-28-12:30,21
2001-11-28-13:30,18
2001-11-28-14:30,18
2001-11-28-15:30,19
2001-11-28-16:30,16
2001-11-28-17:30,16
2001-11-28-18:30,17
2001-11-28-19:30,14
2001-11-28-20:30,13
2001-11-28-21:30,13
2001-11-28-22:30,12
2001-11-28-23:30,11
2001-11-29-02:30,13
2001-11-29-03:30,16
2001-11-29-04:30,20
2001-11-29-05:30,23
2001-11-29-06:30,23
2001-11-29-07:30,24
2001-11-29-08:30,25
2001-11-29-09:30,25
2001-11-29-10:30,25
2001-11-29-11:30,24
2001-11-29-12:30,23
2001-11-29-13:30,19
2001-11-29-14:30,19
2001-11-29-15:30,18
2001-11-29-16:30,19
2001-11-29-17:30,18
2001-11-29-18:30,17
2001-11-29-19:30,15
2001-11-29-20:30,15
2001-11-29-21:30,13
2001-11-29-22:30,11
2001-11-29-23:30,10
2001-11-30-00:30,10
2001-11-30-01:30,10
2001-11-30-02:30,12
2001-11-30-03:30,16
2001-11-30-04:30,19
2001-11-30-05:30,21
2001-11-30-06:30,24
2001-11-30-07:30,25
2001-11-30-08:30,26
2001-11-30-09:30,26
2001-11-30-10:30,26
2001-11-30-11:30,23
2001-11-30-12:30,20
2001-11-30-13:30,19
2001-11-30-14:30,18
2001-11-30-15:30,17
2001-11-30-16:30,16
2001-11-30-17:30,16
2001-11-30-18:30,15
2001-11-30-19:30,15
2001-11-30-20:30,14
2001-11-30-21:30,13
2001-11-30-22:30,12
2001-11-30-23:30,11.5
2001-12-01-00:30,11
2001-12-01-01:30,11
2001-12-01-02:30,12
2001-12-01-03:30,16
2001-12-01-04:30,19
2001-12-01-05:30,22
2001-12-01-06:30,24
2001-12-01-07:30,25
2001-12-01-08:30,26
2001-12-01-09:30,27
2001-12-01-10:30,26
2001-12-01-11:30,25
2001-12-01-12:30,21
2001-12-01-13:30,20
2001-12-01-14:30,20
2001-12-01-15:30,17
2001-12-01-16:30,16
2001-12-01-17:30,16
2001-12-01-18:30,15
2001-12-01-19:30,14
2001-12-01-20:30,13
2001-12-01-21:30,13
2001-12-01-22:30,12.5
2001-12-01-23:30,12
2001-12-02-00:30,12
2001-12-02-01:30,11
2001-12-02-02:30,12
2001-12-02-03:30,15
2001-12-02-04:30,19
2001-12-02-05:30,21
2001-12-02-06:30,24
2001-12-02-07:30,25
2001-12-02-08:30,26
2001-12-02-09:30,26
2001-12-02-10:30,26
2001-12-02-11:30,24
2001-12-02-12:30,21
2001-12-02-13:30,19
2001-12-02-14:30,19
2001-12-02-15:30,18
2001-12-02-16:30,19
2001-12-02-17:30,18
2001-12-02-18:30,15
2001-12-02-19:30,14
2001-12-02-20:30,13
2001-12-02-21:30,13
2001-12-02-22:30,12
2001-12-02-23:30,12
2001-12-03-00:30,11
2001-12-03-01:30,11
2001-12-03-02:30,13
2001-12-03-03:30,16
2001-12-03-04:30,19
2001-12-03-06:30,24
2001-12-03-07:30,25
2001-12-03-08:30,27
2001-12-03-09:30,27
2001-12-03-10:30,27
2001-12-03-11:30,25
2001-12-03-12:30,23
2001-12-03-13:30,21
2001-12-03-14:30,20
2001-12-03-15:30,19
2001-12-03-16:30,19
2001-12-03-17:30,18
2001-12-03-18:30,16
2001-12-03-19:30,16
2001-12-03-20:30,15
2001-12-03-21:30,14
2001-12-03-22:30,13
2001-12-03-23:30,13
2001-12-04-00:30,12
2001-12-04-01:30,12
2001-12-04-02:30,14
2001-12-04-03:30,17
2001-12-04-04:30,21
2001-12-04-05:30,24
2001-12-04-06:30,26
2001-12-04-07:30,27
2001-12-04-08:30,27
2001-12-04-09:30,28
2001-12-04-10:30,28
2001-12-04-11:30,26
2001-12-04-12:30,23
2001-12-04-13:30,22
2001-12-04-14:30,19
2001-12-04-15:30,18
2001-12-04-16:30,17
2001-12-04-17:30,17
2001-12-04-18:30,16
2001-12-04-19:30,16
2001-12-04-20:30,15
2001-12-04-21:30,15
2001-12-04-22:30,15
2001-12-04-23:30,14
2001-12-05-00:30,13
2001-12-05-01:30,13
2001-12-05-02:30,15
2001-12-05-03:30,18
2001-12-05-04:30,21
2001-12-05-05:30,24
2001-12-05-06:30,26
2001-12-05-07:30,27
2001-12-05-08:30,27
2001-12-05-09:30,28
2001-12-05-10:30,27
2001-12-05-11:30,26
2001-12-05-12:30,24
2001-12-05-13:30,22
2001-12-05-14:30,22
2001-12-05-15:30,19
2001-12-05-16:30,19
2001-12-05-17:30,17
2001-12-05-18:30,16
2001-12-05-19:30,15
2001-12-05-20:30,14
2001-12-05-21:30,14
2001-12-05-22:30,12
2001-12-05-23:30,12
2001-12-06-00:30,11
2001-12-06-01:30,11
2001-12-06-02:30,13
2001-12-06-03:30,16
2001-12-06-04:30,18
2001-12-06-05:30,21
2001-12-06-06:30,23
2001-12-06-07:30,25
2001-12-06-08:30,26
2001-12-06-09:30,26
2001-12-06-10:30,26
2001-12-06-11:30,24
2001-12-06-12:30,22
2001-12-06-13:30,19
2001-12-06-14:30,18
2001-12-06-15:30,17
2001-12-06-16:30,16
2001-12-06-17:30,16
2001-12-06-18:30,15
2001-12-06-19:30,14
2001-12-06-20:30,14
2001-12-06-21:30,14
2001-12-06-22:30,13
2001-12-06-23:30,12
2001-12-07-00:30,12
2001-12-07-01:30,12
2001-12-07-02:30,13
2001-12-07-03:30,15
2001-12-07-04:30,19
2001-12-07-05:30,22
2001-12-07-06:30,25
2001-12-07-07:30,26
2001-12-07-08:30,27
2001-12-07-09:30,27
2001-12-07-10:30,27
2001-12-07-11:30,25
2001-12-07-12:30,24
2001-12-07-13:30,21
2001-12-07-14:30,20
2001-12-07-15:30,19
2001-12-07-16:30,20
2001-12-07-17:30,20
2001-12-07-18:30,18
2001-12-07-19:30,16
2001-12-07-20:30,15
2001-12-07-21:30,15
2001-12-07-22:30,14
2001-12-07-23:30,14
2001-12-08-00:30,13
2001-12-08-01:30,12
2001-12-08-02:30,14
2001-12-08-03:30,17
2001-12-08-04:30,20
2001-12-08-05:30,23
2001-12-08-06:30,25
2001-12-08-07:30,26
2001-12-08-08:30,27
2001-12-08-09:30,27
2001-12-08-10:30,26
2001-12-08-11:21,25
2001-12-08-12:30,23
2001-12-08-13:30,22
2001-12-08-14:30,19
2001-12-08-15:30,18
2001-12-08-16:30,17
2001-12-08-17:30,17
2001-12-08-18:30,15
2001-12-08-19:30,16
2001-12-08-20:30,14
2001-12-08-21:30,14
2001-12-08-22:30,13
2001-12-08-23:30,12
2001-12-09-00:30,11
2001-12-09-01:30,11
2001-12-09-02:30,12
2001-12-09-03:21,13
2001-12-09-04:30,18
2001-12-09-05:30,20
2001-12-09-06:30,23
2001-12-09-07:30,24
2001-12-09-08:30,25
2001-12-09-09:30,25
2001-12-09-10:30,25
2001-12-09-11:30,23
2001-12-09-12:30,20
2001-12-09-13:30,19
2001-12-09-14:30,18
2001-12-09-15:30,17
2001-12-09-16:30,17
2001-12-09-17:30,17
2001-12-09-18:30,17
2001-12-09-19:30,17
2001-12-09-20:30,15
2001-12-09-21:30,15
2001-12-09-22:30,14
2001-12-09-23:30,13
2001-12-10-00:30,12
2001-12-10-01:30,11
2001-12-10-02:30,10
2001-12-10-03:30,13
2001-12-10-04:30,15
2001-12-10-05:30,17
2001-12-10-07:30,22
2001-12-10-08:30,23
2001-12-10-09:30,23
2001-12-10-10:30,23
2001-12-10-11:30,21
2001-12-10-12:30,20
2001-12-10-13:30,18
2001-12-10-14:30,17
2001-12-10-15:30,17
2001-12-10-16:30,16
2001-12-10-17:30,15
2001-12-10-18:30,15
2001-12-10-19:30,15
2001-12-10-20:30,14
2001-12-10-21:21,14
2001-12-10-22:30,14
2001-12-10-23:30,14
2001-12-11-00:30,14
2001-12-11-01:30,14
2001-12-11-02:30,14
2001-12-11-03:30,15
2001-12-11-04:30,16
2001-12-11-05:30,17
2001-12-11-06:30,19
2001-12-11-07:30,21
2001-12-11-08:30,21
2001-12-11-09:30,22
2001-12-11-10:30,23
2001-12-11-11:30,21
2001-12-11-12:30,20
2001-12-11-13:30,19
2001-12-11-14:30,18
2001-12-11-15:30,17
2001-12-11-16:30,17
2001-12-11-17:30,15
2001-12-11-18:30,15
2001-12-11-19:30,15
2001-12-11-20:30,14
2001-12-11-22:30,13.5
2001-12-11-23:30,13
2001-12-12-00:30,13
2001-12-12-01:30,13
2001-12-12-02:30,13
2001-12-12-03:30,14
2001-12-12-04:30,15
2001-12-12-05:30,17
2001-12-12-06:30,21
2001-12-12-07:30,23
2001-12-12-08:30,24
2001-12-12-09:30,25
2001-12-12-10:30,25
2001-12-12-11:30,23
2001-12-12-12:30,21
2001-12-12-13:30,18
2001-12-12-14:30,19
2001-12-12-15:21,18
2001-12-12-16:30,15
2001-12-12-17:30,15
2001-12-12-18:30,14
2001-12-12-19:30,14
2001-12-12-20:30,14
2001-12-12-21:30,13
2001-12-12-22:30,13
2001-12-12-23:30,13
2001-12-13-00:30,12
2001-12-13-01:30,13
2001-12-13-02:30,13
2001-12-13-03:30,13
2001-12-13-04:30,14
2001-12-13-05:30,16
2001-12-13-06:30,19
2001-12-13-07:30,21
2001-12-13-08:30,22
2001-12-13-09:30,23
2001-12-13-10:30,23
2001-12-13-11:30,22
2001-12-13-13:30,17
2001-12-13-14:30,17
2001-12-13-15:30,14
2001-12-13-16:30,14
2001-12-13-17:30,14
2001-12-13-18:30,14
2001-12-13-19:30,13
2001-12-13-20:30,12
2001-12-13-21:30,13
2001-12-13-22:30,11
2001-12-13-23:30,11
2001-12-14-00:30,10
2001-12-14-01:30,10
2001-12-14-02:30,11
2001-12-14-04:30,16
2001-12-14-05:30,19
2001-12-14-06:30,22
2001-12-14-07:30,23
2001-12-14-08:30,23
2001-12-14-09:30,22
2001-12-14-10:30,21
2001-12-14-11:30,20
2001-12-14-12:30,18
2001-12-14-13:30,17
2001-12-14-14:30,15
2001-12-14-15:30,14
2001-12-14-16:30,14
2001-12-14-17:30,13
2001-12-14-18:30,14
2001-12-14-19:30,14
2001-12-14-20:30,14
2001-12-14-21:30,13
2001-12-14-22:30,13
2001-12-14-23:30,13
2001-12-15-00:30,13
2001-12-15-01:30,13
2001-12-15-02:30,13
2001-12-15-03:30,15
2001-12-15-04:30,16
2001-12-15-05:30,19
2001-12-15-06:30,20
2001-12-15-07:30,21
2001-12-15-08:30,22
2001-12-15-09:30,21
2001-12-15-10:30,21
2001-12-15-11:30,20
2001-12-15-12:30,18
2001-12-15-13:30,18
2001-12-15-14:30,17
2001-12-15-15:30,16
2001-12-15-16:30,15
2001-12-15-17:30,15
2001-12-15-18:30,14
2001-12-15-19:30,13
2001-12-15-20:30,13
2001-12-15-21:30,13
2001-12-15-22:30,11
2001-12-15-23:30,10
2001-12-16-00:30,10
2001-12-16-01:30,11
2001-12-16-02:30,11
2001-12-16-03:30,12.5
2001-12-16-04:30,14
2001-12-16-05:30,16
2001-12-16-06:30,18
2001-12-16-07:30,20
2001-12-16-08:30,21
2001-12-16-10:30,22
2001-12-16-11:30,21
2001-12-16-12:30,18
2001-12-16-13:30,17
2001-12-16-14:30,16
2001-12-16-16:30,15
2001-12-16-17:30,14
2001-12-16-18:30,14
2001-12-16-19:30,13
2001-12-16-20:30,13
2001-12-16-21:30,13
2001-12-16-22:30,11
2001-12-16-23:30,11
2001-12-17-00:30,10
2001-12-17-01:30,10
2001-12-17-02:30,10
2001-12-17-03:30,11
2001-12-17-04:30,12
2001-12-17-05:30,15
2001-12-17-06:30,19
2001-12-17-07:30,21
2001-12-17-08:30,22
2001-12-17-09:30,23
2001-12-17-10:30,23
2001-12-17-11:30,22
2001-12-17-12:30,19
2001-12-17-13:30,17
2001-12-17-14:30,17
2001-12-17-15:30,15
2001-12-17-16:30,15
2001-12-17-17:30,14
2001-12-17-18:30,14
2001-12-17-19:30,12
2001-12-17-20:30,12
2001-12-17-21:30,12
2001-12-17-22:30,12
2001-12-17-23:30,11
2001-12-18-00:30,10
2001-12-18-01:30,10
2001-12-18-02:30,10
2001-12-18-03:30,13
2001-12-18-04:30,16
2001-12-18-05:30,19
2001-12-18-06:30,21
2001-12-18-07:30,22
2001-12-18-08:30,23
2001-12-18-09:30,24
2001-12-18-10:30,24
2001-12-18-11:30,23
2001-12-18-12:30,21
2001-12-18-13:30,18
2001-12-18-14:30,18
2001-12-18-16:30,16
2001-12-18-17:30,15
2001-12-18-18:30,15
2001-12-18-19:30,15
2001-12-18-20:30,15
2001-12-18-21:30,14
2001-12-18-22:30,15
2001-12-18-23:30,14
2001-12-19-00:30,13
2001-12-19-01:30,13
2001-12-19-02:30,13
2001-12-19-03:30,16
2001-12-19-04:30,19
2001-12-19-05:30,22
2001-12-19-06:30,23
2001-12-19-07:30,23
2001-12-19-08:30,23
2001-12-19-09:30,23
2001-12-19-10:30,23
2001-12-19-11:30,22
2001-12-19-12:30,20
2001-12-19-13:30,17
2001-12-19-14:30,16
2001-12-19-15:30,16
2001-12-19-16:30,16
2001-12-19-17:30,16
2001-12-19-18:30,15
2001-12-19-19:30,13
2001-12-19-20:30,13
2001-12-19-21:30,12
2001-12-19-22:30,11
2001-12-20-00:00,10
2001-12-20-00:30,8
2001-12-20-01:30,9
2001-12-20-02:30,9
2001-12-20-03:30,9
2001-12-20-04:30,11
2001-12-20-06:30,18
2001-12-20-07:30,20
2001-12-20-08:21,21
2001-12-20-09:30,22
2001-12-20-10:30,22
2001-12-20-11:30,20
2001-12-20-12:30,18
2001-12-20-13:30,16
2001-12-20-14:30,15
2001-12-20-15:30,14
2001-12-20-16:30,13
2001-12-20-17:30,12
2001-12-20-18:30,11
2001-12-20-19:30,11
2001-12-20-20:30,10
2001-12-20-21:30,9
2001-12-20-22:30,8
2001-12-20-23:30,8
2001-12-21-00:30,7
2001-12-21-01:30,7
2001-12-21-02:30,8
2001-12-21-03:30,10
2001-12-21-05:30,17
2001-12-21-06:30,19
2001-12-21-07:30,21
2001-12-21-08:30,21
2001-12-21-09:30,21
2001-12-21-10:30,21
2001-12-21-11:30,20
2001-12-21-12:30,17
2001-12-21-13:30,15
2001-12-21-14:30,15
2001-12-21-15:30,15
2001-12-21-16:30,14
2001-12-21-17:30,12
2001-12-21-19:30,11
2001-12-21-20:30,10
2001-12-21-21:30,9
2001-12-21-22:30,9
2001-12-21-23:30,8
2001-12-22-00:30,7
2001-12-22-01:30,8
2001-12-22-02:30,8
2001-12-22-03:30,10
2001-12-22-04:30,14
2001-12-22-05:30,17
2001-12-22-06:30,19
2001-12-22-07:30,20
2001-12-22-08:30,21
2001-12-22-09:30,21
2001-12-22-10:30,21
2001-12-22-11:30,20
2001-12-22-12:30,18
2001-12-22-13:30,16
2001-12-22-14:30,13
2001-12-22-15:30,12
2001-12-22-16:30,12
2001-12-22-17:30,12
2001-12-22-18:30,11
2001-12-22-21:30,9
2001-12-22-22:30,9
2001-12-23-00:30,8
2001-12-23-01:30,7
2001-12-23-02:30,8
2001-12-23-03:30,9
2001-12-23-04:30,13
2001-12-23-05:30,16
2001-12-23-06:30,19
2001-12-23-07:30,21
2001-12-23-08:30,21
2001-12-23-09:30,21
2001-12-23-10:30,22
2001-12-23-11:30,20
2001-12-23-12:30,17
2001-12-23-13:30,16
2001-12-23-14:30,14
2001-12-23-15:30,13
2001-12-23-16:30,12
2001-12-23-17:30,11
2001-12-23-18:30,11
2001-12-23-19:30,11
2001-12-23-20:30,9
2001-12-23-21:30,9
2001-12-23-22:30,9
2001-12-23-23:02,8
2001-12-23-23:30,8
2001-12-24-00:30,8
2001-12-24-01:30,7
2001-12-24-02:30,7
2001-12-24-03:30,10
2001-12-24-04:30,12
2001-12-24-05:30,16
2001-12-24-06:30,19
2001-12-24-07:30,20
2001-12-24-08:21,21
2001-12-24-09:30,21
2001-12-24-10:30,21
2001-12-24-11:30,20
2001-12-24-13:30,15
2001-12-24-14:30,15
2001-12-24-15:30,13
2001-12-24-16:30,12
2001-12-24-17:30,12
2001-12-24-18:30,11
2001-12-24-19:30,10
2001-12-24-20:30,10
2001-12-24-21:30,9
2001-12-24-22:30,9
2001-12-24-23:30,8
2001-12-25-00:30,8
2001-12-25-01:30,7
2001-12-25-02:30,8
2001-12-25-03:30,11
2001-12-25-04:30,15
2001-12-25-05:30,18
2001-12-25-06:30,21
2001-12-25-07:30,22
2001-12-25-08:30,23
2001-12-25-09:30,23
2001-12-25-10:30,22
2001-12-25-11:30,21
2001-12-25-13:30,17
2001-12-25-14:30,15
2001-12-25-15:30,15
2001-12-25-16:30,14
2001-12-25-17:30,14
2001-12-25-18:30,13.5
2001-12-25-19:30,13
2001-12-25-20:30,12
2001-12-25-21:30,12
2001-12-25-22:30,11
2001-12-25-23:30,10
2001-12-26-00:30,11
2001-12-26-01:30,10
2001-12-26-02:30,10
2001-12-26-03:30,14
2001-12-26-04:30,17
2001-12-26-05:30,20
2001-12-26-06:30,21
2001-12-26-07:30,22
2001-12-26-08:30,23
2001-12-26-09:30,22
2001-12-26-10:21,22
2001-12-26-11:30,21
2001-12-26-12:30,18
2001-12-26-13:30,16
2001-12-26-14:30,16
2001-12-26-15:30,15
2001-12-26-16:30,14
2001-12-26-17:30,15
2001-12-26-18:30,15
2001-12-26-19:30,14
2001-12-26-20:30,13
2001-12-26-21:30,12
2001-12-26-22:30,10
2001-12-26-23:30,10
2001-12-27-00:30,10
2001-12-27-01:30,9
2001-12-27-02:30,10
2001-12-27-03:30,12
2001-12-27-04:30,17
2001-12-27-05:30,20
2001-12-27-06:30,21
2001-12-27-07:30,22
2001-12-27-08:30,22
2001-12-27-09:30,23
2001-12-27-10:30,22
2001-12-27-11:30,21
2001-12-27-12:30,17
2001-12-27-13:30,16
2001-12-27-14:30,15
2001-12-27-15:30,15
2001-12-27-16:30,14
2001-12-27-17:30,13
2001-12-27-18:30,13
2001-12-27-19:30,12
2001-12-27-20:30,11
2001-12-27-21:30,10
2001-12-27-22:30,10
2001-12-27-23:30,9
2001-12-28-00:30,9
2001-12-28-01:30,8
2001-12-28-02:30,9
2001-12-28-03:30,9
2001-12-28-04:30,10
2001-12-28-05:30,11
2001-12-28-06:30,11
2001-12-28-07:30,13
2001-12-28-08:30,16
2001-12-28-09:30,17
2001-12-28-10:30,17
2001-12-28-11:30,16
2001-12-28-12:30,14
2001-12-28-13:30,13
2001-12-28-14:30,12
2001-12-28-15:30,12
2001-12-28-16:30,10
2001-12-28-17:30,10
2001-12-28-18:30,10
2001-12-28-19:30,9
2001-12-28-20:30,9
2001-12-28-21:30,9
2001-12-28-22:30,9
2001-12-28-23:30,9
2001-12-29-00:30,8
2001-12-29-01:30,8
2001-12-29-02:30,8
2001-12-29-03:30,8
2001-12-29-04:30,9
2001-12-29-05:30,8
2001-12-29-07:30,13
2001-12-29-08:30,13
2001-12-29-09:30,15
2001-12-29-10:30,15
2001-12-29-11:30,15
2001-12-29-12:30,13
2001-12-29-13:30,12
2001-12-29-14:30,11
2001-12-29-15:30,10
2001-12-29-16:30,9
2001-12-29-17:30,9
2001-12-29-18:30,7
2001-12-29-19:30,8
2001-12-29-20:30,9
2001-12-29-22:30,9
2001-12-29-23:30,9
2001-12-30-00:30,9
2001-12-30-01:30,9
2001-12-30-02:30,8
2001-12-30-03:30,8
2001-12-30-04:30,10
2001-12-30-05:30,10
2001-12-30-06:30,11
2001-12-30-07:30,13
2001-12-30-08:30,14
2001-12-30-09:30,15
2001-12-30-10:30,16
2001-12-30-11:30,15
2001-12-30-12:30,13
2001-12-30-13:21,12
2001-12-30-14:30,11
2001-12-30-15:30,11
2001-12-30-16:30,11
2001-12-30-17:30,10
2001-12-30-18:30,10
2001-12-30-19:30,9
2001-12-30-20:30,8
2001-12-30-21:30,8
2001-12-30-22:30,8
2001-12-30-23:30,8
2001-12-31-00:30,9
2001-12-31-02:30,8
2001-12-31-03:30,9
2001-12-31-04:30,10
2001-12-31-05:30,11
2001-12-31-06:30,13
2001-12-31-07:30,15
2001-12-31-08:30,17
2001-12-31-09:30,17
2001-12-31-10:30,17
2001-12-31-11:30,17
2001-12-31-12:30,15
2001-12-31-13:30,13
2001-12-31-14:30,12
2001-12-31-15:30,12
2001-12-31-16:30,12
2001-12-31-18:30,10
2001-12-31-19:30,9
2001-12-31-20:30,9
2001-12-31-21:30,9
2001-12-31-22:30,7
2001-12-31-23:30,6
2002-01-01-00:30,7
2002-01-01-01:30,7
2002-01-01-02:30,8
2002-01-01-03:30,10
2002-01-01-04:30,10
2002-01-01-05:30,12
2002-01-01-06:30,16
2002-01-01-07:30,18
2002-01-01-08:30,19
2002-01-01-09:30,19
2002-01-01-10:30,18
2002-01-01-11:30,17
2002-01-01-12:30,16
2002-01-01-13:30,15
2002-01-01-14:30,14
2002-01-01-15:30,13
2002-01-01-16:30,13
2002-01-01-17:30,13
2002-01-01-18:30,12
2002-01-01-19:30,12
2002-01-01-20:30,11
2002-01-01-21:30,9
2002-01-01-22:30,9
2002-01-01-23:30,9
2002-01-02-00:00,7
2002-01-02-00:30,9
2002-01-02-01:30,10
2002-01-02-02:30,9
2002-01-02-03:30,10
2002-01-02-04:30,10
2002-01-02-05:30,11
2002-01-02-06:30,13
2002-01-02-07:30,17
2002-01-02-08:30,22
2002-01-02-09:30,21
2002-01-02-10:30,22
2002-01-02-11:30,18
2002-01-02-12:30,16
2002-01-02-13:30,14
2002-01-02-14:30,12
2002-01-02-15:30,11
2002-01-02-16:30,10
2002-01-02-17:30,10
2002-01-02-18:30,9
2002-01-02-19:30,8
2002-01-02-22:30,6
2002-01-02-23:30,7
2002-01-03-00:30,6
2002-01-03-01:30,5
2002-01-03-02:30,5
2002-01-03-03:30,6
2002-01-03-04:30,7
2002-01-03-05:30,10
2002-01-03-06:30,15
2002-01-03-07:30,18
2002-01-03-08:30,20
2002-01-03-09:30,21
2002-01-03-10:30,21
2002-01-03-11:30,20
2002-01-03-12:30,19
2002-01-03-13:30,16
2002-01-03-14:30,15
2002-01-03-15:30,14
2002-01-03-17:30,13
2002-01-03-18:30,13
2002-01-03-19:30,12
2002-01-03-20:30,11
2002-01-03-21:30,11
2002-01-03-22:30,10
2002-01-03-23:30,9
2002-01-04-00:30,8
2002-01-04-01:30,8
2002-01-04-02:30,7
2002-01-04-03:30,10
2002-01-04-04:30,13
2002-01-04-05:30,17
2002-01-04-06:30,21
2002-01-04-07:30,22
2002-01-04-08:30,22
2002-01-04-09:30,20
2002-01-04-10:30,20
2002-01-04-11:30,19
2002-01-04-12:30,17
2002-01-04-13:30,15
2002-01-04-14:30,13
2002-01-04-15:30,12
2002-01-04-16:30,12
2002-01-04-17:30,11
2002-01-04-18:30,10
2002-01-04-19:30,9
2002-01-04-20:30,9
2002-01-04-21:30,8
2002-01-04-22:30,7
2002-01-04-23:30,5
2002-01-05-01:30,4
2002-01-05-02:30,6
2002-01-05-03:30,7
2002-01-05-04:30,10
2002-01-05-05:30,16
2002-01-05-06:30,19
2002-01-05-07:30,20
2002-01-05-08:30,20
2002-01-05-09:30,20
2002-01-05-10:30,19
2002-01-05-11:30,18
2002-01-05-12:30,16
2002-01-05-13:30,15
2002-01-05-14:30,13
2002-01-05-15:30,13
2002-01-05-16:30,13
2002-01-05-17:30,12
2002-01-05-18:30,10
2002-01-05-19:30,10
2002-01-05-20:30,10
2002-01-05-21:30,9
2002-01-05-22:30,8
2002-01-05-23:30,8
2002-01-06-00:30,8
2002-01-06-01:21,7
2002-01-06-02:30,8
2002-01-06-03:30,11
2002-01-06-04:30,14
2002-01-06-05:30,18
2002-01-06-06:30,19
2002-01-06-07:30,21
2002-01-06-08:30,21
2002-01-06-09:30,22
2002-01-06-10:30,21
2002-01-06-11:30,19
2002-01-06-12:30,18
2002-01-06-13:30,15
2002-01-06-14:30,14
2002-01-06-15:30,13
2002-01-06-16:30,12
2002-01-06-17:30,12
2002-01-06-18:30,11
2002-01-06-19:30,11
2002-01-06-20:30,10.5
2002-01-06-21:30,10
2002-01-06-22:30,9
2002-01-06-23:30,8
2002-01-07-00:30,5
2002-01-07-01:30,4
2002-01-07-02:30,4
2002-01-07-03:30,8
2002-01-07-04:30,11
2002-01-07-05:30,19
2002-01-07-06:30,20
2002-01-07-07:30,21
2002-01-07-08:30,21
2002-01-07-09:30,21
2002-01-07-10:30,21
2002-01-07-11:30,20
2002-01-07-12:30,18
2002-01-07-13:30,15
2002-01-07-14:30,15
2002-01-07-15:30,13
2002-01-07-16:30,13
2002-01-07-17:30,11
2002-01-07-18:30,11
2002-01-07-19:30,11
2002-01-07-20:30,10
2002-01-07-21:30,10
2002-01-07-22:30,9
2002-01-07-23:30,8
2002-01-08-00:30,7
2002-01-08-01:30,7
2002-01-08-02:30,6
2002-01-08-03:30,7
2002-01-08-04:30,12
2002-01-08-05:30,18
2002-01-08-06:30,21
2002-01-08-07:30,23
2002-01-08-08:30,23
2002-01-08-09:30,22
2002-01-08-10:30,21
2002-01-08-11:30,20
2002-01-08-12:30,18
2002-01-08-13:30,16
2002-01-08-14:30,15
2002-01-08-15:30,15
2002-01-08-16:30,15
2002-01-08-17:30,13
2002-01-08-18:30,12
2002-01-08-19:30,10
2002-01-08-20:30,10
2002-01-08-21:30,9
2002-01-08-22:30,9
2002-01-08-23:30,8
2002-01-09-00:30,8
2002-01-09-01:30,7
2002-01-09-02:30,7
2002-01-09-03:30,8
2002-01-09-04:30,8
2002-01-09-05:30,9
2002-01-09-06:30,11
2002-01-09-07:30,16
2002-01-09-08:30,19
2002-01-09-09:30,21
2002-01-09-10:30,21
2002-01-09-11:30,19
2002-01-09-12:30,17
2002-01-09-13:30,15
2002-01-09-14:30,15
2002-01-09-15:30,13
2002-01-09-16:30,13
2002-01-09-17:30,13
2002-01-09-18:30,12
2002-01-09-19:30,11
2002-01-09-20:30,11
2002-01-09-21:30,9
2002-01-09-22:30,8
2002-01-09-23:30,8
2002-01-10-00:00,8
2002-01-10-00:30,7
2002-01-10-01:30,7
2002-01-10-02:30,8
2002-01-10-03:30,8
2002-01-10-04:30,11
2002-01-10-05:21,15
2002-01-10-06:30,17
2002-01-10-07:30,19
2002-01-10-08:30,21
2002-01-10-09:30,22
2002-01-10-10:30,22
2002-01-10-11:30,20
2002-01-10-12:30,18
2002-01-10-13:30,17
2002-01-10-14:30,14
2002-01-10-15:30,13
2002-01-10-16:30,12
2002-01-10-17:30,12
2002-01-10-18:30,11
2002-01-10-19:30,11
2002-01-10-20:30,10
2002-01-10-22:30,8
2002-01-10-23:30,8
2002-01-11-00:30,7
2002-01-11-01:30,6
2002-01-11-02:30,8
2002-01-11-03:30,11
2002-01-11-04:30,15
2002-01-11-05:30,18
2002-01-11-06:30,21
2002-01-11-07:30,22
2002-01-11-08:30,22.5
2002-01-11-09:30,23
2002-01-11-10:30,23
2002-01-11-11:30,22
2002-01-11-12:30,18
2002-01-11-13:30,16
2002-01-11-14:30,16
2002-01-11-15:30,16
2002-01-11-16:30,15
2002-01-11-17:30,13
2002-01-11-18:30,12
2002-01-11-19:30,12
2002-01-11-20:30,11
2002-01-11-21:30,10.5
2002-01-11-22:30,10
2002-01-11-23:30,9
2002-01-12-00:30,9
2002-01-12-01:30,9
2002-01-12-02:30,9
2002-01-12-04:30,15
2002-01-12-05:30,18
2002-01-12-06:30,21
2002-01-12-07:30,22
2002-01-12-08:30,23
2002-01-12-09:30,24
2002-01-12-10:30,24
2002-01-12-11:30,23
2002-01-12-12:30,20
2002-01-12-13:30,18
2002-01-12-14:30,17
2002-01-12-15:30,18
2002-01-12-16:30,16
2002-01-12-17:30,15
2002-01-12-18:30,14
2002-01-12-20:30,12
2002-01-12-21:30,14
2002-01-12-22:30,13
2002-01-12-23:30,13
2002-01-13-00:30,12
2002-01-13-01:30,11
2002-01-13-02:30,12
2002-01-13-03:30,14
2002-01-13-04:30,17
2002-01-13-05:30,20
2002-01-13-06:30,21
2002-01-13-07:30,22
2002-01-13-08:30,22
2002-01-13-09:30,22
2002-01-13-10:21,21.5
2002-01-13-11:30,21
2002-01-13-12:30,19
2002-01-13-13:30,19
2002-01-13-14:30,19
2002-01-13-15:30,18
2002-01-13-16:30,18
2002-01-13-17:30,18
2002-01-13-18:30,18
2002-01-13-19:30,17
2002-01-13-20:30,16
2002-01-13-21:30,16
2002-01-13-22:30,16
2002-01-13-23:30,15
2002-01-14-00:30,15
2002-01-14-01:30,15
2002-01-14-02:30,15
2002-01-14-03:30,17
2002-01-14-04:30,19
2002-01-14-05:30,20
2002-01-14-06:30,21
2002-01-14-07:30,22
2002-01-14-08:30,22
2002-01-14-09:30,22
2002-01-14-10:30,22
2002-01-14-11:30,21
2002-01-14-12:30,19
2002-01-14-13:30,18
2002-01-14-14:00,18
2002-01-14-14:30,18
2002-01-14-15:30,18
2002-01-14-16:30,18
2002-01-14-18:30,18
2002-01-14-19:30,17
2002-01-14-20:30,16
2002-01-14-21:30,16
2002-01-14-22:30,16
2002-01-14-23:30,16
2002-01-15-00:00,16
2002-01-15-00:30,16
2002-01-15-01:30,16
2002-01-15-02:30,16
2002-01-15-03:30,16
2002-01-15-04:30,17
2002-01-15-05:30,17
2002-01-15-06:30,15
2002-01-15-07:30,16
2002-01-15-08:30,15
2002-01-15-09:30,16
2002-01-15-10:30,15
2002-01-15-11:30,14
2002-01-15-12:30,13
2002-01-15-13:30,14
2002-01-15-14:30,14
2002-01-15-15:30,14
2002-01-15-16:30,15
2002-01-15-17:30,15
2002-01-15-18:30,14
2002-01-15-19:30,15
2002-01-15-20:30,15
2002-01-15-21:30,15
2002-01-15-22:30,15
2002-01-15-23:30,15
2002-01-16-00:30,15
2002-01-16-01:30,15
2002-01-16-02:30,15
2002-01-16-03:30,15
2002-01-16-04:30,15
2002-01-16-05:30,15
2002-01-16-06:30,15
2002-01-16-07:30,15
2002-01-16-08:30,16
2002-01-16-09:30,16
2002-01-16-10:30,16
2002-01-16-11:30,16
2002-01-16-12:30,16
2002-01-16-13:30,16
2002-01-16-14:30,16
2002-01-16-15:30,16
2002-01-16-16:30,16
2002-01-16-17:30,15
2002-01-16-18:30,14
2002-01-16-19:30,14
2002-01-16-20:30,14
2002-01-16-21:30,14
2002-01-16-22:30,13
2002-01-16-23:30,11
2002-01-17-00:30,10
2002-01-17-01:30,10
2002-01-17-02:30,10
2002-01-17-03:30,11
2002-01-17-04:30,12
2002-01-17-05:30,14
2002-01-17-06:30,15
2002-01-17-07:30,17
2002-01-17-08:30,18
2002-01-17-09:30,19
2002-01-17-10:30,18
2002-01-17-11:30,18
2002-01-17-12:30,17
2002-01-17-13:30,16
2002-01-17-14:30,16
2002-01-17-15:30,16
2002-01-17-16:30,15
2002-01-17-17:30,15
2002-01-17-18:30,15
2002-01-17-19:30,15
2002-01-17-20:30,15
2002-01-17-21:30,14
2002-01-17-22:30,14
2002-01-17-23:30,14
2002-01-18-00:30,14
2002-01-18-01:30,13
2002-01-18-02:30,14
2002-01-18-03:30,14
2002-01-18-04:30,14.5
2002-01-18-05:30,15
2002-01-18-06:30,16
2002-01-18-07:30,17
2002-01-18-08:30,18
2002-01-18-09:30,19
2002-01-18-10:30,19
2002-01-18-11:30,19
2002-01-18-12:30,17
2002-01-18-13:30,16
2002-01-18-14:30,16
2002-01-18-15:30,15
2002-01-18-16:30,13
2002-01-18-17:30,13
2002-01-18-18:30,13
2002-01-18-19:30,13
2002-01-18-20:30,12
2002-01-18-21:30,11
2002-01-18-22:30,11
2002-01-18-23:30,10
2002-01-19-00:30,9
2002-01-19-01:30,9
2002-01-19-02:30,9
2002-01-19-03:30,11
2002-01-19-04:30,15
2002-01-19-05:30,17
2002-01-19-06:30,19
2002-01-19-07:30,19
2002-01-19-08:30,20
2002-01-19-09:30,19
2002-01-19-10:30,19
2002-01-19-11:30,19
2002-01-19-12:30,18
2002-01-19-15:30,15
2002-01-19-16:30,15
2002-01-19-17:30,13
2002-01-19-18:30,12
2002-01-19-19:30,12
2002-01-19-20:30,11
2002-01-19-21:30,11
2002-01-19-22:30,11
2002-01-19-23:30,9
2002-01-20-00:30,9
2002-01-20-01:21,8
2002-01-20-02:30,8
2002-01-20-03:30,11
2002-01-20-04:30,14
2002-01-20-05:30,17
2002-01-20-06:30,20
2002-01-20-07:30,20
2002-01-20-09:30,20
2002-01-20-10:30,20
2002-01-20-11:30,19
2002-01-20-12:30,17
2002-01-20-13:30,17
2002-01-20-14:30,15
2002-01-20-15:30,15
2002-01-20-16:30,14
2002-01-20-18:30,12
2002-01-20-19:30,11
2002-01-20-20:30,11
2002-01-20-21:30,11
2002-01-20-22:30,9
2002-01-20-23:30,9
2002-01-21-01:30,9
2002-01-21-02:30,9
2002-01-21-03:30,11
2002-01-21-04:30,14
2002-01-21-05:30,17
2002-01-21-06:30,18
2002-01-21-07:30,13
2002-01-21-08:30,10
2002-01-21-09:30,19
2002-01-21-10:30,19
2002-01-21-11:30,18
2002-01-21-12:30,17
2002-01-21-13:30,16
2002-01-21-14:30,14
2002-01-21-15:30,12
2002-01-21-16:30,11
2002-01-21-17:30,12
2002-01-21-18:30,12
2002-01-21-19:30,10
2002-01-21-21:30,8
2002-01-21-22:30,8
2002-01-21-23:21,7
2002-01-22-00:30,6
2002-01-22-02:30,6
2002-01-22-03:30,9
2002-01-22-04:30,12
2002-01-22-06:30,17
2002-01-22-07:30,18
2002-01-22-08:30,19
2002-01-22-09:30,18
2002-01-22-10:30,18
2002-01-22-11:30,17
2002-01-22-12:30,15
2002-01-22-13:30,15
2002-01-22-14:30,13
2002-01-22-15:30,12
2002-01-22-16:30,11
2002-01-22-17:30,11
2002-01-22-18:30,10
2002-01-22-19:30,9
2002-01-22-20:30,9
2002-01-22-21:30,8
2002-01-22-22:30,8
2002-01-22-23:30,7
2002-01-23-00:30,7
2002-01-23-01:30,7
2002-01-23-02:30,7
2002-01-23-03:30,9
2002-01-23-04:30,11
2002-01-23-05:30,14
2002-01-23-06:30,16
2002-01-23-07:30,18
2002-01-23-08:30,19
2002-01-23-09:30,19
2002-01-23-10:30,19
2002-01-23-11:30,19
2002-01-23-12:30,17
2002-01-23-13:30,15
2002-01-23-14:30,13
2002-01-23-15:30,12
2002-01-23-16:30,11
2002-01-23-17:30,11
2002-01-23-18:30,10
2002-01-23-19:30,9
2002-01-23-20:30,9
2002-01-23-21:30,8
2002-01-23-22:30,8
2002-01-23-23:30,8
2002-01-24-00:30,7
2002-01-24-01:30,7
2002-01-24-02:30,7
2002-01-24-03:30,8
2002-01-24-04:30,13
2002-01-24-05:21,17
2002-01-24-06:30,19
2002-01-24-07:30,20
2002-01-24-08:30,21
2002-01-24-09:30,21
2002-01-24-10:30,21
2002-01-24-11:30,20
2002-01-24-12:30,17
2002-01-24-13:30,16
2002-01-24-14:30,16
2002-01-24-15:30,13
2002-01-24-16:30,12
2002-01-24-17:30,12
2002-01-24-18:30,11
2002-01-24-19:30,10
2002-01-24-20:30,10
2002-01-24-21:30,10
2002-01-24-22:30,9
2002-01-25-00:30,10
2002-01-25-01:30,9
2002-01-25-02:30,11
2002-01-25-03:30,14
2002-01-25-04:30,17
2002-01-25-05:30,20
2002-01-25-06:30,21
2002-01-25-07:30,22
2002-01-25-08:30,23
2002-01-25-09:30,23
2002-01-25-10:30,24
2002-01-25-11:30,22
2002-01-25-12:30,20
2002-01-25-13:30,18
2002-01-25-14:30,17
2002-01-25-15:30,18
2002-01-25-16:30,17
2002-01-25-17:30,17
2002-01-25-18:30,17
2002-01-25-19:30,15
2002-01-25-20:30,14
2002-01-25-21:30,14
2002-01-25-22:30,15
2002-01-25-23:30,15
2002-01-26-00:30,14
2002-01-26-01:30,14
2002-01-26-02:30,14
2002-01-26-03:30,17
2002-01-26-05:30,21
2002-01-26-06:30,21
2002-01-26-07:30,22
2002-01-26-08:30,23
2002-01-26-09:30,19
2002-01-26-10:30,19
2002-01-26-11:30,19
2002-01-26-12:30,17
2002-01-26-13:30,16
2002-01-26-14:30,16
2002-01-26-15:30,15
2002-01-26-16:30,15
2002-01-26-17:30,15
2002-01-26-18:30,14
2002-01-26-19:30,12
2002-01-26-20:30,12
2002-01-26-21:30,12
2002-01-26-22:30,12
2002-01-26-23:30,11
2002-01-27-00:30,12
2002-01-27-01:30,12
2002-01-27-02:30,11
2002-01-27-03:30,12
2002-01-27-04:30,14
2002-01-27-05:30,16
2002-01-27-06:30,16
2002-01-27-07:30,16
2002-01-27-08:30,16
2002-01-27-09:30,14
2002-01-27-10:30,16
2002-01-27-11:30,17
2002-01-27-12:30,16
2002-01-27-13:30,15
2002-01-27-14:30,14
2002-01-27-15:30,13
2002-01-27-16:30,13
2002-01-27-17:30,12
2002-01-27-18:30,11
2002-01-27-19:30,10
2002-01-27-20:30,9
2002-01-27-21:30,8
2002-01-27-22:30,7
2002-01-27-23:30,6
2002-01-28-00:30,6
2002-01-28-01:30,7
2002-01-28-02:30,7
2002-01-28-03:30,8
2002-01-28-04:30,9
2002-01-28-05:30,12
2002-01-28-06:30,16
2002-01-28-07:30,17
2002-01-28-08:30,19
2002-01-28-09:30,19
2002-01-28-10:30,19
2002-01-28-11:30,18
2002-01-28-12:30,17
2002-01-28-13:30,16
2002-01-28-14:30,15
2002-01-28-15:30,14
2002-01-28-16:30,12
2002-01-28-17:30,11
2002-01-28-18:30,11
2002-01-28-19:30,9
2002-01-28-20:30,9
2002-01-28-21:30,9
2002-01-28-22:30,8
2002-01-28-23:30,8
2002-01-29-00:30,8
2002-01-29-01:30,7
2002-01-29-02:30,7
2002-01-29-03:30,9
2002-01-29-04:30,12
2002-01-29-05:30,14
2002-01-29-06:30,17
2002-01-29-07:30,18
2002-01-29-08:21,19
2002-01-29-09:30,19
2002-01-29-10:30,19
2002-01-29-11:30,19
2002-01-29-12:30,17
2002-01-29-13:30,16
2002-01-29-14:30,15
2002-01-29-16:30,13
2002-01-29-17:30,12
2002-01-29-18:30,11
2002-01-29-19:30,10
2002-01-29-20:21,9
2002-01-29-21:30,9
2002-01-29-22:30,8
2002-01-29-23:30,8
2002-01-30-00:30,7
2002-01-30-01:30,7
2002-01-30-02:30,7
2002-01-30-03:30,9
2002-01-30-05:30,15
2002-01-30-06:30,18
2002-01-30-07:30,20
2002-01-30-08:30,20
2002-01-30-09:30,21
2002-01-30-10:30,20
2002-01-30-11:30,20
2002-01-30-12:30,18
2002-01-30-13:30,16
2002-01-30-14:30,15
2002-01-30-15:30,13
2002-01-30-16:30,12
2002-01-30-17:30,11
2002-01-30-18:30,11
2002-01-30-19:30,10
2002-01-30-20:30,9
2002-01-30-21:30,9
2002-01-30-22:30,8
2002-01-30-23:30,8
2002-01-31-00:30,7
2002-01-31-01:30,7
2002-01-31-02:30,7
2002-01-31-03:30,10
2002-01-31-04:30,13
2002-01-31-05:30,17
2002-01-31-06:30,19
2002-01-31-07:30,20
2002-01-31-08:30,21
2002-01-31-09:30,22
2002-01-31-10:30,21
2002-01-31-11:30,21
2002-01-31-12:30,19
2002-01-31-13:30,18
2002-01-31-14:30,17
2002-01-31-15:30,14
2002-01-31-16:30,13
2002-01-31-17:30,12
2002-01-31-18:30,12
2002-01-31-19:30,12
2002-01-31-20:30,11
2002-01-31-21:30,10
2002-01-31-22:30,9
2002-01-31-23:30,8.5
2002-02-01-00:30,8
2002-02-01-01:30,7
2002-02-01-02:30,7
2002-02-01-03:30,11
2002-02-01-04:30,14
2002-02-01-05:30,17
2002-02-01-06:30,20
2002-02-01-07:30,20
2002-02-01-08:30,21
2002-02-01-09:30,22
2002-02-01-10:30,22
2002-02-01-11:30,21
2002-02-01-12:30,18
2002-02-01-13:30,18
2002-02-01-14:30,18
2002-02-01-15:30,16
2002-02-01-16:30,15
2002-02-01-17:30,14
2002-02-01-18:30,12
2002-02-01-19:30,11
2002-02-01-20:30,10
2002-02-01-21:30,9
2002-02-01-22:30,9
2002-02-01-23:30,9
2002-02-02-00:30,7
2002-02-02-01:30,7
2002-02-02-02:30,7
2002-02-02-03:30,11
2002-02-02-04:30,15
2002-02-02-05:30,18
2002-02-02-06:30,20
2002-02-02-07:30,21
2002-02-02-08:30,22
2002-02-02-09:30,23
2002-02-02-10:30,23
2002-02-02-11:30,22
2002-02-02-12:30,21
2002-02-02-13:30,19
2002-02-02-14:30,17
2002-02-02-15:30,15
2002-02-02-16:30,15
2002-02-02-17:30,14
2002-02-02-18:30,13
2002-02-02-19:30,12
2002-02-02-20:30,11
2002-02-02-21:30,11
2002-02-02-22:30,10
2002-02-02-23:30,9
2002-02-03-00:30,8
2002-02-03-01:30,8
2002-02-03-02:30,8
2002-02-03-03:30,9
2002-02-03-04:30,12
2002-02-03-05:30,16
2002-02-03-06:30,18
2002-02-03-07:30,19
2002-02-03-08:30,21
2002-02-03-09:30,21
2002-02-03-10:30,21
2002-02-03-11:30,20
2002-02-03-13:30,16
2002-02-03-14:30,14
2002-02-03-15:30,13
2002-02-03-16:30,13
2002-02-03-17:30,11
2002-02-03-18:30,11
2002-02-03-19:30,8
2002-02-03-20:30,8
2002-02-03-21:30,8
2002-02-03-22:30,8
2002-02-03-23:30,7
2002-02-04-00:30,6
2002-02-04-01:30,6
2002-02-04-02:30,7
2002-02-04-03:30,9
2002-02-04-04:30,13
2002-02-04-05:30,17
2002-02-04-06:30,19
2002-02-04-07:30,20
2002-02-04-08:30,21
2002-02-04-09:00,21
2002-02-04-09:30,21
2002-02-04-10:30,22
2002-02-04-11:30,21
2002-02-04-12:30,20
2002-02-04-13:30,19
2002-02-04-14:30,15
2002-02-04-15:30,13
2002-02-04-16:30,13
2002-02-04-17:30,13
2002-02-04-18:30,12
2002-02-04-19:30,13
2002-02-04-20:30,12
2002-02-04-21:30,12
2002-02-04-22:30,11
2002-02-04-23:30,11
2002-02-05-00:30,10
2002-02-05-01:30,11
2002-02-05-02:30,12
2002-02-05-04:30,17
2002-02-05-05:30,19
2002-02-05-06:30,20
2002-02-05-07:30,20
2002-02-05-08:30,19
2002-02-05-09:30,20
2002-02-05-10:30,21
2002-02-05-11:30,20
2002-02-05-12:30,18
2002-02-05-13:30,16
2002-02-05-14:30,15
2002-02-05-15:30,14
2002-02-05-16:30,14
2002-02-05-17:30,13
2002-02-05-18:30,13
2002-02-05-19:30,13
2002-02-05-20:30,13
2002-02-05-21:30,12
2002-02-05-22:30,12
2002-02-05-23:30,11
2002-02-06-00:30,11
2002-02-06-01:30,11
2002-02-06-02:30,12
2002-02-06-03:30,14
2002-02-06-04:30,17
2002-02-06-05:30,20
2002-02-06-06:30,22
2002-02-06-07:30,23
2002-02-06-08:30,24
2002-02-06-09:30,24
2002-02-06-10:30,24
2002-02-06-11:30,23
2002-02-06-12:30,21
2002-02-06-13:30,19
2002-02-06-14:30,17
2002-02-06-15:30,16
2002-02-06-16:30,16
2002-02-06-17:30,16
2002-02-06-18:30,16
2002-02-06-19:30,14
2002-02-06-21:30,14
2002-02-06-22:30,14
2002-02-06-23:30,14
2002-02-07-00:30,14
2002-02-07-01:30,14
2002-02-07-02:30,13
2002-02-07-03:30,16
2002-02-07-04:30,19
2002-02-07-05:30,21
2002-02-07-06:30,22
2002-02-07-07:30,22
2002-02-07-08:30,22
2002-02-07-09:30,22
2002-02-07-10:30,22
2002-02-07-11:30,21
2002-02-07-12:30,19
2002-02-07-13:30,17
2002-02-07-14:30,17
2002-02-07-15:30,15
2002-02-07-17:30,14
2002-02-07-18:30,13
2002-02-07-19:30,14
2002-02-07-21:30,13
2002-02-07-22:30,13
2002-02-07-23:30,10
2002-02-08-00:30,9
2002-02-08-01:30,8
2002-02-08-02:30,10
2002-02-08-03:30,11
2002-02-08-04:30,13
2002-02-08-06:30,16
2002-02-08-07:30,17
2002-02-08-08:30,19
2002-02-08-09:30,20
2002-02-08-10:30,19
2002-02-08-11:30,19
2002-02-08-12:30,18
2002-02-08-13:30,17
2002-02-08-14:30,16
2002-02-08-15:30,15
2002-02-08-16:30,14
2002-02-08-17:30,13
2002-02-08-18:30,13
2002-02-08-19:30,12
2002-02-08-20:30,11
2002-02-08-21:30,9
2002-02-08-22:30,8
2002-02-08-23:30,6
2002-02-09-00:30,6
2002-02-09-01:30,6
2002-02-09-02:30,6
2002-02-09-03:00,8
2002-02-09-03:30,10
2002-02-09-04:30,14
2002-02-09-05:30,17
2002-02-09-06:30,19
2002-02-09-07:30,19
2002-02-09-08:30,19
2002-02-09-09:30,19
2002-02-09-10:30,19
2002-02-09-11:30,19
2002-02-09-12:30,17
2002-02-09-13:30,15
2002-02-09-14:30,14
2002-02-09-15:30,14
2002-02-09-16:30,13
2002-02-09-17:30,12
2002-02-09-18:30,11
2002-02-09-19:30,11
2002-02-09-20:30,9
2002-02-09-21:30,9
2002-02-09-22:30,8
2002-02-09-23:30,8
2002-02-10-00:30,7
2002-02-10-01:30,7
2002-02-10-02:30,7
2002-02-10-03:30,8
2002-02-10-04:30,12
2002-02-10-05:30,16
2002-02-10-06:30,17
2002-02-10-07:30,19
2002-02-10-08:30,20
2002-02-10-09:30,20
2002-02-10-10:30,20
2002-02-10-11:30,19
2002-02-10-12:30,18
2002-02-10-13:30,18
2002-02-10-14:30,17
2002-02-10-15:30,16
2002-02-10-16:30,15
2002-02-10-17:30,15
2002-02-10-18:30,15
2002-02-10-19:30,14
2002-02-10-21:30,12
2002-02-10-22:30,13
2002-02-10-23:30,12
2002-02-11-00:30,11
2002-02-11-01:30,11
2002-02-11-02:30,10
2002-02-11-03:00,10.5
2002-02-11-03:30,11
2002-02-11-04:30,13
2002-02-11-05:30,13
2002-02-11-06:30,14
2002-02-11-07:30,15
2002-02-11-08:30,14
2002-02-11-09:30,13
2002-02-11-10:30,13
2002-02-11-11:30,13
2002-02-11-12:30,13
2002-02-11-13:30,13
2002-02-11-14:30,13
2002-02-11-15:30,12
2002-02-11-16:30,12
2002-02-11-17:30,12
2002-02-11-18:30,12
2002-02-11-19:30,12
2002-02-11-20:30,12
2002-02-11-21:30,11
2002-02-11-22:30,12
2002-02-11-23:30,11
2002-02-12-01:30,11
2002-02-12-02:30,11
2002-02-12-03:30,13
2002-02-12-04:30,14
2002-02-12-05:30,15
2002-02-12-06:30,18
2002-02-12-07:30,19
2002-02-12-08:30,18
2002-02-12-09:30,18
2002-02-12-10:30,18
2002-02-12-11:30,18
2002-02-12-12:30,17
2002-02-12-13:30,16
2002-02-12-14:30,14
2002-02-12-15:30,14
2002-02-12-16:30,13
2002-02-12-17:30,12
2002-02-12-18:30,11
2002-02-12-19:30,11
2002-02-12-20:30,11
2002-02-12-21:30,9
2002-02-12-22:30,9
2002-02-12-23:30,10
2002-02-13-00:30,10
2002-02-13-01:30,10
2002-02-13-02:30,10
2002-02-13-03:30,11
2002-02-13-04:30,13
2002-02-13-05:30,14
2002-02-13-06:30,16
2002-02-13-07:30,19
2002-02-13-08:30,20
2002-02-13-09:30,21
2002-02-13-10:30,22
2002-02-13-11:30,21
2002-02-13-12:30,20
2002-02-13-13:30,18
2002-02-13-14:30,16
2002-02-13-15:30,15
2002-02-13-16:30,15
2002-02-13-17:30,14
2002-02-13-18:30,13
2002-02-13-19:30,12
2002-02-13-20:30,12
2002-02-13-21:30,11
2002-02-13-22:30,11
2002-02-13-23:30,10
2002-02-14-00:30,9
2002-02-14-01:30,9
2002-02-14-02:30,9
2002-02-14-03:30,12
2002-02-14-04:30,15
2002-02-14-05:30,17
2002-02-14-06:30,20
2002-02-14-07:30,21
2002-02-14-08:30,22
2002-02-14-09:30,23
2002-02-14-10:30,23
2002-02-14-11:30,22
2002-02-14-12:30,21
2002-02-14-13:30,18
2002-02-14-14:30,18
2002-02-14-15:30,16
2002-02-14-16:30,15
2002-02-14-17:30,15
2002-02-14-18:30,14
2002-02-14-19:30,13
2002-02-14-20:30,12
2002-02-14-21:30,11
2002-02-14-22:30,11
2002-02-14-23:30,10
2002-02-15-00:30,10
2002-02-15-01:30,9
2002-02-15-02:30,10
2002-02-15-03:30,13
2002-02-15-04:30,16
2002-02-15-06:30,22
2002-02-15-07:30,23
2002-02-15-08:30,24
2002-02-15-09:30,24
2002-02-15-10:30,23
2002-02-15-11:30,23
2002-02-15-12:30,21
2002-02-15-13:30,20
2002-02-15-14:30,19
2002-02-15-15:30,17
2002-02-15-16:30,16
2002-02-15-17:30,15
2002-02-15-18:30,15
2002-02-15-19:30,15
2002-02-15-20:30,14
2002-02-15-21:30,13
2002-02-15-22:30,13
2002-02-15-23:30,13
2002-02-16-00:30,12
2002-02-16-01:30,12
2002-02-16-02:30,12
2002-02-16-03:30,15
2002-02-16-04:30,19
2002-02-16-05:30,21
2002-02-16-06:30,23
2002-02-16-07:30,24
2002-02-16-08:30,26
2002-02-16-09:30,27
2002-02-16-10:30,26
2002-02-16-11:30,26
2002-02-16-12:30,24
2002-02-16-13:30,22
2002-02-16-14:30,21
2002-02-16-15:30,19
2002-02-16-16:30,19
2002-02-16-17:30,18
2002-02-16-18:30,17
2002-02-16-19:30,17
2002-02-16-20:30,17
2002-02-16-21:30,16
2002-02-16-22:30,15
2002-02-16-23:30,15
2002-02-17-00:30,14
2002-02-17-01:30,14
2002-02-17-02:30,15
2002-02-17-03:30,20
2002-02-17-04:30,23
2002-02-17-05:30,24
2002-02-17-06:30,25
2002-02-17-07:30,26
2002-02-17-08:30,27
2002-02-17-09:30,28
2002-02-17-10:30,28
2002-02-17-11:30,25
2002-02-17-12:30,24
2002-02-17-13:30,22
2002-02-17-14:30,22
2002-02-17-15:30,21
2002-02-17-16:30,20
2002-02-17-17:30,20
2002-02-17-18:30,19
2002-02-17-19:30,19
2002-02-17-20:30,18
2002-02-17-21:30,17
2002-02-17-22:30,17
2002-02-17-23:30,16
2002-02-18-00:30,15
2002-02-18-01:30,16
2002-02-18-02:30,17
2002-02-18-03:30,21
2002-02-18-04:30,25
2002-02-18-05:30,27
2002-02-18-06:30,27
2002-02-18-07:30,28
2002-02-18-08:30,29
2002-02-18-09:30,30
2002-02-18-10:30,30
2002-02-18-11:30,29
2002-02-18-12:30,27
2002-02-18-14:30,24
2002-02-18-15:30,23
2002-02-18-16:30,22
2002-02-18-17:30,20
2002-02-18-18:30,19
2002-02-18-19:30,19
2002-02-18-20:30,19
2002-02-18-21:30,19
2002-02-18-22:30,19
2002-02-18-23:30,17
2002-02-19-00:30,16
2002-02-19-01:30,15
2002-02-19-02:30,16
2002-02-19-03:30,18
2002-02-19-04:30,21
2002-02-19-05:30,24
2002-02-19-06:30,27
2002-02-19-08:30,30
2002-02-19-09:30,30
2002-02-19-10:30,29
2002-02-19-11:30,29
2002-02-19-12:30,27
2002-02-19-13:30,26
2002-02-19-14:30,24
2002-02-19-15:30,23
2002-02-19-16:30,22
2002-02-19-17:30,21
2002-02-19-18:30,19
2002-02-19-19:30,17
2002-02-19-21:30,16
2002-02-19-22:30,15
2002-02-19-23:30,14
2002-02-20-00:30,14
2002-02-20-01:30,13
2002-02-20-02:30,15
2002-02-20-03:30,17
2002-02-20-04:30,19
2002-02-20-05:30,21
2002-02-20-06:30,22
2002-02-20-07:30,25
2002-02-20-08:30,26
2002-02-20-09:30,26
2002-02-20-10:30,26
2002-02-20-11:30,26
2002-02-20-12:30,25
2002-02-20-13:30,23
2002-02-20-14:30,21
2002-02-20-15:30,19
2002-02-20-16:30,19
2002-02-20-17:30,18
2002-02-20-18:30,18
2002-02-20-19:30,17
2002-02-20-20:30,17
2002-02-20-21:30,16
2002-02-20-22:30,15
2002-02-20-23:30,14
2002-02-21-00:30,14
2002-02-21-01:30,14
2002-02-21-02:30,16
2002-02-21-03:30,20
2002-02-21-04:30,22
2002-02-21-05:30,26
2002-02-21-06:30,27
2002-02-21-07:30,28
2002-02-21-09:30,30
2002-02-21-10:30,30
2002-02-21-11:30,29
2002-02-21-12:30,26
2002-02-21-13:30,24
2002-02-21-14:30,23
2002-02-21-15:30,23
2002-02-21-16:30,22
2002-02-21-17:30,22
2002-02-21-18:30,22
2002-02-21-19:30,22
2002-02-21-20:30,21
2002-02-21-21:30,20
2002-02-21-22:30,19
2002-02-21-23:30,18
2002-02-22-00:30,18
2002-02-22-01:30,18
2002-02-22-03:30,23
2002-02-22-04:30,26
2002-02-22-05:30,27
2002-02-22-06:30,28
2002-02-22-07:30,29
2002-02-22-08:30,30
2002-02-22-09:30,30
2002-02-22-10:30,29
2002-02-22-11:30,29
2002-02-22-12:30,28
2002-02-22-13:30,25
2002-02-22-14:30,25
2002-02-22-15:30,25
2002-02-22-16:30,24
2002-02-22-17:30,21
2002-02-22-18:30,21
2002-02-22-19:30,21
2002-02-22-20:30,20
2002-02-22-21:30,21
2002-02-22-22:30,21
2002-02-22-23:30,19
2002-02-23-00:30,19
2002-02-23-01:30,19
2002-02-23-03:30,20
2002-02-23-04:30,21
2002-02-23-05:30,23
2002-02-23-06:30,23
2002-02-23-07:30,24
2002-02-23-08:30,24
2002-02-23-09:30,24
2002-02-23-10:30,24
2002-02-23-11:30,22
2002-02-23-13:30,20
2002-02-23-14:30,19
2002-02-23-15:30,18
2002-02-23-16:30,18
2002-02-23-17:30,17
2002-02-23-18:30,17
2002-02-23-19:30,16
2002-02-23-20:30,15
2002-02-23-21:30,15
2002-02-23-22:30,14
2002-02-23-23:30,15
2002-02-24-00:30,14
2002-02-24-01:30,13
2002-02-24-02:30,15
2002-02-24-03:30,18
2002-02-24-04:30,21
2002-02-24-05:30,23
2002-02-24-06:30,25
2002-02-24-07:30,25
2002-02-24-08:30,26
2002-02-24-09:30,26
2002-02-24-10:30,25
2002-02-24-11:30,24
2002-02-24-12:30,21
2002-02-24-13:21,20
2002-02-24-14:30,19
2002-02-24-15:30,18
2002-02-24-16:30,17
2002-02-24-17:30,17
2002-02-24-18:30,17
2002-02-24-19:30,16
2002-02-24-20:30,15
2002-02-24-21:30,14
2002-02-24-22:30,14
2002-02-24-23:30,13
2002-02-25-00:30,12
2002-02-25-01:30,11
2002-02-25-02:30,12
2002-02-25-03:30,15
2002-02-25-04:30,17
2002-02-25-05:30,21
2002-02-25-06:30,22
2002-02-25-07:30,23
2002-02-25-08:30,24
2002-02-25-09:30,24
2002-02-25-10:30,24
2002-02-25-11:30,23
2002-02-25-12:30,22
2002-02-25-13:30,21
2002-02-25-14:30,21
2002-02-25-15:30,19
2002-02-25-16:30,18
2002-02-25-17:30,17
2002-02-25-19:30,16
2002-02-25-20:30,15
2002-02-25-21:30,15
2002-02-25-22:30,15
2002-02-25-23:30,15
2002-02-26-00:30,13
2002-02-26-01:30,12
2002-02-26-02:30,13
2002-02-26-03:30,16
2002-02-26-04:30,18
2002-02-26-05:30,19
2002-02-26-06:30,21
2002-02-26-07:30,23
2002-02-26-08:30,24
2002-02-26-09:30,23
2002-02-26-10:30,23
2002-02-26-11:30,23
2002-02-26-12:30,22
2002-02-26-13:30,21
2002-02-26-14:30,20
2002-02-26-15:30,19
2002-02-26-16:30,17
2002-02-26-17:30,17
2002-02-26-18:30,16
2002-02-26-19:30,15
2002-02-26-20:30,15
2002-02-26-21:30,14
2002-02-26-22:30,14
2002-02-26-23:30,13
2002-02-27-00:30,13
2002-02-27-01:30,12
2002-02-27-02:30,13
2002-02-27-03:30,16
2002-02-27-04:30,19
2002-02-27-05:30,22
2002-02-27-06:30,23
2002-02-27-07:30,25
2002-02-27-08:30,25
2002-02-27-09:30,25
2002-02-27-10:30,25
2002-02-27-11:30,25
2002-02-27-12:30,23
2002-02-27-13:30,22
2002-02-27-14:30,21
2002-02-27-15:30,20
2002-02-27-16:30,19
2002-02-27-17:30,18
2002-02-27-18:30,18
2002-02-27-19:30,17
2002-02-27-20:30,16
2002-02-27-21:30,15
2002-02-27-22:30,16
2002-02-27-23:30,15
2002-02-28-00:30,13
2002-02-28-01:30,12
2002-02-28-02:30,13
2002-02-28-03:30,16
2002-02-28-04:30,19
2002-02-28-05:30,22
2002-02-28-06:30,23
2002-02-28-07:30,24
2002-02-28-08:30,25
2002-02-28-09:30,25
2002-02-28-10:30,25
2002-02-28-11:30,25
2002-02-28-12:30,24
2002-02-28-13:30,23
2002-02-28-13:51,23
2002-02-28-15:30,22
2002-02-28-16:30,22
2002-02-28-17:30,21
2002-02-28-18:30,21
2002-02-28-19:30,20
2002-02-28-20:30,20
2002-02-28-21:30,20
2002-02-28-22:30,19
2002-02-28-23:30,18
2002-03-01-00:30,17
2002-03-01-01:30,17
2002-03-01-02:30,18
2002-03-01-03:30,21
2002-03-01-04:30,23
2002-03-01-05:30,24
2002-03-01-06:30,25
2002-03-01-07:30,27
2002-03-01-08:30,27
2002-03-01-09:30,27
2002-03-01-10:30,27
2002-03-01-11:30,26
2002-03-01-12:30,25
2002-03-01-13:30,24
2002-03-01-14:30,23
2002-03-01-15:30,23
2002-03-01-16:30,22
2002-03-01-17:30,21
2002-03-01-18:30,21
2002-03-01-19:30,21
2002-03-01-20:30,20
2002-03-01-21:30,19
2002-03-01-22:30,19
2002-03-01-23:30,18
2002-03-02-00:30,19
2002-03-02-01:30,18
2002-03-02-02:30,18
2002-03-02-03:30,19
2002-03-02-04:30,19
2002-03-02-05:30,18
2002-03-02-06:30,18
2002-03-02-07:30,18
2002-03-02-08:30,18
2002-03-02-09:30,18
2002-03-02-10:30,19
2002-03-02-11:30,20
2002-03-02-12:30,20
2002-03-02-13:30,19
2002-03-02-14:30,17
2002-03-02-15:30,16
2002-03-02-16:30,15
2002-03-02-17:30,14
2002-03-02-18:30,14
2002-03-02-19:21,14
2002-03-02-20:30,13
2002-03-02-21:30,12
2002-03-02-22:30,12
2002-03-02-23:30,12
2002-03-03-00:30,13
2002-03-03-01:30,13
2002-03-03-02:30,14
2002-03-03-03:30,14
2002-03-03-04:30,18
2002-03-03-05:30,20
2002-03-03-06:30,22
2002-03-03-07:30,24
2002-03-03-08:30,24
2002-03-03-09:30,25
2002-03-03-10:30,24
2002-03-03-11:30,23
2002-03-03-12:30,22
2002-03-03-13:30,21
2002-03-03-14:30,20
2002-03-03-15:30,18
2002-03-03-16:30,16
2002-03-03-17:30,15
2002-03-03-18:30,14
2002-03-03-19:30,13
2002-03-03-20:30,13
2002-03-03-21:30,13
2002-03-03-22:30,13
2002-03-03-23:30,11
2002-03-04-00:30,11
2002-03-04-01:30,14.5
2002-03-04-02:30,16
2002-03-04-03:30,15
2002-03-04-04:30,19
2002-03-04-05:30,21
2002-03-04-06:30,23
2002-03-04-07:30,25
2002-03-04-08:30,25
2002-03-04-09:30,25
2002-03-04-10:30,25
2002-03-04-11:30,25
2002-03-04-12:30,24
2002-03-04-13:30,21
2002-03-04-15:30,18
2002-03-04-16:30,17
2002-03-04-17:30,17
2002-03-04-18:30,17
2002-03-04-19:30,18
2002-03-04-20:30,14
2002-03-04-21:30,13
2002-03-04-22:30,12
2002-03-04-23:30,12
2002-03-05-00:30,12
2002-03-05-01:30,12
2002-03-05-02:30,15
2002-03-05-03:30,17
2002-03-05-04:30,20
2002-03-05-05:30,23
2002-03-05-06:30,25
2002-03-05-07:30,26
2002-03-05-08:30,27
2002-03-05-09:30,27
2002-03-05-10:30,26
2002-03-05-11:30,26
2002-03-05-12:30,25
2002-03-05-13:30,23
2002-03-05-14:30,21
2002-03-05-15:30,18
2002-03-05-16:30,17.5
2002-03-05-17:30,17
2002-03-05-18:30,18
2002-03-05-19:30,16
2002-03-05-20:30,15
2002-03-05-21:30,14
2002-03-05-22:30,14
2002-03-05-23:30,13
2002-03-06-00:30,12
2002-03-06-01:30,13
2002-03-06-02:30,15
2002-03-06-03:30,19
2002-03-06-04:30,21
2002-03-06-05:30,24
2002-03-06-06:30,26
2002-03-06-07:30,26
2002-03-06-08:30,27
2002-03-06-09:30,28
2002-03-06-10:30,27
2002-03-06-11:30,27
2002-03-06-12:30,26
2002-03-06-13:30,23
2002-03-06-14:30,21
2002-03-06-15:30,20
2002-03-06-16:30,18
2002-03-06-17:30,18
2002-03-06-18:30,17
2002-03-06-19:30,16
2002-03-06-20:30,15
2002-03-06-21:30,15
2002-03-06-22:30,13
2002-03-06-23:30,13
2002-03-07-00:30,11
2002-03-07-01:30,12
2002-03-07-02:30,15
2002-03-07-03:30,21
2002-03-07-04:30,24
2002-03-07-05:30,27
2002-03-07-06:30,27
2002-03-07-07:30,29
2002-03-07-08:30,29
2002-03-07-09:30,29
2002-03-07-10:30,28
2002-03-07-11:30,28
2002-03-07-12:30,27
2002-03-07-13:30,24
2002-03-07-14:30,23
2002-03-07-15:30,21
2002-03-07-16:30,20
2002-03-07-17:30,19
2002-03-07-18:30,19
2002-03-07-19:30,17
2002-03-07-20:30,17
2002-03-07-21:30,17
2002-03-07-22:30,16
2002-03-07-23:30,16
2002-03-08-00:30,16
2002-03-08-01:30,15
2002-03-08-02:30,18
2002-03-08-03:30,23
2002-03-08-04:30,25
2002-03-08-05:30,26
2002-03-08-06:30,26
2002-03-08-07:30,28
2002-03-08-08:30,28
2002-03-08-09:30,28
2002-03-08-10:30,29
2002-03-08-11:30,28
2002-03-08-12:30,27
2002-03-08-13:30,27
2002-03-08-14:21,23
2002-03-08-15:30,22
2002-03-08-16:30,22
2002-03-08-17:30,22
2002-03-08-18:30,20
2002-03-08-19:30,20
2002-03-08-20:30,20
2002-03-08-21:30,19
2002-03-08-22:30,19
2002-03-08-23:30,19
2002-03-09-00:30,19
2002-03-09-01:30,19
2002-03-09-02:30,20
2002-03-09-03:30,22
2002-03-09-04:30,24
2002-03-09-05:30,27
2002-03-09-06:30,27
2002-03-09-07:30,28
2002-03-09-08:30,29
2002-03-09-09:30,29
2002-03-09-10:30,29
2002-03-09-11:30,29
2002-03-09-12:30,28
2002-03-09-13:30,26
2002-03-09-14:30,25
2002-03-09-15:30,24
2002-03-09-16:30,23
2002-03-09-17:30,23
2002-03-09-18:30,22
2002-03-09-19:30,22
2002-03-09-20:30,22
2002-03-09-21:30,21
2002-03-09-22:30,21
2002-03-09-23:30,20
2002-03-10-00:30,19
2002-03-10-01:30,20
2002-03-10-02:30,21
2002-03-10-03:30,23
2002-03-10-04:30,23
2002-03-10-05:30,25
2002-03-10-06:30,27
2002-03-10-07:30,29
2002-03-10-08:30,30
2002-03-10-09:30,30
2002-03-10-10:30,30
2002-03-10-12:30,28
2002-03-10-13:30,25
2002-03-10-13:51,25
2002-03-10-16:30,22
2002-03-10-17:30,21
2002-03-10-18:30,20
2002-03-10-19:30,20
2002-03-10-20:30,19
2002-03-10-21:30,17
2002-03-10-22:30,16
2002-03-10-23:30,15
2002-03-11-00:30,14
2002-03-11-01:30,13
2002-03-11-02:30,16
2002-03-11-03:30,19
2002-03-11-04:21,21
2002-03-11-05:30,23
2002-03-11-06:30,24
2002-03-11-07:30,26
2002-03-11-08:30,26
2002-03-11-09:30,27
2002-03-11-10:30,27
2002-03-11-11:30,26
2002-03-11-12:30,25
2002-03-11-13:30,23
2002-03-11-14:30,22
2002-03-11-15:30,21
2002-03-11-16:30,21
2002-03-11-18:30,19
2002-03-11-19:30,19
2002-03-11-20:30,19
2002-03-11-22:30,16
2002-03-11-23:30,16
2002-03-12-00:30,15
2002-03-12-01:30,14
2002-03-12-02:30,15
2002-03-12-03:30,19
2002-03-12-04:30,23
2002-03-12-05:30,25
2002-03-12-06:30,27
2002-03-12-07:30,27
2002-03-12-08:30,28
2002-03-12-09:30,28
2002-03-12-10:30,28
2002-03-12-11:30,27
2002-03-12-12:30,26
2002-03-12-13:30,25
2002-03-12-14:30,25
2002-03-12-15:30,24
2002-03-12-16:30,23
2002-03-12-18:30,21
2002-03-12-19:30,21
2002-03-12-20:30,21
2002-03-12-21:30,21
2002-03-12-22:30,20
2002-03-12-23:30,18
2002-03-13-00:30,17
2002-03-13-01:30,17
2002-03-13-02:30,19
2002-03-13-03:30,22
2002-03-13-04:30,25
2002-03-13-05:30,26
2002-03-13-06:30,26
2002-03-13-07:30,27
2002-03-13-08:30,29
2002-03-13-09:30,29
2002-03-13-10:30,29
2002-03-13-11:30,29
2002-03-13-12:30,28
2002-03-13-13:30,26
2002-03-13-14:30,25
2002-03-13-15:30,24
2002-03-13-16:30,22
2002-03-13-17:30,21
2002-03-13-18:30,21
2002-03-13-19:30,19
2002-03-13-21:30,19
2002-03-13-22:30,19
2002-03-13-23:30,18
2002-03-14-00:30,16
2002-03-14-01:30,15
2002-03-14-02:30,17
2002-03-14-03:30,20
2002-03-14-04:30,24
2002-03-14-05:30,26
2002-03-14-06:30,28
2002-03-14-07:30,28
2002-03-14-08:21,29
2002-03-14-09:30,30
2002-03-14-10:30,29
2002-03-14-11:30,28
2002-03-14-12:30,27
2002-03-14-13:30,25
2002-03-14-14:30,24
2002-03-14-15:30,22
2002-03-14-16:30,21
2002-03-14-17:30,21
2002-03-14-18:30,21
2002-03-14-19:30,19
2002-03-14-20:30,19
2002-03-14-21:30,18
2002-03-14-22:30,17
2002-03-14-23:30,17
2002-03-15-00:30,16
2002-03-15-01:30,16
2002-03-15-02:30,19
2002-03-15-03:30,22
2002-03-15-04:30,25
2002-03-15-05:30,27
2002-03-15-06:30,28
2002-03-15-07:30,29
2002-03-15-08:30,30
2002-03-15-09:30,31
2002-03-15-10:30,30
2002-03-15-11:30,30
2002-03-15-12:30,29
2002-03-15-13:30,28
2002-03-15-14:30,24
2002-03-15-15:30,22
2002-03-15-16:30,22
2002-03-15-17:30,20
2002-03-15-18:30,20
2002-03-15-19:30,19
2002-03-15-20:30,18
2002-03-15-21:30,17
2002-03-15-22:30,17
2002-03-16-01:30,18
2002-03-16-02:30,18
2002-03-16-03:30,22
2002-03-16-04:30,27
2002-03-16-05:30,28
2002-03-16-06:30,30
2002-03-16-07:30,31
2002-03-16-08:30,33
2002-03-16-09:30,33
2002-03-16-10:30,33
2002-03-16-11:30,32
2002-03-16-12:21,31
2002-03-16-13:21,29
2002-03-16-14:21,27
2002-03-16-15:30,26
2002-03-16-16:30,23
2002-03-16-17:30,22
2002-03-16-18:30,21
2002-03-16-19:30,20
2002-03-16-20:30,19
2002-03-16-21:30,18
2002-03-16-22:30,17
2002-03-16-23:30,17
2002-03-17-00:30,17
2002-03-17-01:30,17
2002-03-17-02:30,20
2002-03-17-03:30,23
2002-03-17-04:21,26
2002-03-17-05:30,29
2002-03-17-06:30,31
2002-03-17-07:30,32
2002-03-17-08:30,33
2002-03-17-09:30,33
2002-03-17-10:30,33
2002-03-17-11:30,33
2002-03-17-12:30,33
2002-03-17-13:30,29
2002-03-17-14:30,26
2002-03-17-15:30,25
2002-03-17-16:30,23
2002-03-17-17:30,21
2002-03-17-18:30,21
2002-03-17-19:30,20
2002-03-17-20:30,20
2002-03-17-21:30,20
2002-03-17-22:30,19
2002-03-17-23:30,18
2002-03-18-00:30,17
2002-03-18-01:30,18
2002-03-18-02:30,21
2002-03-18-03:30,25
2002-03-18-04:30,28
2002-03-18-05:30,31
2002-03-18-06:30,32
2002-03-18-07:30,33
2002-03-18-08:21,34
2002-03-18-09:30,34
2002-03-18-10:30,34
2002-03-18-12:30,32
2002-03-18-13:30,30
2002-03-18-14:30,29
2002-03-18-15:30,27
2002-03-18-16:30,27
2002-03-18-17:30,25
2002-03-18-18:30,23
2002-03-18-19:30,21
2002-03-18-20:30,20
2002-03-18-21:30,20
2002-03-18-22:30,19
2002-03-18-23:30,18
2002-03-19-00:30,18
2002-03-19-01:30,18
2002-03-19-02:21,20
2002-03-19-03:30,25
2002-03-19-04:30,28
2002-03-19-05:30,30
2002-03-19-06:30,32
2002-03-19-07:30,33
2002-03-19-08:30,34
2002-03-19-09:30,34
2002-03-19-10:30,34
2002-03-19-11:30,34
2002-03-19-12:30,33
2002-03-19-13:30,31
2002-03-19-14:30,37
2002-03-19-15:30,25
2002-03-19-16:30,24
2002-03-19-17:30,23
2002-03-19-18:30,24
2002-03-19-19:30,24
2002-03-19-21:30,20
2002-03-19-22:30,19
2002-03-19-23:30,20
2002-03-20-00:30,19
2002-03-20-01:30,19
2002-03-20-02:30,24
2002-03-20-03:30,27
2002-03-20-04:30,30
2002-03-20-05:30,32
2002-03-20-06:30,33
2002-03-20-07:30,35
2002-03-20-08:30,35
2002-03-20-09:30,36
2002-03-20-10:30,35.5
2002-03-20-11:30,35
2002-03-20-12:30,33
2002-03-20-13:30,31
2002-03-20-14:30,30
2002-03-20-15:30,28
2002-03-20-16:30,27
2002-03-20-17:30,27
2002-03-20-18:30,25
2002-03-20-19:30,24
2002-03-20-20:30,24
2002-03-20-21:30,23
2002-03-20-22:30,22
2002-03-20-23:30,21
2002-03-21-00:30,21
2002-03-21-01:30,21
2002-03-21-02:30,24
2002-03-21-03:30,29
2002-03-21-04:30,31
2002-03-21-05:30,33
2002-03-21-06:30,34
2002-03-21-07:30,35
2002-03-21-08:30,35
2002-03-21-09:30,34
2002-03-21-10:30,33
2002-03-21-11:30,30
2002-03-21-12:30,28
2002-03-21-13:30,28
2002-03-21-14:30,28
2002-03-21-15:30,27.5
2002-03-21-16:30,27
2002-03-21-17:30,25
2002-03-21-18:30,24
2002-03-21-19:30,22
2002-03-21-20:30,22
2002-03-21-21:30,21
2002-03-21-22:30,21
2002-03-21-23:30,21
2002-03-22-00:30,21
2002-03-22-01:30,21
2002-03-22-02:30,24
2002-03-22-03:21,27
2002-03-22-04:30,28
2002-03-22-05:30,31
2002-03-22-06:30,33
2002-03-22-07:30,34
2002-03-22-08:30,34
2002-03-22-09:30,34
2002-03-22-10:30,35
2002-03-22-11:30,34
2002-03-22-12:30,33
2002-03-22-13:30,31
2002-03-22-14:30,30
2002-03-22-15:30,29
2002-03-22-16:30,28
2002-03-22-17:30,28
2002-03-22-18:30,27
2002-03-22-19:30,26
2002-03-22-20:30,25
2002-03-22-21:30,23
2002-03-22-22:30,21
2002-03-22-23:30,20
2002-03-23-00:30,19
2002-03-23-01:30,19
2002-03-23-02:30,22
2002-03-23-03:30,25
2002-03-23-04:30,27
2002-03-23-05:30,29
2002-03-23-06:30,31
2002-03-23-07:30,32
2002-03-23-08:30,35
2002-03-23-09:30,33
2002-03-23-10:30,34
2002-03-23-11:30,33
2002-03-23-12:30,32
2002-03-23-13:30,31
2002-03-23-14:30,30
2002-03-23-15:30,28
2002-03-23-16:30,27
2002-03-23-17:30,27
2002-03-23-18:30,25
2002-03-23-19:30,25
2002-03-23-20:30,24
2002-03-23-21:30,24
2002-03-23-22:30,24
2002-03-23-23:30,24
2002-03-24-00:30,24
2002-03-24-01:30,23
2002-03-24-02:30,26
2002-03-24-03:30,30
2002-03-24-04:30,32
2002-03-24-05:30,32
2002-03-24-06:30,33
2002-03-24-07:30,34
2002-03-24-08:30,35
2002-03-24-09:30,36
2002-03-24-10:30,36
2002-03-24-11:30,35
2002-03-24-12:30,34
2002-03-24-13:30,31
2002-03-24-14:30,29
2002-03-24-15:30,28
2002-03-24-16:30,28
2002-03-24-17:30,27
2002-03-24-18:30,27
2002-03-24-19:30,28
2002-03-24-20:30,27
2002-03-24-21:30,26
2002-03-24-22:30,25
2002-03-24-23:30,25
2002-03-25-00:30,24
2002-03-25-01:30,23
2002-03-25-02:30,24
2002-03-25-03:30,26
2002-03-25-04:30,28
2002-03-25-05:30,30
2002-03-25-06:30,31
2002-03-25-07:30,33
2002-03-25-08:30,33
2002-03-25-09:30,32
2002-03-25-10:30,33
2002-03-25-11:30,32
2002-03-25-12:30,31
2002-03-25-13:30,29
2002-03-25-14:30,28
2002-03-25-15:30,27
2002-03-25-16:30,27
2002-03-25-17:30,26
2002-03-25-18:30,25
2002-03-25-19:30,24
2002-03-25-20:30,24
2002-03-25-21:30,24
2002-03-25-22:30,23
2002-03-25-23:30,23
2002-03-26-00:30,21
2002-03-26-01:30,21
2002-03-26-02:30,23
2002-03-26-03:30,25
2002-03-26-04:30,29
2002-03-26-05:30,31
2002-03-26-06:30,33
2002-03-26-07:30,34
2002-03-26-08:30,33
2002-03-26-09:30,33
2002-03-26-10:30,33
2002-03-26-11:30,32
2002-03-26-12:30,31
2002-03-26-13:30,30
2002-03-26-14:30,29
2002-03-26-15:30,29
2002-03-26-16:30,28
2002-03-26-17:30,27
2002-03-26-18:30,27
2002-03-26-19:30,26
2002-03-26-20:30,25
2002-03-26-21:30,25
2002-03-26-22:30,24
2002-03-26-23:30,23
2002-03-27-00:30,23
2002-03-27-01:30,20
2002-03-27-03:30,24
2002-03-27-04:30,27
2002-03-27-05:30,29
2002-03-27-06:30,31
2002-03-27-07:30,31
2002-03-27-08:30,33
2002-03-27-09:30,33
2002-03-27-10:30,33
2002-03-27-11:30,32
2002-03-27-12:30,31
2002-03-27-13:30,30
2002-03-27-14:30,28
2002-03-27-15:30,27
2002-03-27-16:30,27
2002-03-27-17:30,26
2002-03-27-18:30,24
2002-03-27-19:30,23
2002-03-27-20:30,21
2002-03-27-21:30,20
2002-03-27-22:30,19
2002-03-27-23:30,18
2002-03-28-00:30,17
2002-03-28-01:30,17
2002-03-28-02:30,20
2002-03-28-03:30,23
2002-03-28-04:30,27
2002-03-28-05:30,29
2002-03-28-06:30,31
2002-03-28-07:30,32
2002-03-28-08:30,33
2002-03-28-09:30,33
2002-03-28-10:30,33
2002-03-28-11:30,33
2002-03-28-12:30,32
2002-03-28-13:30,29
2002-03-28-14:30,27
2002-03-28-15:30,26
2002-03-28-16:30,26
2002-03-28-17:30,25
2002-03-28-18:30,23
2002-03-28-19:30,23
2002-03-28-20:30,21
2002-03-28-21:30,21
2002-03-28-22:30,19
2002-03-28-23:30,19
2002-03-29-00:30,18
2002-03-29-01:30,18
2002-03-29-02:30,23
2002-03-29-03:30,26
2002-03-29-04:30,30
2002-03-29-05:30,32
2002-03-29-06:30,33
2002-03-29-07:30,34
2002-03-29-08:30,35
2002-03-29-09:30,36
2002-03-29-10:30,35
2002-03-29-11:30,35
2002-03-29-12:30,33
2002-03-29-13:30,32
2002-03-29-14:30,31
2002-03-29-15:00,27
2002-03-29-15:30,27
2002-03-29-16:30,27
2002-03-29-17:30,25
2002-03-29-18:30,24
2002-03-29-20:30,22
2002-03-29-21:30,21
2002-03-29-22:30,20
2002-03-29-23:30,20
2002-03-30-00:30,19
2002-03-30-01:30,20
2002-03-30-02:30,23
2002-03-30-03:30,27
2002-03-30-04:30,31
2002-03-30-05:30,33
2002-03-30-06:30,34
2002-03-30-07:30,35
2002-03-30-08:30,37
2002-03-30-09:30,37
2002-03-30-10:30,37
2002-03-30-11:30,37
2002-03-30-12:30,36
2002-03-30-13:21,34
2002-03-30-14:21,30
2002-03-30-15:30,31
2002-03-30-16:30,30
2002-03-30-17:30,27
2002-03-30-18:30,27
2002-03-30-19:30,25
2002-03-30-20:30,25
2002-03-30-21:30,25
2002-03-30-22:30,24
2002-03-30-23:30,23
2002-03-31-00:30,23
2002-03-31-01:30,23
2002-03-31-02:30,27
2002-03-31-03:30,31
2002-03-31-04:21,34
2002-03-31-05:30,36
2002-03-31-06:30,37
2002-03-31-07:30,38
2002-03-31-08:30,39
2002-03-31-09:30,39
2002-03-31-10:30,39
2002-03-31-11:30,38
2002-03-31-12:30,36
2002-03-31-13:30,34
2002-03-31-14:30,31
2002-03-31-15:30,30
2002-03-31-16:30,29
2002-03-31-17:30,28
2002-03-31-18:30,28
2002-03-31-19:30,27
2002-03-31-20:30,28
2002-03-31-21:30,26
2002-03-31-22:30,26
2002-03-31-23:30,25
2002-04-01-00:30,25
2002-04-01-02:30,25
2002-04-01-03:30,27
2002-04-01-04:30,30
2002-04-01-05:30,32
2002-04-01-06:30,33
2002-04-01-07:30,34
2002-04-01-08:30,34
2002-04-01-09:30,37
2002-04-01-10:30,34
2002-04-01-11:30,33
2002-04-01-12:30,32
2002-04-01-13:30,30
2002-04-01-14:30,29
2002-04-01-15:30,28
2002-04-01-16:30,28
2002-04-01-17:30,27
2002-04-01-18:30,26
2002-04-01-19:30,26
2002-04-01-20:30,25
2002-04-01-21:30,24
2002-04-01-22:30,24
2002-04-01-23:30,23
2002-04-02-00:30,23
2002-04-02-01:30,24
2002-04-02-02:30,25
2002-04-02-03:30,27
2002-04-02-04:30,28
2002-04-02-05:30,30
2002-04-02-06:30,31
2002-04-02-07:30,33
2002-04-02-08:30,33
2002-04-02-09:30,34
2002-04-02-10:30,34
2002-04-02-11:30,34
2002-04-02-12:30,33
2002-04-02-13:30,31
2002-04-02-14:30,30
2002-04-02-15:30,29
2002-04-02-16:30,28
2002-04-02-17:30,27
2002-04-02-18:30,25
2002-04-02-19:30,24
2002-04-02-21:30,23
2002-04-02-22:30,21
2002-04-02-23:30,20
2002-04-03-00:30,19
2002-04-03-01:30,19
2002-04-03-02:30,21
2002-04-03-03:30,25
2002-04-03-04:30,28
2002-04-03-05:30,31
2002-04-03-06:30,31
2002-04-03-07:30,33
2002-04-03-08:30,33
2002-04-03-09:30,34
2002-04-03-10:30,34
2002-04-03-11:30,34
2002-04-03-12:30,33
2002-04-03-13:30,29
2002-04-03-14:30,30
2002-04-03-15:30,29
2002-04-03-16:30,27
2002-04-03-17:30,25
2002-04-03-18:30,25
2002-04-03-19:30,23
2002-04-03-20:21,23
2002-04-03-21:30,22
2002-04-03-22:30,21
2002-04-03-23:30,20
2002-04-04-00:30,19
2002-04-04-01:30,21
2002-04-04-02:30,24
2002-04-04-03:30,28
2002-04-04-04:30,31
2002-04-04-05:30,32
2002-04-04-06:30,34
2002-04-04-07:30,35
2002-04-04-08:30,37
2002-04-04-09:30,37
2002-04-04-10:30,37
2002-04-04-11:30,37
2002-04-04-12:30,36
2002-04-04-13:30,34
2002-04-04-14:30,33
2002-04-04-15:30,31
2002-04-04-16:30,31
2002-04-04-17:30,28
2002-04-04-18:30,27
2002-04-04-19:30,26
2002-04-04-20:30,25
2002-04-04-21:30,26
2002-04-04-22:30,24
2002-04-04-23:30,25
2002-04-05-00:30,23
2002-04-05-01:30,25
2002-04-05-02:30,28
2002-04-05-03:30,31
2002-04-05-04:30,33
2002-04-05-06:30,36
2002-04-05-07:30,38
2002-04-05-08:30,39
2002-04-05-09:30,40
2002-04-05-10:30,39
2002-04-05-11:30,38
2002-04-05-12:30,36
2002-04-05-13:30,34
2002-04-05-14:30,32
2002-04-05-15:30,31
2002-04-05-16:30,31
2002-04-05-17:30,30
2002-04-05-18:30,30
2002-04-05-19:30,29
2002-04-05-20:30,29
2002-04-05-21:30,29
2002-04-05-22:30,27
2002-04-05-23:30,26
2002-04-06-00:30,25
2002-04-06-01:30,28
2002-04-06-02:30,31
2002-04-06-03:30,32
2002-04-06-04:30,34
2002-04-06-05:30,37
2002-04-06-06:30,39
2002-04-06-07:30,40
2002-04-06-08:30,41
2002-04-06-09:30,40
2002-04-06-10:30,39
2002-04-06-11:30,37
2002-04-06-12:30,36
2002-04-06-13:30,34
2002-04-06-14:30,33
2002-04-06-15:30,32
2002-04-06-16:30,33
2002-04-06-17:30,32
2002-04-06-18:30,31
2002-04-06-19:30,29
2002-04-06-20:30,29
2002-04-06-21:30,28
2002-04-06-22:30,27
2002-04-06-23:30,27
2002-04-07-00:30,27
2002-04-07-01:30,28
2002-04-07-02:30,29
2002-04-07-03:30,30
2002-04-07-04:30,33
2002-04-07-05:30,36
2002-04-07-06:30,37
2002-04-07-07:30,36
2002-04-07-08:30,37
2002-04-07-09:30,37
2002-04-07-10:30,36
2002-04-07-11:30,32
2002-04-07-12:30,31
2002-04-07-13:30,29
2002-04-07-14:30,29
2002-04-07-15:30,28
2002-04-07-16:30,28
2002-04-07-18:30,26
2002-04-07-19:30,26
2002-04-07-20:30,27
2002-04-07-21:30,26
2002-04-07-22:30,24
2002-04-07-23:30,23
2002-04-08-00:30,21
2002-04-08-01:30,22
2002-04-08-02:30,23
2002-04-08-03:30,25
2002-04-08-04:30,29
2002-04-08-05:30,31
2002-04-08-06:30,33
2002-04-08-07:30,33
2002-04-08-08:21,34
2002-04-08-09:30,35
2002-04-08-10:30,35
2002-04-08-11:30,34
2002-04-08-12:30,34
2002-04-08-13:30,32
2002-04-08-14:30,31
2002-04-08-15:30,30
2002-04-08-16:30,29
2002-04-08-17:30,27
2002-04-08-18:30,27
2002-04-08-19:30,26
2002-04-08-20:30,25
2002-04-08-21:30,24
2002-04-08-22:30,23
2002-04-08-23:30,23
2002-04-09-00:30,23
2002-04-09-01:30,23
2002-04-09-02:30,26
2002-04-09-03:30,28
2002-04-09-04:30,30
2002-04-09-05:30,32
2002-04-09-06:30,33
2002-04-09-07:30,34
2002-04-09-08:30,34
2002-04-09-09:30,35
2002-04-09-10:30,34
2002-04-09-11:30,34
2002-04-09-12:30,33
2002-04-09-13:30,32
2002-04-09-14:30,31
2002-04-09-15:30,30
2002-04-09-16:30,29
2002-04-09-17:30,27
2002-04-09-18:30,26
2002-04-09-19:30,27
2002-04-09-20:30,25
2002-04-09-21:30,24
2002-04-09-22:30,23
2002-04-09-23:30,24
2002-04-10-00:30,21
2002-04-10-01:30,21
2002-04-10-02:30,23
2002-04-10-03:30,27
2002-04-10-05:30,32
2002-04-10-06:30,34
2002-04-10-08:30,35
2002-04-10-09:30,35
2002-04-10-10:30,32
2002-04-10-11:30,32
2002-04-10-12:30,32
2002-04-10-13:30,32
2002-04-10-14:30,30
2002-04-10-15:30,28
2002-04-10-16:30,27
2002-04-10-17:30,27
2002-04-10-18:30,26
2002-04-10-19:30,25
2002-04-10-21:30,24
2002-04-10-22:30,24
2002-04-10-23:30,23
2002-04-11-00:30,21
2002-04-11-01:30,24
2002-04-11-02:30,28
2002-04-11-03:30,30
2002-04-11-04:30,33
2002-04-11-05:30,34
2002-04-11-06:30,36
2002-04-11-07:30,36
2002-04-11-08:30,37
2002-04-11-09:30,37
2002-04-11-10:30,37
2002-04-11-11:30,37
2002-04-11-12:30,36
2002-04-11-13:30,35
2002-04-11-14:30,32
2002-04-11-15:30,31
2002-04-11-16:30,30
2002-04-11-17:30,28
2002-04-11-18:30,27
2002-04-11-19:30,27
2002-04-11-20:30,27
2002-04-11-21:30,26
2002-04-11-22:30,25
2002-04-11-23:30,23
2002-04-12-00:30,23
2002-04-12-01:30,24
2002-04-12-02:30,29
2002-04-12-03:30,33
2002-04-12-04:30,35
2002-04-12-05:30,27
2002-04-12-06:30,38
2002-04-12-07:30,39
2002-04-12-08:30,39
2002-04-12-09:30,39
2002-04-12-10:30,39
2002-04-12-11:30,39
2002-04-12-12:30,38
2002-04-12-13:30,35
2002-04-12-14:30,33
2002-04-12-15:30,33
2002-04-12-16:30,30
2002-04-12-17:30,29
2002-04-12-18:30,30
2002-04-12-19:30,29
2002-04-12-20:30,29
2002-04-12-21:30,28
2002-04-12-22:30,28
2002-04-12-23:30,26
2002-04-13-00:30,25
2002-04-13-01:30,25
2002-04-13-02:30,28
2002-04-13-03:30,29
2002-04-13-04:30,32
2002-04-13-05:30,33
2002-04-13-06:30,35
2002-04-13-07:30,37
2002-04-13-08:30,38
2002-04-13-09:30,38
2002-04-13-10:30,39
2002-04-13-11:30,37
2002-04-13-12:30,36
2002-04-13-13:30,34
2002-04-13-14:30,33
2002-04-13-15:30,32
2002-04-13-16:30,31
2002-04-13-17:30,30
2002-04-13-18:30,29
2002-04-13-19:30,28
2002-04-13-20:30,28
2002-04-13-21:30,27
2002-04-13-22:30,27
2002-04-13-23:30,26
2002-04-14-00:30,26
2002-04-14-01:30,27
2002-04-14-02:30,27
2002-04-14-03:30,31
2002-04-14-04:30,34
2002-04-14-05:30,37
2002-04-14-06:30,39
2002-04-14-07:30,40
2002-04-14-08:30,41
2002-04-14-09:30,40
2002-04-14-10:30,40
2002-04-14-11:30,40
2002-04-14-12:30,39
2002-04-14-13:30,38
2002-04-14-14:30,35
2002-04-14-15:30,34
2002-04-14-16:30,34
2002-04-14-17:30,33
2002-04-14-18:30,30
2002-04-14-19:30,30
2002-04-14-20:30,29
2002-04-14-21:30,28
2002-04-14-22:30,26
2002-04-14-23:30,26
2002-04-15-00:30,26
2002-04-15-01:30,27
2002-04-15-02:30,31
2002-04-15-03:30,33
2002-04-15-04:30,35
2002-04-15-05:30,37
2002-04-15-06:30,39
2002-04-15-07:30,39
2002-04-15-08:21,40
2002-04-15-09:30,40
2002-04-15-10:30,40
2002-04-15-11:30,38
2002-04-15-12:30,39
2002-04-15-13:30,37
2002-04-15-14:30,36
2002-04-15-15:30,35
2002-04-15-16:30,33
2002-04-15-17:30,32
2002-04-15-18:30,30
2002-04-15-19:30,31
2002-04-15-20:30,29
2002-04-15-21:30,29
2002-04-15-22:30,28
2002-04-15-23:30,27
2002-04-16-00:30,27
2002-04-16-01:30,27
2002-04-16-02:30,29
2002-04-16-03:30,31
2002-04-16-04:30,33
2002-04-16-05:30,37
2002-04-16-06:30,39
2002-04-16-07:30,39
2002-04-16-08:30,40
2002-04-16-09:30,40
2002-04-16-10:30,40
2002-04-16-11:30,39
2002-04-16-12:30,38
2002-04-16-13:30,35
2002-04-16-14:30,34
2002-04-16-15:30,33
2002-04-16-16:30,32
2002-04-16-17:30,31
2002-04-16-18:30,30
2002-04-16-19:30,28
2002-04-16-20:30,28
2002-04-16-21:30,27
2002-04-16-22:30,26
2002-04-16-23:30,25
2002-04-17-00:30,24
2002-04-17-01:30,25
2002-04-17-02:30,28
2002-04-17-03:30,31
2002-04-17-04:30,34
2002-04-17-05:30,36
2002-04-17-06:30,37
2002-04-17-07:30,39
2002-04-17-08:30,39
2002-04-17-09:30,39
2002-04-17-10:30,39
2002-04-17-11:30,38
2002-04-17-12:30,38
2002-04-17-13:30,36
2002-04-17-14:30,34
2002-04-17-15:30,32
2002-04-17-16:30,32
2002-04-17-17:30,32
2002-04-17-18:30,32
2002-04-17-19:30,31
2002-04-17-20:30,29
2002-04-17-21:21,27
2002-04-17-22:30,27
2002-04-17-23:30,25
2002-04-18-00:30,25
2002-04-18-01:30,26
2002-04-18-02:30,28
2002-04-18-03:30,32
2002-04-18-04:30,35
2002-04-18-05:30,37
2002-04-18-06:30,39
2002-04-18-07:30,39
2002-04-18-08:30,38
2002-04-18-09:30,40
2002-04-18-11:30,40
2002-04-18-12:30,39
2002-04-18-13:30,37
2002-04-18-14:30,35
2002-04-18-15:30,34
2002-04-18-16:30,34
2002-04-18-17:30,34
2002-04-18-18:30,34
2002-04-18-19:30,32
2002-04-18-20:30,32
2002-04-18-21:30,29
2002-04-18-23:30,26
2002-04-19-00:30,25
2002-04-19-01:30,26
2002-04-19-02:30,29
2002-04-19-14:30,35
2002-04-19-15:30,33
2002-04-19-16:30,32
2002-04-19-17:30,31
2002-04-19-18:30,31
2002-04-19-19:30,29
2002-04-19-20:30,29
2002-04-19-22:30,28
2002-04-19-23:30,27
2002-04-20-00:30,27
2002-04-20-01:30,28
2002-04-20-02:30,31
2002-04-20-03:30,34
2002-04-20-04:30,38
2002-04-20-05:30,40
2002-04-20-06:30,41
2002-04-20-07:30,42
2002-04-20-08:30,42
2002-04-20-09:30,43
2002-04-20-10:30,42
2002-04-20-11:30,42
2002-04-20-12:30,42
2002-04-20-13:30,40
2002-04-20-14:30,38
2002-04-20-15:30,36
2002-04-20-16:30,36
2002-04-20-17:30,36
2002-04-20-18:30,33
2002-04-20-20:30,30
2002-04-20-21:30,31
2002-04-20-22:30,32
2002-04-20-23:30,30
2002-04-21-00:30,29
2002-04-21-01:30,29
2002-04-21-02:30,31
2002-04-21-03:30,34
2002-04-21-04:30,36
2002-04-21-05:30,39
2002-04-21-06:30,40
2002-04-21-07:30,42
2002-04-21-08:30,43
2002-04-21-09:30,43
2002-04-21-10:30,43
2002-04-21-11:30,43
2002-04-21-12:30,42
2002-04-21-13:30,39
2002-04-21-14:30,38
2002-04-21-15:30,34
2002-04-21-16:30,34
2002-04-21-17:30,33
2002-04-21-18:30,32
2002-04-21-19:30,31
2002-04-21-20:30,30
2002-04-21-21:30,30
2002-04-21-22:30,29
2002-04-21-23:30,29
2002-04-22-00:30,28
2002-04-22-01:30,29
2002-04-22-02:30,31
2002-04-22-03:30,35
2002-04-22-04:30,38
2002-04-22-05:30,41
2002-04-22-06:30,42
2002-04-22-07:30,43
2002-04-22-08:30,43
2002-04-22-09:30,43
2002-04-22-10:30,43
2002-04-22-11:30,42
2002-04-22-12:30,42
2002-04-22-13:30,39
2002-04-22-14:30,38
2002-04-22-15:30,36
2002-04-22-16:30,34.5
2002-04-22-17:30,33
2002-04-22-18:30,33
2002-04-22-19:30,32
2002-04-22-20:30,32
2002-04-22-21:30,31
2002-04-22-22:30,30
2002-04-22-23:30,30
2002-04-23-00:30,31
2002-04-23-01:30,31
2002-04-23-02:30,33
2002-04-23-03:30,34
2002-04-23-04:30,37
2002-04-23-05:30,38
2002-04-23-06:30,40
2002-04-23-07:30,41
2002-04-23-08:30,42
2002-04-23-09:30,41
2002-04-23-10:30,41
2002-04-23-11:30,41
2002-04-23-12:30,39
2002-04-23-13:30,38
2002-04-23-14:30,36
2002-04-23-15:30,35
2002-04-23-16:30,34
2002-04-23-17:30,33
2002-04-23-18:30,32
2002-04-23-19:30,31
2002-04-23-20:30,31
2002-04-23-21:30,30
2002-04-23-22:30,29
2002-04-23-23:30,29
2002-04-24-00:30,28
2002-04-24-01:30,28
2002-04-24-02:30,29
2002-04-24-03:30,30
2002-04-24-04:30,33
2002-04-24-05:30,35
2002-04-24-06:30,36
2002-04-24-07:30,37
2002-04-24-08:30,38
2002-04-24-09:30,39
2002-04-24-10:30,39
2002-04-24-12:30,38
2002-04-24-13:30,37
2002-04-24-14:30,36
2002-04-24-15:30,35
2002-04-24-16:30,34
2002-04-24-17:30,33
2002-04-24-18:30,33
2002-04-24-19:30,32
2002-04-24-20:30,31
2002-04-24-21:30,31
2002-04-24-22:30,30
2002-04-24-23:30,29
2002-04-25-00:30,29
2002-04-25-01:30,29
2002-04-25-02:30,31
2002-04-25-03:30,32
2002-04-25-04:30,34
2002-04-25-05:30,37
2002-04-25-06:30,39
2002-04-25-07:30,40
2002-04-25-08:30,41
2002-04-25-09:30,41
2002-04-25-10:30,41
2002-04-25-11:30,40
2002-04-25-12:30,39
2002-04-25-13:30,32
2002-04-25-14:30,30
2002-04-25-15:30,28
2002-04-25-16:30,27
2002-04-25-17:30,27
2002-04-25-18:30,26
2002-04-25-19:30,26
2002-04-25-20:30,26
2002-04-25-21:30,25
2002-04-25-22:30,24
2002-04-25-23:30,23
2002-04-26-00:30,22
2002-04-26-01:30,23
2002-04-26-02:30,25
2002-04-26-03:30,27
2002-04-26-04:30,29
2002-04-26-05:30,31
2002-04-26-06:30,33
2002-04-26-07:30,35
2002-04-26-08:30,36
2002-04-26-09:30,36
2002-04-26-10:30,36
2002-04-26-11:30,36
2002-04-26-12:30,36
2002-04-26-13:30,34
2002-04-26-14:30,33
2002-04-26-15:30,32
2002-04-26-16:30,31
2002-04-26-17:30,31
2002-04-26-18:30,30
2002-04-26-19:30,29
2002-04-26-20:30,28
2002-04-26-21:30,25
2002-04-26-22:30,24
2002-04-26-23:30,24
2002-04-27-00:30,23
2002-04-27-01:30,24
2002-04-27-02:30,38
2002-04-27-04:30,34
2002-04-27-05:30,35
2002-04-27-06:30,37
2002-04-27-07:30,39
2002-04-27-08:30,41
2002-04-27-09:30,41
2002-04-27-10:30,42
2002-04-27-11:30,42
2002-04-27-12:30,41
2002-04-27-13:30,39
2002-04-27-14:30,39
2002-04-27-15:30,36
2002-04-27-16:30,34
2002-04-27-17:30,33
2002-04-27-18:30,32
2002-04-27-19:30,31
2002-04-27-20:30,30
2002-04-27-21:30,29
2002-04-27-22:30,29
2002-04-27-23:30,29
2002-04-28-00:30,29
2002-04-28-01:30,30
2002-04-28-02:30,31
2002-04-28-03:30,32
2002-04-28-04:30,34
2002-04-28-05:30,35
2002-04-28-06:30,37
2002-04-28-07:30,39
2002-04-28-08:30,41
2002-04-28-09:30,41
2002-04-28-10:30,42
2002-04-28-11:30,42
2002-04-28-12:30,40
2002-04-28-13:30,37
2002-04-28-14:30,38
2002-04-28-15:30,36
2002-04-28-16:30,35
2002-04-28-17:30,34
2002-04-28-18:30,33
2002-04-28-19:30,32
2002-04-28-20:30,30
2002-04-28-21:30,29
2002-04-28-22:30,27
2002-04-28-23:30,26
2002-04-29-00:30,26
2002-04-29-01:30,27
2002-04-29-02:30,29
2002-04-29-03:30,32
2002-04-29-04:30,34
2002-04-29-05:30,35
2002-04-29-06:30,36
2002-04-29-07:30,37
2002-04-29-08:30,38
2002-04-29-09:30,38
2002-04-29-10:30,39
2002-04-29-11:30,38
2002-04-29-12:30,37
2002-04-29-13:30,36
2002-04-29-14:30,35
2002-04-29-15:30,33
2002-04-29-16:30,32
2002-04-29-17:30,31
2002-04-29-18:30,28
2002-04-29-21:30,25
2002-04-29-23:30,23
2002-04-30-00:30,24
2002-04-30-01:30,24
2002-04-30-02:30,27
2002-04-30-03:30,31
2002-04-30-04:30,35
2002-04-30-05:30,37
2002-04-30-06:30,39
2002-04-30-07:30,40
2002-04-30-08:30,41
2002-04-30-09:30,41
2002-04-30-10:30,41
2002-04-30-11:30,41
2002-04-30-12:30,40
2002-04-30-13:30,37
2002-04-30-14:30,36
2002-04-30-15:30,34
2002-04-30-16:30,34
2002-04-30-17:30,32
2002-04-30-18:30,30
2002-04-30-19:30,30
2002-04-30-20:30,31
2002-04-30-21:30,30
2002-04-30-22:30,29
2002-04-30-23:30,28
2002-05-01-00:30,28
2002-05-01-01:30,27
2002-05-01-02:30,28
2002-05-01-03:30,30
2002-05-01-04:30,33
2002-05-01-05:30,35
2002-05-01-06:30,37
2002-05-01-07:30,37
2002-05-01-08:30,38
2002-05-01-09:30,38
2002-05-01-10:30,38
2002-05-01-11:30,38
2002-05-01-12:30,37
2002-05-01-13:30,35
2002-05-01-14:30,34
2002-05-01-15:30,33
2002-05-01-16:30,33
2002-05-01-17:30,32
2002-05-01-18:30,31
2002-05-01-19:30,30
2002-05-01-20:30,29
2002-05-01-21:30,28
2002-05-01-22:30,28
2002-05-01-23:30,28
2002-05-02-00:30,27
2002-05-02-01:30,28
2002-05-02-02:30,30
2002-05-02-03:30,32
2002-05-02-04:30,34
2002-05-02-05:30,36
2002-05-02-06:30,38
2002-05-02-07:30,39
2002-05-02-08:30,39
2002-05-02-09:30,40
2002-05-02-10:30,40
2002-05-02-11:30,39
2002-05-02-12:30,38
2002-05-02-13:30,37
2002-05-02-14:30,31
2002-05-02-15:30,31
2002-05-02-16:00,31
2002-05-02-16:30,32
2002-05-02-17:30,33
2002-05-02-18:30,31
2002-05-02-19:30,31
2002-05-02-20:30,30
2002-05-02-21:30,30
2002-05-02-22:30,28
2002-05-02-23:30,27
2002-05-03-00:30,26
2002-05-03-01:30,27
2002-05-03-02:30,31
2002-05-03-03:30,33
2002-05-03-04:30,35
2002-05-03-05:30,37
2002-05-03-06:30,39
2002-05-03-07:30,39
2002-05-03-08:30,40
2002-05-03-09:30,41
2002-05-03-10:30,42
2002-05-03-11:30,41
2002-05-03-12:30,41
2002-05-03-13:30,39
2002-05-03-14:30,37
2002-05-03-15:30,34
2002-05-03-16:30,33
2002-05-03-17:30,34
2002-05-03-18:30,33
2002-05-03-19:30,33
2002-05-03-20:30,33
2002-05-03-21:30,32
2002-05-03-22:30,30
2002-05-03-23:30,30
2002-05-04-00:30,28
2002-05-04-01:30,29
2002-05-04-02:30,31
2002-05-04-03:30,35
2002-05-04-04:30,38
2002-05-04-05:30,40
2002-05-04-06:30,41
2002-05-04-07:30,42
2002-05-04-08:30,42
2002-05-04-09:30,43
2002-05-04-10:30,43
2002-05-04-11:30,43
2002-05-04-12:30,42
2002-05-04-13:30,40
2002-05-04-14:30,38
2002-05-04-15:30,35
2002-05-04-16:30,35
2002-05-04-17:30,35
2002-05-04-18:30,35
2002-05-04-19:30,35
2002-05-04-20:30,34
2002-05-04-21:30,32
2002-05-04-22:30,31
2002-05-04-23:30,30
2002-05-05-00:30,29
2002-05-05-01:30,29
2002-05-05-02:30,31
2002-05-05-03:30,34
2002-05-05-04:30,34
2002-05-05-05:30,37
2002-05-05-06:30,39
2002-05-05-07:30,40
2002-05-05-08:30,41
2002-05-05-09:30,41
2002-05-05-10:30,41
2002-05-05-11:30,41
2002-05-05-12:30,40
2002-05-05-13:30,39
2002-05-05-14:30,37
2002-05-05-15:30,39
2002-05-05-16:30,37
2002-05-05-17:30,36
2002-05-05-18:30,34
2002-05-05-19:30,33
2002-05-05-20:30,32
2002-05-05-21:30,32
2002-05-05-22:30,31
2002-05-05-23:30,31
2002-05-06-00:30,31
2002-05-06-01:30,31
2002-05-06-02:30,35
2002-05-06-03:30,36
2002-05-06-04:30,37
2002-05-06-05:30,38
2002-05-06-06:30,39
2002-05-06-07:30,41
2002-05-06-08:30,43
2002-05-06-09:30,43
2002-05-06-10:30,42
2002-05-06-11:30,42
2002-05-06-12:30,39
2002-05-06-13:30,38
2002-05-06-14:30,37
2002-05-06-15:30,36
2002-05-06-16:30,34
2002-05-06-17:30,34
2002-05-06-18:30,34
2002-05-06-19:30,33
2002-05-06-20:30,33
2002-05-06-21:30,32
2002-05-06-22:30,31
2002-05-06-23:30,30
2002-05-07-00:30,30
2002-05-07-01:30,30
2002-05-07-02:30,31
2002-05-07-03:30,32
2002-05-07-04:30,34
2002-05-07-05:30,35
2002-05-07-06:30,37
2002-05-07-07:30,39
2002-05-07-08:30,40
2002-05-07-09:30,40
2002-05-07-10:30,40
2002-05-07-11:30,40
2002-05-07-12:30,39
2002-05-07-13:30,37
2002-05-07-14:30,36
2002-05-07-15:30,35
2002-05-07-16:30,35
2002-05-07-17:30,33
2002-05-07-18:30,32
2002-05-07-19:30,31
2002-05-07-20:30,31
2002-05-07-21:30,31
2002-05-07-22:30,30
2002-05-07-23:30,30
2002-05-08-00:30,29
2002-05-08-01:30,31
2002-05-08-07:30,43
2002-05-08-08:30,44
2002-05-08-09:30,44
2002-05-08-10:30,45
2002-05-08-11:30,45
2002-05-08-12:30,42
2002-05-08-13:30,40
2002-05-08-14:30,38
2002-05-08-15:30,37
2002-05-08-16:30,36
2002-05-08-17:30,36
2002-05-08-18:30,35
2002-05-08-19:30,34
2002-05-08-20:30,33
2002-05-08-21:30,33
2002-05-08-22:30,32
2002-05-08-23:30,31
2002-05-09-00:30,31
2002-05-09-01:30,32
2002-05-09-02:30,34
2002-05-09-03:30,37
2002-05-09-04:30,39
2002-05-09-05:30,42
2002-05-09-06:30,44
2002-05-09-07:30,45
2002-05-09-08:30,46
2002-05-09-09:30,46
2002-05-09-10:30,46
2002-05-09-11:30,45
2002-05-09-12:30,44
2002-05-09-13:30,42
2002-05-09-14:30,39
2002-05-09-15:30,38
2002-05-09-16:30,37
2002-05-09-17:30,37
2002-05-09-18:30,34
2002-05-09-19:30,33
2002-05-09-20:30,34
2002-05-09-21:30,35
2002-05-09-22:30,35
2002-05-09-23:30,33
2002-05-10-00:30,33
2002-05-10-01:30,35
2002-05-10-02:30,36
2002-05-10-03:30,38
2002-05-10-04:30,39
2002-05-10-05:30,41
2002-05-10-06:30,43
2002-05-10-07:30,44
2002-05-10-08:30,45
2002-05-10-09:30,46
2002-05-10-10:30,46
2002-05-10-11:30,45
2002-05-10-12:30,44
2002-05-10-13:30,42
2002-05-10-14:30,39
2002-05-10-15:30,38
2002-05-10-17:30,36
2002-05-10-18:30,35
2002-05-10-19:30,34
2002-05-10-20:30,35
2002-05-10-21:30,35
2002-05-10-22:30,33
2002-05-10-23:30,30
2002-05-11-00:30,29
2002-05-11-01:30,31
2002-05-11-02:30,33
2002-05-11-03:30,36
2002-05-11-04:30,38
2002-05-11-05:30,40
2002-05-11-06:30,43
2002-05-11-07:30,44
2002-05-11-08:30,45
2002-05-11-09:30,46
2002-05-11-10:30,45
2002-05-11-11:30,45
2002-05-11-12:30,44
2002-05-11-13:30,42
2002-05-11-14:30,40
2002-05-11-15:30,38
2002-05-11-16:30,37
2002-05-11-17:30,35
2002-05-11-18:30,33
2002-05-11-19:30,32
2002-05-11-20:30,31
2002-05-11-21:30,32
2002-05-11-22:30,30
2002-05-11-23:30,30
2002-05-12-00:30,29
2002-05-12-01:30,31
2002-05-12-02:30,34
2002-05-12-03:30,36
2002-05-12-04:30,39
2002-05-12-05:30,40
2002-05-12-06:30,43
2002-05-12-07:30,44
2002-05-12-08:30,44
2002-05-12-09:30,45
2002-05-12-10:30,45
2002-05-12-11:30,45
2002-05-12-12:30,45
2002-05-12-13:30,41
2002-05-12-14:30,39
2002-05-12-15:30,37
2002-05-12-16:30,37
2002-05-12-17:30,37
2002-05-12-18:30,36
2002-05-12-19:30,35
2002-05-12-20:30,35
2002-05-12-21:30,35
2002-05-12-22:30,35
2002-05-12-23:30,34
2002-05-13-00:30,34
2002-05-13-01:30,35
2002-05-13-02:30,36
2002-05-13-03:30,38
2002-05-13-04:30,40
2002-05-13-05:30,41
2002-05-13-06:30,42
2002-05-13-07:30,43
2002-05-13-08:30,43
2002-05-13-09:30,43
2002-05-13-10:30,43
2002-05-13-11:30,40
2002-05-13-12:30,40
2002-05-13-14:30,37
2002-05-13-15:30,36
2002-05-13-16:30,37
2002-05-13-17:30,36
2002-05-13-18:30,36
2002-05-13-19:30,36
2002-05-13-20:30,35
2002-05-13-21:30,34
2002-05-13-22:30,34
2002-05-13-23:30,33
2002-05-14-00:00,37
2002-05-14-00:30,33
2002-05-14-01:30,34
2002-05-14-02:30,37
2002-05-14-03:30,39
2002-05-14-04:30,40
2002-05-14-05:30,41
2002-05-14-06:30,43
2002-05-14-07:30,43
2002-05-14-08:30,45
2002-05-14-09:30,45
2002-05-14-10:30,45
2002-05-14-11:30,43
2002-05-14-12:30,42
2002-05-14-13:30,42
2002-05-14-14:30,39
2002-05-14-15:30,39
2002-05-14-16:30,37
2002-05-14-18:30,36
2002-05-14-19:30,35
2002-05-14-20:30,34
2002-05-14-21:30,34
2002-05-14-22:30,33
2002-05-14-23:30,32
2002-05-15-00:30,32
2002-05-15-01:30,33
2002-05-15-02:30,34
2002-05-15-03:30,34
2002-05-15-04:30,36.5
2002-05-15-05:30,39
2002-05-15-06:30,39
2002-05-15-07:30,41
2002-05-15-08:30,41
2002-05-15-09:30,42
2002-05-15-10:30,42
2002-05-15-11:30,41
2002-05-15-12:30,41
2002-05-15-13:30,40
2002-05-15-14:30,39
2002-05-15-15:30,38
2002-05-15-16:30,38
2002-05-15-17:30,37
2002-05-15-18:30,36
2002-05-15-19:30,36
2002-05-15-20:30,35
2002-05-15-21:30,35
2002-05-15-22:30,34
2002-05-15-23:30,34
2002-05-16-00:30,33
2002-05-16-01:30,34
2002-05-16-02:30,34
2002-05-16-03:30,35
2002-05-16-04:30,36
2002-05-16-05:30,38
2002-05-16-06:30,39
2002-05-16-07:30,39
2002-05-16-08:30,41
2002-05-16-09:30,41
2002-05-16-10:30,40
2002-05-16-11:30,40
2002-05-16-12:30,40
2002-05-16-13:30,39
2002-05-16-14:30,38
2002-05-16-15:30,37
2002-05-16-16:30,36
2002-05-16-17:30,35
2002-05-16-18:30,35
2002-05-16-19:30,34
2002-05-16-20:30,33
2002-05-16-21:30,32
2002-05-16-22:30,31
2002-05-16-23:30,31
2002-05-17-00:30,31
2002-05-17-01:30,32
2002-05-17-03:30,36
2002-05-17-04:30,40
2002-05-17-05:30,43
2002-05-17-06:30,43
2002-05-17-07:30,44
2002-05-17-08:30,45
2002-05-17-09:30,45
2002-05-17-10:30,45
2002-05-17-11:30,45
2002-05-17-12:30,45
2002-05-17-13:30,42
2002-05-17-14:30,39
2002-05-17-15:30,38
2002-05-17-16:30,35
2002-05-17-17:30,35
2002-05-17-18:30,35
2002-05-17-19:30,35
2002-05-17-20:30,35
2002-05-17-21:30,31
2002-05-17-22:30,31
2002-05-17-23:30,29
2002-05-18-00:30,29
2002-05-18-01:30,30
2002-05-18-02:30,33
2002-05-18-04:30,40
2002-05-18-05:30,43
2002-05-18-06:30,44
2002-05-18-07:30,45
2002-05-18-08:30,46
2002-05-18-09:30,46
2002-05-18-10:30,47
2002-05-18-11:30,46
2002-05-18-12:30,45
2002-05-18-13:30,44
2002-05-18-14:30,44
2002-05-18-15:30,43
2002-05-18-16:30,41
2002-05-18-17:30,39
2002-05-18-18:30,37
2002-05-18-19:30,36
2002-05-18-20:30,33
2002-05-18-21:30,32
2002-05-18-22:30,32
2002-05-18-23:30,32
2002-05-19-00:30,33
2002-05-19-01:30,34
2002-05-19-02:30,37
2002-05-19-03:30,39
2002-05-19-04:30,40
2002-05-19-05:30,41
2002-05-19-06:30,42
2002-05-19-07:30,43
2002-05-19-08:30,43
2002-05-19-09:30,43
2002-05-19-10:30,43
2002-05-19-11:30,42
2002-05-19-12:30,42
2002-05-19-13:30,41
2002-05-19-14:30,41
2002-05-19-15:30,41
2002-05-19-16:21,40
2002-05-19-17:30,38
2002-05-19-18:30,36
2002-05-19-19:30,36
2002-05-19-20:30,34
2002-05-19-21:30,32
2002-05-19-22:30,31
2002-05-19-23:30,31
2002-05-20-02:30,35
2002-05-20-03:30,36
2002-05-20-04:30,38
2002-05-20-05:30,40
2002-05-20-06:30,41
2002-05-20-07:30,42
2002-05-20-08:30,43
2002-05-20-09:30,43
2002-05-20-10:30,44
2002-05-20-11:30,43
2002-05-20-12:30,42
2002-05-20-13:30,41
2002-05-20-14:30,39
2002-05-20-17:30,37
2002-05-20-20:30,34
2002-05-20-21:30,32
2002-05-20-22:30,30
2002-05-20-23:30,29
2002-05-21-00:30,28
2002-05-21-01:30,30
2002-05-21-02:30,32
2002-05-21-03:30,34
2002-05-21-04:30,37
2002-05-21-05:30,39
2002-05-21-06:30,41
2002-05-21-09:30,43
2002-05-21-10:30,43
2002-05-21-11:30,43
2002-05-21-12:30,43
2002-05-21-13:30,41
2002-05-21-14:30,39
2002-05-21-15:30,38
2002-05-21-16:30,34
2002-05-21-17:30,32
2002-05-21-18:30,32
2002-05-21-19:30,30
2002-05-21-20:30,29
2002-05-21-21:30,29
2002-05-21-22:30,23
2002-05-21-23:30,27
2002-05-22-00:30,27
2002-05-22-01:30,30
2002-05-22-02:30,34
2002-05-22-03:30,37
2002-05-22-04:30,40
2002-05-22-05:30,41
2002-05-22-06:30,42
2002-05-22-07:30,43
2002-05-22-08:30,44
2002-05-22-09:30,45
2002-05-22-10:30,45
2002-05-22-11:30,45
2002-05-22-12:30,44
2002-05-22-13:30,42
2002-05-22-14:30,40
2002-05-22-15:30,37
2002-05-22-16:30,36
2002-05-22-17:30,34
2002-05-22-18:30,34
2002-05-22-19:30,33
2002-05-22-20:30,32
2002-05-22-21:30,31
2002-05-22-22:30,32
2002-05-22-23:30,33
2002-05-23-00:30,33
2002-05-23-01:30,34
2002-05-23-02:30,37
2002-05-23-03:30,39
2002-05-23-04:30,41
2002-05-23-05:30,41
2002-05-23-06:30,42
2002-05-23-07:30,43
2002-05-23-08:30,45
2002-05-23-09:30,45
2002-05-23-10:30,45
2002-05-23-11:30,44
2002-05-23-12:30,42
2002-05-23-13:30,41
2002-05-23-14:30,40
2002-05-23-15:30,38
2002-05-23-16:30,37
2002-05-23-17:30,37
2002-05-23-18:30,36
2002-05-23-19:30,35
2002-05-23-20:30,35
2002-05-23-21:30,34
2002-05-23-22:30,35
2002-05-23-23:30,34
2002-05-24-00:30,34
2002-05-24-01:30,35
2002-05-24-02:30,37
2002-05-24-03:30,39
2002-05-24-04:30,39
2002-05-24-05:30,40
2002-05-24-06:30,42
2002-05-24-07:30,43
2002-05-24-08:30,44
2002-05-24-09:30,45
2002-05-24-10:30,42
2002-05-24-11:30,42
2002-05-24-12:30,42
2002-05-24-13:30,40
2002-05-24-14:30,39
2002-05-24-15:30,38
2002-05-24-16:30,39
2002-05-24-17:30,40
2002-05-24-18:30,38
2002-05-24-19:30,36
2002-05-24-20:30,35
2002-05-24-21:30,35
2002-05-24-22:30,34
2002-05-24-23:30,33
2002-05-25-00:30,32
2002-05-25-01:30,33
2002-05-25-02:30,33
2002-05-25-03:30,33
2002-05-25-04:30,35
2002-05-25-05:30,38
2002-05-25-06:30,38
2002-05-25-07:30,39
2002-05-25-09:30,40
2002-05-25-10:30,39
2002-05-25-11:30,39
2002-05-25-12:30,38
2002-05-25-13:30,36
2002-05-25-14:30,35
2002-05-25-15:30,32
2002-05-25-16:30,27
2002-05-25-17:30,23
2002-05-25-18:30,23
2002-05-25-19:30,24
2002-05-25-20:30,25
2002-05-25-21:30,25
2002-05-25-22:30,25
2002-05-25-23:30,25
2002-05-26-00:30,24
2002-05-26-01:30,24
2002-05-26-03:30,26
2002-05-26-04:30,28
2002-05-26-05:30,29
2002-05-26-06:30,31
2002-05-26-07:30,32
2002-05-26-08:30,33
2002-05-26-09:30,33
2002-05-26-10:30,34
2002-05-26-11:30,34
2002-05-26-12:30,33
2002-05-26-13:30,31
2002-05-26-14:30,30
2002-05-26-15:30,30
2002-05-26-16:30,30
2002-05-26-17:30,30
2002-05-26-18:30,29
2002-05-26-19:30,30
2002-05-26-20:30,29
2002-05-26-21:30,29
2002-05-26-22:30,29
2002-05-26-23:30,30
2002-05-27-00:30,29
2002-05-27-01:30,29
2002-05-27-02:30,30
2002-05-27-03:30,31
2002-05-27-04:30,34
2002-05-27-05:30,35
2002-05-27-06:30,37
2002-05-27-07:30,38
2002-05-27-08:30,39
2002-05-27-09:30,40
2002-05-27-10:30,39
2002-05-27-11:30,26
2002-05-27-12:30,29
2002-05-27-13:30,30
2002-05-27-14:30,23
2002-05-27-15:30,25
2002-05-27-16:30,25
2002-05-27-17:30,24
2002-05-27-18:30,24
2002-05-27-19:30,26
2002-05-27-20:30,24
2002-05-27-21:30,27
2002-05-27-22:30,22
2002-05-27-23:30,22
2002-05-28-00:30,22
2002-05-28-01:30,23
2002-05-28-02:30,23
2002-05-28-03:30,24
2002-05-28-04:30,27
2002-05-28-05:30,28
2002-05-28-06:30,30
2002-05-28-07:30,31
2002-05-28-08:30,31
2002-05-28-09:30,32
2002-05-28-10:30,32
2002-05-28-11:30,32
2002-05-28-12:30,31
2002-05-28-13:30,30
2002-05-28-14:30,29
2002-05-28-16:30,28
2002-05-28-17:30,28
2002-05-28-18:30,27
2002-05-28-19:30,26
2002-05-28-20:30,26
2002-05-28-21:30,26
2002-05-28-22:30,26
2002-05-28-23:30,25
2002-05-29-00:30,22
2002-05-29-01:30,23
2002-05-29-02:30,25
2002-05-29-03:30,26
2002-05-29-04:30,26
2002-05-29-05:30,25
2002-05-29-06:30,26
2002-05-29-07:30,28
2002-05-29-08:30,28
2002-05-29-09:30,29
2002-05-29-10:30,29
2002-05-29-11:30,29
2002-05-29-12:30,29
2002-05-29-13:30,28
2002-05-29-14:30,28
2002-05-29-15:30,27
2002-05-29-16:30,27
2002-05-29-17:30,27
2002-05-29-18:30,26
2002-05-29-19:30,26
2002-05-29-20:30,25
2002-05-29-21:30,25
2002-05-29-22:30,25
2002-05-29-23:30,25
2002-05-30-00:30,25
2002-05-30-01:30,26
2002-05-30-02:30,28
2002-05-30-03:30,30
2002-05-30-04:30,31
2002-05-30-05:30,32
2002-05-30-06:30,33
2002-05-30-07:30,33
2002-05-30-08:30,34
2002-05-30-09:30,35
2002-05-30-10:30,35
2002-05-30-11:30,35
2002-05-30-12:30,35
2002-05-30-13:30,33
2002-05-30-14:30,33
2002-05-30-15:30,32
2002-05-30-16:30,31
2002-05-30-17:30,30
2002-05-30-18:30,30
2002-05-30-19:30,29
2002-05-30-20:30,28
2002-05-30-21:30,28
2002-05-30-22:30,28
2002-05-30-23:30,28
2002-05-31-00:30,28
2002-05-31-01:30,29
2002-05-31-02:30,31
2002-05-31-03:30,32
2002-05-31-04:30,34
2002-05-31-05:30,34
2002-05-31-06:30,35
2002-05-31-07:30,36
2002-05-31-08:30,37
2002-05-31-09:30,37
2002-05-31-10:30,37
2002-05-31-11:30,37
2002-05-31-12:30,36
2002-05-31-13:30,36
2002-05-31-14:30,35
2002-05-31-15:30,33
2002-05-31-16:30,33
2002-05-31-17:30,32
2002-05-31-18:30,31
2002-05-31-19:30,31
2002-05-31-20:30,30
2002-05-31-21:30,30
2002-05-31-22:30,30
2002-05-31-23:30,29
2002-06-01-00:30,30
2002-06-01-01:30,31
2002-06-01-02:30,33
2002-06-01-03:30,35
2002-06-01-04:30,35
2002-06-01-05:30,36
2002-06-01-06:30,37
2002-06-01-07:30,33
2002-06-01-08:30,27
2002-06-01-09:30,26
2002-06-01-10:30,27
2002-06-01-11:30,30
2002-06-01-12:30,30
2002-06-01-13:30,29
2002-06-01-14:30,28
2002-06-01-15:30,27
2002-06-01-16:30,27
2002-06-01-17:30,27
2002-06-01-18:30,27
2002-06-01-19:30,27
2002-06-01-20:30,27
2002-06-01-21:30,26
2002-06-01-22:30,26
2002-06-01-23:30,26
2002-06-02-00:30,26
2002-06-02-01:30,26
2002-06-02-02:30,29
2002-06-02-03:30,31
2002-06-02-04:30,33
2002-06-02-05:30,34
2002-06-02-06:30,35
2002-06-02-07:30,36
2002-06-02-08:30,37
2002-06-02-09:30,38
2002-06-02-10:30,37
2002-06-02-11:30,37
2002-06-02-12:30,37
2002-06-02-13:30,35
2002-06-02-15:30,33
2002-06-02-16:30,32
2002-06-02-17:30,31
2002-06-02-18:30,31
2002-06-02-19:30,30
2002-06-02-20:30,30
2002-06-02-21:30,29
2002-06-02-22:30,30
2002-06-02-23:30,29
2002-06-03-00:30,28
2002-06-03-01:30,29
2002-06-03-02:30,28
2002-06-03-03:30,31
2002-06-03-04:30,32
2002-06-03-05:30,34
2002-06-03-06:30,35
2002-06-03-07:30,35
2002-06-03-08:30,36
2002-06-03-09:30,36
2002-06-03-10:30,37
2002-06-03-11:30,37
2002-06-03-12:30,37
2002-06-03-13:30,36
2002-06-03-14:30,35
2002-06-03-15:30,33
2002-06-03-16:30,32
2002-06-03-17:30,30
2002-06-03-18:30,30
2002-06-03-19:30,30
2002-06-03-20:30,29
2002-06-03-21:30,29
2002-06-03-22:30,29
2002-06-03-23:30,28
2002-06-04-00:30,28
2002-06-04-01:30,29
2002-06-04-02:30,31
2002-06-04-03:30,33
2002-06-04-04:30,34
2002-06-04-05:30,36
2002-06-04-06:30,37
2002-06-04-07:30,39
2002-06-04-08:30,40
2002-06-04-09:30,40
2002-06-04-10:30,40
2002-06-04-11:30,41
2002-06-04-12:30,40
2002-06-04-13:30,37
2002-06-04-14:30,36
2002-06-04-15:30,35
2002-06-04-16:30,34
2002-06-04-17:30,33
2002-06-04-18:30,33
2002-06-04-19:30,32
2002-06-04-20:30,31
2002-06-04-21:30,31
2002-06-04-22:30,31
2002-06-04-23:30,34
2002-06-05-00:30,34
2002-06-05-01:30,33
2002-06-05-02:30,26
2002-06-05-03:30,26
2002-06-05-04:30,28
2002-06-05-05:30,34
2002-06-05-06:30,37
2002-06-05-07:30,38
2002-06-05-08:30,39
2002-06-05-09:30,40
2002-06-05-10:30,41
2002-06-05-11:30,41
2002-06-05-12:30,39
2002-06-05-13:30,37
2002-06-05-14:30,36
2002-06-05-16:30,34
2002-06-05-17:30,34
2002-06-05-18:30,33
2002-06-05-19:30,32
2002-06-05-20:30,31
2002-06-05-21:30,30
2002-06-05-22:30,29
2002-06-05-23:30,29
2002-06-06-00:30,29
2002-06-06-01:30,29
2002-06-06-02:30,31
2002-06-06-03:30,32
2002-06-06-04:30,33
2002-06-06-05:30,35
2002-06-06-06:30,37
2002-06-06-07:30,39
2002-06-06-08:21,40
2002-06-06-09:30,41
2002-06-06-10:30,41
2002-06-06-11:30,42
2002-06-06-12:30,41
2002-06-06-13:30,40
2002-06-06-14:30,37
2002-06-06-15:30,36
2002-06-06-16:30,35
2002-06-06-17:30,34
2002-06-06-18:30,33
2002-06-06-19:30,33
2002-06-06-20:30,32
2002-06-06-21:30,32
2002-06-06-22:30,32
2002-06-06-23:30,31
2002-06-07-00:30,31
2002-06-07-01:30,32
2002-06-07-02:30,34
2002-06-07-03:30,35
2002-06-07-04:30,34
2002-06-07-05:30,35
2002-06-07-06:30,38
2002-06-07-07:30,40
2002-06-07-08:30,40
2002-06-07-09:30,37
2002-06-07-10:30,38
2002-06-07-11:30,33
2002-06-07-13:30,34
2002-06-07-14:30,34
2002-06-07-15:30,34
2002-06-07-16:30,34
2002-06-07-17:30,34
2002-06-07-18:30,33
2002-06-07-19:30,33
2002-06-07-20:30,33
2002-06-07-21:30,32
2002-06-07-22:30,32
2002-06-07-23:30,33
2002-06-08-00:30,32
2002-06-08-01:30,33
2002-06-08-02:30,34
2002-06-08-03:30,36
2002-06-08-04:30,37
2002-06-08-05:30,38
2002-06-08-06:30,39
2002-06-08-07:30,40
2002-06-08-08:30,41
2002-06-08-09:30,42
2002-06-08-10:30,41
2002-06-08-11:30,43
2002-06-08-12:30,42
2002-06-08-13:30,40
2002-06-08-14:30,39
2002-06-08-15:30,37
2002-06-08-16:30,36.5
2002-06-08-17:30,36
2002-06-08-18:30,36
2002-06-08-19:30,35
2002-06-08-20:30,35
2002-06-08-22:30,34
2002-06-08-23:30,33
2002-06-09-00:30,32
2002-06-09-01:30,32
2002-06-09-02:30,34
2002-06-09-03:30,36
2002-06-09-04:30,37
2002-06-09-05:30,39
2002-06-09-06:30,39
2002-06-09-07:30,41
2002-06-09-08:30,42
2002-06-09-09:30,43
2002-06-09-10:30,43
2002-06-09-11:30,43
2002-06-09-12:30,42
2002-06-09-13:30,41
2002-06-09-14:30,38
2002-06-09-15:30,38
2002-06-09-16:30,36
2002-06-09-17:30,36
2002-06-09-18:30,35
2002-06-09-19:30,34
2002-06-09-20:30,34
2002-06-09-21:30,33
2002-06-09-22:30,32
2002-06-09-23:30,31
2002-06-10-01:30,31
2002-06-10-02:30,32
2002-06-10-03:30,34
2002-06-10-04:30,37
2002-06-10-05:30,38
2002-06-10-06:30,39
2002-06-10-07:30,40
2002-06-10-08:30,42
2002-06-10-09:30,42
2002-06-10-10:30,43
2002-06-10-11:30,43
2002-06-10-12:30,42
2002-06-10-13:30,41
2002-06-10-14:30,39
2002-06-10-15:30,37
2002-06-10-16:30,36
2002-06-10-17:30,35
2002-06-10-18:30,34
2002-06-10-19:30,34
2002-06-10-20:30,34
2002-06-10-21:30,34
2002-06-10-22:30,33
2002-06-10-23:30,33
2002-06-11-00:30,31
2002-06-11-01:30,30
2002-06-11-02:30,32
2002-06-11-03:30,33
2002-06-11-04:30,35
2002-06-11-05:30,37
2002-06-11-06:30,40
2002-06-11-07:30,41
2002-06-11-08:30,42
2002-06-11-09:30,43
2002-06-11-10:30,43
2002-06-11-11:30,43
2002-06-11-12:30,40
2002-06-11-13:30,39
2002-06-11-14:30,38
2002-06-11-15:30,36
2002-06-11-16:30,36
2002-06-11-17:30,35
2002-06-11-18:30,35
2002-06-11-19:30,34
2002-06-11-20:30,33
2002-06-11-21:30,32
2002-06-11-22:30,32
2002-06-11-23:30,30
2002-06-12-00:30,29
2002-06-12-01:30,29
2002-06-12-03:30,32
2002-06-12-04:30,33
2002-06-12-05:30,35
2002-06-12-06:30,36
2002-06-12-07:30,37
2002-06-12-08:30,36
2002-06-12-09:30,37
2002-06-12-10:30,37
2002-06-12-11:30,37
2002-06-12-12:30,36
2002-06-12-13:30,35
2002-06-12-14:30,34
2002-06-12-15:30,34
2002-06-12-16:30,33
2002-06-12-17:30,32
2002-06-12-18:30,32
2002-06-12-19:30,31
2002-06-12-20:30,31
2002-06-12-21:30,31
2002-06-12-22:30,30
2002-06-12-23:30,30
2002-06-13-00:30,30
2002-06-13-01:30,30
2002-06-13-02:30,31
2002-06-13-03:30,32
2002-06-13-04:30,34
2002-06-13-05:30,36
2002-06-13-06:30,37
2002-06-13-07:30,39
2002-06-13-08:30,39
2002-06-13-09:30,40
2002-06-13-10:30,41
2002-06-13-11:30,41
2002-06-13-12:30,41
2002-06-13-13:30,40
2002-06-13-14:30,38
2002-06-13-15:30,37
2002-06-13-16:30,36
2002-06-13-17:30,36
2002-06-13-18:30,35
2002-06-13-19:30,34
2002-06-13-20:30,33
2002-06-13-21:30,33
2002-06-13-22:30,33
2002-06-13-23:30,32
2002-06-14-00:30,32
2002-06-14-01:30,32
2002-06-14-02:30,33
2002-06-14-03:30,35
2002-06-14-04:30,37
2002-06-14-05:30,38
2002-06-14-06:30,40
2002-06-14-07:30,41
2002-06-14-08:30,42
2002-06-14-09:30,43
2002-06-14-10:30,35
2002-06-14-11:30,35
2002-06-14-12:30,37
2002-06-14-13:30,34
2002-06-14-14:30,34
2002-06-14-15:30,34
2002-06-14-16:30,33
2002-06-14-17:30,32
2002-06-14-18:30,31
2002-06-14-19:30,31
2002-06-14-20:30,31
2002-06-14-21:30,31
2002-06-14-22:30,31
2002-06-14-23:30,32
2002-06-15-00:30,32
2002-06-15-01:30,33
2002-06-15-02:30,34
2002-06-15-03:30,35
2002-06-15-04:30,37
2002-06-15-05:30,39
2002-06-15-06:30,40
2002-06-15-07:30,41
2002-06-15-08:30,42
2002-06-15-09:30,42
2002-06-15-10:30,42
2002-06-15-11:30,42
2002-06-15-12:30,40
2002-06-15-13:30,33
2002-06-15-14:30,38
2002-06-15-15:30,37
2002-06-15-16:30,36
2002-06-15-17:30,36
2002-06-15-18:30,35
2002-06-15-19:30,34
2002-06-15-20:30,33
2002-06-15-21:30,33
2002-06-15-22:30,32
2002-06-15-23:30,33
2002-06-16-00:30,32
2002-06-16-01:30,31
2002-06-16-02:30,32
2002-06-16-03:30,33
2002-06-16-04:30,36
2002-06-16-05:30,37.5
2002-06-16-06:30,39
2002-06-16-07:30,39
2002-06-16-08:30,37
2002-06-16-09:30,38
2002-06-16-10:30,38
2002-06-16-11:30,37
2002-06-16-12:30,35
2002-06-16-13:30,33
2002-06-16-14:30,31
2002-06-16-15:30,32
2002-06-16-16:30,31
2002-06-16-17:30,32
2002-06-16-18:30,31
2002-06-16-19:30,30
2002-06-16-20:30,30
2002-06-16-21:30,30
2002-06-16-22:30,30
2002-06-16-23:30,29
2002-06-17-00:30,29
2002-06-17-01:30,31
2002-06-17-02:30,31
2002-06-17-03:30,33
2002-06-17-04:30,35
2002-06-17-05:30,37
2002-06-17-06:30,38
2002-06-17-07:30,39
2002-06-17-08:30,40
2002-06-17-09:30,40
2002-06-17-10:30,38
2002-06-17-11:30,37
2002-06-17-12:30,37
2002-06-17-13:30,33
2002-06-17-14:30,32
2002-06-17-15:30,31
2002-06-17-16:30,31
2002-06-17-17:30,30
2002-06-17-18:30,30
2002-06-17-19:30,30
2002-06-17-20:30,30
2002-06-17-21:30,30
2002-06-17-22:30,30
2002-06-17-23:30,30
2002-06-18-00:30,29
2002-06-18-01:30,30
2002-06-18-02:30,32
2002-06-18-03:30,33
2002-06-18-04:30,35
2002-06-18-05:30,36
2002-06-18-06:30,37
2002-06-18-07:30,38
2002-06-18-08:21,39
2002-06-18-09:30,39
2002-06-18-10:30,39
2002-06-18-11:30,39
2002-06-18-12:30,38
2002-06-18-13:30,37
2002-06-18-14:30,36
2002-06-18-15:30,36
2002-06-18-17:30,34
2002-06-18-18:30,33
2002-06-18-19:30,33
2002-06-18-20:30,32
2002-06-18-21:30,32
2002-06-18-22:30,31
2002-06-18-23:30,31
2002-06-19-00:30,31
2002-06-19-01:30,32
2002-06-19-02:30,35
2002-06-19-03:30,36
2002-06-19-04:30,36
2002-06-19-05:30,27
2002-06-19-06:30,33
2002-06-19-07:30,36
2002-06-19-08:30,37
2002-06-19-09:30,37
2002-06-19-10:30,39
2002-06-19-11:30,39
2002-06-19-12:30,38
2002-06-19-13:30,36
2002-06-19-14:30,34
2002-06-19-15:30,32
2002-06-19-16:30,32
2002-06-19-17:30,31
2002-06-19-18:30,30
2002-06-19-19:30,30
2002-06-19-20:30,29
2002-06-19-21:30,29
2002-06-19-22:30,28
2002-06-19-23:30,28
2002-06-20-00:30,28
2002-06-20-01:30,30
2002-06-20-02:30,32
2002-06-20-05:30,36
2002-06-20-06:30,37
2002-06-20-07:30,39
2002-06-20-08:30,40
2002-06-20-09:30,41
2002-06-20-13:30,33
2002-06-20-14:30,35
2002-06-20-15:30,34
2002-06-20-16:00,33
2002-06-20-16:30,33
2002-06-20-17:30,33
2002-06-20-18:30,33
2002-06-20-19:30,32
2002-06-20-20:30,31
2002-06-20-21:30,31
2002-06-20-22:30,30
2002-06-20-23:30,30
2002-06-21-00:30,30
2002-06-21-01:30,31
2002-06-21-02:30,33
2002-06-21-03:30,35
2002-06-21-04:30,36
2002-06-21-05:30,37
2002-06-21-06:30,38
2002-06-21-07:30,39
2002-06-21-08:30,40
2002-06-21-09:30,41
2002-06-21-10:30,41
2002-06-21-11:30,41
2002-06-21-12:30,41
2002-06-21-13:30,40
2002-06-21-14:30,39
2002-06-21-15:30,38
2002-06-21-16:30,38
2002-06-21-17:30,37
2002-06-21-18:30,37
2002-06-21-19:30,35
2002-06-21-20:30,35
2002-06-21-21:30,34
2002-06-21-22:30,33
2002-06-21-23:30,33
2002-06-22-00:30,33
2002-06-22-01:30,31
2002-06-22-02:30,33
2002-06-22-03:30,36
2002-06-22-04:30,38
2002-06-22-05:30,39
2002-06-22-06:30,40
2002-06-22-07:30,41
2002-06-22-08:30,42
2002-06-22-09:30,42
2002-06-22-10:30,42
2002-06-22-11:30,42
2002-06-22-12:30,42
2002-06-22-13:30,41
2002-06-22-14:30,39
2002-06-22-15:30,38
2002-06-22-16:30,37
2002-06-22-17:30,36
2002-06-22-18:30,36
2002-06-22-19:30,34
2002-06-22-20:30,34
2002-06-22-21:30,33
2002-06-22-23:30,32
2002-06-23-00:30,31
2002-06-23-01:30,32
2002-06-23-02:30,33
2002-06-23-03:30,34
2002-06-23-04:30,35
2002-06-23-05:30,37
2002-06-23-06:30,39
2002-06-23-07:30,38
2002-06-23-08:30,40
2002-06-23-09:21,40
2002-06-23-10:30,40
2002-06-23-11:30,40
2002-06-23-12:30,39
2002-06-23-13:30,39
2002-06-23-14:30,38
2002-06-23-15:30,37
2002-06-23-16:30,36
2002-06-23-17:30,36
2002-06-23-18:30,36
2002-06-23-19:30,36
2002-06-23-20:30,35
2002-06-23-21:30,35
2002-06-23-22:30,34
2002-06-23-23:30,34
2002-06-24-00:30,33
2002-06-24-01:30,33
2002-06-24-02:30,34
2002-06-24-03:30,34
2002-06-24-04:30,35
2002-06-24-05:30,27
2002-06-24-06:30,26
2002-06-24-07:30,27
2002-06-24-08:30,27
2002-06-24-09:30,28
2002-06-24-10:30,29
2002-06-24-11:30,31
2002-06-24-12:30,31
2002-06-24-13:30,31
2002-06-24-14:30,30
2002-06-24-15:30,29
2002-06-24-16:30,28
2002-06-24-17:30,28
2002-06-24-18:30,28
2002-06-24-19:30,28
2002-06-24-20:30,28
2002-06-24-21:30,29
2002-06-24-22:30,28
2002-06-24-23:30,28
2002-06-25-00:30,28
2002-06-25-01:30,30
2002-06-25-02:30,32
2002-06-25-03:30,33
2002-06-25-04:30,34
2002-06-25-05:30,35
2002-06-25-06:30,36
2002-06-25-07:30,36
2002-06-25-08:30,37
2002-06-25-09:30,37
2002-06-25-10:30,37
2002-06-25-11:30,37
2002-06-25-12:30,37
2002-06-25-13:30,36
2002-06-25-14:30,35
2002-06-25-15:30,34
2002-06-25-16:30,33
2002-06-25-17:30,33
2002-06-25-18:30,33
2002-06-25-19:30,32
2002-06-25-20:30,32
2002-06-25-21:30,31
2002-06-25-22:30,31
2002-06-25-23:30,30
2002-06-26-00:30,30
2002-06-26-01:30,30
2002-06-26-02:30,30
2002-06-26-03:30,31
2002-06-26-04:30,33
2002-06-26-05:30,34
2002-06-26-06:30,35
2002-06-26-07:30,35
2002-06-26-08:30,37
2002-06-26-09:30,37
2002-06-26-10:30,38
2002-06-26-11:30,38
2002-06-26-12:30,37
2002-06-26-13:30,37
2002-06-26-14:30,36
2002-06-26-15:30,35
2002-06-26-16:30,34
2002-06-26-17:30,33
2002-06-26-18:30,33
2002-06-26-19:30,32
2002-06-26-20:30,31
2002-06-26-21:30,30
2002-06-26-22:30,30
2002-06-26-23:30,29
2002-06-27-00:30,29
2002-06-27-01:30,30
2002-06-27-02:30,30
2002-06-27-03:30,30
2002-06-27-04:30,31
2002-06-27-05:30,31
2002-06-27-06:30,32
2002-06-27-07:30,33
2002-06-27-11:30,34
2002-06-27-12:30,33
2002-06-27-13:30,32
2002-06-27-14:30,31
2002-06-27-15:30,31
2002-06-27-16:30,31
2002-06-27-17:30,31
2002-06-27-18:30,31
2002-06-27-19:30,30
2002-06-27-20:30,30
2002-06-27-21:30,30
2002-06-27-22:30,29
2002-06-27-23:30,29
2002-06-28-00:30,29
2002-06-28-01:30,29
2002-06-28-02:30,30
2002-06-28-03:30,31
2002-06-28-04:30,32
2002-06-28-05:30,34
2002-06-28-06:30,34
2002-06-28-07:30,35
2002-06-28-08:30,35
2002-06-28-09:30,33
2002-06-28-10:30,34
2002-06-28-11:30,36
2002-06-28-12:30,34
2002-06-28-13:30,33
2002-06-28-14:30,33
2002-06-28-15:30,33
2002-06-28-16:30,32
2002-06-28-17:30,32
2002-06-28-18:30,32
2002-06-28-19:30,32
2002-06-28-20:30,32
2002-06-28-21:30,31
2002-06-28-22:30,31
2002-06-28-23:30,30
2002-06-29-00:30,30
2002-06-29-01:30,30
2002-06-29-02:30,31
2002-06-29-03:30,32
2002-06-29-04:30,33
2002-06-29-05:30,35
2002-06-29-06:30,35
2002-06-29-07:30,37
2002-06-29-08:30,37
2002-06-29-09:30,38
2002-06-29-10:30,38
2002-06-29-11:30,37
2002-06-29-12:30,34
2002-06-29-13:30,32
2002-06-29-14:30,31
2002-06-29-15:30,31
2002-06-29-16:30,31
2002-06-29-17:30,31
2002-06-29-18:30,32
2002-06-29-19:30,32
2002-06-29-20:30,31
2002-06-29-21:30,31
2002-06-29-22:30,31
2002-06-29-23:30,30
2002-06-30-00:30,30
2002-06-30-01:30,30
2002-06-30-02:30,32
2002-06-30-03:30,32
2002-06-30-04:30,33
2002-06-30-05:30,35
2002-06-30-06:30,37
2002-06-30-07:30,38
2002-06-30-08:30,38
2002-06-30-09:30,39
2002-06-30-10:30,38
2002-06-30-11:30,37
2002-06-30-12:30,38
2002-06-30-13:30,38
2002-06-30-14:30,37
2002-06-30-15:30,35
2002-06-30-16:30,35
2002-06-30-17:30,35
2002-06-30-18:30,33
2002-06-30-19:30,33
2002-06-30-20:30,33
2002-06-30-21:30,32
2002-06-30-22:30,31
2002-06-30-23:30,32
2002-07-01-00:30,32
2002-07-01-01:30,32
2002-07-01-03:30,35
2002-07-01-04:30,36
2002-07-01-05:30,37
2002-07-01-06:30,39
2002-07-01-07:30,39
2002-07-01-08:30,41
2002-07-01-09:30,41
2002-07-01-10:30,41
2002-07-01-11:30,41
2002-07-01-12:30,39
2002-07-01-13:30,36
2002-07-01-14:30,37
2002-07-01-15:30,36.5
2002-07-01-16:30,36
2002-07-01-17:30,36
2002-07-01-18:30,35
2002-07-01-19:30,35
2002-07-01-20:30,34
2002-07-01-21:30,34
2002-07-01-22:30,34
2002-07-01-23:30,33
2002-07-02-00:30,33
2002-07-02-01:30,33
2002-07-02-02:30,33
2002-07-02-03:30,35
2002-07-02-06:30,38
2002-07-02-07:30,39
2002-07-02-08:30,40
2002-07-02-09:30,41
2002-07-02-10:30,41
2002-07-02-11:30,41
2002-07-02-12:30,41
2002-07-02-13:30,40
2002-07-02-14:30,39
2002-07-02-15:30,38
2002-07-02-16:30,38
2002-07-02-17:30,37
2002-07-02-18:30,36
2002-07-02-19:30,35
2002-07-02-20:30,34
2002-07-02-21:30,34
2002-07-02-22:30,33
2002-07-02-23:30,33
2002-07-03-00:30,33
2002-07-03-01:30,33
2002-07-03-02:30,33
2002-07-03-03:30,34
2002-07-03-04:30,36
2002-07-03-05:30,36
2002-07-03-06:30,37
2002-07-03-07:30,39
2002-07-03-08:30,40
2002-07-03-09:30,41
2002-07-03-10:30,41
2002-07-03-11:30,41
2002-07-03-12:30,40
2002-07-03-13:30,40
2002-07-03-14:30,39
2002-07-03-15:30,38
2002-07-03-16:30,37
2002-07-03-17:30,31
2002-07-03-18:30,36
2002-07-03-19:30,35
2002-07-03-20:30,34
2002-07-03-21:30,34
2002-07-03-22:30,33
2002-07-03-23:30,33
2002-07-04-00:30,33
2002-07-04-01:30,31
2002-07-04-02:30,33
2002-07-04-03:30,34
2002-07-04-04:30,35
2002-07-04-05:30,36
2002-07-04-06:30,37
2002-07-04-07:30,39
2002-07-04-08:30,40
2002-07-04-09:30,40
2002-07-04-10:30,40
2002-07-04-11:30,40
2002-07-04-12:30,40
2002-07-04-13:30,38
2002-07-04-14:30,38
2002-07-04-15:30,37
2002-07-04-16:30,36
2002-07-04-17:30,36
2002-07-04-18:30,36
2002-07-04-19:30,34
2002-07-04-20:30,35
2002-07-04-21:30,34
2002-07-04-22:30,34
2002-07-04-23:30,33
2002-07-05-00:30,32
2002-07-05-02:30,34
2002-07-05-03:30,34
2002-07-05-04:30,34
2002-07-05-05:30,34
2002-07-05-06:30,34
2002-07-05-07:30,34
2002-07-05-08:30,36
2002-07-05-09:30,37
2002-07-05-10:30,37
2002-07-05-11:30,37
2002-07-05-12:30,36
2002-07-05-13:30,35
2002-07-05-14:30,33
2002-07-05-15:30,33
2002-07-05-16:30,28
2002-07-05-17:30,27
2002-07-05-18:30,30
2002-07-05-19:30,30
2002-07-05-20:30,29
2002-07-05-21:30,29
2002-07-05-22:30,28
2002-07-05-23:30,28
2002-07-06-00:30,28
2002-07-06-01:30,30
2002-07-06-02:30,31
2002-07-06-03:30,33
2002-07-06-04:30,35
2002-07-06-05:30,35
2002-07-06-06:30,37
2002-07-06-07:30,36
2002-07-06-08:30,35
2002-07-06-09:30,38
2002-07-06-10:30,38
2002-07-06-11:30,38
2002-07-06-12:30,37
2002-07-06-13:30,37
2002-07-06-14:30,36
2002-07-06-15:30,35
2002-07-06-16:30,35
2002-07-06-17:30,34
2002-07-06-18:30,34
2002-07-06-19:30,33
2002-07-06-20:30,33
2002-07-06-21:30,33
2002-07-06-22:30,32
2002-07-06-23:30,31
2002-07-07-00:30,31
2002-07-07-01:30,31
2002-07-07-02:30,32
2002-07-07-03:30,34
2002-07-07-04:30,36
2002-07-07-05:30,37
2002-07-07-06:30,37
2002-07-07-07:30,39
2002-07-07-08:30,39
2002-07-07-09:30,39
2002-07-07-10:30,40
2002-07-07-11:30,39
2002-07-07-12:30,39
2002-07-07-13:30,39
2002-07-07-14:30,38
2002-07-07-15:30,36
2002-07-07-16:30,36
2002-07-07-17:30,35
2002-07-07-18:30,34
2002-07-07-19:30,34
2002-07-07-20:30,33
2002-07-07-21:30,33
2002-07-07-22:30,33
2002-07-07-23:30,32
2002-07-08-00:30,32
2002-07-08-01:30,32
2002-07-08-02:30,33
2002-07-08-03:30,34
2002-07-08-04:30,36
2002-07-08-05:30,36
2002-07-08-06:30,38
2002-07-08-07:30,39
2002-07-08-08:30,39
2002-07-08-09:30,40
2002-07-08-10:30,40
2002-07-08-11:30,40
2002-07-08-12:30,40
2002-07-08-13:30,39
2002-07-08-14:30,38
2002-07-08-15:30,37
2002-07-08-16:30,36
2002-07-08-17:30,36
2002-07-08-18:30,35
2002-07-08-19:30,34
2002-07-08-20:30,33
2002-07-08-21:30,34
2002-07-08-22:30,33
2002-07-08-23:30,33
2002-07-09-00:30,32
2002-07-09-01:30,33
2002-07-09-02:30,34
2002-07-09-03:30,35
2002-07-09-04:30,36
2002-07-09-05:30,37
2002-07-09-06:30,38
2002-07-09-07:30,39
2002-07-09-08:30,40
2002-07-09-09:30,40
2002-07-09-10:30,40
2002-07-09-11:30,40
2002-07-09-12:30,40
2002-07-09-13:30,39
2002-07-09-14:30,38
2002-07-09-15:30,37
2002-07-09-16:30,36
2002-07-09-17:30,35
2002-07-09-18:30,34
2002-07-09-19:30,33
2002-07-09-20:30,33
2002-07-09-21:30,32
2002-07-09-22:30,32
2002-07-09-23:30,31
2002-07-10-00:30,31
2002-07-10-01:30,32
2002-07-10-02:30,34
2002-07-10-03:30,35
2002-07-10-04:30,36
2002-07-10-05:30,37
2002-07-10-06:30,38
2002-07-10-07:30,39
2002-07-10-08:30,40
2002-07-10-09:30,40
2002-07-10-10:30,41
2002-07-10-11:30,40
2002-07-10-12:30,40
2002-07-10-13:30,39
2002-07-10-14:30,37
2002-07-10-15:30,36
2002-07-10-16:30,36
2002-07-10-17:30,35
2002-07-10-18:30,34
2002-07-10-19:30,34
2002-07-10-20:30,33
2002-07-10-21:30,33
2002-07-10-22:30,32
2002-07-10-23:30,31
2002-07-11-00:30,31
2002-07-11-01:30,32
2002-07-11-02:30,33
2002-07-11-03:30,35
2002-07-11-04:30,36
2002-07-11-05:30,38
2002-07-11-06:30,39
2002-07-11-07:30,40
2002-07-11-08:30,40
2002-07-11-09:30,41
2002-07-11-10:30,40
2002-07-11-11:30,40
2002-07-11-13:30,39
2002-07-11-14:30,39
2002-07-11-15:30,37
2002-07-11-16:30,36
2002-07-11-17:30,36
2002-07-11-18:30,35
2002-07-11-19:30,35
2002-07-11-20:30,34
2002-07-11-21:30,34
2002-07-11-22:30,38
2002-07-11-23:30,32
2002-07-12-00:30,32
2002-07-12-01:30,32
2002-07-12-02:30,34
2002-07-12-03:30,35
2002-07-12-04:30,36
2002-07-12-05:30,38
2002-07-12-06:30,39
2002-07-12-07:30,40
2002-07-12-08:30,41
2002-07-12-09:30,42
2002-07-12-11:30,41
2002-07-12-12:30,39
2002-07-12-13:30,38
2002-07-12-14:30,37
2002-07-12-15:30,37
2002-07-12-16:30,37
2002-07-12-17:30,35
2002-07-12-18:30,34
2002-07-12-19:30,35
2002-07-12-20:30,34
2002-07-12-21:30,34
2002-07-12-22:30,33
2002-07-12-23:30,33
2002-07-13-00:30,33
2002-07-13-01:30,33
2002-07-13-02:30,34
2002-07-13-03:30,35
2002-07-13-04:30,36
2002-07-13-05:30,37
2002-07-13-06:30,39
2002-07-13-07:30,39
2002-07-13-08:30,41
2002-07-13-09:30,41
2002-07-13-10:30,42
2002-07-13-11:30,41
2002-07-13-12:30,41
2002-07-13-13:30,40
2002-07-13-14:30,39
2002-07-13-15:30,38
2002-07-13-16:30,38
2002-07-13-17:30,36
2002-07-13-18:30,35
2002-07-13-19:30,34
2002-07-13-20:30,34
2002-07-13-21:30,33
2002-07-13-22:30,32
2002-07-13-23:30,32
2002-07-14-00:30,31
2002-07-14-01:30,32
2002-07-14-03:30,35
2002-07-14-04:30,36
2002-07-14-05:30,38
2002-07-14-06:30,39
2002-07-14-07:30,40
2002-07-14-08:30,41
2002-07-14-09:30,41
2002-07-14-10:30,41
2002-07-14-11:30,41
2002-07-14-12:30,41
2002-07-14-13:30,40
2002-07-14-14:30,39
2002-07-14-15:30,38
2002-07-14-16:30,37
2002-07-14-17:30,37
2002-07-14-18:30,36
2002-07-14-19:30,35
2002-07-14-20:30,34
2002-07-14-21:30,32
2002-07-14-22:30,32
2002-07-14-23:30,31
2002-07-15-00:30,31
2002-07-15-01:30,32
2002-07-15-02:30,33
2002-07-15-03:30,35
2002-07-15-04:30,36
2002-07-15-05:30,37
2002-07-15-06:30,39
2002-07-15-07:30,39
2002-07-15-08:30,40
2002-07-15-09:30,41
2002-07-15-10:30,41
2002-07-15-11:30,41
2002-07-15-12:30,41
2002-07-15-13:30,40
2002-07-15-14:30,38
2002-07-15-15:30,38
2002-07-15-16:30,36
2002-07-15-17:30,35
2002-07-15-18:30,35
2002-07-15-19:30,35
2002-07-15-20:30,35
2002-07-15-21:30,33
2002-07-15-22:30,33
2002-07-15-23:30,33
2002-07-16-00:30,32
2002-07-16-01:30,33
2002-07-16-03:00,33.5
2002-07-16-03:30,34
2002-07-16-04:30,36
2002-07-16-05:30,38
2002-07-16-06:30,39
2002-07-16-07:30,40
2002-07-16-08:30,41
2002-07-16-09:30,40
2002-07-16-10:30,41
2002-07-16-11:30,42
2002-07-16-12:30,41
2002-07-16-13:30,40
2002-07-16-14:30,40
2002-07-16-15:30,39
2002-07-16-16:30,37
2002-07-16-17:30,35
2002-07-16-18:30,34
2002-07-16-19:30,34
2002-07-16-20:30,33
2002-07-16-21:30,33
2002-07-16-22:30,33
2002-07-16-23:30,32
2002-07-17-00:30,32
2002-07-17-01:30,33
2002-07-17-02:30,35
2002-07-17-03:30,36
2002-07-17-04:30,37
2002-07-17-05:30,38
2002-07-17-06:30,39
2002-07-17-07:30,40
2002-07-17-09:30,41
2002-07-17-10:30,41
2002-07-17-11:30,40
2002-07-17-13:30,38
2002-07-17-14:30,37
2002-07-17-15:30,36
2002-07-17-16:30,35
2002-07-17-17:30,33
2002-07-17-18:30,32
2002-07-17-19:30,32
2002-07-17-20:30,31
2002-07-17-21:30,31
2002-07-17-22:30,31
2002-07-17-23:30,31
2002-07-18-00:30,31
2002-07-18-01:30,31
2002-07-18-02:30,31
2002-07-18-03:30,32
2002-07-18-04:30,33
2002-07-18-05:30,34
2002-07-18-06:30,36
2002-07-18-07:30,37
2002-07-18-08:30,38
2002-07-18-09:30,38
2002-07-18-10:30,39
2002-07-18-11:30,39
2002-07-18-12:30,38
2002-07-18-13:30,38
2002-07-18-14:30,37
2002-07-18-15:30,35
2002-07-18-16:30,34
2002-07-18-17:30,33
2002-07-18-18:30,33
2002-07-18-19:30,33
2002-07-18-20:30,32
2002-07-18-21:30,33
2002-07-18-22:30,32
2002-07-18-23:30,32
2002-07-19-00:30,32
2002-07-19-01:30,32
2002-07-19-02:30,33
2002-07-19-03:30,35
2002-07-19-04:30,36
2002-07-19-05:30,37
2002-07-19-06:30,37
2002-07-19-08:30,40
2002-07-19-09:30,40
2002-07-19-10:30,33
2002-07-19-11:30,29
2002-07-19-12:30,31
2002-07-19-13:30,32
2002-07-19-14:30,32
2002-07-19-15:30,32
2002-07-19-16:30,32
2002-07-19-17:30,32
2002-07-19-18:30,31
2002-07-19-19:30,32
2002-07-19-20:30,31
2002-07-19-21:30,32
2002-07-19-22:21,32
2002-07-19-23:30,30
2002-07-20-00:30,30
2002-07-20-01:30,32
2002-07-20-02:30,33
2002-07-20-03:30,34
2002-07-20-04:30,36
2002-07-20-05:30,37
2002-07-20-06:30,39
2002-07-20-07:30,40
2002-07-20-08:21,41
2002-07-20-09:30,41
2002-07-20-10:30,39
2002-07-20-11:30,36
2002-07-20-12:30,35
2002-07-20-13:30,33
2002-07-20-14:30,31
2002-07-20-15:30,31
2002-07-20-16:30,31
2002-07-20-17:30,32
2002-07-20-18:30,31
2002-07-20-19:30,31
2002-07-20-20:30,31
2002-07-20-21:30,31
2002-07-20-22:30,32
2002-07-20-23:30,32
2002-07-21-00:30,32
2002-07-21-01:30,32
2002-07-21-02:30,32
2002-07-21-03:30,33
2002-07-21-04:30,34
2002-07-21-05:30,35
2002-07-21-06:30,36
2002-07-21-07:30,36
2002-07-21-08:30,38
2002-07-21-09:30,38
2002-07-21-10:30,38
2002-07-21-11:30,38
2002-07-21-12:30,38
2002-07-21-13:30,38
2002-07-21-14:30,37
2002-07-21-15:30,36
2002-07-21-16:30,35
2002-07-21-17:30,35
2002-07-21-18:30,34
2002-07-21-19:30,34
2002-07-21-20:30,34
2002-07-21-21:30,33
2002-07-21-22:30,33
2002-07-21-23:30,32
2002-07-22-00:30,32
2002-07-22-01:30,32
2002-07-22-02:30,32
2002-07-22-03:30,33
2002-07-22-04:30,34
2002-07-22-05:30,34
2002-07-22-06:30,36
2002-07-22-07:30,36
2002-07-22-08:30,37
2002-07-22-09:30,38
2002-07-22-10:30,38
2002-07-22-11:30,37
2002-07-22-12:30,37
2002-07-22-13:30,36
2002-07-22-14:30,35
2002-07-22-15:30,34
2002-07-22-16:30,34
2002-07-22-17:30,33
2002-07-22-18:30,33
2002-07-22-19:30,33
2002-07-22-20:30,33
2002-07-22-21:30,33
2002-07-22-22:30,33
2002-07-22-23:30,32
2002-07-23-01:30,32
2002-07-23-02:30,33
2002-07-23-03:30,34
2002-07-23-04:30,35
2002-07-23-05:30,36
2002-07-23-06:30,36
2002-07-23-07:30,36
2002-07-23-08:30,37
2002-07-23-09:30,38
2002-07-23-10:30,38
2002-07-23-11:30,37
2002-07-23-12:30,37
2002-07-23-13:30,37
2002-07-23-14:30,36
2002-07-23-15:30,35
2002-07-23-16:30,35
2002-07-23-17:30,35
2002-07-23-18:30,34
2002-07-23-19:30,34
2002-07-23-20:30,33
2002-07-23-21:30,33
2002-07-23-22:30,32
2002-07-24-00:30,32
2002-07-24-01:30,32
2002-07-24-02:30,33
2002-07-24-03:30,35
2002-07-24-04:30,35
2002-07-24-05:30,36
2002-07-24-06:30,36
2002-07-24-07:30,37
2002-07-24-08:30,37
2002-07-24-09:30,37
2002-07-24-10:30,38
2002-07-24-11:30,38
2002-07-24-12:30,37
2002-07-24-13:30,37
2002-07-24-14:30,36
2002-07-24-15:30,35
2002-07-24-16:30,35
2002-07-24-17:30,35
2002-07-24-18:30,34
2002-07-24-19:30,34
2002-07-24-20:30,33
2002-07-24-21:30,33
2002-07-24-22:30,33
2002-07-24-23:30,33
2002-07-25-00:30,33
2002-07-25-01:30,32
2002-07-25-02:30,33
2002-07-25-03:30,33
2002-07-25-04:30,34
2002-07-25-05:30,34
2002-07-25-06:30,36
2002-07-25-07:30,36
2002-07-25-08:30,38
2002-07-25-09:30,38
2002-07-25-10:30,39
2002-07-25-11:30,39
2002-07-25-12:30,38
2002-07-25-13:30,37
2002-07-25-14:30,37
2002-07-25-15:30,35
2002-07-25-16:30,34
2002-07-25-17:30,33
2002-07-25-18:30,33
2002-07-25-19:30,33
2002-07-25-20:30,33
2002-07-25-21:30,33
2002-07-25-22:30,32
2002-07-25-23:30,31
2002-07-26-00:30,31
2002-07-26-01:30,31
2002-07-26-02:30,31
2002-07-26-03:30,32
2002-07-26-04:30,33
2002-07-26-05:30,32
2002-07-26-06:30,36
2002-07-26-07:30,37
2002-07-26-08:30,39
2002-07-26-09:30,39
2002-07-26-10:30,39
2002-07-26-11:30,39
2002-07-26-12:30,39
2002-07-26-13:30,38
2002-07-26-14:30,36
2002-07-26-15:30,36
2002-07-26-16:30,36
2002-07-26-17:30,33
2002-07-26-18:30,33
2002-07-26-19:30,33
2002-07-26-20:30,33
2002-07-26-21:30,32
2002-07-26-22:30,31
2002-07-26-23:30,31
2002-07-27-00:30,30
2002-07-27-01:30,31
2002-07-27-02:30,32
2002-07-27-03:30,33
2002-07-27-04:30,34
2002-07-27-05:30,34
2002-07-27-06:30,37
2002-07-27-07:30,38
2002-07-27-08:30,39
2002-07-27-09:30,39
2002-07-27-10:30,39
2002-07-27-11:30,40
2002-07-27-12:30,39
2002-07-27-13:30,38
2002-07-27-14:30,38
2002-07-27-15:30,37
2002-07-27-16:30,36
2002-07-27-17:30,34
2002-07-27-18:30,34
2002-07-27-19:30,34
2002-07-27-20:30,34
2002-07-27-21:30,33
2002-07-27-22:30,32
2002-07-28-00:30,32
2002-07-28-01:30,32
2002-07-28-02:30,33
2002-07-28-03:30,34
2002-07-28-04:30,35
2002-07-28-05:30,36
2002-07-28-06:30,38
2002-07-28-07:30,38
2002-07-28-08:30,39
2002-07-28-09:30,40
2002-07-28-10:30,40
2002-07-28-11:30,40
2002-07-28-12:30,39
2002-07-28-13:30,39
2002-07-28-14:30,38
2002-07-28-15:30,38
2002-07-28-16:30,35
2002-07-28-17:30,35
2002-07-28-18:30,35
2002-07-28-19:30,35
2002-07-28-20:30,34
2002-07-28-21:30,31
2002-07-28-22:30,31
2002-07-28-23:30,32
2002-07-29-00:30,32
2002-07-29-01:30,32
2002-07-29-02:30,32
2002-07-29-03:30,34
2002-07-29-04:30,35
2002-07-29-05:30,36
2002-07-29-06:30,38
2002-07-29-07:30,38
2002-07-29-08:30,39
2002-07-29-09:30,40
2002-07-29-10:30,40
2002-07-29-11:30,39
2002-07-29-12:30,39
2002-07-29-13:30,39
2002-07-29-14:30,38
2002-07-29-15:30,36
2002-07-29-16:30,35
2002-07-29-17:30,35
2002-07-29-18:30,34
2002-07-29-19:30,34
2002-07-29-20:30,34
2002-07-29-21:30,33
2002-07-29-22:30,33
2002-07-29-23:30,32
2002-07-30-00:30,31
2002-07-30-01:30,31
2002-07-30-02:30,34
2002-07-30-03:30,35
2002-07-30-04:30,36
2002-07-30-05:30,38
2002-07-30-06:30,39
2002-07-30-07:30,39
2002-07-30-08:30,40
2002-07-30-09:30,42
2002-07-30-10:30,41
2002-07-30-11:30,40
2002-07-30-12:30,34
2002-07-30-13:30,36
2002-07-30-14:30,35
2002-07-30-15:30,35
2002-07-30-16:30,35
2002-07-30-17:30,35
2002-07-30-18:30,35
2002-07-30-19:30,34
2002-07-30-20:30,34
2002-07-30-21:30,34
2002-07-30-22:30,33
2002-07-30-23:30,32
2002-07-31-00:30,32
2002-07-31-01:30,32
2002-07-31-02:30,34
2002-07-31-03:30,35
2002-07-31-04:30,37
2002-07-31-05:30,38
2002-07-31-06:30,39
2002-07-31-07:30,39
2002-07-31-08:30,30
2002-07-31-09:30,29
2002-07-31-10:30,30
2002-07-31-11:30,30
2002-07-31-12:30,31
2002-07-31-13:30,32
2002-07-31-14:30,31
2002-07-31-15:30,31
2002-07-31-16:30,31
2002-07-31-17:30,31
2002-07-31-18:30,31
2002-07-31-19:30,31
2002-07-31-20:30,31
2002-07-31-21:30,31
2002-07-31-22:30,30
2002-07-31-23:30,30
2002-08-01-00:30,29
2002-08-01-01:30,30
2002-08-01-02:30,32
2002-08-01-03:30,34
2002-08-01-04:30,34
2002-08-01-05:30,35
2002-08-01-06:30,35
2002-08-01-07:30,36
2002-08-01-08:30,37
2002-08-01-09:30,36
2002-08-01-10:30,36
2002-08-01-11:30,35
2002-08-01-12:30,35
2002-08-01-13:30,35
2002-08-01-14:30,34
2002-08-01-15:30,33
2002-08-01-16:30,32
2002-08-01-17:30,32
2002-08-01-18:30,31
2002-08-01-19:30,31
2002-08-01-20:30,30
2002-08-01-21:30,30
2002-08-01-22:30,29
2002-08-01-23:30,29
2002-08-02-00:30,29
2002-08-02-01:30,29
2002-08-02-02:30,31
2002-08-02-03:30,33
2002-08-02-04:30,33
2002-08-02-05:30,35
2002-08-02-06:30,35
2002-08-02-07:30,37
2002-08-02-08:30,38
2002-08-02-09:30,38
2002-08-02-10:30,38
2002-08-02-11:30,37
2002-08-02-12:30,36
2002-08-02-13:30,34
2002-08-02-14:30,32
2002-08-02-15:30,31
2002-08-02-16:30,31
2002-08-02-17:30,31
2002-08-02-18:30,30
2002-08-02-19:30,30
2002-08-02-21:30,29
2002-08-02-22:30,29
2002-08-02-23:30,29
2002-08-03-00:30,29
2002-08-03-02:30,30
2002-08-03-03:30,31
2002-08-03-04:30,33
2002-08-03-05:30,35
2002-08-03-06:30,36
2002-08-03-07:30,36
2002-08-03-08:30,35
2002-08-03-09:30,34
2002-08-03-10:30,34
2002-08-03-11:30,34
2002-08-03-12:30,32
2002-08-03-13:30,31
2002-08-03-14:30,31
2002-08-03-15:30,31
2002-08-03-16:30,30
2002-08-03-17:30,30
2002-08-03-18:30,29
2002-08-03-19:30,29
2002-08-03-20:30,29
2002-08-03-21:30,29
2002-08-03-22:30,28
2002-08-03-23:30,28
2002-08-04-00:30,29
2002-08-04-01:30,29
2002-08-04-02:30,29
2002-08-04-03:30,29
2002-08-04-04:30,29
2002-08-04-05:30,30
2002-08-04-06:30,30
2002-08-04-07:30,31
2002-08-04-08:30,34
2002-08-04-09:30,33
2002-08-04-10:30,31
2002-08-04-11:30,31
2002-08-04-12:30,29
2002-08-04-13:30,29
2002-08-04-14:30,29
2002-08-04-15:30,29
2002-08-04-16:30,29
2002-08-04-17:30,29
2002-08-04-18:30,29
2002-08-04-19:30,29
2002-08-04-20:30,29
2002-08-04-21:30,29
2002-08-04-22:30,29
2002-08-04-23:30,29
2002-08-05-00:30,28
2002-08-05-01:30,29
2002-08-05-02:30,30
2002-08-05-03:30,32
2002-08-05-04:30,33
2002-08-05-05:30,33
2002-08-05-06:30,33
2002-08-05-07:30,34
2002-08-05-08:30,35
2002-08-05-09:30,35
2002-08-05-10:30,35
2002-08-05-11:30,34
2002-08-05-12:30,33
2002-08-05-13:30,33
2002-08-05-14:30,32
2002-08-05-15:30,32
2002-08-05-16:30,31
2002-08-05-17:30,31
2002-08-05-18:30,31
2002-08-05-19:30,31
2002-08-05-20:30,30
2002-08-05-21:30,30
2002-08-05-22:30,30
2002-08-05-23:30,30
2002-08-06-00:30,30
2002-08-06-01:30,30
2002-08-06-02:30,30
2002-08-06-03:30,30
2002-08-06-04:30,29
2002-08-06-05:30,28
2002-08-06-06:30,27
2002-08-06-07:30,28
2002-08-06-08:30,29
2002-08-06-09:30,30
2002-08-06-10:30,31
2002-08-06-11:30,31
2002-08-06-12:30,31
2002-08-06-13:30,31
2002-08-06-14:30,31
2002-08-06-15:30,30
2002-08-06-16:30,30
2002-08-06-17:30,30
2002-08-06-18:30,29
2002-08-06-19:30,29
2002-08-06-20:30,29
2002-08-06-21:30,29
2002-08-06-22:30,29
2002-08-06-23:30,29
2002-08-07-00:30,28
2002-08-07-01:30,30
2002-08-07-02:30,32
2002-08-07-03:30,33
2002-08-07-04:30,34
2002-08-07-06:30,35
2002-08-07-07:30,37
2002-08-07-08:30,37
2002-08-07-09:30,39
2002-08-07-10:30,38
2002-08-07-11:30,37
2002-08-07-12:30,36
2002-08-07-13:30,35
2002-08-07-14:30,34
2002-08-07-15:30,33
2002-08-07-16:30,33
2002-08-07-17:30,33
2002-08-07-18:30,32
2002-08-07-19:30,31
2002-08-07-20:30,31
2002-08-07-21:30,31
2002-08-07-22:30,31
2002-08-07-23:30,30
2002-08-08-00:30,30
2002-08-08-01:30,31
2002-08-08-02:30,32
2002-08-08-03:30,33
2002-08-08-04:30,35
2002-08-08-05:30,36
2002-08-08-06:30,38
2002-08-08-07:30,34
2002-08-08-08:30,29
2002-08-08-09:30,33
2002-08-08-10:30,33
2002-08-08-11:30,35
2002-08-08-12:30,34
2002-08-08-13:30,33
2002-08-08-14:30,31
2002-08-08-15:30,31
2002-08-08-16:30,31
2002-08-08-17:30,30
2002-08-08-18:30,30
2002-08-08-19:30,30
2002-08-08-21:30,29
2002-08-08-22:30,28
2002-08-08-23:30,29
2002-08-09-00:30,29
2002-08-09-01:30,30
2002-08-09-02:30,31
2002-08-09-03:30,33
2002-08-09-04:30,34
2002-08-09-05:30,36
2002-08-09-06:30,37
2002-08-09-09:30,35
2002-08-09-10:30,32
2002-08-09-11:30,30
2002-08-09-12:30,31
2002-08-09-13:30,32
2002-08-09-14:30,32
2002-08-09-15:30,31
2002-08-09-16:30,31
2002-08-09-17:30,31
2002-08-09-18:30,31
2002-08-09-19:30,31
2002-08-09-20:30,30
2002-08-09-21:30,30
2002-08-09-22:30,30
2002-08-09-23:30,30
2002-08-10-00:30,29
2002-08-10-01:30,29
2002-08-10-02:30,30
2002-08-10-03:30,31
2002-08-10-04:30,33
2002-08-10-05:30,35
2002-08-10-06:30,35
2002-08-10-07:30,36
2002-08-10-15:30,34
2002-08-10-16:30,33
2002-08-10-17:30,33
2002-08-10-18:30,32
2002-08-10-19:30,32
2002-08-10-20:30,32
2002-08-10-21:30,31
2002-08-10-22:30,31
2002-08-10-23:30,31
2002-08-11-00:30,31
2002-08-11-01:30,31
2002-08-11-02:30,31.5
2002-08-11-03:30,32
2002-08-11-04:30,32
2002-08-11-05:30,32
2002-08-11-06:30,33
2002-08-11-07:30,33
2002-08-11-08:30,33
2002-08-11-09:30,34
2002-08-11-10:30,32
2002-08-11-11:30,31
2002-08-11-12:30,31
2002-08-11-13:30,31
2002-08-11-14:30,30
2002-08-11-15:30,30
2002-08-11-16:30,30
2002-08-11-17:30,29
2002-08-11-18:30,29
2002-08-11-19:30,30
2002-08-11-20:30,30
2002-08-11-21:30,29
2002-08-11-22:30,29
2002-08-11-23:30,28
2002-08-12-00:30,26
2002-08-12-01:30,26
2002-08-12-02:30,26
2002-08-12-03:30,27
2002-08-12-04:30,27
2002-08-12-05:30,28
2002-08-12-06:30,28
2002-08-12-07:30,28
2002-08-12-08:30,29
2002-08-12-09:30,29
2002-08-12-10:30,26
2002-08-12-11:30,28
2002-08-12-12:30,28
2002-08-12-13:30,28
2002-08-12-14:30,28
2002-08-12-15:30,28
2002-08-12-16:30,27
2002-08-12-17:30,27
2002-08-12-18:30,27
2002-08-12-19:30,26
2002-08-12-20:30,26
2002-08-12-21:30,26
2002-08-12-22:30,26
2002-08-12-23:30,25
2002-08-13-00:30,26
2002-08-13-01:30,26
2002-08-13-02:30,26
2002-08-13-03:30,26
2002-08-13-04:30,27
2002-08-13-05:30,27
2002-08-13-06:30,27
2002-08-13-07:30,28
2002-08-13-08:30,28
2002-08-13-09:30,29
2002-08-13-10:30,30
2002-08-13-11:30,30
2002-08-13-12:30,30
2002-08-13-13:30,29
2002-08-13-14:00,28.5
2002-08-13-14:30,28
2002-08-13-15:30,28
2002-08-13-16:30,28
2002-08-13-17:30,28
2002-08-13-18:30,28
2002-08-13-19:30,28
2002-08-13-20:30,27
2002-08-13-21:30,27
2002-08-13-22:30,27
2002-08-13-23:30,27
2002-08-14-00:30,27
2002-08-14-01:30,27
2002-08-14-02:30,27
2002-08-14-03:30,28
2002-08-14-04:30,28
2002-08-14-05:30,28
2002-08-14-06:30,29
2002-08-14-07:30,31
2002-08-14-08:30,31
2002-08-14-09:30,32
2002-08-14-10:30,32
2002-08-14-11:30,32
2002-08-14-12:30,31
2002-08-14-13:30,31
2002-08-14-14:30,30
2002-08-14-15:30,30
2002-08-14-16:30,29
2002-08-14-17:30,29
2002-08-14-18:30,29
2002-08-14-19:30,29
2002-08-14-20:30,28
2002-08-14-21:30,28
2002-08-14-22:30,28
2002-08-14-23:30,28
2002-08-15-00:30,28
2002-08-15-01:30,28
2002-08-15-02:30,29
2002-08-15-03:30,30
2002-08-15-04:30,31
2002-08-15-05:30,31
2002-08-15-06:30,31
2002-08-15-07:30,32
2002-08-15-08:30,33
2002-08-15-09:30,34
2002-08-15-10:30,33
2002-08-15-11:30,32
2002-08-15-12:30,32
2002-08-15-13:30,31
2002-08-15-14:30,31
2002-08-15-15:30,30
2002-08-15-16:30,30
2002-08-15-17:30,30
2002-08-15-18:30,30
2002-08-15-19:30,30
2002-08-15-20:30,29
2002-08-15-21:30,29
2002-08-15-22:30,29
2002-08-15-23:30,29
2002-08-16-00:30,31.5
2002-08-16-01:30,34
2002-08-16-02:30,30
2002-08-16-03:30,31
2002-08-16-04:30,32
2002-08-16-05:30,33
2002-08-16-06:30,35
2002-08-16-07:30,35
2002-08-16-08:30,35
2002-08-16-09:30,35
2002-08-16-10:30,35
2002-08-16-11:30,35
2002-08-16-12:30,35
2002-08-16-13:30,34
2002-08-16-14:30,33
2002-08-16-15:30,33
2002-08-16-16:30,33
2002-08-16-17:30,32
2002-08-16-18:30,32
2002-08-16-19:30,31
2002-08-16-20:30,31
2002-08-16-21:30,30
2002-08-16-22:30,30
2002-08-16-23:30,30
2002-08-17-00:30,30
2002-08-17-01:30,31
2002-08-17-02:30,31
2002-08-17-03:30,32
2002-08-17-04:30,33
2002-08-17-05:30,34
2002-08-17-06:30,35
2002-08-17-07:30,36
2002-08-17-08:30,36
2002-08-17-09:30,37
2002-08-17-10:30,37
2002-08-17-11:30,37
2002-08-17-12:30,37
2002-08-17-13:30,35
2002-08-17-14:30,33
2002-08-17-15:30,32
2002-08-17-16:30,32
2002-08-17-17:30,31
2002-08-17-18:30,31
2002-08-17-19:30,31
2002-08-17-20:30,31
2002-08-17-21:30,31
2002-08-17-22:30,31
2002-08-17-23:30,30
2002-08-18-00:30,31
2002-08-18-01:30,30
2002-08-18-02:30,31
2002-08-18-03:30,32
2002-08-18-04:30,33.5
2002-08-18-05:30,35
2002-08-18-06:30,36
2002-08-18-07:30,36
2002-08-18-08:30,30
2002-08-18-09:30,33
2002-08-18-10:30,33
2002-08-18-11:30,32
2002-08-18-12:30,32
2002-08-18-13:30,31
2002-08-18-14:30,31
2002-08-18-15:30,30
2002-08-18-16:30,30
2002-08-18-17:30,29
2002-08-18-18:30,29
2002-08-18-19:30,29
2002-08-18-20:30,29
2002-08-18-21:30,28
2002-08-18-22:30,28
2002-08-18-23:30,28
2002-08-19-00:30,28
2002-08-19-01:30,29
2002-08-19-02:30,30
2002-08-19-03:30,32
2002-08-19-04:30,32
2002-08-19-05:30,33
2002-08-19-06:30,34
2002-08-19-07:30,36
2002-08-19-08:30,36
2002-08-19-09:30,36
2002-08-19-10:30,36
2002-08-19-11:30,36
2002-08-19-12:30,36
2002-08-19-13:30,35
2002-08-19-14:30,34
2002-08-19-15:30,33
2002-08-19-16:30,32
2002-08-19-17:30,31
2002-08-19-18:30,31
2002-08-19-19:30,31
2002-08-19-20:30,31
2002-08-19-21:30,30
2002-08-19-22:30,30
2002-08-19-23:30,30
2002-08-20-00:30,30
2002-08-20-01:30,30
2002-08-20-02:30,31
2002-08-20-03:30,33
2002-08-20-04:30,35
2002-08-20-05:30,36
2002-08-20-06:30,37
2002-08-20-07:30,38
2002-08-20-08:30,39
2002-08-20-09:30,39
2002-08-20-10:30,39
2002-08-20-11:30,39
2002-08-20-12:30,38
2002-08-20-13:30,36
2002-08-20-14:30,35
2002-08-20-15:30,34
2002-08-20-16:30,32
2002-08-20-17:30,31
2002-08-20-18:30,30
2002-08-20-19:30,29
2002-08-20-20:30,28
2002-08-20-21:30,27
2002-08-20-22:30,27
2002-08-20-23:30,27
2002-08-21-00:30,27
2002-08-21-03:30,28
2002-08-21-04:30,30
2002-08-21-05:30,31
2002-08-21-06:30,32
2002-08-21-07:30,33
2002-08-21-08:30,33
2002-08-21-09:30,34
2002-08-21-10:30,34
2002-08-21-11:30,34
2002-08-21-12:30,33
2002-08-21-13:30,32
2002-08-21-14:30,29
2002-08-21-15:30,28
2002-08-21-16:30,25
2002-08-21-17:30,26
2002-08-21-18:30,26
2002-08-21-19:30,26
2002-08-21-20:30,26
2002-08-21-21:30,26
2002-08-21-22:30,25
2002-08-21-23:30,26
2002-08-22-00:30,26
2002-08-22-01:30,26
2002-08-22-02:30,27
2002-08-22-03:30,29
2002-08-22-04:30,30
2002-08-22-05:30,31
2002-08-22-06:30,32
2002-08-22-07:30,32
2002-08-22-08:30,30
2002-08-22-09:30,31
2002-08-22-10:30,29
2002-08-22-11:30,30
2002-08-22-12:30,30
2002-08-22-13:30,30
2002-08-22-14:30,29
2002-08-22-15:30,28
2002-08-22-16:30,28
2002-08-22-17:30,28
2002-08-23-16:00,28.5
2002-08-24-18:30,29
2002-08-24-19:30,29
2002-08-24-20:30,29
2002-08-24-21:30,28
2002-08-24-22:30,28
2002-08-24-23:30,28
2002-08-25-00:30,27
2002-08-25-01:30,28
2002-08-25-02:30,28
2002-08-25-03:30,29
2002-08-25-04:30,30
2002-08-25-05:30,31
2002-08-25-06:30,32
2002-08-25-07:30,33
2002-08-25-08:30,33
2002-08-25-09:30,34
2002-08-25-10:30,34
2002-08-25-11:30,31
2002-08-25-12:30,27
2002-08-25-13:30,29
2002-08-25-14:30,28
2002-08-25-15:30,29
2002-08-25-16:30,29
2002-08-25-17:30,29
2002-08-25-18:30,29
2002-08-25-19:30,28
2002-08-25-20:30,28
2002-08-25-21:30,27
2002-08-25-22:30,27
2002-08-25-23:30,27
2002-08-26-00:30,26
2002-08-26-01:30,27
2002-08-26-02:30,29
2002-08-26-03:30,30
2002-08-26-04:30,30
2002-08-26-05:30,31
2002-08-26-06:30,32
2002-08-26-07:30,33
2002-08-26-08:30,33
2002-08-26-09:30,34
2002-08-26-10:30,34
2002-08-26-11:30,34
2002-08-26-12:30,34
2002-08-26-13:30,33
2002-08-26-14:30,32
2002-08-26-15:30,31
2002-08-26-16:30,30
2002-08-26-17:30,30
2002-08-26-18:30,30
2002-08-26-20:30,30
2002-08-26-21:30,30
2002-08-26-22:30,29
2002-08-26-23:30,28
2002-08-27-00:30,27
2002-08-27-01:30,27
2002-08-27-02:30,28
2002-08-27-03:30,28
2002-08-27-04:30,29
2002-08-27-05:30,30
2002-08-27-06:30,30
2002-08-27-07:30,32
2002-08-27-08:30,32
2002-08-27-09:30,32
2002-08-27-10:30,27
2002-08-27-11:30,29
2002-08-27-12:30,29
2002-08-27-13:30,29
2002-08-27-14:30,29
2002-08-27-15:30,29
2002-08-27-16:30,29
2002-08-27-17:30,29
2002-08-27-18:30,29
2002-08-27-19:30,29
2002-08-27-20:30,29
2002-08-27-21:30,29
2002-08-27-22:30,28
2002-08-27-23:30,28
2002-08-28-00:30,28
2002-08-28-01:30,28
2002-08-28-02:30,29
2002-08-28-03:30,31
2002-08-28-04:30,32
2002-08-28-05:30,33
2002-08-28-06:30,34
2002-08-28-07:30,34
2002-08-28-08:30,34
2002-08-28-09:30,34
2002-08-28-10:30,34
2002-08-28-11:30,34
2002-08-28-12:30,34
2002-08-28-13:30,33
2002-08-28-14:30,32
2002-08-28-15:30,32
2002-08-28-16:30,32
2002-08-28-17:30,30
2002-08-28-18:30,29
2002-08-28-19:30,29
2002-08-28-20:30,29
2002-08-28-21:30,29
2002-08-28-22:30,29
2002-08-29-00:30,27
2002-08-29-01:30,27
2002-08-29-02:30,28
2002-08-29-03:30,28
2002-08-29-04:30,27
2002-08-29-05:30,26
2002-08-29-06:30,26
2002-08-29-07:30,26
2002-08-29-08:30,27
2002-08-29-09:30,28
2002-08-29-10:30,28
2002-08-29-11:30,28
2002-08-29-12:30,28
2002-08-29-13:30,28
2002-08-29-14:30,27
2002-08-29-15:30,27
2002-08-29-16:30,27
2002-08-29-17:30,26
2002-08-29-18:30,26
2002-08-29-19:30,26
2002-08-29-20:30,26
2002-08-29-21:30,26
2002-08-29-22:30,26
2002-08-29-23:30,26
2002-08-30-00:30,26
2002-08-30-01:30,26
2002-08-30-02:30,27
2002-08-30-03:30,28
2002-08-30-04:30,31
2002-08-30-05:30,32
2002-08-30-06:30,33
2002-08-30-07:30,34
2002-08-30-08:30,34
2002-08-30-09:30,34
2002-08-30-10:30,35
2002-08-30-11:30,35
2002-08-30-13:30,32
2002-08-30-14:30,31
2002-08-30-15:30,30
2002-08-30-16:30,30
2002-08-30-17:30,29
2002-08-30-18:30,29
2002-08-30-19:30,29
2002-08-30-20:30,29
2002-08-30-21:30,29
2002-08-30-22:30,29
2002-08-30-23:30,28
2002-08-31-00:30,28
2002-08-31-01:30,29
2002-08-31-02:30,31
2002-08-31-03:30,32
2002-08-31-04:30,33
2002-08-31-05:30,33
2002-08-31-06:30,34
2002-08-31-07:30,35
2002-08-31-08:30,35
2002-08-31-09:30,35
2002-08-31-10:30,33
2002-08-31-11:30,33
2002-08-31-12:30,32
2002-08-31-13:30,31
2002-08-31-14:30,30
2002-08-31-15:30,29
2002-08-31-16:30,29
2002-08-31-17:30,29
2002-08-31-18:30,28
2002-08-31-19:30,28
2002-08-31-20:30,28
2002-08-31-21:30,28
2002-08-31-22:30,27
2002-08-31-23:30,27
2002-09-01-00:30,27
2002-09-01-01:30,28
2002-09-01-02:30,30
2002-09-01-03:30,31
2002-09-01-04:30,32
2002-09-01-05:30,33
2002-09-01-06:30,34
2002-09-01-07:30,34
2002-09-01-08:30,35
2002-09-01-09:30,36
2002-09-01-10:30,36
2002-09-01-11:30,35
2002-09-01-12:30,33
2002-09-01-13:30,32
2002-09-01-14:30,31
2002-09-01-15:30,30
2002-09-01-16:30,29
2002-09-01-17:30,29
2002-09-01-18:30,29
2002-09-01-19:30,29
2002-09-01-20:30,28
2002-09-01-21:30,28
2002-09-01-22:30,28
2002-09-01-23:30,28
2002-09-02-00:30,28
2002-09-02-01:30,28
2002-09-02-02:30,30
2002-09-02-03:30,31
2002-09-02-04:30,32
2002-09-02-05:30,33
2002-09-02-06:30,34
2002-09-02-07:30,35
2002-09-02-08:30,35
2002-09-02-09:30,32
2002-09-02-10:30,31
2002-09-02-11:30,31
2002-09-02-12:30,32
2002-09-02-13:30,31
2002-09-02-14:30,30
2002-09-02-15:30,29
2002-09-02-16:30,29
2002-09-02-17:30,30
2002-09-02-18:30,29
2002-09-02-19:30,30
2002-09-02-20:30,29
2002-09-02-21:30,29
2002-09-02-22:30,29
2002-09-03-00:30,29
2002-09-03-01:30,29
2002-09-03-02:30,30
2002-09-03-03:30,31
2002-09-03-04:21,32
2002-09-03-05:30,30
2002-09-03-06:30,32
2002-09-03-07:30,31
2002-09-03-08:30,31
2002-09-03-09:30,29
2002-09-03-10:30,28
2002-09-03-11:30,27
2002-09-03-12:30,27
2002-09-03-13:30,27
2002-09-03-14:30,27
2002-09-03-15:30,26
2002-09-03-16:30,26
2002-09-03-17:30,26
2002-09-03-18:30,26
2002-09-03-19:30,26
2002-09-03-20:30,26
2002-09-03-21:30,26
2002-09-03-22:30,26
2002-09-03-23:30,26
2002-09-04-00:30,25
2002-09-04-01:30,25
2002-09-04-02:30,27
2002-09-04-03:30,29
2002-09-04-04:30,29
2002-09-04-05:30,31
2002-09-04-06:30,32
2002-09-04-07:30,33
2002-09-04-08:30,33
2002-09-04-09:30,31
2002-09-04-10:30,29
2002-09-04-11:30,28
2002-09-04-12:30,29
2002-09-04-13:30,27
2002-09-04-14:30,27
2002-09-04-15:30,27
2002-09-04-16:30,26
2002-09-04-17:30,26
2002-09-04-18:30,25
2002-09-04-19:30,25
2002-09-04-20:30,25
2002-09-04-21:30,25
2002-09-04-22:30,25
2002-09-04-23:30,25
2002-09-05-00:30,25
2002-09-05-01:30,25
2002-09-05-02:30,26
2002-09-05-03:30,28
2002-09-05-04:30,29
2002-09-05-05:30,30
2002-09-05-06:30,31
2002-09-05-07:30,32
2002-09-05-08:30,33
2002-09-05-09:30,33
2002-09-05-10:30,33
2002-09-05-11:30,32
2002-09-05-12:30,31
2002-09-05-13:30,30
2002-09-05-14:30,29
2002-09-05-15:30,27
2002-09-05-16:30,26
2002-09-05-17:30,26
2002-09-06-22:05,25.5
2002-09-07-18:30,25
2002-09-07-19:30,25
2002-09-07-20:30,24
2002-09-07-21:30,24
2002-09-07-22:30,24
2002-09-07-23:30,24
2002-09-08-00:30,24
2002-09-08-01:30,23.5
2002-09-08-02:30,23
2002-09-08-03:30,23
2002-09-08-04:30,25
2002-09-08-05:30,27
2002-09-08-06:30,28
2002-09-08-07:30,29
2002-09-08-08:30,30
2002-09-08-09:30,30
2002-09-08-10:30,30
2002-09-08-11:30,30
2002-09-08-12:30,29
2002-09-08-13:30,28
2002-09-08-14:30,27
2002-09-08-15:30,27
2002-09-08-16:30,27
2002-09-08-17:30,27
2002-09-08-18:30,27
2002-09-08-19:30,26
2002-09-08-20:30,25
2002-09-08-21:21,25
2002-09-08-22:30,25
2002-09-08-23:30,24
2002-09-09-00:30,25
2002-09-09-01:30,25
2002-09-09-02:30,27
2002-09-09-03:30,28
2002-09-09-04:30,30
2002-09-09-05:30,31
2002-09-09-06:30,32
2002-09-09-07:30,33
2002-09-09-08:30,33
2002-09-09-09:30,33
2002-09-09-10:30,33
2002-09-09-11:25,31
2002-09-09-12:30,30
2002-09-09-13:30,29
2002-09-09-14:30,28
2002-09-09-15:30,28
2002-09-09-16:30,27
2002-09-09-17:30,27
2002-09-09-18:30,27
2002-09-09-19:30,27
2002-09-09-20:30,26
2002-09-09-21:30,26
2002-09-09-22:30,26
2002-09-09-23:30,25
2002-09-10-01:30,26
2002-09-10-02:30,28
2002-09-10-03:30,30
2002-09-10-04:30,32
2002-09-10-05:30,32
2002-09-10-06:30,32
2002-09-10-07:30,32
2002-09-10-08:21,32
2002-09-10-09:30,30
2002-09-10-10:30,31
2002-09-10-11:30,24
2002-09-10-12:30,24
2002-09-10-13:30,24
2002-09-10-14:30,24
2002-09-10-15:30,24
2002-09-10-16:30,24
2002-09-10-17:30,24
2002-09-10-18:30,24
2002-09-10-19:30,24
2002-09-10-20:30,24
2002-09-10-21:30,24
2002-09-10-22:30,23
2002-09-10-23:30,24
2002-09-11-00:30,24
2002-09-11-01:30,25
2002-09-11-02:30,26
2002-09-11-03:30,27
2002-09-11-04:30,29
2002-09-11-05:30,29
2002-09-11-06:30,28
2002-09-11-07:30,29
2002-09-11-08:30,29
2002-09-11-09:30,29
2002-09-11-10:30,29
2002-09-11-11:30,29
2002-09-11-12:30,28
2002-09-11-13:30,26
2002-09-11-14:30,25
2002-09-11-15:30,25
2002-09-11-16:30,25
2002-09-11-17:30,25
2002-09-11-18:30,24
2002-09-11-19:30,24
2002-09-11-20:30,24
2002-09-11-21:30,24
2002-09-11-22:30,24
2002-09-11-23:30,24
2002-09-12-00:30,24
2002-09-12-01:30,24
2002-09-12-02:30,24
2002-09-12-03:30,24
2002-09-12-04:30,25
2002-09-12-05:30,25
2002-09-12-06:30,25
2002-09-12-07:21,25
2002-09-12-08:30,25
2002-09-12-09:30,24
2002-09-12-10:30,25
2002-09-12-11:30,25
2002-09-12-12:30,25
2002-09-12-13:30,25
2002-09-12-14:30,25
2002-09-12-15:30,25
2002-09-12-16:30,25
2002-09-12-17:30,25
2002-09-12-18:30,25
2002-09-12-19:30,25
2002-09-12-20:30,25
2002-09-12-21:30,25
2002-09-12-22:30,25
2002-09-12-23:30,25
2002-09-13-00:30,25
2002-09-13-01:30,25
2002-09-13-02:30,25
2002-09-13-03:30,26
2002-09-13-04:30,26
2002-09-13-05:30,25.5
2002-09-13-06:30,25
2002-09-13-07:30,25
2002-09-13-08:30,25
2002-09-13-09:30,25
2002-09-13-10:30,25
2002-09-13-11:30,24
2002-09-13-12:30,23
2002-09-13-13:30,23
2002-09-13-14:30,23
2002-09-13-15:30,24
2002-09-13-16:30,24
2002-09-13-17:00,25
2002-09-13-17:30,25
2002-09-13-18:30,25
2002-09-13-19:30,25
2002-09-13-20:30,26
2002-09-13-21:30,25
2002-09-13-22:30,25
2002-09-13-23:30,24
2002-09-14-00:30,24
2002-09-14-01:30,25
2002-09-14-02:30,25
2002-09-14-03:30,27
2002-09-14-04:30,29
2002-09-14-05:30,31
2002-09-14-06:30,32
2002-09-14-07:30,32
2002-09-14-08:30,32
2002-09-14-09:30,33
2002-09-14-10:30,32
2002-09-14-11:30,32
2002-09-14-12:30,31
2002-09-14-13:30,31
2002-09-14-14:30,30
2002-09-14-15:30,30
2002-09-14-16:30,29
2002-09-14-17:30,28
2002-09-14-18:30,28
2002-09-14-19:30,28
2002-09-14-20:30,27
2002-09-14-21:30,27
2002-09-14-22:30,27
2002-09-14-23:30,27
2002-09-15-00:30,26
2002-09-15-01:30,26
2002-09-15-02:30,26
2002-09-15-03:30,27
2002-09-15-04:30,28
2002-09-15-05:30,30
2002-09-15-06:30,31
2002-09-15-07:30,32
2002-09-15-08:30,33
2002-09-15-09:30,32
2002-09-15-10:30,32
2002-09-15-11:30,32
2002-09-15-12:30,31
2002-09-15-13:30,30
2002-09-15-14:30,30
2002-09-15-15:30,29
2002-09-15-16:30,29
2002-09-15-17:30,29
2002-09-15-18:30,28
2002-09-15-19:30,26
2002-09-15-20:30,26
2002-09-15-21:30,25
2002-09-15-22:30,25
2002-09-15-23:30,25
2002-09-16-00:30,25
2002-09-16-01:30,25
2002-09-16-03:30,28
2002-09-16-04:30,30
2002-09-16-05:30,31
2002-09-16-06:30,31
2002-09-16-07:30,32
2002-09-16-08:30,31
2002-09-16-09:30,31
2002-09-16-10:30,32
2002-09-16-11:30,32
2002-09-16-12:30,32
2002-09-16-13:30,31
2002-09-16-14:30,30
2002-09-16-15:30,29
2002-09-16-16:30,29
2002-09-16-17:30,28
2002-09-16-18:30,28
2002-09-16-19:30,27
2002-09-16-20:30,27
2002-09-16-21:30,27
2002-09-16-22:30,27
2002-09-16-23:30,27
2002-09-17-00:30,26
2002-09-17-01:30,27
2002-09-17-02:30,27
2002-09-17-03:30,28
2002-09-17-04:30,30
2002-09-17-05:30,31
2002-09-17-06:30,32
2002-09-17-07:30,32
2002-09-17-08:30,33
2002-09-17-09:30,33
2002-09-17-10:30,33
2002-09-17-11:30,31
2002-09-17-12:30,31
2002-09-17-13:30,30
2002-09-17-14:30,29
2002-09-17-15:30,29
2002-09-17-16:30,28
2002-09-17-17:30,28
2002-09-17-18:30,28
2002-09-17-19:30,27
2002-09-17-20:30,27
2002-09-17-21:30,26
2002-09-17-22:30,26
2002-09-17-23:30,26
2002-09-18-00:30,26
2002-09-18-01:30,26
2002-09-18-02:30,28
2002-09-18-03:30,30
2002-09-18-04:30,31
2002-09-18-05:30,31
2002-09-18-06:30,32
2002-09-18-07:30,33
2002-09-18-08:30,33
2002-09-18-09:30,33
2002-09-18-10:30,33
2002-09-18-11:30,33
2002-09-18-12:30,32
2002-09-18-13:30,31
2002-09-18-14:30,31
2002-09-18-15:30,30
2002-09-18-16:30,30
2002-09-18-17:30,29
2002-09-18-18:30,28
2002-09-18-19:30,24
2002-09-18-20:30,23
2002-09-18-21:30,25
2002-09-18-22:30,24
2002-09-18-23:30,24
2002-09-19-00:30,23
2002-09-19-01:30,24
2002-09-19-03:30,28
2002-09-19-04:30,30
2002-09-19-05:30,31
2002-09-19-06:30,32
2002-09-19-07:30,33
2002-09-19-08:30,33
2002-09-19-09:30,34
2002-09-19-10:30,33
2002-09-19-11:30,33
2002-09-19-12:30,32
2002-09-19-13:30,31
2002-09-19-14:30,31
2002-09-19-15:30,29
2002-09-19-16:30,29
2002-09-19-17:30,29
2002-09-19-18:30,28
2002-09-19-19:30,27
2002-09-19-20:30,26
2002-09-19-21:30,26
2002-09-19-22:30,25
2002-09-19-23:30,25
2002-09-20-00:30,25
2002-09-20-01:30,25
2002-09-20-02:30,27
2002-09-20-03:30,29
2002-09-20-04:30,30
2002-09-20-05:30,31
2002-09-20-06:30,32
2002-09-20-07:30,33
2002-09-20-08:30,33
2002-09-20-09:30,33
2002-09-20-10:30,33
2002-09-20-11:30,33
2002-09-20-12:30,32
2002-09-20-13:30,31
2002-09-20-15:30,29
2002-09-20-16:30,29
2002-09-20-17:30,28
2002-09-20-18:30,28
2002-09-20-19:30,27
2002-09-20-20:30,26
2002-09-20-21:30,25
2002-09-20-22:30,24.5
2002-09-20-23:30,24
2002-09-21-00:30,23
2002-09-21-01:30,24
2002-09-21-02:30,25
2002-09-21-03:30,27
2002-09-21-04:30,30
2002-09-21-05:30,31
2002-09-21-06:30,32
2002-09-21-07:30,33
2002-09-21-08:30,34
2002-09-21-09:30,34
2002-09-21-10:30,34
2002-09-21-11:30,33
2002-09-21-12:30,33
2002-09-21-13:30,32
2002-09-21-14:30,31
2002-09-21-15:30,30
2002-09-21-16:30,30
2002-09-21-17:30,29
2002-09-21-18:30,27
2002-09-21-19:30,27
2002-09-21-20:30,27
2002-09-21-21:30,27
2002-09-21-22:30,26
2002-09-21-23:30,26
2002-09-22-00:30,26
2002-09-22-01:30,26
2002-09-22-02:30,27
2002-09-22-03:30,29
2002-09-22-04:30,29
2002-09-22-05:30,31
2002-09-22-06:30,32
2002-09-22-07:30,33
2002-09-22-08:30,33
2002-09-22-09:30,33
2002-09-22-10:30,33
2002-09-22-11:30,33
2002-09-22-12:30,31
2002-09-22-13:30,30
2002-09-22-14:30,29
2002-09-22-15:30,29
2002-09-22-16:30,28
2002-09-22-17:30,28
2002-09-22-18:30,27
2002-09-22-19:30,27
2002-09-22-20:30,26
2002-09-22-21:30,26
2002-09-22-23:30,26
2002-09-23-00:30,26
2002-09-23-01:30,26
2002-09-23-02:30,28
2002-09-23-03:30,28
2002-09-23-04:30,29
2002-09-23-05:30,30
2002-09-23-07:30,32
2002-09-23-08:30,32
2002-09-23-09:30,33
2002-09-23-10:30,33
2002-09-23-11:30,32
2002-09-23-12:30,32
2002-09-23-13:30,31
2002-09-23-14:30,30
2002-09-23-15:30,30
2002-09-23-16:30,29
2002-09-23-17:30,28
2002-09-23-18:30,28
2002-09-23-19:30,27
2002-09-23-20:30,27
2002-09-23-21:30,27
2002-09-23-22:30,26
2002-09-23-23:30,26
2002-09-24-00:30,26
2002-09-24-01:30,26
2002-09-24-02:30,28
2002-09-24-03:30,29
2002-09-24-04:30,31
2002-09-24-05:30,32
2002-09-24-06:30,33
2002-09-24-07:30,34
2002-09-24-08:30,35
2002-09-24-09:30,35
2002-09-24-10:30,35
2002-09-24-11:30,34
2002-09-24-12:30,33
2002-09-24-13:30,32
2002-09-24-14:30,30
2002-09-24-15:30,30
2002-09-24-16:30,29
2002-09-24-17:30,28
2002-09-24-18:30,27
2002-09-24-19:30,27
2002-09-24-20:30,26
2002-09-24-21:30,26
2002-09-24-22:30,26
2002-09-24-23:30,27
2002-09-25-00:30,26.5
2002-09-25-01:30,26
2002-09-25-02:30,27
2002-09-25-03:30,30
2002-09-25-04:30,32
2002-09-25-05:30,30
2002-09-25-06:30,31
2002-09-25-07:30,32
2002-09-25-08:30,33
2002-09-25-09:30,33
2002-09-25-10:30,33
2002-09-25-11:30,33
2002-09-25-12:30,32
2002-09-25-13:30,30
2002-09-25-14:30,29
2002-09-25-15:30,28
2002-09-25-16:30,26
2002-09-25-17:30,26
2002-09-25-18:30,26
2002-09-25-19:30,25
2002-09-25-20:30,25
2002-09-25-21:30,25
2002-09-25-22:30,24
2002-09-25-23:30,22
2002-09-26-00:30,22
2002-09-26-01:30,22
2002-09-26-02:30,25
2002-09-26-03:30,27
2002-09-26-04:30,29
2002-09-26-05:30,31
2002-09-26-06:30,33
2002-09-26-07:30,34
2002-09-26-09:30,35
2002-09-26-10:30,35
2002-09-26-11:30,34
2002-09-26-12:30,33
2002-09-26-13:30,31
2002-09-26-14:30,30
2002-09-26-15:30,30
2002-09-26-16:30,30
2002-09-26-17:30,28
2002-09-26-18:30,28
2002-09-26-19:30,27
2002-09-26-20:30,25
2002-09-26-21:30,24
2002-09-26-22:30,23
2002-09-26-23:30,23
2002-09-27-00:30,22
2002-09-27-01:30,22
2002-09-27-02:30,25
2002-09-27-03:30,27
2002-09-27-04:30,29
2002-09-27-05:30,31
2002-09-27-06:21,32
2002-09-27-07:30,34
2002-09-27-08:30,34
2002-09-27-09:30,34
2002-09-27-10:30,34
2002-09-27-11:30,34
2002-09-27-12:30,33
2002-09-27-13:30,31
2002-09-27-14:30,30
2002-09-27-15:30,29
2002-09-27-16:30,28
2002-09-27-17:30,27
2002-09-27-18:30,27
2002-09-27-19:30,27
2002-09-27-20:30,27
2002-09-27-21:30,24
2002-09-27-22:30,24
2002-09-27-23:30,24
2002-09-28-00:30,23
2002-09-28-01:30,24
2002-09-28-02:30,26
2002-09-28-03:30,29
2002-09-28-04:30,31
2002-09-28-06:30,34
2002-09-28-07:30,34
2002-09-28-08:30,35
2002-09-28-09:30,35
2002-09-28-10:30,34
2002-09-28-11:30,34
2002-09-28-12:30,32
2002-09-28-13:30,30
2002-09-28-14:30,29
2002-09-28-15:30,29
2002-09-28-16:30,29
2002-09-28-17:30,28
2002-09-28-18:30,27
2002-09-28-20:30,26
2002-09-28-22:30,24
2002-09-28-23:30,24
2002-09-29-00:30,24
2002-09-29-01:30,24
2002-09-29-02:30,26
2002-09-29-03:30,28
2002-09-29-04:30,31
2002-09-29-05:30,32
2002-09-29-06:30,33
2002-09-29-07:30,34
2002-09-29-08:30,31
2002-09-29-09:30,35
2002-09-29-10:30,35
2002-09-29-11:30,34
2002-09-29-12:30,33
2002-09-29-13:30,31
2002-09-29-14:30,31
2002-09-29-15:30,30
2002-09-29-16:30,29
2002-09-29-17:30,28
2002-09-29-18:30,28
2002-09-29-19:30,26
2002-09-29-20:30,25
2002-09-29-21:30,25
2002-09-29-22:30,24
2002-09-29-23:30,23
2002-09-30-00:00,25
2002-09-30-00:30,23
2002-09-30-01:30,23
2002-09-30-02:30,25
2002-09-30-03:30,28
2002-09-30-04:30,30
2002-09-30-05:30,32
2002-09-30-06:30,34
2002-09-30-07:30,34
2002-09-30-08:21,35
2002-09-30-09:30,35
2002-09-30-10:30,35
2002-09-30-11:30,35
2002-09-30-12:30,33
2002-09-30-13:30,31
2002-09-30-14:30,30
2002-09-30-15:30,29
2002-09-30-16:30,26
2002-09-30-17:30,25
2002-09-30-18:30,24
2002-09-30-19:30,23
2002-09-30-20:30,23
2002-09-30-21:30,23
2002-09-30-22:30,22
2002-09-30-23:30,21
2002-10-01-00:00,25
2002-10-01-00:30,21
2002-10-01-01:30,22
2002-10-01-02:30,24
2002-10-01-03:30,27
2002-10-01-04:30,30
2002-10-01-05:21,31
2002-10-01-06:30,33
2002-10-01-07:30,34
2002-10-01-09:30,36
2002-10-01-10:30,36
2002-10-01-11:30,35
2002-10-01-12:30,33
2002-10-01-13:30,31
2002-10-01-14:30,28
2002-10-01-15:30,27
2002-10-01-16:30,26
2002-10-01-17:30,26
2002-10-01-18:30,25
2002-10-01-19:30,25
2002-10-01-20:30,25
2002-10-01-21:30,23
2002-10-01-22:30,22
2002-10-01-23:30,22
2002-10-02-00:30,22
2002-10-02-01:30,22
2002-10-02-02:30,24
2002-10-02-03:30,27
2002-10-02-04:30,30
2002-10-02-05:30,32
2002-10-02-06:30,34
2002-10-02-07:30,35
2002-10-02-09:30,35
2002-10-02-10:30,35
2002-10-02-11:30,35
2002-10-02-12:30,33
2002-10-02-13:30,32
2002-10-02-14:30,28
2002-10-02-15:30,29
2002-10-02-16:30,27
2002-10-02-17:30,27
2002-10-02-18:30,28
2002-10-02-19:30,26
2002-10-02-20:30,24
2002-10-02-21:30,23.5
2002-10-02-22:30,23
2002-10-03-00:30,22
2002-10-03-01:30,22
2002-10-03-02:30,24
2002-10-03-03:30,27
2002-10-03-04:30,30
2002-10-03-05:30,33
2002-10-03-06:30,34
2002-10-03-07:30,36
2002-10-03-08:30,36
2002-10-03-09:30,37
2002-10-03-10:30,37
2002-10-03-11:30,36
2002-10-03-12:30,35
2002-10-03-13:30,33
2002-10-03-14:30,31
2002-10-03-15:30,29
2002-10-03-16:30,28
2002-10-03-17:30,27
2002-10-03-18:30,26
2002-10-03-19:30,25
2002-10-03-20:30,25
2002-10-03-21:30,24
2002-10-03-22:30,23
2002-10-03-23:30,23
2002-10-04-00:30,23
2002-10-04-01:30,23
2002-10-04-02:30,26.5
2002-10-04-03:30,30
2002-10-04-04:30,33
2002-10-04-05:30,35
2002-10-04-07:30,37
2002-10-04-08:30,38
2002-10-04-09:30,38
2002-10-04-10:30,38
2002-10-04-11:30,35
2002-10-04-12:30,33
2002-10-04-13:30,31
2002-10-04-14:30,29
2002-10-04-15:30,29
2002-10-04-16:30,28
2002-10-04-17:30,27
2002-10-04-18:30,25
2002-10-04-19:30,25
2002-10-04-20:30,25
2002-10-04-21:30,24
2002-10-04-22:30,24
2002-10-04-23:30,23
2002-10-05-00:30,23
2002-10-05-01:30,24
2002-10-05-02:30,27
2002-10-05-03:30,31
2002-10-05-04:30,33
2002-10-05-05:30,35
2002-10-05-06:30,36
2002-10-05-07:30,38
2002-10-05-08:30,38
2002-10-05-09:30,38
2002-10-05-10:30,38
2002-10-05-11:30,37
2002-10-05-12:30,34
2002-10-05-13:30,31
2002-10-05-14:30,29
2002-10-05-15:30,28
2002-10-05-16:30,28
2002-10-05-17:30,26
2002-10-05-18:30,25
2002-10-05-19:30,25
2002-10-05-20:30,25
2002-10-05-21:30,25
2002-10-05-22:30,24
2002-10-05-23:30,24
2002-10-06-00:30,23
2002-10-06-01:30,24
2002-10-06-02:30,27
2002-10-06-03:30,29
2002-10-06-04:30,32
2002-10-06-05:30,33
2002-10-06-06:30,34
2002-10-06-07:30,35
2002-10-06-08:30,36
2002-10-06-09:30,37
2002-10-06-10:30,36
2002-10-06-11:30,34
2002-10-06-12:30,33
2002-10-06-14:30,29
2002-10-06-15:30,27
2002-10-06-16:30,27
2002-10-06-17:30,26
2002-10-06-18:30,26
2002-10-06-19:30,25
2002-10-06-20:30,25
2002-10-06-21:30,25
2002-10-06-22:30,25
2002-10-06-23:30,25
2002-10-07-00:30,25
2002-10-07-01:30,25
2002-10-07-02:30,27
2002-10-07-03:30,28
2002-10-07-04:30,31
2002-10-07-05:30,32
2002-10-07-06:30,34
2002-10-07-07:30,34
2002-10-07-08:30,34
2002-10-07-09:30,35
2002-10-07-10:30,35
2002-10-07-11:30,33
2002-10-07-12:30,32
2002-10-07-13:30,30
2002-10-07-14:30,29
2002-10-07-15:30,28
2002-10-07-16:30,28
2002-10-07-17:30,27
2002-10-07-18:30,26
2002-10-07-19:30,26
2002-10-07-20:30,25
2002-10-07-21:30,25
2002-10-07-22:30,24
2002-10-07-23:30,23
2002-10-08-00:30,22
2002-10-08-01:30,23
2002-10-08-02:30,25
2002-10-08-03:30,27
2002-10-08-04:30,29
2002-10-08-05:30,31
2002-10-08-06:30,32
2002-10-08-07:30,32
2002-10-08-08:30,33
2002-10-08-09:30,33
2002-10-08-10:30,33
2002-10-08-11:30,32
2002-10-08-12:30,31
2002-10-08-13:30,30
2002-10-08-14:30,28
2002-10-08-15:30,27
2002-10-08-16:30,26
2002-10-08-17:30,26
2002-10-08-18:30,25
2002-10-08-19:30,25
2002-10-08-20:30,24
2002-10-08-21:30,23
2002-10-08-22:30,23
2002-10-08-23:30,23
2002-10-09-00:30,23
2002-10-09-01:30,23
2002-10-09-02:30,26
2002-10-09-03:30,28
2002-10-09-04:30,30
2002-10-09-05:30,31
2002-10-09-06:30,33
2002-10-09-07:30,33
2002-10-09-08:30,34
2002-10-09-09:30,34
2002-10-09-10:30,33
2002-10-09-11:30,32
2002-10-09-12:30,30
2002-10-09-13:30,29
2002-10-09-14:30,28
2002-10-09-15:30,27
2002-10-09-16:30,26
2002-10-09-17:30,26
2002-10-09-19:30,25
2002-10-09-20:30,25
2002-10-09-21:30,24
2002-10-09-22:30,25
2002-10-09-23:30,25
2002-10-10-00:30,24
2002-10-10-01:30,24
2002-10-10-02:30,26
2002-10-10-03:30,28
2002-10-10-04:30,29
2002-10-10-05:30,30
2002-10-10-06:30,31
2002-10-10-07:30,32
2002-10-10-08:30,33
2002-10-10-09:30,33
2002-10-10-10:30,33
2002-10-10-11:30,32
2002-10-10-12:30,31
2002-10-10-13:30,30
2002-10-10-14:30,29
2002-10-10-15:30,28
2002-10-10-17:30,27
2002-10-10-18:30,26
2002-10-10-19:30,26
2002-10-10-20:30,25
2002-10-10-21:30,25
2002-10-10-22:30,25
2002-10-10-23:30,24
2002-10-11-00:30,24
2002-10-11-01:30,24
2002-10-11-02:30,27
2002-10-11-03:30,29
2002-10-11-04:30,29
2002-10-11-05:30,31
2002-10-11-06:30,31
2002-10-11-07:30,33
2002-10-11-08:30,33
2002-10-11-09:30,33
2002-10-11-10:30,33
2002-10-11-11:30,32
2002-10-11-12:30,30
2002-10-11-13:30,30
2002-10-11-14:30,29
2002-10-11-15:30,28
2002-10-11-16:30,27
2002-10-11-17:30,27
2002-10-11-18:30,26
2002-10-11-19:30,26
2002-10-11-20:30,25
2002-10-11-21:30,24
2002-10-11-22:30,24
2002-10-11-23:30,24
2002-10-12-00:30,23
2002-10-12-01:30,24
2002-10-12-02:30,26
2002-10-12-03:30,28
2002-10-12-04:30,30
2002-10-12-05:30,31
2002-10-12-06:30,32
2002-10-12-07:30,33
2002-10-12-08:30,33
2002-10-12-09:30,33
2002-10-12-10:30,33
2002-10-12-11:30,33
2002-10-12-12:30,32
2002-10-12-13:30,26
2002-10-12-14:30,25
2002-10-12-15:30,21
2002-10-12-16:30,21
2002-10-12-17:30,21
2002-10-12-18:30,21
2002-10-12-19:30,22
2002-10-12-20:30,22
2002-10-12-22:30,21
2002-10-12-23:30,21
2002-10-13-00:30,21
2002-10-13-01:30,21
2002-10-13-02:30,22
2002-10-13-03:30,25
2002-10-13-04:30,27
2002-10-13-05:30,28
2002-10-13-06:30,29
2002-10-13-07:30,31
2002-10-13-08:30,31
2002-10-13-09:30,31
2002-10-13-10:30,31
2002-10-13-11:30,30
2002-10-13-12:30,28
2002-10-13-13:30,27
2002-10-13-14:30,25
2002-10-13-15:30,26
2002-10-13-16:30,25
2002-10-13-17:30,24
2002-10-13-18:30,25
2002-10-13-19:30,23
2002-10-13-20:30,23
2002-10-13-21:30,22
2002-10-13-22:30,22
2002-10-13-23:30,22
2002-10-14-00:30,22
2002-10-14-01:30,22
2002-10-14-02:30,24
2002-10-14-03:30,27
2002-10-14-04:30,29
2002-10-14-05:30,31
2002-10-14-06:30,31
2002-10-14-07:30,31
2002-10-14-08:30,32
2002-10-14-09:30,32
2002-10-14-10:30,32
2002-10-14-11:30,32
2002-10-14-12:30,30
2002-10-14-13:30,29
2002-10-14-14:30,28
2002-10-14-15:30,27
2002-10-14-16:30,27
2002-10-14-17:30,26
2002-10-14-18:30,25
2002-10-14-19:21,25
2002-10-14-20:30,25
2002-10-14-21:30,24
2002-10-14-22:30,24
2002-10-14-23:30,24
2002-10-15-00:30,23
2002-10-15-01:30,23
2002-10-15-02:30,26
2002-10-15-03:30,28
2002-10-15-04:30,30
2002-10-15-05:30,31
2002-10-15-06:30,33
2002-10-15-07:30,32
2002-10-15-08:30,33
2002-10-15-09:30,33
2002-10-15-10:30,33
2002-10-15-11:30,32
2002-10-15-12:30,30
2002-10-15-13:30,29
2002-10-15-14:30,28
2002-10-15-15:30,28
2002-10-15-16:30,27
2002-10-15-17:30,25
2002-10-15-18:30,25
2002-10-15-19:30,25
2002-10-15-20:30,25
2002-10-15-21:30,24
2002-10-15-22:30,24
2002-10-15-23:30,23
2002-10-16-00:30,23
2002-10-16-01:30,24
2002-10-16-02:30,26
2002-10-16-03:30,30
2002-10-16-04:30,31
2002-10-16-05:30,32
2002-10-16-06:30,33
2002-10-16-07:30,33
2002-10-16-08:30,34
2002-10-16-09:30,33
2002-10-16-10:30,32
2002-10-16-11:30,31
2002-10-16-12:30,30
2002-10-16-13:30,29
2002-10-16-14:30,29
2002-10-16-15:30,28
2002-10-16-16:30,28
2002-10-16-17:30,26
2002-10-16-18:30,26
2002-10-16-19:30,26
2002-10-16-20:30,25
2002-10-16-21:30,25
2002-10-16-22:30,24
2002-10-16-23:30,24
2002-10-17-00:30,23
2002-10-17-01:30,24
2002-10-17-03:30,28
2002-10-17-04:30,30
2002-10-17-05:30,32
2002-10-17-06:30,32
2002-10-17-07:30,33
2002-10-17-08:30,33
2002-10-17-09:30,32
2002-10-17-10:30,32
2002-10-17-11:30,31
2002-10-17-12:30,30
2002-10-17-13:30,29
2002-10-17-14:30,28
2002-10-17-15:30,27
2002-10-17-16:30,26
2002-10-17-17:30,26
2002-10-17-18:30,25
2002-10-17-19:30,24
2002-10-17-20:30,24
2002-10-17-23:30,23
2002-10-18-00:30,22
2002-10-18-01:30,22
2002-10-18-02:30,23
2002-10-18-03:30,26
2002-10-18-04:30,29
2002-10-18-05:30,31
2002-10-18-06:30,32
2002-10-18-07:30,32
2002-10-18-08:30,32
2002-10-18-09:30,32
2002-10-18-10:30,31
2002-10-18-11:30,31
2002-10-18-12:30,29
2002-10-18-13:30,28
2002-10-18-14:30,24
2002-10-18-15:30,27
2002-10-18-16:30,26
2002-10-18-17:30,25.5
2002-10-18-18:30,25
2002-10-18-19:30,24
2002-10-18-20:30,24
2002-10-18-21:30,23
2002-10-18-22:30,23
2002-10-19-00:30,22
2002-10-19-01:30,23
2002-10-19-02:30,24
2002-10-19-03:30,26
2002-10-19-04:30,28
2002-10-19-05:30,30
2002-10-19-06:30,31
2002-10-19-07:30,32
2002-10-19-08:30,33
2002-10-19-09:30,33
2002-10-19-10:30,32
2002-10-19-11:30,31
2002-10-19-12:30,29
2002-10-19-13:30,28
2002-10-19-14:30,27
2002-10-19-15:30,26
2002-10-19-16:30,25
2002-10-19-17:30,24
2002-10-19-18:30,23
2002-10-19-19:30,23
2002-10-19-20:30,23
2002-10-19-21:30,22
2002-10-19-22:30,22
2002-10-19-23:30,22
2002-10-20-00:30,22
2002-10-20-01:30,23
2002-10-20-02:30,24
2002-10-20-03:30,26
2002-10-20-04:30,28
2002-10-20-05:30,30
2002-10-20-06:30,32
2002-10-20-07:30,33
2002-10-20-08:30,35
2002-10-20-09:30,35
2002-10-20-10:30,34
2002-10-20-11:30,32
2002-10-20-12:30,29
2002-10-20-13:30,28
2002-10-20-14:30,27
2002-10-20-15:30,26
2002-10-20-16:30,26
2002-10-20-17:30,26
2002-10-20-18:30,25
2002-10-20-19:30,24
2002-10-20-22:30,23
2002-10-20-23:30,23
2002-10-21-00:30,22
2002-10-21-01:30,23
2002-10-21-02:30,24
2002-10-21-03:00,33
2002-10-21-03:30,26
2002-10-21-04:30,28
2002-10-21-05:30,30
2002-10-21-06:30,32
2002-10-21-07:30,33
2002-10-21-08:30,33
2002-10-21-09:30,33
2002-10-21-10:30,32
2002-10-21-11:30,32
2002-10-21-12:30,30
2002-10-21-13:30,29
2002-10-21-14:30,28
2002-10-21-15:30,27
2002-10-21-16:30,27
2002-10-21-17:30,25
2002-10-21-18:30,24
2002-10-21-19:30,24
2002-10-21-20:30,24
2002-10-21-21:30,24
2002-10-21-22:30,23
2002-10-21-23:30,23
2002-10-22-00:30,22
2002-10-22-01:30,22
2002-10-22-02:30,23
2002-10-22-03:30,24
2002-10-22-04:30,25
2002-10-22-05:30,27
2002-10-22-06:30,29
2002-10-22-07:30,30
2002-10-22-08:30,31
2002-10-22-09:30,31
2002-10-22-10:30,31
2002-10-22-11:30,29
2002-10-22-12:30,27
2002-10-22-13:30,26
2002-10-22-14:30,25
2002-10-22-15:30,25
2002-10-22-16:30,24
2002-10-22-17:30,23
2002-10-22-18:30,23
2002-10-22-19:30,23
2002-10-22-20:30,22
2002-10-22-21:30,20
2002-10-22-22:30,19
2002-10-23-00:30,18
2002-10-23-01:30,18
2002-10-23-02:30,20
2002-10-23-03:30,23
2002-10-23-04:30,25
2002-10-23-05:30,28
2002-10-23-06:00,28
2002-10-23-06:30,29
2002-10-23-07:30,30
2002-10-23-09:30,31
2002-10-23-10:30,31
2002-10-23-11:30,29
2002-10-23-12:30,27
2002-10-23-13:30,25
2002-10-23-14:30,26
2002-10-23-15:30,24
2002-10-23-16:30,23
2002-10-23-17:30,21
2002-10-23-18:30,21
2002-10-23-19:30,21
2002-10-23-20:30,21
2002-10-23-21:30,21
2002-10-23-22:30,20
2002-10-23-23:30,19
2002-10-24-00:30,19
2002-10-24-01:30,18
2002-10-24-02:30,20
2002-10-24-03:30,22
2002-10-24-04:30,25
2002-10-24-05:30,27
2002-10-24-06:30,29
2002-10-24-07:30,30
2002-10-24-08:30,30
2002-10-24-09:30,30
2002-10-24-10:30,30
2002-10-24-11:30,29
2002-10-24-12:30,28
2002-10-24-13:30,26
2002-10-24-14:30,25
2002-10-24-15:30,24
2002-10-24-16:30,25
2002-10-24-17:30,23
2002-10-24-18:30,21
2002-10-24-19:30,21
2002-10-24-20:30,20
2002-10-24-21:30,20
2002-10-24-22:30,19
2002-10-24-23:30,18
2002-10-25-00:30,17
2002-10-25-01:30,17
2002-10-25-02:30,18
2002-10-25-03:30,22
2002-10-25-04:30,26
2002-10-25-05:30,29
2002-10-25-06:30,30
2002-10-25-07:30,32
2002-10-25-08:30,31
2002-10-25-09:30,32
2002-10-25-10:30,32
2002-10-25-11:30,31
2002-10-25-12:30,29
2002-10-25-13:30,26
2002-10-25-14:30,24
2002-10-25-15:30,24
2002-10-25-16:30,23
2002-10-25-17:30,23
2002-10-25-18:30,25
2002-10-25-19:30,23
2002-10-25-20:30,20
2002-10-25-21:30,21
2002-10-25-22:30,19
2002-10-25-23:30,18
2002-10-26-00:30,18
2002-10-26-01:30,18
2002-10-26-02:30,20
2002-10-26-03:30,23
2002-10-26-04:30,26
2002-10-26-05:30,29
2002-10-26-06:30,30
2002-10-26-07:30,32
2002-10-26-08:30,32
2002-10-26-09:30,32
2002-10-26-10:30,32
2002-10-26-11:30,31
2002-10-26-12:30,29
2002-10-26-13:30,28
2002-10-26-14:30,26
2002-10-26-15:30,24
2002-10-26-16:30,24
2002-10-26-17:30,23
2002-10-26-18:30,22.5
2002-10-26-19:30,22
2002-10-26-20:30,21
2002-10-26-21:30,20
2002-10-26-22:30,19
2002-10-26-23:30,19
2002-10-27-00:30,19
2002-10-27-01:30,19
2002-10-27-04:30,26
2002-10-27-05:30,29
2002-10-27-06:30,31
2002-10-27-07:30,31
2002-10-27-08:21,32
2002-10-27-09:30,33
2002-10-27-10:30,33
2002-10-27-11:30,32
2002-10-27-12:30,30
2002-10-27-13:30,26
2002-10-27-14:30,25
2002-10-27-15:30,24
2002-10-27-16:30,24
2002-10-27-17:30,23
2002-10-27-18:30,22
2002-10-27-19:30,21
2002-10-27-20:30,20
2002-10-27-21:30,21
2002-10-27-22:30,19
2002-10-27-23:30,19
2002-10-28-00:30,18
2002-10-28-01:30,19
2002-10-28-02:30,21
2002-10-28-03:30,24
2002-10-28-04:30,27
2002-10-28-05:30,30
2002-10-28-06:30,32
2002-10-28-07:30,32
2002-10-28-08:30,33
2002-10-28-09:30,33
2002-10-28-10:30,33
2002-10-28-11:30,32
2002-10-28-12:30,30
2002-10-28-13:30,27
2002-10-28-14:30,27
2002-10-28-15:30,26
2002-10-28-16:30,25
2002-10-28-17:30,23
2002-10-28-18:30,22
2002-10-28-19:30,23
2002-10-28-21:30,21
2002-10-28-22:30,21
2002-10-28-23:30,21
2002-10-29-00:30,19
2002-10-29-01:30,19
2002-10-29-02:30,22
2002-10-29-03:30,27
2002-10-29-04:30,30
2002-10-29-05:30,31
2002-10-29-06:30,33
2002-10-29-07:30,34
2002-10-29-08:30,34
2002-10-29-09:30,34
2002-10-29-10:30,33
2002-10-29-11:30,32
2002-10-29-12:30,30
2002-10-29-13:30,27
2002-10-29-14:30,26
2002-10-29-15:30,25
2002-10-29-16:30,24
2002-10-29-17:30,24
2002-10-29-18:30,23
2002-10-29-19:30,23
2002-10-29-20:30,22
2002-10-29-21:30,21
2002-10-29-22:30,22
2002-10-29-23:30,21
2002-10-30-00:30,21
2002-10-30-01:30,20
2002-10-30-02:30,21
2002-10-30-03:30,24
2002-10-30-04:30,26
2002-10-30-05:30,27
2002-10-30-06:30,30
2002-10-30-07:30,31
2002-10-30-08:30,32
2002-10-30-09:30,33
2002-10-30-10:30,32
2002-10-30-11:30,30
2002-10-30-12:30,28
2002-10-30-13:30,27
2002-10-30-14:30,26
2002-10-30-15:30,25
2002-10-30-16:30,25
2002-10-30-17:30,24
2002-10-30-18:30,24
2002-10-30-19:30,23
2002-10-30-20:30,23
2002-10-30-21:30,22
2002-10-30-22:30,22
2002-10-30-23:30,22
2002-10-31-00:30,21
2002-10-31-01:30,21
2002-10-31-02:30,23
2002-10-31-03:30,25
2002-10-31-04:30,27
2002-10-31-05:30,29
2002-10-31-06:30,31
2002-10-31-07:30,31
2002-10-31-08:30,32
2002-10-31-09:30,32
2002-10-31-10:30,32
2002-10-31-11:30,31
2002-10-31-12:30,28
2002-10-31-13:30,27
2002-10-31-14:30,26
2002-10-31-15:30,25
2002-10-31-18:30,23
2002-10-31-19:30,22
2002-10-31-20:30,21
2002-10-31-21:30,22
2002-10-31-22:30,21
2002-10-31-23:30,21
2002-11-01-00:30,20
2002-11-01-01:30,21
2002-11-01-02:30,22
2002-11-01-03:30,26
2002-11-01-04:30,29
2002-11-01-05:30,31
2002-11-01-06:30,31
2002-11-01-07:30,31
2002-11-01-08:30,32
2002-11-01-09:30,32
2002-11-01-10:30,31
2002-11-01-11:30,30
2002-11-01-12:30,28
2002-11-01-14:30,26
2002-11-01-15:30,24
2002-11-01-16:30,25
2002-11-01-17:30,22
2002-11-01-18:30,21
2002-11-01-19:30,21
2002-11-01-20:30,21
2002-11-01-21:30,19
2002-11-01-22:30,20
2002-11-01-23:30,20
2002-11-02-00:30,19
2002-11-02-01:30,20
2002-11-02-02:30,21
2002-11-02-03:30,23
2002-11-02-04:30,26
2002-11-02-05:30,28.5
2002-11-02-06:30,31
2002-11-02-07:30,33
2002-11-02-08:30,32
2002-11-02-09:30,32
2002-11-02-10:30,31
2002-11-02-11:30,30
2002-11-02-12:30,27
2002-11-02-13:30,27
2002-11-02-14:30,25
2002-11-02-15:30,25
2002-11-02-16:30,25
2002-11-02-17:30,24
2002-11-02-18:30,23
2002-11-02-19:30,22
2002-11-02-20:30,21
2002-11-02-21:30,22
2002-11-02-22:30,20
2002-11-02-23:30,19
2002-11-03-00:30,19
2002-11-03-01:30,19
2002-11-03-02:30,21
2002-11-03-03:30,24
2002-11-03-04:30,26
2002-11-03-05:30,28
2002-11-03-06:30,30
2002-11-03-07:30,31
2002-11-03-08:30,31
2002-11-03-09:30,31
2002-11-03-10:30,30
2002-11-03-11:30,28.5
2002-11-03-12:30,27
2002-11-03-13:30,25
2002-11-03-14:30,25
2002-11-03-15:30,24
2002-11-03-16:30,24
2002-11-03-17:30,22
2002-11-03-18:30,21
2002-11-03-19:30,21
2002-11-03-20:30,20
2002-11-03-21:30,20
2002-11-03-22:30,19
2002-11-03-23:30,18
2002-11-04-00:30,17
2002-11-04-01:30,18
2002-11-04-02:30,20
2002-11-04-03:30,23
2002-11-04-04:30,25
2002-11-04-05:30,27
2002-11-04-06:30,29
2002-11-04-07:30,30
2002-11-04-08:30,31
2002-11-04-09:30,31
2002-11-04-10:30,30
2002-11-04-11:30,29
2002-11-04-12:30,27
2002-11-04-13:30,25
2002-11-04-14:30,25
2002-11-04-15:30,23
2002-11-04-16:30,23
2002-11-04-17:30,21
2002-11-04-18:30,20
2002-11-04-19:30,19
2002-11-04-20:30,20
2002-11-04-21:30,19
2002-11-04-22:30,18
2002-11-04-23:30,18
2002-11-05-00:30,17.5
2002-11-05-01:30,17
2002-11-05-02:30,18
2002-11-05-03:30,21
2002-11-05-04:30,26
2002-11-05-05:30,28
2002-11-05-06:30,30
2002-11-05-07:30,31
2002-11-05-08:30,31
2002-11-05-10:30,30
2002-11-05-11:30,29
2002-11-05-12:30,27
2002-11-05-13:30,25
2002-11-05-14:30,24
2002-11-05-15:30,23
2002-11-05-16:30,23
2002-11-05-17:30,22
2002-11-05-18:30,22
2002-11-05-19:30,22
2002-11-05-20:30,21
2002-11-05-21:30,21
2002-11-05-22:30,20
2002-11-05-23:30,20
2002-11-06-00:30,20
2002-11-06-01:30,20
2002-11-06-02:30,22
2002-11-06-03:30,24
2002-11-06-04:30,26
2002-11-06-05:30,29
2002-11-06-06:30,28
2002-11-06-07:30,28
2002-11-06-08:30,29
2002-11-06-09:30,28
2002-11-06-10:30,27
2002-11-06-11:21,26
2002-11-06-12:30,24
2002-11-06-13:30,24
2002-11-06-14:30,23
2002-11-06-15:30,22
2002-11-06-16:30,21
2002-11-06-17:30,21
2002-11-06-18:30,21
2002-11-06-19:30,21
2002-11-06-20:30,20
2002-11-06-21:30,20
2002-11-06-22:30,19
2002-11-06-23:30,19
2002-11-07-00:30,19
2002-11-07-01:30,18
2002-11-07-02:30,20
2002-11-07-03:30,23
2002-11-07-04:30,25
2002-11-07-05:30,27
2002-11-07-06:30,28
2002-11-07-07:30,29
2002-11-07-08:30,30
2002-11-07-09:30,29
2002-11-07-10:30,29
2002-11-07-11:30,27
2002-11-07-12:30,25
2002-11-07-13:30,25
2002-11-07-14:30,24
2002-11-07-15:30,23
2002-11-07-16:30,22
2002-11-07-17:30,21
2002-11-07-18:30,21
2002-11-07-19:30,21
2002-11-07-20:30,21
2002-11-07-21:30,19
2002-11-07-22:30,19
2002-11-07-23:30,18
2002-11-08-00:30,18
2002-11-08-01:30,17
2002-11-08-02:30,19
2002-11-08-03:30,22
2002-11-08-04:30,26
2002-11-08-05:30,27
2002-11-08-06:30,29
2002-11-08-07:30,29
2002-11-08-08:30,29
2002-11-08-09:30,29
2002-11-08-10:30,28
2002-11-08-11:30,27
2002-11-08-12:30,26
2002-11-08-13:30,25
2002-11-08-14:30,25
2002-11-08-15:30,22
2002-11-08-16:30,21
2002-11-08-17:30,22
2002-11-08-18:30,21
2002-11-08-19:30,20
2002-11-08-20:30,19
2002-11-08-21:30,19
2002-11-08-22:30,19
2002-11-08-23:30,18
2002-11-09-00:30,18
2002-11-09-01:30,18
2002-11-09-02:30,19
2002-11-09-03:30,21
2002-11-09-04:30,23
2002-11-09-05:30,25
2002-11-09-06:30,27
2002-11-09-07:30,28
2002-11-09-08:30,27
2002-11-09-09:30,28
2002-11-09-10:30,28
2002-11-09-11:30,27
2002-11-09-12:30,26
2002-11-09-14:30,23
2002-11-09-15:30,22
2002-11-09-16:30,21
2002-11-09-17:30,20
2002-11-09-18:30,20
2002-11-09-19:30,20
2002-11-09-20:30,20
2002-11-09-21:30,18
2002-11-09-22:30,18
2002-11-10-00:30,17
2002-11-10-01:30,17.5
2002-11-10-02:30,18
2002-11-10-04:30,23
2002-11-10-05:30,25
2002-11-10-06:30,28
2002-11-10-07:30,29
2002-11-10-08:30,30
2002-11-10-09:30,29
2002-11-10-10:30,29
2002-11-10-11:30,28
2002-11-10-12:30,27
2002-11-10-13:30,25
2002-11-10-14:30,22
2002-11-10-15:30,21
2002-11-10-16:30,21
2002-11-10-17:30,19
2002-11-10-18:30,20
2002-11-10-19:30,19
2002-11-10-21:30,17
2002-11-10-22:30,17
2002-11-10-23:30,16
2002-11-11-00:30,16
2002-11-11-02:30,17
2002-11-11-03:30,19
2002-11-11-04:30,23
2002-11-11-05:30,25
2002-11-11-06:30,27
2002-11-11-07:30,28
2002-11-11-08:30,28
2002-11-11-09:30,28
2002-11-11-10:30,29
2002-11-11-11:30,27
2002-11-11-12:30,26
2002-11-11-13:30,25
2002-11-11-14:30,23
2002-11-11-15:30,22
2002-11-11-16:30,21
2002-11-11-17:30,21
2002-11-11-18:30,21
2002-11-11-19:30,21
2002-11-11-20:30,19
2002-11-11-21:30,18
2002-11-11-22:30,19
2002-11-11-23:30,18
2002-11-12-00:30,18
2002-11-12-01:30,18
2002-11-12-02:30,18
2002-11-12-03:30,19
2002-11-12-04:30,20
2002-11-12-05:30,21
2002-11-12-06:30,24
2002-11-12-07:30,24
2002-11-12-08:30,25
2002-11-12-09:30,22
2002-11-12-10:30,24
2002-11-12-11:30,24
2002-11-12-12:30,23
2002-11-12-13:30,22
2002-11-12-14:30,21
2002-11-12-15:30,19
2002-11-12-16:30,20
2002-11-12-17:30,20
2002-11-12-18:30,19
2002-11-12-19:30,18
2002-11-12-20:30,18
2002-11-12-21:30,17
2002-11-12-22:30,16
2002-11-12-23:30,16
2002-11-13-00:30,16
2002-11-13-01:30,16
2002-11-13-02:30,17
2002-11-13-03:30,18
2002-11-13-04:30,20
2002-11-13-05:30,22
2002-11-13-06:30,24
2002-11-13-07:30,25
2002-11-13-08:30,26
2002-11-13-09:21,27
2002-11-13-10:30,26
2002-11-13-11:30,26
2002-11-13-12:30,24
2002-11-13-13:30,23
2002-11-13-14:30,22
2002-11-13-15:30,19
2002-11-13-16:30,19
2002-11-13-17:30,19
2002-11-13-18:30,20
2002-11-13-19:30,20
2002-11-13-20:30,20
2002-11-13-21:30,17
2002-11-13-22:30,17
2002-11-14-00:30,15
2002-11-14-01:30,15
2002-11-14-02:30,16
2002-11-14-03:30,19
2002-11-14-04:30,22
2002-11-14-05:30,24
2002-11-14-06:30,25
2002-11-14-07:30,26
2002-11-14-08:30,26
2002-11-14-09:30,27
2002-11-14-10:30,27
2002-11-14-11:30,25
2002-11-14-12:30,23
2002-11-14-13:30,22
2002-11-14-14:30,21
2002-11-14-15:30,19
2002-11-14-16:30,19
2002-11-14-17:30,19
2002-11-14-18:30,17
2002-11-14-19:30,16
2002-11-14-20:30,16
2002-11-14-21:30,15
2002-11-14-22:30,15
2002-11-14-23:30,14
2002-11-15-00:30,14
2002-11-15-01:30,14
2002-11-15-02:30,15
2002-11-15-03:30,19
2002-11-15-04:30,22
2002-11-15-05:30,24
2002-11-15-06:30,26
2002-11-15-07:30,27
2002-11-15-08:30,27
2002-11-15-09:30,27
2002-11-15-10:30,27
2002-11-15-11:30,26
2002-11-15-12:30,23
2002-11-15-13:30,22
2002-11-15-14:30,21
2002-11-15-15:30,21
2002-11-15-16:30,20
2002-11-15-17:30,20
2002-11-15-18:30,19
2002-11-15-19:30,17
2002-11-15-20:30,17
2002-11-15-21:30,17
2002-11-15-22:30,16
2002-11-16-00:30,15
2002-11-16-01:30,14
2002-11-16-02:30,16
2002-11-16-03:30,20
2002-11-16-04:30,23
2002-11-16-05:30,25
2002-11-16-06:30,27
2002-11-16-07:30,27
2002-11-16-08:30,29
2002-11-16-09:30,29
2002-11-16-10:30,29
2002-11-16-11:30,28
2002-11-16-12:30,25
2002-11-16-13:30,25
2002-11-16-14:30,23
2002-11-16-15:30,21
2002-11-16-16:30,19
2002-11-16-17:30,19
2002-11-16-18:30,19
2002-11-16-19:30,19
2002-11-16-20:30,18
2002-11-16-20:45,18
2002-11-16-21:30,17
2002-11-16-22:30,17
2002-11-16-23:30,16
2002-11-17-00:30,16
2002-11-17-01:30,15
2002-11-17-02:30,17
2002-11-17-03:30,21
2002-11-17-04:30,23
2002-11-17-05:30,25
2002-11-17-06:30,27
2002-11-17-07:30,28
2002-11-17-08:30,29
2002-11-17-09:30,29
2002-11-17-10:30,29
2002-11-17-11:30,28
2002-11-17-12:30,26
2002-11-17-13:30,23
2002-11-17-14:30,22
2002-11-17-15:30,21
2002-11-17-16:30,20
2002-11-17-17:30,19
2002-11-17-18:30,19
2002-11-17-19:30,19
2002-11-17-20:30,17
2002-11-17-21:30,18
2002-11-17-22:30,17
2002-11-17-23:30,15
2002-11-18-00:30,15
2002-11-18-01:30,15
2002-11-18-02:30,17
2002-11-18-03:30,20
2002-11-18-04:30,24
2002-11-18-05:30,26
2002-11-18-06:30,27
2002-11-18-07:30,28
2002-11-18-08:30,29
2002-11-18-09:30,30
2002-11-18-10:30,30
2002-11-18-11:30,29
2002-11-18-12:30,25
2002-11-18-13:30,22
2002-11-18-14:30,21
2002-11-18-15:30,19
2002-11-18-16:30,21
2002-11-18-17:30,20
2002-11-18-18:30,19
2002-11-18-19:30,19
2002-11-18-20:30,17
2002-11-18-21:30,17
2002-11-18-22:30,18
2002-11-18-23:30,16
2002-11-19-00:30,16
2002-11-19-01:30,15
2002-11-19-02:30,17
2002-11-19-03:30,20
2002-11-19-04:30,23
2002-11-19-05:30,26
2002-11-19-06:30,28
2002-11-19-07:30,30
2002-11-19-08:30,30
2002-11-19-09:30,30
2002-11-19-10:30,30
2002-11-19-11:30,28
2002-11-19-12:30,26
2002-11-19-13:30,24
2002-11-19-14:30,23
2002-11-19-15:30,23
2002-11-19-16:30,21
2002-11-19-17:30,20
2002-11-19-18:30,20
2002-11-19-19:30,19
2002-11-19-20:30,20
2002-11-19-21:30,19
2002-11-19-22:30,18
2002-11-19-23:30,16
2002-11-20-00:30,16
2002-11-20-01:30,15
2002-11-20-02:30,15
2002-11-20-03:30,17
2002-11-20-04:30,21
2002-11-20-05:30,24
2002-11-20-06:30,26
2002-11-20-07:30,27
2002-11-20-08:30,28
2002-11-20-09:30,29
2002-11-20-10:30,29
2002-11-20-11:30,27
2002-11-20-12:30,25
2002-11-20-13:30,21
2002-11-20-14:30,20
2002-11-20-15:30,19
2002-11-20-16:30,19
2002-11-20-17:30,19
2002-11-20-18:30,18
2002-11-20-19:30,17
2002-11-20-20:30,16
2002-11-20-21:30,15
2002-11-20-22:30,15
2002-11-20-23:30,14
2002-11-21-00:30,14
2002-11-21-01:30,13
2002-11-21-02:30,15
2002-11-21-03:30,19
2002-11-21-04:30,23
2002-11-21-06:30,27
2002-11-21-07:30,27
2002-11-21-08:30,28
2002-11-21-09:30,27
2002-11-21-10:30,28
2002-11-21-11:30,26
2002-11-21-12:30,24
2002-11-21-13:30,22
2002-11-21-14:30,23
2002-11-21-15:30,20
2002-11-21-16:30,20
2002-11-21-17:30,20
2002-11-21-18:30,19
2002-11-21-19:30,19
2002-11-21-20:30,17
2002-11-21-21:30,15
2002-11-21-22:30,15
2002-11-21-23:30,14
2002-11-22-00:30,13
2002-11-22-01:30,13
2002-11-22-02:30,13
2002-11-22-03:30,19
2002-11-22-04:30,21
2002-11-22-05:30,24
2002-11-22-06:30,26
2002-11-22-07:30,27
2002-11-22-08:30,27
2002-11-22-09:30,27
2002-11-22-10:30,27
2002-11-22-11:30,26
2002-11-22-12:30,24
2002-11-22-13:30,19
2002-11-22-14:30,19
2002-11-22-15:30,18
2002-11-22-16:30,17
2002-11-22-17:30,16
2002-11-22-19:30,16
2002-11-22-20:30,15
2002-11-22-21:30,14
2002-11-22-22:30,14
2002-11-22-23:30,13
2002-11-23-00:30,13
2002-11-23-01:30,12
2002-11-23-02:30,14
2002-11-23-03:30,16
2002-11-23-04:30,19
2002-11-23-05:30,23
2002-11-23-06:30,25
2002-11-23-07:30,26
2002-11-23-08:30,27
2002-11-23-09:30,28
2002-11-23-10:30,27
2002-11-23-11:30,25
2002-11-23-12:30,23
2002-11-23-13:30,23
2002-11-23-14:30,22
2002-11-23-15:30,20
2002-11-23-16:30,20
2002-11-23-17:30,21
2002-11-23-18:30,19
2002-11-23-19:30,19
2002-11-23-20:30,19
2002-11-23-21:30,18
2002-11-23-22:30,17
2002-11-24-00:30,16
2002-11-24-01:30,16
2002-11-24-02:30,17
2002-11-24-03:30,19
2002-11-24-04:30,20
2002-11-24-05:30,22
2002-11-24-06:30,23
2002-11-24-07:30,24
2002-11-24-08:30,25
2002-11-24-09:30,24
2002-11-24-10:30,24
2002-11-24-11:30,23
2002-11-24-12:30,20.5
2002-11-24-13:30,18
2002-11-24-14:30,19
2002-11-24-15:30,18
2002-11-24-16:30,18
2002-11-24-17:30,17
2002-11-24-18:30,18
2002-11-24-19:30,16
2002-11-24-20:30,15
2002-11-24-21:30,16
2002-11-24-22:30,15
2002-11-24-23:30,14
2002-11-25-00:30,14
2002-11-25-01:30,14
2002-11-25-02:30,15
2002-11-25-03:30,20
2002-11-25-04:30,23
2002-11-25-05:30,25
2002-11-25-06:30,26
2002-11-25-07:30,27
2002-11-25-08:30,28
2002-11-25-09:30,28
2002-11-25-10:30,28
2002-11-25-11:30,26
2002-11-25-12:30,24
2002-11-25-13:30,21
2002-11-25-14:30,19
2002-11-25-15:30,18
2002-11-25-16:30,18
2002-11-25-17:30,17
2002-11-25-18:30,16
2002-11-25-19:30,15
2002-11-25-20:30,14
2002-11-25-21:30,14
2002-11-25-22:30,13
2002-11-25-23:30,13
2002-11-26-00:30,12
2002-11-26-01:30,12
2002-11-26-02:30,14
2002-11-26-03:30,17
2002-11-26-05:30,23
2002-11-26-06:30,25
2002-11-26-07:30,26
2002-11-26-08:30,28
2002-11-26-09:30,28
2002-11-26-10:30,27
2002-11-26-11:30,26
2002-11-26-12:30,22
2002-11-26-13:30,20
2002-11-26-14:30,20
2002-11-26-15:30,19
2002-11-26-16:30,10
2002-11-26-17:30,18
2002-11-26-18:30,16
2002-11-26-20:30,14
2002-11-26-21:30,12
2002-11-26-22:30,12
2002-11-26-23:30,12
2002-11-27-00:30,11
2002-11-27-01:30,11
2002-11-27-02:30,13
2002-11-27-03:30,18
2002-11-27-04:30,21
2002-11-27-05:30,23
2002-11-27-06:30,25
2002-11-27-07:30,26
2002-11-27-08:30,26
2002-11-27-09:30,27
2002-11-27-10:30,27
2002-11-27-11:30,25
2002-11-27-12:30,21
2002-11-27-13:30,19
2002-11-27-14:30,18
2002-11-27-15:30,18
2002-11-27-16:30,18
2002-11-27-17:30,16
2002-11-27-18:30,15
2002-11-27-19:30,14
2002-11-27-20:30,14
2002-11-27-21:30,13
2002-11-27-22:30,12
2002-11-27-23:30,12
2002-11-28-00:30,11
2002-11-28-01:30,12
2002-11-28-02:30,13
2002-11-28-03:30,17
2002-11-28-04:30,22
2002-11-28-05:30,24
2002-11-28-06:30,26
2002-11-28-07:30,27
2002-11-28-08:30,26
2002-11-28-09:30,27
2002-11-28-10:30,26
2002-11-28-11:30,25
2002-11-28-12:30,23
2002-11-28-13:30,19
2002-11-28-14:30,18
2002-11-28-15:30,17
2002-11-28-16:30,16
2002-11-28-17:30,17
2002-11-28-18:30,14
2002-11-28-19:30,12
2002-11-28-20:30,12
2002-11-28-21:30,12
2002-11-28-22:30,11
2002-11-28-23:30,11
2002-11-29-00:30,10
2002-11-29-01:30,10
2002-11-29-02:30,11
2002-11-29-03:30,15
2002-11-29-04:30,18
2002-11-29-05:30,21
2002-11-29-06:30,23
2002-11-29-07:30,25
2002-11-29-08:30,25
2002-11-29-09:30,26
2002-11-29-10:30,26
2002-11-29-11:30,24
2002-11-29-12:30,20
2002-11-29-13:30,18
2002-11-29-14:30,18
2002-11-29-15:30,16
2002-11-29-16:30,15
2002-11-29-17:30,15
2002-11-29-18:30,13
2002-11-29-19:30,13
2002-11-29-20:30,12
2002-11-29-21:30,12
2002-11-29-22:30,11
2002-11-29-23:30,11
2002-11-30-00:30,10
2002-11-30-01:30,10
2002-11-30-02:30,11
2002-11-30-03:30,14
2002-11-30-04:30,18
2002-11-30-05:30,21
2002-11-30-06:30,23
2002-11-30-07:30,24
2002-11-30-08:30,25
2002-11-30-09:30,25
2002-11-30-10:30,25
2002-11-30-11:30,23
2002-11-30-12:30,20
2002-11-30-13:30,18
2002-11-30-14:30,16
2002-11-30-15:30,16
2002-11-30-16:30,16
2002-11-30-17:30,15
2002-11-30-18:30,15
2002-11-30-19:30,16
2002-11-30-20:30,14
2002-11-30-21:30,13
2002-11-30-22:30,12
2002-11-30-23:30,11
2002-12-01-00:30,10
2002-12-01-01:30,9
2002-12-01-02:30,11
2002-12-01-03:30,14
2002-12-01-04:30,17
2002-12-01-05:30,20
2002-12-01-06:30,22
2002-12-01-07:30,24
2002-12-01-08:30,26
2002-12-01-09:30,26
2002-12-01-10:30,26
2002-12-01-11:30,24
2002-12-01-12:30,21
2002-12-01-13:30,19
2002-12-01-14:30,18
2002-12-01-15:30,16
2002-12-01-16:30,15
2002-12-01-17:30,15
2002-12-01-18:30,14
2002-12-01-19:30,14
2002-12-01-20:30,12
2002-12-01-21:30,13
2002-12-01-22:30,12
2002-12-01-23:30,10
2002-12-02-00:30,10
2002-12-02-01:30,9
2002-12-02-02:30,11
2002-12-02-03:30,13
2002-12-02-04:30,16
2002-12-02-05:30,19
2002-12-02-06:30,22
2002-12-02-07:30,23
2002-12-02-08:30,25
2002-12-02-09:30,25
2002-12-02-10:30,24
2002-12-02-11:30,23
2002-12-02-12:21,21
2002-12-02-13:21,17
2002-12-02-14:30,18
2002-12-02-15:30,15
2002-12-02-16:30,15
2002-12-02-17:30,14
2002-12-02-18:30,13
2002-12-02-19:30,13
2002-12-02-20:30,12
2002-12-02-21:30,11
2002-12-02-22:30,12
2002-12-02-23:30,10
2002-12-03-00:00,25
2002-12-03-00:30,9
2002-12-03-01:21,9
2002-12-03-02:30,10
2002-12-03-03:30,14
2002-12-03-04:30,17
2002-12-03-05:30,22
2002-12-03-06:30,25
2002-12-03-07:30,25
2002-12-03-09:30,25
2002-12-03-10:30,25
2002-12-03-11:00,22
2002-12-03-11:30,23
2002-12-03-12:30,19
2002-12-03-13:30,20
2002-12-03-14:30,16
2002-12-03-15:30,15
2002-12-03-16:30,16
2002-12-03-17:30,13
2002-12-03-18:30,13
2002-12-03-19:30,14
2002-12-03-20:30,13
2002-12-03-21:30,12
2002-12-03-22:30,15
2002-12-03-23:30,14
2002-12-04-00:30,13
2002-12-04-01:30,13
2002-12-04-02:30,14
2002-12-04-03:30,17
2002-12-04-04:30,19
2002-12-04-05:30,22
2002-12-04-06:30,23
2002-12-04-07:30,24
2002-12-04-08:30,25
2002-12-04-09:30,24
2002-12-04-10:30,23
2002-12-04-11:30,22
2002-12-04-12:30,19
2002-12-04-13:30,18
2002-12-04-14:30,18
2002-12-04-15:30,17
2002-12-04-16:30,16
2002-12-04-17:30,16
2002-12-04-18:30,14
2002-12-04-19:30,14
2002-12-04-21:30,14
2002-12-04-22:30,12
2002-12-04-23:30,12
2002-12-05-00:30,11
2002-12-05-01:30,10
2002-12-05-02:30,11
2002-12-05-03:30,17
2002-12-05-04:30,20
2002-12-05-05:30,23
2002-12-05-06:30,24
2002-12-05-07:30,25
2002-12-05-08:30,25
2002-12-05-09:30,25
2002-12-05-10:30,24
2002-12-05-11:30,22
2002-12-05-12:30,19
2002-12-05-13:30,19
2002-12-05-14:30,19
2002-12-05-15:30,18
2002-12-05-16:30,17
2002-12-05-17:30,16
2002-12-05-18:30,15
2002-12-05-19:30,15
2002-12-05-20:30,15
2002-12-05-21:30,15
2002-12-05-22:30,14
2002-12-06-00:30,13
2002-12-06-01:30,13
2002-12-06-02:30,14
2002-12-06-03:30,18
2002-12-06-05:30,23
2002-12-06-06:30,24
2002-12-06-07:30,25
2002-12-06-08:30,25
2002-12-06-09:30,25
2002-12-06-10:30,25
2002-12-06-11:30,23
2002-12-06-12:30,20
2002-12-06-13:30,19
2002-12-06-14:30,17
2002-12-06-15:30,16
2002-12-06-16:30,16
2002-12-06-17:30,15
2002-12-06-18:30,15
2002-12-06-19:30,15
2002-12-06-20:30,17
2002-12-06-21:30,15
2002-12-06-22:30,14
2002-12-06-23:30,14
2002-12-07-00:30,12
2002-12-07-01:30,12
2002-12-07-02:30,13
2002-12-07-03:30,18
2002-12-07-04:30,23
2002-12-07-05:30,25
2002-12-07-06:30,26
2002-12-07-07:30,27
2002-12-07-08:30,27
2002-12-07-09:30,26
2002-12-07-10:30,25
2002-12-07-11:30,23
2002-12-07-12:30,23
2002-12-07-13:30,22
2002-12-07-14:30,21
2002-12-07-15:30,20
2002-12-07-16:30,19
2002-12-07-17:30,19
2002-12-07-18:30,18
2002-12-07-19:30,16.5
2002-12-07-20:30,15
2002-12-07-21:30,14
2002-12-07-22:30,13
2002-12-07-23:30,13
2002-12-08-00:30,12
2002-12-08-01:30,12
2002-12-08-02:30,13
2002-12-08-03:30,17
2002-12-08-04:30,21
2002-12-08-05:30,24
2002-12-08-06:30,26
2002-12-08-07:30,26
2002-12-08-08:30,27
2002-12-08-09:30,27
2002-12-08-10:30,26
2002-12-08-11:30,24
2002-12-08-12:30,21
2002-12-08-13:30,19
2002-12-08-14:30,20
2002-12-08-15:30,19
2002-12-08-16:30,19
2002-12-08-17:30,18
2002-12-08-18:30,15
2002-12-08-19:30,14
2002-12-08-20:30,13
2002-12-08-21:30,12
2002-12-08-22:30,12
2002-12-08-23:30,12
2002-12-09-00:30,10
2002-12-09-01:30,10
2002-12-09-02:30,11
2002-12-09-03:30,14
2002-12-09-04:30,17
2002-12-09-05:30,21
2002-12-09-06:30,21
2002-12-09-07:30,23
2002-12-09-08:30,24
2002-12-09-09:30,24
2002-12-09-10:30,23
2002-12-09-11:30,21
2002-12-09-12:30,19
2002-12-09-13:30,19
2002-12-09-14:30,17
2002-12-09-15:30,14
2002-12-09-16:30,13
2002-12-09-17:30,11
2002-12-09-18:30,11
2002-12-09-19:30,10
2002-12-09-20:30,9
2002-12-09-21:30,9
2002-12-09-22:30,9
2002-12-09-23:30,8
2002-12-10-00:30,7
2002-12-10-01:30,8
2002-12-10-02:30,9
2002-12-10-03:30,11
2002-12-10-04:30,13
2002-12-10-05:30,17
2002-12-10-06:30,21
2002-12-10-07:30,22
2002-12-10-08:30,22
2002-12-10-09:30,23
2002-12-10-10:30,23
2002-12-10-11:30,22
2002-12-10-12:30,19
2002-12-10-13:30,17
2002-12-10-14:30,16
2002-12-10-15:30,15
2002-12-10-16:30,13
2002-12-10-17:30,13
2002-12-10-18:30,11
2002-12-10-19:30,12
2002-12-10-20:30,13
2002-12-10-21:30,12
2002-12-10-22:30,11
2002-12-10-23:30,10
2002-12-11-00:30,11
2002-12-11-01:30,12
2002-12-11-02:30,12
2002-12-11-03:30,15
2002-12-11-04:30,20
2002-12-11-05:30,22
2002-12-11-06:30,23
2002-12-11-07:30,24
2002-12-11-08:30,25
2002-12-11-09:30,25
2002-12-11-10:30,24
2002-12-11-11:30,22
2002-12-11-12:30,19
2002-12-11-13:30,18
2002-12-11-14:30,17
2002-12-11-15:30,17
2002-12-11-16:30,17
2002-12-11-17:30,17
2002-12-11-18:30,15
2002-12-11-19:30,14
2002-12-11-20:30,14
2002-12-11-21:30,13
2002-12-12-00:30,11
2002-12-12-01:30,13
2002-12-12-02:30,11
2002-12-12-03:30,15
2002-12-12-04:30,20
2002-12-12-05:30,22
2002-12-12-06:30,24
2002-12-12-07:30,25
2002-12-12-08:30,25
2002-12-12-09:30,26
2002-12-12-10:30,25
2002-12-12-11:30,24
2002-12-12-12:30,21
2002-12-12-13:30,19
2002-12-12-14:30,18
2002-12-12-15:30,17
2002-12-12-16:30,16
2002-12-12-17:30,15
2002-12-12-18:30,15
2002-12-12-19:30,12
2002-12-12-20:30,12
2002-12-12-21:30,11
2002-12-12-22:30,11
2002-12-12-23:30,11
2002-12-13-00:30,10
2002-12-13-01:30,10
2002-12-13-02:30,10
2002-12-13-03:30,13
2002-12-13-04:30,18
2002-12-13-05:30,20
2002-12-13-06:30,22
2002-12-13-07:30,23
2002-12-13-08:30,24
2002-12-13-09:30,25
2002-12-13-10:30,24
2002-12-13-11:00,14
2002-12-13-11:30,23
2002-12-13-12:30,21
2002-12-13-13:30,19
2002-12-13-14:30,17
2002-12-13-15:30,15
2002-12-13-16:30,15
2002-12-13-17:00,15
2002-12-13-18:30,13
2002-12-13-19:30,13
2002-12-13-20:30,12
2002-12-13-21:21,12
2002-12-13-22:30,12
2002-12-13-23:30,10
2002-12-14-00:30,10
2002-12-14-01:30,10
2002-12-14-02:30,11
2002-12-14-04:30,17
2002-12-14-05:30,20
2002-12-14-06:30,22
2002-12-14-07:30,25
2002-12-14-08:30,26
2002-12-14-09:30,26
2002-12-14-10:30,26
2002-12-14-11:30,25
2002-12-14-12:30,21
2002-12-14-13:30,20
2002-12-14-14:30,18.5
2002-12-14-15:30,17
2002-12-14-16:30,17
2002-12-14-17:30,16
2002-12-14-18:30,15
2002-12-14-19:30,14
2002-12-14-20:30,13.5
2002-12-14-21:30,13
2002-12-14-22:30,12
2002-12-14-23:30,12
2002-12-15-00:30,11
2002-12-15-01:30,11
2002-12-15-02:30,12
2002-12-15-03:30,15
2002-12-15-04:30,19
2002-12-15-05:30,21
2002-12-15-06:30,24
2002-12-15-07:30,25
2002-12-15-08:21,26
2002-12-15-09:30,27
2002-12-15-10:30,26
2002-12-15-11:30,24
2002-12-15-12:30,22
2002-12-15-13:30,19
2002-12-15-14:30,19
2002-12-15-15:30,17
2002-12-15-16:30,17
2002-12-15-17:30,17
2002-12-15-18:30,15
2002-12-15-19:30,15
2002-12-15-20:30,14
2002-12-15-21:30,13
2002-12-15-22:30,13
2002-12-15-23:30,12
2002-12-16-00:30,11
2002-12-16-01:30,12
2002-12-16-02:30,13
2002-12-16-03:30,16
2002-12-16-04:30,19
2002-12-16-05:30,23
2002-12-16-06:30,25
2002-12-16-07:30,26
2002-12-16-08:30,26
2002-12-16-09:30,26
2002-12-16-10:30,26
2002-12-16-11:30,25
2002-12-16-12:30,22
2002-12-16-13:30,20
2002-12-16-14:30,19.5
2002-12-16-15:30,19
2002-12-16-16:30,18
2002-12-16-17:30,18
2002-12-16-18:30,17
2002-12-16-19:30,15
2002-12-16-20:30,14
2002-12-16-21:30,14
2002-12-16-22:30,13
2002-12-16-23:30,13
2002-12-17-00:30,13
2002-12-17-01:30,12
2002-12-17-02:30,12
2002-12-17-03:30,16
2002-12-17-04:30,19
2002-12-17-05:30,22
2002-12-17-06:30,24
2002-12-17-07:30,26
2002-12-17-08:30,27
2002-12-17-09:30,26
2002-12-17-10:30,26
2002-12-17-11:30,25
2002-12-17-12:30,24
2002-12-17-13:30,22
2002-12-17-14:30,22
2002-12-17-15:30,19
2002-12-17-16:30,18
2002-12-17-17:30,18
2002-12-17-18:30,17
2002-12-17-19:30,16
2002-12-17-20:30,14
2002-12-17-21:30,14
2002-12-17-22:30,13
2002-12-17-23:30,13
2002-12-18-00:30,13
2002-12-18-01:30,12
2002-12-18-02:30,13
2002-12-18-03:30,15
2002-12-18-04:30,19
2002-12-18-05:30,22
2002-12-18-06:30,24
2002-12-18-07:30,26
2002-12-18-08:30,27
2002-12-18-09:30,28
2002-12-18-10:30,28
2002-12-18-11:30,26
2002-12-18-12:30,22
2002-12-18-13:30,20
2002-12-18-14:30,20
2002-12-18-15:30,18
2002-12-18-16:30,18
2002-12-18-17:30,18
2002-12-18-18:30,19
2002-12-18-19:30,19
2002-12-18-20:30,17
2002-12-18-21:30,16
2002-12-18-22:30,16
2002-12-18-23:30,16
2002-12-19-00:30,15
2002-12-19-01:30,15
2002-12-19-02:30,17
2002-12-19-03:30,18
2002-12-19-04:30,22
2002-12-19-05:30,24
2002-12-19-06:30,25
2002-12-19-07:30,27
2002-12-19-08:30,26
2002-12-19-09:30,26
2002-12-19-10:30,26
2002-12-19-11:30,24
2002-12-19-12:30,22
2002-12-19-13:00,27
2002-12-19-13:30,21
2002-12-19-14:30,20
2002-12-19-15:30,20
2002-12-19-16:30,19
2002-12-19-17:30,18
2002-12-19-18:30,18
2002-12-19-19:30,16
2002-12-19-20:30,17
2002-12-19-21:30,16
2002-12-19-22:30,16
2002-12-19-23:30,16
2002-12-20-00:30,15
2002-12-20-01:30,15
2002-12-20-02:30,15
2002-12-20-03:30,17
2002-12-20-04:30,21
2002-12-20-05:30,24
2002-12-20-06:30,25
2002-12-20-08:30,27
2002-12-20-09:30,27
2002-12-20-10:30,27
2002-12-20-11:30,25
2002-12-20-12:30,24
2002-12-20-13:30,24
2002-12-20-14:30,22
2002-12-20-15:30,20
2002-12-20-16:30,17
2002-12-20-17:30,18
2002-12-20-18:30,16
2002-12-20-19:30,15
2002-12-20-20:30,14
2002-12-20-21:30,14
2002-12-20-22:30,14
2002-12-20-23:30,13
2002-12-21-00:30,13
2002-12-21-01:30,13
2002-12-21-02:30,13
2002-12-21-03:30,16
2002-12-21-04:30,19
2002-12-21-05:30,21
2002-12-21-06:30,23
2002-12-21-07:30,25
2002-12-21-08:30,25
2002-12-21-09:30,26
2002-12-21-10:30,25
2002-12-21-11:30,24
2002-12-21-12:30,22
2002-12-21-13:30,20
2002-12-21-14:30,19
2002-12-21-15:30,17
2002-12-21-16:30,15
2002-12-21-17:30,15
2002-12-21-18:30,15
2002-12-21-19:30,13
2002-12-21-20:30,12
2002-12-21-21:30,13
2002-12-21-22:30,12
2002-12-21-23:30,11
2002-12-22-00:30,11
2002-12-22-01:30,10
2002-12-22-02:30,11
2002-12-22-03:30,14
2002-12-22-04:30,17
2002-12-22-05:30,20
2002-12-22-06:30,21
2002-12-22-07:30,24
2002-12-22-08:30,25
2002-12-22-09:30,25
2002-12-22-10:30,24
2002-12-22-11:30,23
2002-12-22-12:30,21
2002-12-22-13:30,19
2002-12-22-14:30,18
2002-12-22-15:30,18
2002-12-22-16:30,18
2002-12-22-17:30,16
2002-12-22-18:30,17
2002-12-22-19:30,15
2002-12-22-20:30,14
2002-12-22-21:30,14
2002-12-22-22:30,13
2002-12-22-23:30,13
2002-12-23-00:30,12
2002-12-23-01:30,12
2002-12-23-02:30,12
2002-12-23-03:30,12
2002-12-23-04:30,14
2002-12-23-05:30,18
2002-12-23-06:30,19
2002-12-23-07:30,20
2002-12-23-08:30,21
2002-12-23-09:30,21
2002-12-23-10:30,21
2002-12-23-11:30,20
2002-12-23-12:30,18
2002-12-23-13:30,18
2002-12-23-14:30,17
2002-12-23-15:30,16
2002-12-23-16:30,16
2002-12-23-17:30,16
2002-12-23-18:30,16
2002-12-23-19:30,15
2002-12-23-20:30,15
2002-12-23-21:30,15
2002-12-23-22:30,15
2002-12-23-23:30,13
2002-12-24-00:30,13
2002-12-24-01:30,13
2002-12-24-02:30,12
2002-12-24-03:30,13
2002-12-24-04:30,15
2002-12-24-05:30,16
2002-12-24-06:30,15
2002-12-24-07:30,15
2002-12-24-08:30,15
2002-12-24-09:30,16
2002-12-24-10:30,16
2002-12-24-11:30,16
2002-12-24-12:30,15
2002-12-24-13:30,14
2002-12-24-14:30,14
2002-12-24-15:30,13
2002-12-24-16:30,13
2002-12-24-17:30,14
2002-12-24-18:30,13
2002-12-24-19:30,13
2002-12-24-20:00,13
2002-12-24-20:30,13
2002-12-24-21:30,13
2002-12-24-22:30,13
2002-12-24-23:30,12
2002-12-25-00:30,12
2002-12-25-01:30,12
2002-12-25-02:30,12
2002-12-25-03:30,14
2002-12-25-04:30,17
2002-12-25-05:30,19
2002-12-25-06:30,20
2002-12-25-07:30,22
2002-12-25-08:30,23
2002-12-25-09:30,23
2002-12-25-10:30,22
2002-12-25-11:30,20
2002-12-25-12:30,18
2002-12-25-13:30,16
2002-12-25-14:30,15
2002-12-25-15:30,15
2002-12-25-16:30,14
2002-12-25-17:30,14
2002-12-25-18:30,13
2002-12-25-19:30,13
2002-12-25-20:30,12
2002-12-25-21:30,10
2002-12-25-22:30,10
2002-12-25-23:30,11
2002-12-26-00:30,13
2002-12-26-01:30,15
2002-12-26-02:30,17
2002-12-26-03:30,11
2002-12-26-04:30,11
2002-12-26-05:30,12
2002-12-26-06:30,12
2002-12-26-07:30,12
2002-12-26-08:30,13
2002-12-26-09:30,16
2002-12-26-10:30,15.5
2002-12-26-11:30,15
2002-12-26-12:30,14
2002-12-26-13:30,14
2002-12-26-14:30,14
2002-12-26-15:30,14
2002-12-26-16:30,14
2002-12-26-17:30,13
2002-12-26-18:30,14
2002-12-26-19:30,14
2002-12-26-20:30,14
2002-12-26-21:30,14
2002-12-26-22:30,13
2002-12-26-23:30,13
2002-12-27-00:30,13
2002-12-27-01:30,13
2002-12-27-02:30,14
2002-12-27-03:30,14
2002-12-27-04:30,15
2002-12-27-05:30,15
2002-12-27-06:30,17
2002-12-27-07:30,18
2002-12-27-08:30,19
2002-12-27-09:30,19
2002-12-27-10:30,19
2002-12-27-11:30,18
2002-12-27-12:30,18
2002-12-27-13:30,17
2002-12-27-15:30,17
2002-12-27-16:30,17
2002-12-27-17:30,15
2002-12-27-18:30,12
2002-12-27-19:30,10
2002-12-27-20:30,9
2002-12-27-21:30,8
2002-12-27-22:30,8
2002-12-27-23:30,8
2002-12-28-00:30,8
2002-12-28-01:30,7
2002-12-28-02:30,8
2002-12-28-03:30,10
2002-12-28-05:30,16
2002-12-28-06:30,18
2002-12-28-08:30,20
2002-12-28-09:30,21
2002-12-28-10:30,21
2002-12-28-11:21,20
2002-12-28-12:30,17
2002-12-28-13:30,16
2002-12-28-14:30,15
2002-12-28-15:30,13
2002-12-28-16:30,12
2002-12-28-17:30,12
2002-12-28-18:30,11
2002-12-28-19:30,10
2002-12-28-20:30,10
2002-12-28-21:30,9
2002-12-28-22:30,9
2002-12-28-23:30,8
2002-12-29-00:30,7
2002-12-29-01:30,7
2002-12-29-02:30,8
2002-12-29-03:30,12
2002-12-29-04:30,15
2002-12-29-05:30,18
2002-12-29-06:30,20
2002-12-29-07:30,21
2002-12-29-08:30,22
2002-12-29-09:30,21
2002-12-29-10:30,21
2002-12-29-11:30,20
2002-12-29-12:30,17
2002-12-29-13:30,15
2002-12-29-14:30,14
2002-12-29-15:30,14
2002-12-29-16:30,15
2002-12-29-17:30,15
2002-12-29-19:30,13
2002-12-29-20:30,13
2002-12-29-21:30,12
2002-12-29-22:30,12
2002-12-29-23:30,11
2002-12-30-00:30,11
2002-12-30-01:30,11
2002-12-30-02:30,12
2002-12-30-03:30,15
2002-12-30-04:30,17
2002-12-30-05:30,19
2002-12-30-06:30,20
2002-12-30-07:30,19
2002-12-30-08:30,20
2002-12-30-09:30,20
2002-12-30-10:30,19
2002-12-30-11:30,18
2002-12-30-12:30,16
2002-12-30-13:21,15
2002-12-30-14:30,14
2002-12-30-15:30,12
2002-12-30-16:30,13
2002-12-30-17:30,12
2002-12-30-18:30,12
2002-12-30-19:30,12
2002-12-30-20:30,12
2002-12-30-21:30,11
2002-12-30-22:30,11
2002-12-30-23:30,11
2002-12-31-00:30,11
2002-12-31-01:30,11
2002-12-31-02:30,11
2002-12-31-03:30,11
2002-12-31-04:30,11
2002-12-31-05:30,11
2002-12-31-06:30,11
2002-12-31-07:30,11
2002-12-31-08:30,11
2002-12-31-09:30,11
2002-12-31-10:30,11
2002-12-31-11:30,11
2002-12-31-12:30,11
2002-12-31-13:30,11
2002-12-31-14:30,11
2002-12-31-15:30,11
2002-12-31-16:30,10
2002-12-31-17:30,10
2002-12-31-18:30,10
2002-12-31-19:30,10
2002-12-31-20:30,10
2002-12-31-21:30,9
2002-12-31-22:30,9
2002-12-31-23:30,8
2003-01-01-00:30,8.5
2003-01-01-01:30,9
2003-01-01-02:30,9
2003-01-01-03:30,9
2003-01-01-04:30,11
2003-01-01-05:30,12
2003-01-01-06:30,13
2003-01-01-07:30,14
2003-01-01-08:30,15
2003-01-01-09:30,16
2003-01-01-10:30,16
2003-01-01-11:30,16
2003-01-01-12:30,14
2003-01-01-13:30,14
2003-01-01-14:30,13
2003-01-01-15:30,12
2003-01-01-16:30,11
2003-01-01-17:30,11
2003-01-01-18:30,10
2003-01-01-19:30,9
2003-01-01-20:30,9
2003-01-01-21:30,8
2003-01-01-22:30,8
2003-01-01-23:30,8
2003-01-02-00:30,10
2003-01-02-01:30,10
2003-01-02-02:30,11
2003-01-02-03:30,12
2003-01-02-04:30,14
2003-01-02-05:30,15
2003-01-02-06:30,15
2003-01-02-07:30,16
2003-01-02-08:30,16
2003-01-02-09:30,17
2003-01-02-10:30,15
2003-01-02-11:30,14
2003-01-02-12:30,13
2003-01-02-13:30,13
2003-01-02-14:30,12
2003-01-02-15:30,11
2003-01-02-16:30,11
2003-01-02-17:30,11
2003-01-02-18:30,10
2003-01-02-19:00,10
2003-01-02-19:30,10
2003-01-02-20:30,10
2003-01-02-21:30,10
2003-01-02-22:30,10
2003-01-02-23:30,11
2003-01-03-00:30,11
2003-01-03-01:30,10
2003-01-03-02:30,10
2003-01-03-03:30,10
2003-01-03-04:30,11
2003-01-03-05:30,14
2003-01-03-06:30,14
2003-01-03-07:30,15
2003-01-03-09:30,14
2003-01-03-10:30,13
2003-01-03-11:30,13
2003-01-03-12:30,13
2003-01-03-13:30,12
2003-01-03-14:30,12
2003-01-03-15:30,11
2003-01-03-16:30,11
2003-01-03-17:30,11
2003-01-03-18:30,10
2003-01-03-19:30,10
2003-01-03-20:30,9.5
2003-01-03-21:30,9
2003-01-03-22:30,9
2003-01-03-23:30,9
2003-01-04-00:30,9
2003-01-04-01:30,9
2003-01-04-02:30,9
2003-01-04-03:30,9
2003-01-04-04:30,9
2003-01-04-05:30,10
2003-01-04-06:30,11
2003-01-04-07:30,13
2003-01-04-08:30,14
2003-01-04-09:30,14
2003-01-04-10:30,14
2003-01-04-11:30,14
2003-01-04-12:30,13
2003-01-04-13:30,12
2003-01-04-14:30,11
2003-01-04-15:30,10
2003-01-04-16:30,10
2003-01-04-17:30,10
2003-01-05-13:30,9.5
2003-01-06-18:30,9
2003-01-06-19:00,8
2003-01-06-19:30,8
2003-01-06-20:00,8
2003-01-06-20:30,8
2003-01-06-21:30,8
2003-01-06-22:30,8
2003-01-06-23:30,8
2003-01-07-00:30,8
2003-01-07-01:30,7
2003-01-07-02:30,7
2003-01-07-03:30,7
2003-01-07-04:30,7
2003-01-07-05:30,8
2003-01-07-06:30,9
2003-01-07-07:30,10
2003-01-07-08:21,10
2003-01-07-09:30,10
2003-01-07-10:30,10
2003-01-07-11:30,10
2003-01-07-12:30,9
2003-01-07-13:30,9
2003-01-07-14:30,9
2003-01-07-15:30,10
2003-01-07-16:30,9
2003-01-07-17:30,9
2003-01-07-18:30,9
2003-01-07-19:30,9
2003-01-07-20:30,8
2003-01-07-21:30,8
2003-01-07-22:30,8
2003-01-08-00:30,7
2003-01-08-01:30,7
2003-01-08-02:30,7
2003-01-08-03:30,7
2003-01-08-04:30,7
2003-01-08-05:30,8
2003-01-08-06:30,9
2003-01-08-07:30,10
2003-01-08-08:30,12
2003-01-08-09:30,13
2003-01-08-10:30,13
2003-01-08-11:30,12
2003-01-08-12:30,10
2003-01-08-13:30,10
2003-01-08-14:30,9
2003-01-08-15:30,8
2003-01-08-16:30,7
2003-01-08-17:30,7
2003-01-08-18:30,7
2003-01-08-19:30,7
2003-01-08-20:30,6
2003-01-08-21:30,7
2003-01-08-22:30,7
2003-01-08-23:30,8
2003-01-09-00:30,8
2003-01-09-01:30,8
2003-01-09-02:30,8
2003-01-09-03:30,8
2003-01-09-04:30,9
2003-01-09-05:30,10
2003-01-09-06:30,11
2003-01-09-07:30,13
2003-01-09-08:30,15
2003-01-09-09:30,15
2003-01-09-10:30,15
2003-01-09-11:30,14
2003-01-09-12:30,13
2003-01-09-13:30,12
2003-01-09-14:30,11
2003-01-09-15:30,11
2003-01-09-16:30,9
2003-01-09-17:30,8
2003-01-09-18:30,8
2003-01-09-19:30,8
2003-01-09-20:30,6
2003-01-09-21:30,5
2003-01-09-22:30,5
2003-01-09-23:30,5
2003-01-10-00:30,5
2003-01-10-01:30,5
2003-01-10-02:30,5
2003-01-10-03:30,5
2003-01-10-04:30,6
2003-01-10-05:30,7
2003-01-10-06:30,8
2003-01-10-07:30,9
2003-01-10-08:30,10
2003-01-10-09:30,10
2003-01-10-10:30,11
2003-01-10-11:30,11
2003-01-10-12:30,9
2003-01-10-13:21,8
2003-01-10-14:30,8
2003-01-10-15:30,7
2003-01-10-16:30,7
2003-01-10-17:30,7
2003-01-10-18:30,7
2003-01-10-19:30,7
2003-01-10-21:30,7
2003-01-10-22:30,7
2003-01-10-23:30,6
2003-01-11-00:30,6
2003-01-11-01:30,6
2003-01-11-02:30,6
2003-01-11-03:30,6
2003-01-11-04:30,6
2003-01-11-05:30,7
2003-01-11-06:30,7
2003-01-11-07:30,11
2003-01-11-08:30,12
2003-01-11-09:00,12.5
2003-01-11-09:30,13
2003-01-11-10:30,13
2003-01-11-11:30,12
2003-01-11-12:30,11
2003-01-11-13:30,10
2003-01-11-14:30,9
2003-01-11-15:30,8
2003-01-11-16:30,7
2003-01-11-17:30,7
2003-01-11-18:30,6
2003-01-11-19:30,6
2003-01-11-20:30,7
2003-01-11-21:30,6
2003-01-11-22:30,6
2003-01-11-23:30,6
2003-01-12-00:30,7
2003-01-12-01:30,7
2003-01-12-02:30,7
2003-01-12-03:30,7
2003-01-12-04:30,7
2003-01-12-05:30,9
2003-01-12-06:30,11
2003-01-12-07:30,13
2003-01-12-08:30,14
2003-01-12-09:30,15
2003-01-12-10:30,15
2003-01-12-11:30,14
2003-01-12-12:30,13
2003-01-12-13:30,12
2003-01-12-14:30,11
2003-01-12-15:30,10
2003-01-12-16:30,9
2003-01-12-17:30,8
2003-01-12-18:30,7
2003-01-12-19:30,6
2003-01-12-20:30,6
2003-01-12-21:30,5
2003-01-12-22:30,6
2003-01-12-23:30,6
2003-01-13-00:30,6
2003-01-13-01:30,6
2003-01-13-02:30,6
2003-01-13-03:30,6
2003-01-13-04:30,7
2003-01-13-05:30,9
2003-01-13-06:30,11
2003-01-13-07:30,14
2003-01-13-08:30,15
2003-01-13-09:30,17
2003-01-13-10:30,17
2003-01-13-11:30,17
2003-01-13-12:30,14
2003-01-13-13:30,12
2003-01-13-14:30,11
2003-01-13-15:30,10
2003-01-13-16:30,9
2003-01-13-17:30,9
2003-01-13-18:30,8
2003-01-13-19:30,7
2003-01-13-20:30,6
2003-01-13-21:30,7
2003-01-13-22:30,6
2003-01-13-23:30,6
2003-01-14-00:30,5
2003-01-14-01:30,5
2003-01-14-02:30,5
2003-01-14-03:30,6
2003-01-14-04:30,7
2003-01-14-05:30,7
2003-01-14-07:30,12
2003-01-14-08:30,15
2003-01-14-09:30,15
2003-01-14-10:30,16
2003-01-14-11:30,15
2003-01-14-12:30,13
2003-01-14-13:30,12
2003-01-14-14:30,11
2003-01-14-15:30,9
2003-01-14-16:30,9
2003-01-14-17:30,9
2003-01-14-18:30,8
2003-01-14-19:30,6
2003-01-14-20:30,6
2003-01-14-21:30,5
2003-01-14-22:30,5
2003-01-14-23:30,8
2003-01-15-00:30,7
2003-01-15-01:30,7
2003-01-15-01:50,9
2003-01-15-02:30,7
2003-01-15-03:30,6
2003-01-15-04:30,7
2003-01-15-05:30,8
2003-01-15-06:30,11
2003-01-15-07:30,14
2003-01-15-08:30,15
2003-01-15-09:30,17
2003-01-15-10:30,17
2003-01-15-11:30,17
2003-01-15-12:30,14
2003-01-15-13:30,13
2003-01-15-14:30,13
2003-01-15-15:30,10
2003-01-15-16:30,10
2003-01-15-17:30,9
2003-01-15-19:30,7
2003-01-15-20:30,5
2003-01-15-21:30,5
2003-01-15-22:30,5
2003-01-16-00:30,5
2003-01-16-01:30,4
2003-01-16-01:50,9
2003-01-16-02:30,4
2003-01-16-03:30,5
2003-01-16-04:30,6
2003-01-16-05:30,7
2003-01-16-06:30,8
2003-01-16-07:30,10
2003-01-16-08:30,13
2003-01-16-09:30,15
2003-01-16-10:30,15
2003-01-16-11:30,14
2003-01-16-12:30,12
2003-01-16-13:30,11
2003-01-16-14:30,10
2003-01-16-15:30,9
2003-01-16-16:30,8
2003-01-16-17:30,8
2003-01-16-18:30,8
2003-01-16-19:30,8
2003-01-16-20:30,7
2003-01-16-21:30,7
2003-01-16-22:30,7
2003-01-16-23:30,7
2003-01-17-00:30,7
2003-01-17-01:30,7
2003-01-17-02:30,9
2003-01-17-03:30,9
2003-01-17-04:30,10
2003-01-17-05:30,10
2003-01-17-06:30,11
2003-01-17-07:30,12
2003-01-17-09:30,16
2003-01-17-10:21,16
2003-01-17-11:30,16
2003-01-17-12:30,15
2003-01-17-13:30,13
2003-01-17-14:30,11
2003-01-17-15:30,11
2003-01-17-16:30,10
2003-01-17-17:30,8
2003-01-17-18:30,8
2003-01-17-19:30,7
2003-01-17-20:30,8
2003-01-17-21:30,8
2003-01-17-22:30,8
2003-01-17-23:30,8
2003-01-18-00:30,8
2003-01-18-01:30,8
2003-01-18-02:30,8
2003-01-18-03:30,8
2003-01-18-04:30,9
2003-01-18-05:30,9
2003-01-18-06:30,11
2003-01-18-07:30,13
2003-01-18-08:30,15
2003-01-18-09:30,16
2003-01-18-10:30,16
2003-01-18-11:30,16
2003-01-18-12:30,14
2003-01-18-13:30,12
2003-01-18-14:30,11
2003-01-18-15:30,9
2003-01-18-16:30,8
2003-01-18-17:30,7
2003-01-18-18:30,6
2003-01-18-19:30,6
2003-01-18-21:30,6
2003-01-18-22:30,6
2003-01-18-23:30,5
2003-01-19-00:30,5
2003-01-19-01:30,5
2003-01-19-02:30,5
2003-01-19-03:30,5
2003-01-19-04:30,6
2003-01-19-05:30,7
2003-01-19-06:30,8
2003-01-19-07:30,10
2003-01-19-08:30,13
2003-01-19-09:30,15
2003-01-19-10:30,20
2003-01-19-11:30,14
2003-01-19-12:30,13
2003-01-19-13:30,12
2003-01-19-14:30,11
2003-01-19-15:30,10
2003-01-19-16:30,8
2003-01-19-17:30,7
2003-01-19-18:30,8
2003-01-19-19:30,7
2003-01-19-20:30,6
2003-01-19-21:30,6
2003-01-19-22:30,6
2003-01-19-23:30,6
2003-01-20-00:30,6
2003-01-20-01:30,5
2003-01-20-02:30,5
2003-01-20-03:30,5
2003-01-20-04:30,6
2003-01-20-05:30,6
2003-01-20-05:50,6
2003-01-20-06:30,7
2003-01-20-07:30,9
2003-01-20-08:30,12
2003-01-20-09:30,13
2003-01-20-10:30,14
2003-01-20-11:30,14
2003-01-20-12:30,11
2003-01-20-13:30,10
2003-01-20-14:30,9
2003-01-20-15:30,9
2003-01-20-16:30,8
2003-01-20-17:30,5
2003-01-20-18:30,5
2003-01-20-19:30,5
2003-01-20-20:30,5
2003-01-20-22:30,5
2003-01-21-00:30,4
2003-01-21-01:30,5
2003-01-21-02:30,4
2003-01-21-03:30,4
2003-01-21-04:30,5
2003-01-21-05:30,6
2003-01-21-06:30,8
2003-01-21-07:30,10
2003-01-21-08:30,14
2003-01-21-09:30,16
2003-01-21-10:30,17
2003-01-21-11:30,16
2003-01-21-12:30,13
2003-01-21-13:30,13
2003-01-21-14:30,11
2003-01-21-15:30,11
2003-01-21-16:30,9
2003-01-21-17:30,9
2003-01-21-18:30,8
2003-01-21-19:30,7
2003-01-21-20:30,7
2003-01-21-21:30,5
2003-01-21-22:30,6
2003-01-21-23:30,5
2003-01-22-00:30,5
2003-01-22-01:30,5
2003-01-22-02:30,5
2003-01-22-03:30,8
2003-01-22-04:30,11
2003-01-22-05:30,15
2003-01-22-06:30,18
2003-01-22-07:30,20
2003-01-22-08:30,21
2003-01-22-09:30,21
2003-01-22-10:30,21
2003-01-22-11:30,20
2003-01-22-12:30,18
2003-01-22-13:30,16
2003-01-22-14:30,14
2003-01-22-15:30,14
2003-01-22-16:30,13
2003-01-22-17:30,13
2003-01-22-18:30,12
2003-01-22-19:30,11
2003-01-22-20:30,10
2003-01-22-21:30,9
2003-01-22-22:30,9
2003-01-22-23:30,9
2003-01-23-02:30,9
2003-01-23-03:30,11
2003-01-23-04:30,14
2003-01-23-05:30,18
2003-01-23-06:30,21
2003-01-23-07:30,22
2003-01-23-08:30,23
2003-01-23-09:30,24
2003-01-23-10:30,23
2003-01-23-11:30,23
2003-01-23-12:30,20
2003-01-23-13:30,18
2003-01-23-14:30,17
2003-01-23-15:30,16
2003-01-23-16:30,15
2003-01-23-17:30,15
2003-01-23-18:30,14
2003-01-23-19:30,14
2003-01-23-20:30,12
2003-01-23-21:30,11
2003-01-23-22:30,11
2003-01-23-23:30,10
2003-01-24-00:30,10
2003-01-24-01:30,10
2003-01-24-02:30,10
2003-01-24-03:30,13
2003-01-24-04:30,16
2003-01-24-05:30,19
2003-01-24-06:30,21
2003-01-24-07:30,22
2003-01-24-08:21,22
2003-01-24-09:30,23
2003-01-24-10:30,24
2003-01-24-11:30,23
2003-01-24-12:30,20
2003-01-24-13:30,18
2003-01-24-14:30,16
2003-01-24-15:30,15
2003-01-24-16:30,15
2003-01-24-17:30,14
2003-01-24-18:30,12
2003-01-24-19:30,11
2003-01-24-20:30,11
2003-01-24-21:30,10
2003-01-24-22:30,9
2003-01-24-23:30,9
2003-01-25-00:30,9
2003-01-25-01:30,9
2003-01-25-02:30,8
2003-01-25-03:30,12
2003-01-25-04:30,15
2003-01-25-05:30,19
2003-01-25-06:30,21
2003-01-25-07:30,24
2003-01-25-08:30,25
2003-01-25-09:30,25
2003-01-25-10:30,25
2003-01-25-11:30,24
2003-01-25-12:30,22
2003-01-25-13:30,19
2003-01-25-14:30,18
2003-01-25-15:30,18
2003-01-25-16:30,15
2003-01-25-17:30,15
2003-01-25-18:30,15
2003-01-25-19:30,15
2003-01-25-20:30,14
2003-01-25-21:30,14
2003-01-25-22:30,12
2003-01-25-23:30,11
2003-01-26-00:30,11
2003-01-26-01:30,10
2003-01-26-02:30,11
2003-01-26-03:30,16
2003-01-26-04:30,18
2003-01-26-05:30,23
2003-01-26-06:30,25
2003-01-26-07:30,27
2003-01-26-08:30,26
2003-01-26-09:30,24
2003-01-26-10:30,25
2003-01-26-11:30,25
2003-01-26-12:30,23
2003-01-26-13:30,20
2003-01-26-14:30,20
2003-01-26-15:30,19
2003-01-26-16:30,17
2003-01-26-17:30,17
2003-01-26-18:30,18
2003-01-26-19:30,17
2003-01-26-20:30,14
2003-01-26-21:30,15
2003-01-26-22:30,14
2003-01-26-23:30,14
2003-01-27-00:30,15
2003-01-27-01:30,16
2003-01-27-02:30,16
2003-01-27-03:30,16
2003-01-27-04:30,16
2003-01-27-05:30,17
2003-01-27-06:30,21
2003-01-27-07:30,23
2003-01-27-08:30,25
2003-01-27-09:30,24
2003-01-27-10:30,22
2003-01-27-11:30,21
2003-01-27-12:30,20
2003-01-27-13:30,19
2003-01-27-14:30,19
2003-01-27-15:30,18
2003-01-27-16:30,16
2003-01-27-17:30,17
2003-01-27-18:30,17
2003-01-27-19:30,16
2003-01-27-20:30,16
2003-01-27-21:30,15
2003-01-27-22:30,15
2003-01-27-23:30,15
2003-01-28-00:30,15
2003-01-28-01:30,15
2003-01-28-02:30,15
2003-01-28-03:30,15
2003-01-28-04:30,16
2003-01-28-05:30,16
2003-01-28-06:30,17
2003-01-28-07:30,18
2003-01-28-08:21,18
2003-01-28-09:30,20
2003-01-28-10:30,19
2003-01-28-11:30,19
2003-01-28-12:30,18
2003-01-28-13:30,17
2003-01-28-14:30,16
2003-01-28-15:30,15
2003-01-28-16:30,15
2003-01-28-17:30,15
2003-01-28-18:30,15
2003-01-28-19:30,14
2003-01-28-20:30,14
2003-01-28-21:30,14
2003-01-28-22:30,14
2003-01-28-23:30,13
2003-01-29-00:30,13
2003-01-29-01:30,12
2003-01-29-02:30,13
2003-01-29-03:30,14
2003-01-29-04:30,17
2003-01-29-06:30,20
2003-01-29-07:30,20
2003-01-29-08:30,21
2003-01-29-09:30,20
2003-01-29-10:30,21
2003-01-29-11:30,20
2003-01-29-12:30,20
2003-01-29-13:30,19
2003-01-29-14:30,18
2003-01-29-15:30,17
2003-01-29-16:30,17
2003-01-29-17:30,17
2003-01-29-18:30,17
2003-01-29-19:30,16
2003-01-29-20:30,15
2003-01-29-21:30,14
2003-01-29-22:30,13
2003-01-29-23:30,13
2003-01-30-00:30,13
2003-01-30-01:30,13
2003-01-30-02:30,13
2003-01-30-03:30,13
2003-01-30-04:30,14
2003-01-30-05:21,15
2003-01-30-06:21,18
2003-01-30-07:30,18
2003-01-30-08:30,19
2003-01-30-09:30,21
2003-01-30-10:30,21
2003-01-30-11:30,19
2003-01-30-12:30,18
2003-01-30-13:30,17
2003-01-30-14:30,17
2003-01-30-15:30,17
2003-01-30-16:30,17
2003-01-30-17:30,16
2003-01-30-18:30,15
2003-01-30-19:30,15
2003-01-30-20:30,14
2003-01-30-21:30,14
2003-01-30-22:30,14
2003-01-30-23:30,14
2003-01-31-00:30,14
2003-01-31-01:30,14
2003-01-31-02:30,13
2003-01-31-03:30,14
2003-01-31-04:30,14
2003-01-31-05:30,14
2003-01-31-06:30,14
2003-01-31-07:30,14
2003-01-31-08:30,14
2003-01-31-09:30,14
2003-01-31-10:30,14
2003-01-31-11:30,14
2003-01-31-12:30,14
2003-01-31-13:30,14
2003-01-31-14:30,14
2003-01-31-15:30,14
2003-01-31-16:30,14
2003-01-31-17:30,14
2003-02-01-18:30,14
2003-02-01-19:30,14
2003-02-01-20:30,14
2003-02-01-21:30,14
2003-02-01-22:30,13
2003-02-02-00:30,13
2003-02-02-01:30,13
2003-02-02-02:30,14
2003-02-02-03:30,14
2003-02-02-04:30,15
2003-02-02-05:30,16
2003-02-02-06:30,17
2003-02-02-07:30,16
2003-02-02-08:30,16
2003-02-02-09:30,16
2003-02-02-10:30,15
2003-02-02-11:30,16
2003-02-02-12:30,15
2003-02-02-13:30,15
2003-02-02-14:30,14
2003-02-02-15:30,14
2003-02-02-16:30,13
2003-02-02-17:30,12
2003-02-02-18:30,11
2003-02-02-19:30,11
2003-02-02-20:30,11
2003-02-02-21:30,11
2003-02-02-22:30,10
2003-02-02-23:00,18
2003-02-02-23:30,10
2003-02-03-00:30,9
2003-02-03-02:30,9
2003-02-03-03:30,10
2003-02-03-04:30,11
2003-02-03-05:30,14
2003-02-03-06:30,17
2003-02-03-08:30,18
2003-02-03-09:21,19
2003-02-03-10:30,20
2003-02-03-11:30,19
2003-02-03-12:30,17
2003-02-03-13:30,16
2003-02-03-14:30,15
2003-02-03-15:30,14
2003-02-03-16:30,13
2003-02-03-17:30,12
2003-02-03-18:30,12
2003-02-03-19:30,12
2003-02-03-20:30,11
2003-02-03-21:30,10
2003-02-03-22:30,9
2003-02-04-00:30,9
2003-02-04-01:30,9
2003-02-04-03:30,10
2003-02-04-04:30,13
2003-02-04-05:30,16
2003-02-04-06:30,17
2003-02-04-07:30,18
2003-02-04-08:30,19
2003-02-04-09:30,20
2003-02-04-10:30,20
2003-02-04-11:30,19
2003-02-04-12:30,18
2003-02-04-13:30,16
2003-02-04-14:30,15
2003-02-04-15:30,14
2003-02-04-16:30,14
2003-02-04-17:30,13
2003-02-04-18:30,12
2003-02-04-19:30,12
2003-02-04-20:30,11
2003-02-04-21:30,11
2003-02-04-22:30,10
2003-02-04-23:30,10
2003-02-05-00:30,9
2003-02-05-01:30,9
2003-02-05-02:30,9
2003-02-05-03:30,12
2003-02-05-04:30,15
2003-02-05-05:30,18
2003-02-05-06:30,19
2003-02-05-07:30,21
2003-02-05-08:30,21
2003-02-05-09:30,22
2003-02-05-10:30,22
2003-02-05-11:30,21
2003-02-05-12:30,20
2003-02-05-13:30,18
2003-02-05-15:30,16
2003-02-05-16:30,15
2003-02-05-17:30,13
2003-02-05-18:30,13
2003-02-05-19:30,12
2003-02-05-20:30,11
2003-02-05-21:30,10
2003-02-05-22:30,10
2003-02-05-23:30,10
2003-02-06-00:30,9
2003-02-06-01:30,10
2003-02-06-02:30,10
2003-02-06-03:30,13
2003-02-06-04:30,16
2003-02-06-05:30,19
2003-02-06-06:30,20
2003-02-06-07:30,22
2003-02-06-08:30,22
2003-02-06-09:30,23
2003-02-06-10:30,23
2003-02-06-11:30,23
2003-02-06-12:30,19
2003-02-06-13:30,19
2003-02-06-14:30,18
2003-02-06-15:30,18
2003-02-06-16:30,17
2003-02-06-17:30,16
2003-02-06-18:30,15
2003-02-06-19:30,15
2003-02-06-20:30,15
2003-02-06-21:30,14
2003-02-06-22:30,15
2003-02-06-23:30,14
2003-02-07-00:30,13
2003-02-07-01:30,13
2003-02-07-02:30,13
2003-02-07-03:30,17
2003-02-07-03:50,17
2003-02-07-04:30,19
2003-02-07-05:30,21
2003-02-07-06:30,22
2003-02-07-07:30,23
2003-02-07-08:30,23
2003-02-07-09:30,24
2003-02-07-10:30,24
2003-02-07-11:30,24
2003-02-07-12:30,22
2003-02-07-13:30,20
2003-02-07-14:30,19
2003-02-07-15:30,18
2003-02-07-16:30,18
2003-02-07-17:30,17
2003-02-07-18:30,17
2003-02-07-20:30,16
2003-02-07-21:30,16
2003-02-07-22:30,15
2003-02-07-23:30,15
2003-02-08-00:30,15
2003-02-08-01:30,14
2003-02-08-02:30,14
2003-02-08-03:30,17
2003-02-08-04:30,19
2003-02-08-05:30,21
2003-02-08-06:30,21
2003-02-08-08:30,23
2003-02-08-09:30,23
2003-02-08-10:30,23
2003-02-08-11:30,22
2003-02-08-12:30,21
2003-02-08-13:30,21
2003-02-08-14:30,19
2003-02-08-15:30,18
2003-02-08-16:30,18
2003-02-08-17:30,17
2003-02-08-18:30,16
2003-02-08-19:30,16
2003-02-08-20:30,15
2003-02-08-21:30,14
2003-02-08-22:30,14
2003-02-08-23:30,12
2003-02-09-00:30,11
2003-02-09-01:30,10
2003-02-09-02:30,10
2003-02-09-03:30,12
2003-02-09-04:30,15
2003-02-09-05:30,18
2003-02-09-06:30,20
2003-02-09-07:30,21
2003-02-09-08:21,22
2003-02-09-09:30,23
2003-02-09-10:30,23
2003-02-09-11:30,22
2003-02-09-12:30,22
2003-02-09-15:30,15
2003-02-09-16:30,14
2003-02-09-17:30,13
2003-02-09-18:30,13
2003-02-09-19:30,13
2003-02-09-20:30,11
2003-02-09-21:30,10
2003-02-09-22:30,10
2003-02-09-23:30,9
2003-02-10-00:30,9
2003-02-10-01:30,9
2003-02-10-02:30,9
2003-02-10-03:30,11
2003-02-10-04:30,14
2003-02-10-05:30,17
2003-02-10-06:30,19
2003-02-10-07:30,20
2003-02-10-08:30,20
2003-02-10-09:30,21
2003-02-10-10:30,21
2003-02-10-11:30,21
2003-02-10-12:30,20
2003-02-10-13:30,17
2003-02-10-14:30,16
2003-02-10-15:30,15
2003-02-10-16:30,15
2003-02-10-17:30,15
2003-02-10-18:30,14
2003-02-10-19:30,13
2003-02-10-20:30,12
2003-02-10-21:30,11
2003-02-10-22:30,10
2003-02-10-23:30,10
2003-02-11-00:30,9
2003-02-11-01:30,8
2003-02-11-03:30,12
2003-02-11-04:30,16
2003-02-11-05:30,19
2003-02-11-06:30,19
2003-02-11-07:30,20
2003-02-11-08:30,20
2003-02-11-09:30,21
2003-02-11-10:30,21
2003-02-11-11:30,20
2003-02-11-12:30,19
2003-02-11-13:30,18
2003-02-11-14:30,17
2003-02-11-15:30,14
2003-02-11-16:30,14
2003-02-11-17:30,14
2003-02-11-18:30,13
2003-02-11-19:30,12
2003-02-11-20:30,12
2003-02-11-21:30,11
2003-02-11-22:30,10
2003-02-11-23:30,10
2003-02-12-00:30,9
2003-02-12-01:30,9
2003-02-12-02:30,9
2003-02-12-03:30,11
2003-02-12-04:30,15
2003-02-12-05:30,18
2003-02-12-06:30,20
2003-02-12-07:30,21
2003-02-12-08:30,21
2003-02-12-09:30,22
2003-02-12-10:30,22
2003-02-12-11:30,21
2003-02-12-12:30,20
2003-02-12-13:30,19
2003-02-12-14:30,18
2003-02-12-15:30,16
2003-02-12-16:30,15
2003-02-12-17:30,14
2003-02-12-18:30,13
2003-02-12-19:30,13
2003-02-12-20:30,12
2003-02-12-21:30,11
2003-02-12-22:30,11
2003-02-12-23:30,11
2003-02-13-00:30,10
2003-02-13-01:30,9
2003-02-13-02:30,10
2003-02-13-03:30,12
2003-02-13-04:30,16
2003-02-13-05:30,19
2003-02-13-06:30,24
2003-02-13-07:30,23
2003-02-13-08:30,23
2003-02-13-09:30,24
2003-02-13-10:30,24
2003-02-13-11:30,23
2003-02-13-12:30,22
2003-02-13-13:30,21
2003-02-13-14:30,19
2003-02-13-15:30,18
2003-02-13-16:30,16
2003-02-13-17:30,15
2003-02-13-18:30,15
2003-02-13-19:30,16
2003-02-13-20:30,13
2003-02-13-21:30,13
2003-02-13-22:30,12
2003-02-13-23:30,12
2003-02-14-00:30,11
2003-02-14-01:30,11
2003-02-14-02:30,12
2003-02-14-03:30,15
2003-02-14-04:30,17
2003-02-14-05:30,20
2003-02-14-06:30,22
2003-02-14-07:30,23
2003-02-14-08:30,25
2003-02-14-09:30,25
2003-02-14-10:30,25
2003-02-14-11:30,24
2003-02-14-12:30,23
2003-02-14-13:30,22
2003-02-14-14:30,20
2003-02-14-15:30,19
2003-02-14-16:30,18
2003-02-14-17:30,18
2003-02-14-18:30,16
2003-02-14-19:30,15
2003-02-14-20:30,15
2003-02-14-21:30,15
2003-02-14-22:30,15
2003-02-14-23:30,14
2003-02-15-00:30,12
2003-02-15-01:30,12
2003-02-15-02:30,14
2003-02-15-03:30,16
2003-02-15-04:30,19
2003-02-15-05:30,23
2003-02-15-06:30,24
2003-02-15-07:30,26
2003-02-15-08:30,26
2003-02-15-09:30,26
2003-02-15-10:30,27
2003-02-15-11:30,26
2003-02-15-12:30,24
2003-02-15-13:30,24
2003-02-15-14:30,21
2003-02-15-15:30,19
2003-02-15-16:30,19
2003-02-15-17:30,19
2003-02-15-18:30,19
2003-02-15-19:30,18
2003-02-15-20:30,18
2003-02-15-21:30,18
2003-02-15-22:30,17
2003-02-15-23:30,17
2003-02-16-01:30,17
2003-02-16-02:30,18
2003-02-16-03:30,20
2003-02-16-04:30,22
2003-02-16-05:30,24
2003-02-16-06:30,24
2003-02-16-07:30,25
2003-02-16-08:30,25
2003-02-16-09:30,25
2003-02-16-10:30,25
2003-02-16-11:30,24
2003-02-16-12:30,23
2003-02-16-13:30,22
2003-02-16-14:30,21
2003-02-16-15:30,20
2003-02-16-16:30,20
2003-02-16-17:30,20
2003-02-16-18:30,20
2003-02-16-19:30,19
2003-02-16-20:30,19
2003-02-16-21:30,19
2003-02-16-22:30,19
2003-02-16-23:30,19
2003-02-17-00:30,19
2003-02-17-01:30,20
2003-02-17-02:30,20
2003-02-17-03:30,21
2003-02-17-04:30,21
2003-02-17-05:30,21
2003-02-17-06:30,23
2003-02-17-07:30,23
2003-02-17-08:30,19
2003-02-17-09:30,19
2003-02-17-10:30,19
2003-02-17-11:30,20
2003-02-17-12:30,20
2003-02-17-13:30,19
2003-02-17-14:30,19
2003-02-17-15:30,19
2003-02-17-16:30,19
2003-02-17-17:30,19
2003-02-17-18:30,19
2003-02-17-19:30,19
2003-02-17-20:30,18
2003-02-17-21:30,18
2003-02-17-22:30,18
2003-02-17-23:30,18
2003-02-18-00:30,18
2003-02-18-01:30,17
2003-02-18-02:30,17
2003-02-18-03:30,17
2003-02-18-04:30,17
2003-02-18-05:30,17
2003-02-18-06:30,17
2003-02-18-07:30,19
2003-02-18-08:30,21
2003-02-18-09:30,20
2003-02-18-10:30,19
2003-02-18-11:30,18
2003-02-18-12:30,18
2003-02-18-13:30,18
2003-02-18-14:30,18
2003-02-18-15:30,18
2003-02-18-16:30,18
2003-02-18-17:30,18
2003-02-18-18:30,17
2003-02-18-19:30,17
2003-02-18-20:30,17
2003-02-18-21:30,17
2003-02-18-22:30,18
2003-02-18-23:30,15
2003-02-19-00:30,15
2003-02-19-01:30,14
2003-02-19-02:30,15
2003-02-19-03:30,17
2003-02-19-04:30,18
2003-02-19-05:30,20
2003-02-19-06:30,21
2003-02-19-07:30,20
2003-02-19-08:30,20
2003-02-19-09:30,20
2003-02-19-10:30,21
2003-02-19-11:30,20
2003-02-19-12:30,19
2003-02-19-13:30,17
2003-02-19-14:30,16
2003-02-19-15:30,17
2003-02-19-16:30,17
2003-02-19-17:30,15
2003-02-19-18:30,14
2003-02-19-19:30,13
2003-02-19-20:30,13
2003-02-19-21:30,12
2003-02-19-22:30,12
2003-02-19-23:30,12
2003-02-20-00:30,11
2003-02-20-01:30,11
2003-02-20-02:30,12
2003-02-20-03:30,15
2003-02-20-04:30,18
2003-02-20-05:30,20
2003-02-20-06:30,21
2003-02-20-07:30,21
2003-02-20-08:30,21
2003-02-20-09:30,22
2003-02-20-10:30,22
2003-02-20-11:30,21
2003-02-20-12:30,20
2003-02-20-13:30,19
2003-02-20-14:30,19
2003-02-20-15:30,18
2003-02-20-16:30,17
2003-02-20-17:30,16
2003-02-20-18:30,15
2003-02-20-19:30,15
2003-02-20-20:30,15
2003-02-20-21:30,14
2003-02-20-22:30,13
2003-02-20-23:30,13
2003-02-21-00:30,12
2003-02-21-01:30,11
2003-02-21-02:30,12
2003-02-21-03:30,14
2003-02-21-04:30,16
2003-02-21-05:30,19
2003-02-21-06:30,20
2003-02-21-08:30,22
2003-02-21-09:30,23
2003-02-21-10:30,23
2003-02-21-11:30,22
2003-02-21-12:30,21
2003-02-21-13:30,19
2003-02-21-14:30,17
2003-02-21-16:30,16
2003-02-21-17:30,15
2003-02-21-18:30,13
2003-02-21-19:30,14
2003-02-21-20:30,13
2003-02-21-21:30,13
2003-02-21-22:30,12
2003-02-21-23:30,11
2003-02-22-00:30,11
2003-02-22-01:30,11
2003-02-22-02:30,12
2003-02-22-03:30,14
2003-02-22-04:30,17
2003-02-22-05:30,19
2003-02-22-06:30,21
2003-02-22-07:30,22
2003-02-22-08:30,25
2003-02-22-09:30,24
2003-02-22-10:30,23
2003-02-22-11:30,23
2003-02-22-12:30,21
2003-02-22-13:30,20
2003-02-22-14:30,19
2003-02-22-15:30,18.5
2003-02-22-16:30,18
2003-02-22-17:30,18
2003-02-22-18:30,17
2003-02-22-19:30,17
2003-02-22-20:30,17
2003-02-22-21:30,16
2003-02-22-22:30,15
2003-02-22-23:30,15
2003-02-23-00:30,15
2003-02-23-01:30,16
2003-02-23-02:30,16
2003-02-23-03:30,19
2003-02-23-04:30,21
2003-02-23-05:21,23
2003-02-23-06:30,24
2003-02-23-07:30,25
2003-02-23-08:30,25
2003-02-23-09:30,25
2003-02-23-10:30,27
2003-02-23-11:30,26
2003-02-23-12:30,24
2003-02-23-13:30,23
2003-02-23-14:30,22
2003-02-23-15:30,21
2003-02-23-16:30,21
2003-02-23-17:30,20
2003-02-23-18:30,20
2003-02-23-19:30,19
2003-02-23-21:30,18
2003-02-23-22:30,18
2003-02-23-23:30,17
2003-02-24-00:30,17
2003-02-24-01:30,17
2003-02-24-02:30,17
2003-02-24-03:30,18
2003-02-24-04:30,21
2003-02-24-05:30,23
2003-02-24-06:30,25
2003-02-24-07:30,24
2003-02-24-08:30,26
2003-02-24-09:30,27
2003-02-24-10:30,27
2003-02-24-11:30,26
2003-02-24-12:30,24
2003-02-24-13:30,23
2003-02-24-14:30,23
2003-02-24-15:30,22
2003-02-24-16:30,22
2003-02-24-17:30,21
2003-02-24-18:30,20
2003-02-24-19:30,19
2003-02-24-20:30,19
2003-02-24-21:30,17
2003-02-24-22:30,16
2003-02-24-23:30,15
2003-02-25-00:30,15
2003-02-25-01:30,14
2003-02-25-02:30,14
2003-02-25-03:30,14
2003-02-25-04:30,18
2003-02-25-05:30,22
2003-02-25-06:30,24
2003-02-25-08:30,26
2003-02-25-09:30,27
2003-02-25-10:30,27
2003-02-25-11:30,27
2003-02-25-12:30,25
2003-02-25-13:30,23
2003-02-25-14:30,22
2003-02-25-15:30,21
2003-02-25-16:30,21
2003-02-25-17:30,20
2003-02-25-18:30,19
2003-02-25-19:30,20
2003-02-25-20:30,20
2003-02-25-21:30,19
2003-02-25-22:30,17
2003-02-25-23:30,16
2003-02-26-00:30,16
2003-02-26-01:30,16
2003-02-26-02:30,16
2003-02-26-03:30,19
2003-02-26-04:30,22
2003-02-26-05:30,26
2003-02-26-06:30,26
2003-02-26-07:30,27
2003-02-26-08:30,28
2003-02-26-09:30,28
2003-02-26-10:30,29
2003-02-26-11:30,28
2003-02-26-12:30,27
2003-02-26-13:30,26
2003-02-26-14:30,24
2003-02-26-15:30,23
2003-02-26-16:30,22
2003-02-26-17:30,21
2003-02-26-18:30,22
2003-02-26-19:30,21
2003-02-26-20:30,20
2003-02-26-21:30,19
2003-02-26-22:30,19
2003-02-26-23:30,19
2003-02-27-00:30,19
2003-02-27-01:30,19
2003-02-27-02:30,20
2003-02-27-03:30,23
2003-02-27-04:30,26
2003-02-27-05:30,27
2003-02-27-06:30,27
2003-02-27-07:30,25
2003-02-27-08:30,26
2003-02-27-09:30,27
2003-02-27-10:30,27
2003-02-27-11:30,28
2003-02-27-12:30,27
2003-02-27-13:30,26
2003-02-27-14:30,25
2003-02-27-15:30,23
2003-02-27-16:30,23
2003-02-27-17:30,22
2003-02-27-18:30,21
2003-02-27-19:30,21
2003-02-27-20:30,21
2003-02-27-21:30,21
2003-02-27-22:30,21
2003-02-27-23:30,21
2003-02-28-01:30,20
2003-02-28-02:30,22
2003-02-28-03:30,19
2003-02-28-04:30,19
2003-02-28-05:30,20
2003-02-28-06:30,22
2003-02-28-07:30,27
2003-02-28-08:30,29
2003-02-28-09:30,29
2003-02-28-10:30,28
2003-02-28-11:30,27
2003-02-28-12:30,25
2003-02-28-13:30,23
2003-02-28-14:30,23
2003-02-28-15:30,22
2003-02-28-16:30,22
2003-02-28-17:30,21
2003-02-28-18:30,20
2003-02-28-19:30,20
2003-02-28-20:30,19
2003-02-28-21:30,19
2003-02-28-22:30,19
2003-03-01-00:30,19
2003-03-01-01:30,19
2003-03-01-02:30,19
2003-03-01-03:30,20
2003-03-01-04:30,21
2003-03-01-05:30,23
2003-03-01-06:30,25
2003-03-01-07:30,26
2003-03-01-08:21,27
2003-03-01-09:30,28
2003-03-01-10:30,27
2003-03-01-11:30,24
2003-03-01-12:30,23
2003-03-01-13:30,22
2003-03-01-14:30,22
2003-03-01-15:30,22
2003-03-01-16:30,21
2003-03-01-17:30,22
2003-03-01-18:30,22
2003-03-01-19:30,21
2003-03-01-20:30,21
2003-03-01-21:30,20
2003-03-01-22:30,19
2003-03-01-23:30,18
2003-03-02-00:30,18
2003-03-02-01:30,18
2003-03-02-02:30,19
2003-03-02-03:30,21
2003-03-02-04:30,23
2003-03-02-05:30,25
2003-03-02-06:30,27
2003-03-02-07:30,29
2003-03-02-08:30,29
2003-03-02-09:30,30
2003-03-02-10:30,30
2003-03-02-11:30,29
2003-03-02-12:30,29
2003-03-02-14:30,26
2003-03-02-15:30,25
2003-03-02-16:30,24
2003-03-02-17:30,22
2003-03-02-18:30,22
2003-03-02-19:30,21
2003-03-02-20:30,21
2003-03-02-21:30,20
2003-03-02-22:30,19
2003-03-02-23:30,18
2003-03-03-00:30,17
2003-03-03-01:30,16
2003-03-03-02:30,17
2003-03-03-03:30,18
2003-03-03-04:30,21
2003-03-03-05:30,27
2003-03-03-06:30,22
2003-03-03-07:21,24
2003-03-03-08:30,24
2003-03-03-09:30,25
2003-03-03-10:30,24
2003-03-03-11:30,22
2003-03-03-12:30,20
2003-03-03-13:30,18
2003-03-03-14:30,18
2003-03-03-15:30,18
2003-03-03-16:30,18
2003-03-03-17:30,17
2003-03-03-18:30,16
2003-03-03-19:30,15.5
2003-03-03-20:30,15
2003-03-03-21:30,14
2003-03-03-22:30,14
2003-03-03-23:30,13
2003-03-04-00:30,13
2003-03-04-01:30,12
2003-03-04-02:30,13
2003-03-04-03:30,14
2003-03-04-04:30,15
2003-03-04-05:30,17
2003-03-04-06:30,18
2003-03-04-07:30,19
2003-03-04-08:30,19
2003-03-04-09:30,19
2003-03-04-10:30,19
2003-03-04-11:30,19
2003-03-04-12:30,17
2003-03-04-13:30,16
2003-03-04-14:30,15
2003-03-04-15:30,15
2003-03-04-16:30,14
2003-03-04-17:30,13
2003-03-04-18:30,12
2003-03-04-19:30,11
2003-03-04-20:30,11
2003-03-04-21:30,9
2003-03-04-22:30,8
2003-03-04-23:30,8
2003-03-05-00:30,8
2003-03-05-01:30,8
2003-03-05-02:30,10
2003-03-05-03:30,13
2003-03-05-04:30,16
2003-03-05-05:30,17.5
2003-03-05-06:30,19
2003-03-05-07:30,20
2003-03-05-09:30,23
2003-03-05-10:30,23
2003-03-05-11:30,22
2003-03-05-12:30,21
2003-03-05-13:30,19
2003-03-05-14:30,18
2003-03-05-15:30,17
2003-03-05-16:30,17
2003-03-05-17:30,16
2003-03-05-18:30,14
2003-03-05-19:30,15
2003-03-05-20:30,13
2003-03-05-21:30,12
2003-03-05-22:30,11
2003-03-05-23:30,10
2003-03-06-00:30,9
2003-03-06-01:30,9
2003-03-06-02:30,11
2003-03-06-03:30,14
2003-03-06-04:30,18
2003-03-06-05:30,22
2003-03-06-06:30,23
2003-03-06-07:30,23
2003-03-06-08:21,25
2003-03-06-09:30,25
2003-03-06-10:30,26
2003-03-06-11:30,24
2003-03-06-12:30,23
2003-03-06-13:30,22
2003-03-06-14:30,20
2003-03-06-15:30,19
2003-03-06-16:30,19
2003-03-06-17:30,18
2003-03-06-18:30,17
2003-03-06-19:30,15
2003-03-06-20:30,13.5
2003-03-06-21:30,12
2003-03-06-22:30,11
2003-03-06-23:30,10
2003-03-07-00:30,10
2003-03-07-01:30,9
2003-03-07-02:30,11
2003-03-07-03:30,14
2003-03-07-04:30,17
2003-03-07-05:21,20
2003-03-07-06:30,22
2003-03-07-07:30,23
2003-03-07-08:30,24
2003-03-07-09:30,25
2003-03-07-10:30,25
2003-03-07-11:30,25
2003-03-07-12:30,23
2003-03-07-13:30,20
2003-03-07-14:30,19
2003-03-07-15:30,18
2003-03-07-16:30,17
2003-03-07-17:30,17
2003-03-07-18:30,17
2003-03-07-19:30,18
2003-03-07-20:30,15
2003-03-07-21:30,17
2003-03-07-22:30,15
2003-03-07-23:30,15
2003-03-08-00:30,13
2003-03-08-01:30,11
2003-03-08-02:30,11
2003-03-08-03:30,18
2003-03-08-04:30,21
2003-03-08-05:30,23
2003-03-08-06:30,24
2003-03-08-07:30,25
2003-03-08-08:30,25
2003-03-08-09:30,26
2003-03-08-10:30,25
2003-03-08-11:30,26
2003-03-08-12:30,24
2003-03-08-13:30,21
2003-03-08-14:30,19
2003-03-08-15:30,19
2003-03-08-16:30,19
2003-03-08-17:30,17
2003-03-08-18:30,17
2003-03-08-19:30,16
2003-03-08-20:30,15
2003-03-08-21:30,15
2003-03-08-22:30,14
2003-03-08-23:30,13
2003-03-09-00:30,13
2003-03-09-01:30,13
2003-03-09-02:30,16
2003-03-09-03:30,19
2003-03-09-04:30,23
2003-03-09-05:30,26
2003-03-09-06:30,28
2003-03-09-07:30,28
2003-03-09-08:30,29
2003-03-09-09:30,29
2003-03-09-10:30,29
2003-03-09-11:30,29
2003-03-09-12:30,27
2003-03-09-13:30,26
2003-03-09-14:30,23
2003-03-09-15:30,21
2003-03-09-16:30,21
2003-03-09-17:30,20
2003-03-09-18:30,20
2003-03-09-19:30,20
2003-03-09-20:30,19
2003-03-09-21:30,19
2003-03-09-22:30,18
2003-03-09-23:30,18
2003-03-10-00:30,17
2003-03-10-01:30,16
2003-03-10-02:30,18
2003-03-10-03:30,21
2003-03-10-04:30,23
2003-03-10-05:30,25
2003-03-10-06:30,26
2003-03-10-07:30,27
2003-03-10-08:30,28
2003-03-10-09:30,29
2003-03-10-10:30,28.5
2003-03-10-11:30,28
2003-03-10-12:30,27
2003-03-10-13:30,25
2003-03-10-14:30,23
2003-03-10-15:30,23
2003-03-10-16:30,23
2003-03-10-17:30,21
2003-03-10-18:30,20
2003-03-10-19:30,20
2003-03-10-20:30,18
2003-03-10-21:30,16
2003-03-10-22:30,16
2003-03-10-23:30,16
2003-03-11-00:30,15
2003-03-11-01:30,15
2003-03-11-02:30,16
2003-03-11-03:30,18
2003-03-11-04:30,20
2003-03-11-05:30,22
2003-03-11-06:30,23
2003-03-11-07:30,25
2003-03-11-08:30,25
2003-03-11-09:30,26
2003-03-11-10:30,25
2003-03-11-11:30,25
2003-03-11-12:30,24
2003-03-11-13:30,24
2003-03-11-14:30,23
2003-03-11-15:30,23
2003-03-11-16:30,21
2003-03-11-17:30,20
2003-03-11-18:30,20
2003-03-11-19:30,20
2003-03-11-20:30,19
2003-03-11-21:30,18
2003-03-11-22:30,17
2003-03-11-23:30,16
2003-03-12-00:30,15
2003-03-12-01:30,15
2003-03-12-02:30,17
2003-03-12-03:30,19
2003-03-12-04:30,24
2003-03-12-05:30,26
2003-03-12-06:30,27
2003-03-12-07:30,27
2003-03-12-08:30,28
2003-03-12-09:30,28
2003-03-12-10:30,28
2003-03-12-11:30,27
2003-03-12-12:30,27
2003-03-12-13:30,26
2003-03-12-14:30,24
2003-03-12-15:30,24
2003-03-12-16:30,23
2003-03-12-17:30,23
2003-03-12-18:30,22
2003-03-12-19:30,18
2003-03-12-20:30,18
2003-03-12-21:30,17
2003-03-12-22:30,17
2003-03-12-23:30,17
2003-03-13-00:30,15
2003-03-13-01:30,15
2003-03-13-02:30,16
2003-03-13-03:30,18
2003-03-13-04:30,22
2003-03-13-05:30,25
2003-03-13-06:30,27
2003-03-13-07:30,27
2003-03-13-08:30,28
2003-03-13-09:30,28
2003-03-13-10:30,28
2003-03-13-11:30,27
2003-03-13-12:30,26
2003-03-13-13:30,25
2003-03-13-14:30,24
2003-03-13-15:30,22
2003-03-13-16:30,21
2003-03-13-17:30,22
2003-03-13-18:30,19
2003-03-13-19:30,19
2003-03-13-20:30,18
2003-03-13-21:30,18
2003-03-13-22:30,17
2003-03-13-23:30,17
2003-03-14-00:30,16
2003-03-14-01:30,15
2003-03-14-02:30,17
2003-03-14-03:30,19
2003-03-14-04:30,22
2003-03-14-05:30,25
2003-03-14-06:30,25
2003-03-14-07:30,26
2003-03-14-08:30,25
2003-03-14-09:30,26
2003-03-14-10:30,25
2003-03-14-11:30,25
2003-03-14-12:30,24
2003-03-14-13:30,22
2003-03-14-14:30,21
2003-03-14-15:30,21
2003-03-14-16:30,20
2003-03-14-17:30,20
2003-03-14-18:30,19
2003-03-14-19:30,19
2003-03-14-20:30,18
2003-03-14-21:30,17
2003-03-14-22:30,17
2003-03-14-23:30,17
2003-03-15-00:30,17
2003-03-15-01:30,17
2003-03-15-02:30,18
2003-03-15-03:30,21
2003-03-15-04:30,23
2003-03-15-05:30,25
2003-03-15-06:30,28
2003-03-15-07:30,27
2003-03-15-08:30,28
2003-03-15-09:30,29
2003-03-15-10:30,29
2003-03-15-11:30,28
2003-03-15-12:30,27
2003-03-15-13:30,25
2003-03-15-14:30,24
2003-03-15-15:30,24
2003-03-15-16:30,23
2003-03-15-17:30,23
2003-03-15-18:30,23
2003-03-15-19:30,21
2003-03-15-20:30,21
2003-03-15-21:30,20
2003-03-15-22:30,19
2003-03-15-23:30,20
2003-03-16-00:30,21
2003-03-16-01:30,20
2003-03-16-02:30,21
2003-03-16-03:30,25
2003-03-16-04:30,27
2003-03-16-05:30,29
2003-03-16-06:30,30
2003-03-16-07:30,32
2003-03-16-08:30,32
2003-03-16-09:30,32
2003-03-16-10:30,32
2003-03-16-11:30,31
2003-03-16-12:30,29
2003-03-16-13:30,27
2003-03-16-14:30,26
2003-03-16-15:30,26
2003-03-16-16:30,26
2003-03-16-17:30,24
2003-03-16-18:30,24
2003-03-16-19:30,23
2003-03-16-20:30,21
2003-03-16-21:30,21
2003-03-16-22:30,20
2003-03-16-23:30,19
2003-03-17-00:30,19
2003-03-17-01:30,19
2003-03-17-02:30,19
2003-03-17-03:30,23
2003-03-17-04:30,25
2003-03-17-05:30,29
2003-03-17-06:30,32
2003-03-17-07:30,32
2003-03-17-08:21,33
2003-03-17-09:30,33
2003-03-17-10:30,33
2003-03-17-11:30,31
2003-03-17-12:30,31
2003-03-17-13:30,29
2003-03-17-14:30,28
2003-03-17-15:30,27
2003-03-17-16:30,26
2003-03-17-17:30,25
2003-03-17-18:30,24
2003-03-17-19:30,23
2003-03-17-20:30,22
2003-03-17-21:30,21
2003-03-17-22:30,21
2003-03-17-23:30,20
2003-03-18-00:30,18
2003-03-18-01:30,18
2003-03-18-02:30,22
2003-03-18-03:30,25
2003-03-18-04:30,28
2003-03-18-05:30,30
2003-03-18-06:30,31
2003-03-18-07:30,31
2003-03-18-08:30,32
2003-03-18-09:30,32
2003-03-18-10:30,32
2003-03-18-11:30,31
2003-03-18-12:30,29
2003-03-18-13:30,27
2003-03-18-14:30,26
2003-03-18-15:30,26
2003-03-18-16:30,25
2003-03-18-17:30,24
2003-03-18-18:30,24
2003-03-18-19:30,24
2003-03-18-20:30,23
2003-03-18-21:30,22
2003-03-18-22:30,19
2003-03-18-23:30,19
2003-03-19-00:30,20
2003-03-19-01:30,20
2003-03-19-02:30,22
2003-03-19-03:30,24
2003-03-19-04:30,26
2003-03-19-05:30,27
2003-03-19-06:30,29
2003-03-19-07:30,29
2003-03-19-08:30,30
2003-03-19-10:30,30
2003-03-19-11:30,30
2003-03-19-12:30,29
2003-03-19-13:30,27
2003-03-19-14:30,26
2003-03-19-15:30,25
2003-03-19-16:30,24
2003-03-19-17:30,23
2003-03-19-18:30,23
2003-03-19-19:30,22
2003-03-19-20:30,21
2003-03-19-21:30,21
2003-03-19-22:30,19
2003-03-19-23:30,17
2003-03-20-00:30,16
2003-03-20-01:30,16
2003-03-20-02:30,18
2003-03-20-03:30,21
2003-03-20-04:30,24
2003-03-20-05:30,27
2003-03-20-06:30,28
2003-03-20-07:30,30
2003-03-20-08:30,30
2003-03-20-09:30,31
2003-03-20-10:30,31
2003-03-20-11:30,31
2003-03-20-12:30,30
2003-03-20-14:30,27
2003-03-20-15:30,24
2003-03-20-16:30,24
2003-03-20-17:30,24
2003-03-20-18:30,23
2003-03-20-19:30,21
2003-03-20-20:30,19
2003-03-20-21:30,19
2003-03-20-22:30,18
2003-03-20-23:30,17
2003-03-21-00:30,17
2003-03-21-02:30,20
2003-03-21-03:30,23
2003-03-21-04:30,25
2003-03-21-05:30,28
2003-03-21-06:30,30
2003-03-21-07:30,31
2003-03-21-08:30,32
2003-03-21-09:30,32
2003-03-21-10:30,33
2003-03-21-11:30,32
2003-03-21-12:30,31
2003-03-21-13:30,30
2003-03-21-14:30,28
2003-03-21-15:30,27
2003-03-21-16:30,26
2003-03-21-17:30,25
2003-03-21-18:30,24
2003-03-21-19:30,24
2003-03-21-20:30,23
2003-03-21-21:30,22
2003-03-21-22:30,21
2003-03-21-23:30,21
2003-03-22-00:30,20
2003-03-22-01:30,20
2003-03-22-02:30,23
2003-03-22-03:30,26
2003-03-22-04:30,28
2003-03-22-05:21,30
2003-03-22-06:30,31
2003-03-22-07:30,33
2003-03-22-08:30,35
2003-03-22-09:30,34
2003-03-22-10:30,34
2003-03-22-11:30,33
2003-03-22-12:30,32
2003-03-22-13:30,31
2003-03-22-14:30,30
2003-03-22-15:30,27
2003-03-22-16:30,27
2003-03-22-17:30,27
2003-03-22-18:30,25
2003-03-22-19:30,24
2003-03-22-20:30,26
2003-03-22-21:30,23
2003-03-22-22:30,21
2003-03-22-23:30,22
2003-03-23-00:30,21
2003-03-23-01:30,21
2003-03-23-02:30,22
2003-03-23-03:30,26
2003-03-23-04:30,26
2003-03-23-05:30,29
2003-03-23-06:30,31
2003-03-23-07:30,33
2003-03-23-08:30,34
2003-03-23-09:30,34
2003-03-23-10:30,35
2003-03-23-11:30,34
2003-03-23-12:30,33
2003-03-23-13:30,31
2003-03-23-14:30,29
2003-03-23-15:30,28
2003-03-23-16:30,28
2003-03-23-17:30,27
2003-03-23-18:30,26
2003-03-23-19:30,25
2003-03-23-20:30,24
2003-03-23-21:30,24
2003-03-23-22:30,24
2003-03-23-23:30,20
2003-03-24-00:30,19
2003-03-24-01:30,19
2003-03-24-02:30,20
2003-03-24-03:30,23
2003-03-24-04:30,25
2003-03-24-05:30,28
2003-03-24-06:30,30
2003-03-24-07:30,32
2003-03-24-09:30,32
2003-03-24-10:30,33
2003-03-24-11:30,33
2003-03-24-12:30,32
2003-03-24-13:30,31
2003-03-24-14:30,30
2003-03-24-15:30,28
2003-03-24-16:30,27
2003-03-24-17:30,26
2003-03-24-18:30,25
2003-03-24-19:30,23
2003-03-24-20:30,22
2003-03-24-21:30,21
2003-03-24-22:30,21
2003-03-24-23:30,20
2003-03-25-00:30,20
2003-03-25-01:30,20
2003-03-25-02:30,23
2003-03-25-03:30,26
2003-03-25-04:30,27
2003-03-25-05:30,29
2003-03-25-06:30,31
2003-03-25-07:30,32
2003-03-25-08:30,32
2003-03-25-09:30,33
2003-03-25-10:30,33
2003-03-25-11:30,32
2003-03-25-12:30,31
2003-03-25-13:30,30
2003-03-25-14:30,29
2003-03-25-15:30,28
2003-03-25-16:30,27
2003-03-25-17:30,27
2003-03-25-18:30,26
2003-03-25-19:30,25
2003-03-25-20:30,24
2003-03-25-21:30,23
2003-03-25-22:30,23
2003-03-25-23:30,23
2003-03-26-00:30,22
2003-03-26-01:30,22
2003-03-26-02:30,24
2003-03-26-03:30,26
2003-03-26-04:30,28
2003-03-26-05:30,29
2003-03-26-06:30,31
2003-03-26-07:30,31
2003-03-26-08:30,33
2003-03-26-09:30,33
2003-03-26-10:30,32
2003-03-26-11:30,31
2003-03-26-12:30,31
2003-03-26-13:30,29
2003-03-26-14:30,28
2003-03-26-15:30,28
2003-03-26-16:30,27
2003-03-26-17:30,26
2003-03-26-18:30,25
2003-03-26-19:30,23
2003-03-26-20:30,22
2003-03-26-21:30,23
2003-03-26-22:30,23
2003-03-26-23:30,20
2003-03-27-00:30,19
2003-03-27-01:30,19
2003-03-27-02:30,21
2003-03-27-03:30,24
2003-03-27-04:30,27
2003-03-27-05:30,29
2003-03-27-06:30,30
2003-03-27-08:30,32
2003-03-27-09:30,32
2003-03-27-10:30,32
2003-03-27-11:30,32
2003-03-27-12:30,31
2003-03-27-13:30,30
2003-03-27-14:30,29
2003-03-27-15:30,28
2003-03-27-16:30,27
2003-03-27-17:30,26
2003-03-27-18:30,25
2003-03-27-19:30,24
2003-03-27-20:30,23
2003-03-27-21:30,22
2003-03-27-22:30,21
2003-03-27-23:30,20
2003-03-28-00:30,20
2003-03-28-01:30,21
2003-03-28-02:30,24
2003-03-28-03:30,28
2003-03-28-04:30,29
2003-03-28-05:30,31
2003-03-28-06:30,31
2003-03-28-07:30,32
2003-03-28-08:30,34
2003-03-28-09:30,33
2003-03-28-10:30,33
2003-03-28-11:30,33
2003-03-28-12:30,32
2003-03-28-13:30,30
2003-03-28-14:30,29
2003-03-28-15:30,28
2003-03-28-16:30,27
2003-03-28-17:30,27
2003-03-28-18:30,26
2003-03-28-19:30,26
2003-03-28-20:30,25
2003-03-28-21:30,26
2003-03-28-22:30,25
2003-03-28-23:30,25
2003-03-29-00:30,24
2003-03-29-01:30,25
2003-03-29-02:30,26
2003-03-29-03:30,28
2003-03-29-04:30,29
2003-03-29-05:30,31
2003-03-29-06:30,32
2003-03-29-07:30,34
2003-03-29-08:21,34
2003-03-29-09:30,34
2003-03-29-10:30,33
2003-03-29-11:30,32
2003-03-29-12:30,31
2003-03-29-13:30,31
2003-03-29-14:30,30
2003-03-29-15:30,29
2003-03-29-16:30,28
2003-03-29-17:30,27
2003-03-29-18:30,27
2003-03-29-19:30,24
2003-03-29-20:30,24
2003-03-29-21:30,24
2003-03-29-22:30,23
2003-03-29-23:30,22
2003-03-30-00:30,23
2003-03-30-01:30,25
2003-03-30-02:30,25
2003-03-30-03:30,26
2003-03-30-04:30,28
2003-03-30-05:30,29
2003-03-30-06:30,30
2003-03-30-07:30,32
2003-03-30-08:30,32
2003-03-30-09:30,33
2003-03-30-10:30,31
2003-03-30-11:30,30
2003-03-30-12:30,30
2003-03-30-13:30,29
2003-03-30-14:30,28
2003-03-30-15:30,26
2003-03-30-16:30,25
2003-03-30-17:30,25
2003-03-30-18:30,25
2003-03-30-19:30,23
2003-03-30-20:30,21
2003-03-30-21:30,21
2003-03-30-22:30,21
2003-03-30-23:30,20
2003-03-31-00:30,18
2003-03-31-01:30,18
2003-03-31-02:30,20.5
2003-03-31-03:30,23
2003-03-31-04:30,26
2003-03-31-05:30,29
2003-03-31-06:30,30
2003-03-31-07:30,31
2003-03-31-08:30,33
2003-03-31-09:30,33
2003-03-31-10:30,33
2003-03-31-11:30,33
2003-03-31-12:30,31
2003-03-31-13:30,30
2003-03-31-14:30,29
2003-03-31-15:30,28
2003-03-31-16:30,27
2003-03-31-17:30,26
2003-03-31-18:30,25
2003-03-31-19:30,25
2003-03-31-20:30,24
2003-03-31-21:30,23
2003-03-31-22:30,23
2003-03-31-23:30,20
2003-04-01-00:30,19
2003-04-01-00:40,19
2003-04-01-01:30,20
2003-04-01-02:30,22
2003-04-01-03:30,25
2003-04-01-04:30,27
2003-04-01-05:30,29
2003-04-01-06:30,31
2003-04-01-07:30,32
2003-04-01-08:30,34
2003-04-01-09:30,34
2003-04-01-10:30,34
2003-04-01-11:30,33
2003-04-01-12:30,32
2003-04-01-13:30,30
2003-04-01-14:30,29
2003-04-01-15:30,28
2003-04-01-16:30,27
2003-04-01-17:30,26
2003-04-01-18:30,25
2003-04-01-19:30,26
2003-04-01-20:30,25
2003-04-01-21:30,24
2003-04-01-22:30,22
2003-04-01-23:30,20
2003-04-02-00:30,19
2003-04-02-01:30,19
2003-04-02-02:30,20
2003-04-02-03:30,25
2003-04-02-04:30,28
2003-04-02-05:30,31
2003-04-02-06:30,33
2003-04-02-07:30,35
2003-04-02-08:21,36
2003-04-02-09:30,36
2003-04-02-10:30,37
2003-04-02-11:30,37
2003-04-02-12:30,35
2003-04-02-13:30,33
2003-04-02-14:30,31
2003-04-02-15:30,30
2003-04-02-16:30,29
2003-04-02-17:30,29
2003-04-02-18:30,29
2003-04-02-19:00,28
2003-04-02-19:30,28
2003-04-02-20:30,27
2003-04-02-21:30,26
2003-04-02-22:30,26
2003-04-02-23:30,24
2003-04-03-00:30,25
2003-04-03-01:30,25
2003-04-03-02:30,27
2003-04-03-03:30,28
2003-04-03-04:30,31
2003-04-03-05:30,33
2003-04-03-06:30,35
2003-04-03-07:30,35
2003-04-03-08:30,36
2003-04-03-09:30,36
2003-04-03-10:30,36
2003-04-03-11:30,36
2003-04-03-12:30,34
2003-04-03-13:30,32
2003-04-03-14:30,32
2003-04-03-15:30,30
2003-04-03-16:30,29
2003-04-03-17:30,29
2003-04-03-18:30,29
2003-04-03-19:30,28
2003-04-03-20:30,28
2003-04-03-21:30,21
2003-04-03-22:30,27
2003-04-03-23:30,28
2003-04-04-00:30,26
2003-04-04-01:30,25
2003-04-04-02:30,27
2003-04-04-03:30,27
2003-04-04-04:30,31
2003-04-04-05:30,32
2003-04-04-06:30,31
2003-04-04-07:30,31
2003-04-04-08:30,32
2003-04-04-09:30,33
2003-04-04-10:00,33
2003-04-04-11:30,32
2003-04-04-12:30,31
2003-04-04-13:30,29
2003-04-04-14:30,29
2003-04-04-15:30,28
2003-04-04-16:30,27
2003-04-04-17:30,26
2003-04-04-18:30,26
2003-04-04-19:30,26
2003-04-04-20:30,26
2003-04-04-21:30,24
2003-04-04-22:30,23
2003-04-04-23:30,23
2003-04-05-00:30,23
2003-04-05-01:30,23
2003-04-05-02:30,26
2003-04-05-03:30,29
2003-04-05-04:30,30
2003-04-05-05:30,31
2003-04-05-06:30,33
2003-04-05-07:30,34
2003-04-05-09:30,36
2003-04-05-10:30,35
2003-04-05-11:30,35
2003-04-05-12:30,34
2003-04-05-13:30,32
2003-04-05-14:21,31
2003-04-05-15:30,30
2003-04-05-16:30,28
2003-04-05-17:30,26
2003-04-05-18:30,26
2003-04-05-19:30,26
2003-04-05-20:30,25
2003-04-05-21:30,23
2003-04-05-22:30,21
2003-04-05-23:30,20
2003-04-06-00:30,19
2003-04-06-01:30,19
2003-04-06-02:30,20
2003-04-06-03:30,23
2003-04-06-04:30,25
2003-04-06-05:30,28
2003-04-06-06:30,31
2003-04-06-07:30,32
2003-04-06-08:21,34
2003-04-06-09:30,34
2003-04-06-10:30,34
2003-04-06-11:30,34
2003-04-06-12:30,33
2003-04-06-13:30,31
2003-04-06-14:30,29
2003-04-06-15:30,27
2003-04-06-16:30,27
2003-04-06-17:30,27
2003-04-06-18:30,27
2003-04-06-19:30,26
2003-04-06-20:30,25
2003-04-06-21:30,25
2003-04-06-22:30,24
2003-04-06-23:30,24
2003-04-07-00:30,21
2003-04-07-01:30,20
2003-04-07-02:30,22
2003-04-07-03:30,26
2003-04-07-04:30,29
2003-04-07-05:30,32
2003-04-07-06:30,33
2003-04-07-07:30,34
2003-04-07-08:30,35
2003-04-07-09:30,36
2003-04-07-10:30,37
2003-04-07-11:30,35
2003-04-07-12:30,34
2003-04-07-13:30,32
2003-04-07-14:30,30
2003-04-07-15:30,30
2003-04-07-16:30,28
2003-04-07-17:30,27
2003-04-07-18:30,27
2003-04-07-19:30,24
2003-04-07-20:30,23
2003-04-07-21:30,22
2003-04-07-22:30,21
2003-04-07-23:30,21
2003-04-08-00:30,21
2003-04-08-01:30,21
2003-04-08-02:30,23
2003-04-08-03:30,27
2003-04-08-04:30,30
2003-04-08-05:30,32
2003-04-08-06:30,34
2003-04-08-07:30,35
2003-04-08-08:30,36
2003-04-08-09:30,36
2003-04-08-10:30,37
2003-04-08-11:30,36
2003-04-08-12:30,29
2003-04-08-13:30,32
2003-04-08-14:30,30
2003-04-08-15:30,29
2003-04-08-16:30,27
2003-04-08-17:30,27
2003-04-08-18:30,27
2003-04-08-19:30,27
2003-04-08-20:30,25
2003-04-08-21:30,25
2003-04-08-22:30,24
2003-04-08-23:30,23
2003-04-09-00:30,22
2003-04-09-01:30,23
2003-04-09-02:30,27
2003-04-09-03:30,31
2003-04-09-04:30,35
2003-04-09-05:30,36
2003-04-09-06:30,38
2003-04-09-07:30,38
2003-04-09-08:30,39
2003-04-09-09:30,39
2003-04-09-10:30,39
2003-04-09-11:30,39
2003-04-09-12:30,38
2003-04-09-13:30,36
2003-04-09-14:30,35
2003-04-09-15:30,34
2003-04-09-16:30,30
2003-04-09-17:30,30
2003-04-09-18:30,28
2003-04-09-19:30,28
2003-04-09-20:30,26
2003-04-09-21:30,26
2003-04-09-22:30,25
2003-04-09-23:30,24
2003-04-10-00:30,24
2003-04-10-01:30,25
2003-04-10-02:30,28
2003-04-10-03:30,31
2003-04-10-04:30,34
2003-04-10-05:30,37
2003-04-10-06:30,39
2003-04-10-07:30,39
2003-04-10-08:00,40
2003-04-10-08:21,41
2003-04-10-09:00,41
2003-04-10-09:30,41
2003-04-10-10:30,41
2003-04-10-11:30,41
2003-04-10-12:30,40
2003-04-10-13:30,38
2003-04-10-14:30,36
2003-04-10-15:30,34
2003-04-10-16:30,35
2003-04-10-17:30,33
2003-04-10-18:30,32
2003-04-10-19:30,31
2003-04-10-20:30,30
2003-04-10-21:30,29
2003-04-10-22:30,29
2003-04-10-23:30,27
2003-04-11-00:30,26
2003-04-11-01:30,27
2003-04-11-02:30,29
2003-04-11-03:30,33
2003-04-11-04:30,36
2003-04-11-05:30,37
2003-04-11-06:30,40
2003-04-11-07:30,40
2003-04-11-08:30,42
2003-04-11-09:30,42
2003-04-11-10:30,11
2003-04-11-11:30,41
2003-04-11-12:30,40
2003-04-11-13:30,38
2003-04-11-14:30,36
2003-04-11-15:30,35
2003-04-11-16:30,33
2003-04-11-18:30,30
2003-04-11-19:30,29
2003-04-11-20:30,28
2003-04-11-21:30,28
2003-04-11-23:30,26
2003-04-12-00:30,26
2003-04-12-01:30,27
2003-04-12-02:30,29
2003-04-12-03:30,31
2003-04-12-04:30,36
2003-04-12-05:30,39
2003-04-12-06:30,39
2003-04-12-07:30,40
2003-04-12-08:30,41
2003-04-12-09:30,41
2003-04-12-10:30,41
2003-04-12-11:30,40
2003-04-12-12:30,40
2003-04-12-13:30,38
2003-04-12-14:30,37
2003-04-12-15:30,36
2003-04-12-16:30,35
2003-04-12-17:30,33
2003-04-12-18:30,32
2003-04-12-19:30,31
2003-04-12-20:30,32
2003-04-12-21:30,32
2003-04-12-22:30,29
2003-04-12-23:30,28
2003-04-13-00:30,28
2003-04-13-01:30,28
2003-04-13-02:30,30
2003-04-13-03:30,34
2003-04-13-04:30,36
2003-04-13-05:30,38
2003-04-13-06:30,39
2003-04-13-07:30,39
2003-04-13-08:30,39
2003-04-13-09:30,41
2003-04-13-10:30,40
2003-04-13-11:30,40
2003-04-13-12:30,39
2003-04-13-13:30,38
2003-04-13-14:30,36
2003-04-13-15:30,34
2003-04-13-16:30,33
2003-04-13-17:30,32
2003-04-13-18:30,31
2003-04-13-19:30,30
2003-04-13-20:30,30
2003-04-13-21:30,29
2003-04-13-22:30,28
2003-04-13-23:30,28
2003-04-14-00:30,28
2003-04-14-01:30,29
2003-04-14-02:30,30
2003-04-14-03:30,32
2003-04-14-04:30,34
2003-04-14-05:30,36
2003-04-14-06:30,37
2003-04-14-07:30,38
2003-04-14-08:30,39
2003-04-14-09:30,40
2003-04-14-10:30,40
2003-04-14-11:30,40
2003-04-14-12:30,39
2003-04-14-13:30,38
2003-04-14-14:30,35
2003-04-14-15:30,35
2003-04-14-16:30,33
2003-04-14-17:30,33
2003-04-14-18:30,32
2003-04-14-19:30,31
2003-04-14-20:30,30
2003-04-14-21:30,30
2003-04-14-22:30,28
2003-04-14-23:30,27
2003-04-15-00:30,27
2003-04-15-01:30,26
2003-04-15-02:30,28
2003-04-15-03:30,30
2003-04-15-04:30,33
2003-04-15-05:30,35
2003-04-15-06:30,36
2003-04-15-07:30,37
2003-04-15-08:30,39
2003-04-15-09:30,39
2003-04-15-10:30,40
2003-04-15-11:30,39
2003-04-15-12:30,38
2003-04-15-13:30,36
2003-04-15-14:30,36
2003-04-15-15:30,36
2003-04-15-16:30,32
2003-04-15-17:30,31
2003-04-15-18:30,31
2003-04-15-19:30,30
2003-04-15-20:30,30
2003-04-15-21:30,30
2003-04-15-22:30,29
2003-04-15-23:30,28
2003-04-16-00:30,29
2003-04-16-01:30,29
2003-04-16-02:30,29
2003-04-16-03:30,31
2003-04-16-04:30,33
2003-04-16-05:30,34
2003-04-16-06:30,36
2003-04-16-07:30,36
2003-04-16-08:30,37
2003-04-16-09:30,38
2003-04-16-10:30,37
2003-04-16-11:30,37
2003-04-16-12:30,36
2003-04-16-13:30,34
2003-04-16-14:30,33
2003-04-16-15:30,33
2003-04-16-16:30,32
2003-04-16-17:30,31
2003-04-16-18:30,31
2003-04-16-19:30,29
2003-04-16-20:30,30
2003-04-16-21:30,29
2003-04-16-22:30,28
2003-04-16-23:30,27
2003-04-17-00:30,27
2003-04-17-01:30,26
2003-04-17-02:30,29
2003-04-17-03:30,33
2003-04-17-04:30,35
2003-04-17-05:30,36
2003-04-17-06:30,37
2003-04-17-07:30,38
2003-04-17-08:30,38
2003-04-17-09:30,38
2003-04-17-10:30,38
2003-04-17-11:30,38
2003-04-17-12:30,37
2003-04-17-13:30,35
2003-04-17-14:30,34
2003-04-17-15:30,33
2003-04-17-16:30,33
2003-04-17-17:30,33
2003-04-17-18:30,32
2003-04-17-19:30,32
2003-04-17-20:30,30
2003-04-17-21:30,29
2003-04-17-23:30,24
2003-04-18-00:30,24
2003-04-18-01:30,25
2003-04-18-02:30,28
2003-04-18-03:30,31
2003-04-18-04:30,34
2003-04-18-05:30,36
2003-04-18-06:30,38
2003-04-18-07:30,38
2003-04-18-11:30,39
2003-04-18-12:30,38
2003-04-18-13:30,37
2003-04-18-14:30,36
2003-04-18-15:30,35
2003-04-18-16:30,35
2003-04-18-18:30,32
2003-04-18-19:30,31
2003-04-18-20:30,30
2003-04-18-21:30,29
2003-04-18-22:30,30
2003-04-18-23:30,27
2003-04-19-00:30,27
2003-04-19-01:30,28
2003-04-19-02:30,31
2003-04-19-03:30,34
2003-04-19-04:30,35
2003-04-19-05:30,36
2003-04-19-06:30,37
2003-04-19-07:30,37
2003-04-19-08:30,39
2003-04-19-09:30,39
2003-04-19-10:30,39
2003-04-19-11:30,39
2003-04-19-12:30,36
2003-04-19-13:30,35
2003-04-19-14:30,33
2003-04-19-15:30,32
2003-04-19-16:30,32
2003-04-19-17:30,30
2003-04-19-18:30,30
2003-04-19-19:30,28
2003-04-19-20:30,26
2003-04-19-21:30,26
2003-04-19-22:30,25
2003-04-19-23:30,25
2003-04-20-00:30,25
2003-04-20-01:30,25
2003-04-20-02:30,27
2003-04-20-03:30,29
2003-04-20-04:30,32
2003-04-20-05:30,34
2003-04-20-06:30,34
2003-04-20-07:30,36
2003-04-20-08:30,36
2003-04-20-09:30,36
2003-04-20-10:30,36
2003-04-20-11:30,36
2003-04-20-12:30,35
2003-04-20-13:30,34
2003-04-20-14:30,33
2003-04-20-15:30,32
2003-04-20-16:30,31
2003-04-20-17:30,30
2003-04-20-18:30,30
2003-04-20-19:30,30
2003-04-20-20:30,28
2003-04-20-21:30,28
2003-04-20-22:30,27
2003-04-20-23:30,26
2003-04-21-00:30,24
2003-04-21-01:30,25
2003-04-21-02:30,28
2003-04-21-04:30,33
2003-04-21-06:30,36
2003-04-21-07:30,36
2003-04-21-08:30,37
2003-04-21-09:30,37
2003-04-21-10:30,37
2003-04-21-11:30,37
2003-04-21-12:30,37
2003-04-21-13:30,35
2003-04-21-14:30,34
2003-04-21-15:30,33
2003-04-21-16:30,33
2003-04-21-17:30,32
2003-04-21-18:30,30
2003-04-21-19:30,29
2003-04-21-20:30,28
2003-04-21-21:30,27
2003-04-21-22:30,25
2003-04-21-23:30,24
2003-04-22-00:30,22
2003-04-22-01:30,23
2003-04-22-02:30,26
2003-04-22-03:30,29
2003-04-22-04:30,33
2003-04-22-05:30,35
2003-04-22-07:30,37
2003-04-22-08:21,37
2003-04-22-09:30,38
2003-04-22-11:30,38
2003-04-22-12:30,38
2003-04-22-13:30,35
2003-04-22-14:30,34
2003-04-22-15:30,33
2003-04-22-16:30,31
2003-04-22-17:30,30
2003-04-22-18:30,29
2003-04-22-19:30,28
2003-04-22-20:30,27
2003-04-22-21:30,25
2003-04-22-22:30,25
2003-04-22-23:30,24
2003-04-23-00:30,23
2003-04-23-01:30,25
2003-04-23-02:30,28
2003-04-23-03:30,31
2003-04-23-04:30,34
2003-04-23-05:30,37
2003-04-23-06:30,39
2003-04-23-07:30,39
2003-04-23-08:30,40
2003-04-23-09:30,41
2003-04-23-10:30,41
2003-04-23-11:30,41
2003-04-23-12:30,39
2003-04-23-13:00,41
2003-04-23-13:30,37
2003-04-23-14:30,36
2003-04-23-15:30,34
2003-04-23-16:30,33
2003-04-23-17:30,31
2003-04-23-18:30,30
2003-04-23-19:30,30
2003-04-23-20:30,29
2003-04-23-21:30,29
2003-04-23-22:30,28
2003-04-23-23:30,28
2003-04-24-00:30,27
2003-04-24-01:30,28
2003-04-24-02:30,30
2003-04-24-03:30,34
2003-04-24-04:30,36
2003-04-24-05:30,39
2003-04-24-06:30,40
2003-04-24-07:30,42
2003-04-24-08:30,42
2003-04-24-09:30,42
2003-04-24-10:30,42
2003-04-24-11:30,42
2003-04-24-12:30,42
2003-04-24-13:30,39
2003-04-24-14:30,37
2003-04-24-15:30,35
2003-04-24-16:30,34
2003-04-24-17:30,33
2003-04-24-18:30,33
2003-04-24-19:30,32
2003-04-24-22:30,28
2003-04-25-00:00,29
2003-04-25-00:30,27
2003-04-25-01:30,29
2003-04-25-02:30,33
2003-04-25-03:30,36
2003-04-25-04:30,36
2003-04-25-05:30,38
2003-04-25-06:30,39
2003-04-25-07:30,41
2003-04-25-08:30,42
2003-04-25-09:30,43
2003-04-25-10:30,43
2003-04-25-11:30,42
2003-04-25-12:30,41
2003-04-25-13:30,39
2003-04-25-14:30,37
2003-04-25-15:30,34
2003-04-25-16:30,34
2003-04-25-17:30,34
2003-04-25-18:30,34
2003-04-25-19:30,33
2003-04-25-20:30,32
2003-04-25-21:30,31
2003-04-25-22:30,31
2003-04-25-23:30,29
2003-04-26-00:30,29
2003-04-26-01:30,30
2003-04-26-02:30,33
2003-04-26-03:30,35
2003-04-26-05:30,39
2003-04-26-06:30,40
2003-04-26-08:30,42
2003-04-26-09:30,42
2003-04-26-10:30,43
2003-04-26-11:30,43
2003-04-26-12:30,41
2003-04-26-13:30,40
2003-04-26-14:30,38
2003-04-26-15:30,36
2003-04-26-16:30,34
2003-04-26-17:30,35
2003-04-26-18:30,32
2003-04-26-19:30,31
2003-04-26-20:30,29
2003-04-26-21:30,28
2003-04-26-22:30,28
2003-04-26-23:30,28
2003-04-27-00:30,28
2003-04-27-01:30,28
2003-04-27-02:30,30
2003-04-27-03:30,32
2003-04-27-04:30,33
2003-04-27-06:30,36
2003-04-27-08:30,35
2003-04-27-09:30,35
2003-04-27-10:30,36
2003-04-27-11:30,32
2003-04-27-12:30,31
2003-04-27-13:30,28
2003-04-27-14:30,26
2003-04-27-15:30,26
2003-04-27-16:30,27
2003-04-27-17:30,26
2003-04-27-18:30,25
2003-04-27-19:30,25
2003-04-27-20:30,23
2003-04-27-21:30,23
2003-04-27-22:30,23
2003-04-27-23:30,22
2003-04-28-00:30,22
2003-04-28-01:30,23
2003-04-28-02:30,25
2003-04-28-03:30,28
2003-04-28-04:30,29
2003-04-28-05:30,31
2003-04-28-06:30,33
2003-04-28-07:30,34
2003-04-28-08:30,35
2003-04-28-09:30,35
2003-04-28-10:30,35
2003-04-28-10:50,35
2003-04-28-11:30,35
2003-04-28-12:30,34
2003-04-28-13:30,33
2003-04-28-14:30,32
2003-04-28-15:30,31
2003-04-28-16:30,30
2003-04-28-17:30,30
2003-04-28-18:30,28
2003-04-28-19:30,28
2003-04-28-20:30,27
2003-04-28-21:30,26
2003-04-28-22:21,25
2003-04-28-23:30,25
2003-04-29-00:30,24
2003-04-29-01:30,26
2003-04-29-02:30,29
2003-04-29-03:30,31
2003-04-29-04:30,32
2003-04-29-05:30,35
2003-04-29-06:30,36
2003-04-29-07:30,37
2003-04-29-08:30,36
2003-04-29-09:30,37
2003-04-29-10:30,37
2003-04-29-11:30,36
2003-04-29-12:30,36
2003-04-29-13:30,34
2003-04-29-14:30,33
2003-04-29-15:30,32
2003-04-29-16:30,31
2003-04-29-17:30,30
2003-04-29-18:30,30
2003-04-29-19:30,29
2003-04-29-20:30,29
2003-04-29-21:30,29
2003-04-29-22:30,28
2003-04-29-23:30,27
2003-04-30-00:30,26
2003-04-30-01:30,28
2003-04-30-02:30,30
2003-04-30-03:30,32
2003-04-30-04:30,34
2003-04-30-05:30,35
2003-04-30-06:30,36
2003-04-30-07:30,37
2003-04-30-08:21,38
2003-04-30-09:30,38
2003-04-30-10:30,39
2003-04-30-11:30,38
2003-04-30-12:30,37
2003-04-30-13:30,36
2003-04-30-14:30,35
2003-04-30-15:30,34
2003-04-30-16:30,32
2003-04-30-17:30,31
2003-04-30-18:30,31
2003-04-30-19:30,30
2003-04-30-20:30,29
2003-04-30-21:30,29
2003-04-30-22:30,28
2003-04-30-23:30,29
2003-05-01-00:30,29
2003-05-01-01:30,30
2003-05-01-02:30,31
2003-05-01-02:40,31
2003-05-01-03:30,32
2003-05-01-04:30,35
2003-05-01-05:30,35
2003-05-01-05:50,35
2003-05-01-06:30,38
2003-05-01-07:30,39
2003-05-01-08:30,38
2003-05-01-08:50,38
2003-05-01-09:30,40
2003-05-01-10:30,40
2003-05-01-11:30,40
2003-05-01-12:30,39
2003-05-01-13:30,38
2003-05-01-14:30,37
2003-05-01-15:30,35
2003-05-01-16:30,34
2003-05-01-17:30,33
2003-05-01-18:30,32
2003-05-01-19:30,32
2003-05-01-20:30,31
2003-05-01-21:30,31
2003-05-01-22:30,31
2003-05-01-23:30,30
2003-05-02-00:30,30
2003-05-02-01:30,30
2003-05-02-02:30,31
2003-05-02-03:30,34
2003-05-02-04:30,35
2003-05-02-06:30,38
2003-05-02-07:30,39
2003-05-02-08:30,41
2003-05-02-09:30,41
2003-05-02-10:30,40
2003-05-02-10:50,40
2003-05-02-11:30,41
2003-05-02-12:30,41
2003-05-02-13:30,40
2003-05-02-14:30,40
2003-05-02-16:30,38
2003-05-02-17:30,37
2003-05-02-18:30,37
2003-05-02-19:30,36
2003-05-02-20:30,37
2003-05-02-21:30,35
2003-05-02-22:30,35
2003-05-02-23:30,34
2003-05-03-00:30,33
2003-05-03-01:30,33.5
2003-05-03-02:30,34
2003-05-03-03:30,35
2003-05-03-04:30,35
2003-05-03-05:30,36
2003-05-03-06:30,37
2003-05-03-07:00,38
2003-05-03-07:30,38
2003-05-03-08:30,38
2003-05-03-09:30,38
2003-05-03-10:30,37
2003-05-03-11:30,37
2003-05-03-12:30,36
2003-05-03-13:30,35
2003-05-03-14:30,34
2003-05-03-15:30,33
2003-05-03-16:30,34
2003-05-03-17:30,33
2003-05-03-18:30,31
2003-05-03-19:30,29
2003-05-03-20:30,29
2003-05-03-21:30,27
2003-05-03-22:30,25
2003-05-03-23:30,24
2003-05-04-00:30,24
2003-05-04-01:30,24
2003-05-04-09:30,35
2003-05-04-10:30,35
2003-05-04-11:30,35
2003-05-04-12:30,35
2003-05-04-13:30,33
2003-05-04-14:30,32
2003-05-04-15:30,31
2003-05-04-16:30,29
2003-05-04-17:30,29
2003-05-04-18:30,28
2003-05-04-19:30,28
2003-05-04-20:30,27
2003-05-04-21:30,27
2003-05-04-22:30,24
2003-05-04-23:30,23
2003-05-05-00:30,23
2003-05-05-01:30,25
2003-05-05-02:30,27
2003-05-05-03:30,30
2003-05-05-04:30,32
2003-05-05-05:30,35
2003-05-05-06:30,35
2003-05-05-07:30,37
2003-05-05-08:30,37
2003-05-05-09:30,26
2003-05-05-09:50,26
2003-05-05-10:30,37
2003-05-05-11:30,37
2003-05-05-12:30,37
2003-05-05-13:30,35
2003-05-05-14:30,33
2003-05-05-15:30,32
2003-05-05-16:30,32
2003-05-05-17:30,30
2003-05-05-18:30,29
2003-05-05-19:30,29
2003-05-05-20:30,28
2003-05-05-22:30,27
2003-05-05-23:30,26
2003-05-06-00:30,24
2003-05-06-01:30,28
2003-05-06-02:30,30
2003-05-06-03:30,32
2003-05-06-04:30,35
2003-05-06-05:30,36
2003-05-06-06:30,37
2003-05-06-07:30,38
2003-05-06-08:30,38
2003-05-06-09:30,38
2003-05-06-10:30,38
2003-05-06-11:30,37
2003-05-06-12:30,36
2003-05-06-13:30,34
2003-05-06-14:30,33
2003-05-06-15:30,32
2003-05-06-16:30,32
2003-05-06-17:30,31
2003-05-06-18:30,31
2003-05-06-19:30,30
2003-05-06-20:30,29
2003-05-06-21:30,29
2003-05-06-22:30,28
2003-05-06-23:30,27
2003-05-07-00:30,25
2003-05-07-01:30,26
2003-05-07-02:30,28
2003-05-07-03:30,31
2003-05-07-04:30,33
2003-05-07-05:30,36
2003-05-07-06:30,37
2003-05-07-07:30,38
2003-05-07-08:00,38
2003-05-07-08:30,38
2003-05-07-09:00,38
2003-05-07-09:30,38
2003-05-07-10:30,31
2003-05-07-10:50,31
2003-05-07-11:30,38
2003-05-07-12:30,37
2003-05-07-13:30,36
2003-05-07-14:30,35
2003-05-07-15:30,33
2003-05-07-16:30,32
2003-05-07-17:30,31
2003-05-07-18:30,30
2003-05-07-19:30,28
2003-05-07-20:30,26
2003-05-07-21:30,25
2003-05-07-22:30,25
2003-05-07-23:30,24
2003-05-08-00:30,23
2003-05-08-01:30,24
2003-05-08-02:30,27
2003-05-08-03:30,32
2003-05-08-04:30,34
2003-05-08-05:30,35
2003-05-08-06:30,38
2003-05-08-07:00,37
2003-05-08-07:30,37
2003-05-08-08:00,38
2003-05-08-08:30,38
2003-05-08-09:00,38
2003-05-08-09:30,38
2003-05-08-10:00,38
2003-05-08-11:00,38
2003-05-08-12:30,38
2003-05-08-13:30,36
2003-05-08-14:30,35
2003-05-08-15:30,33
2003-05-08-16:30,30
2003-05-08-17:30,28
2003-05-08-18:30,28
2003-05-08-19:30,28
2003-05-08-20:30,26
2003-05-08-21:30,28
2003-05-08-22:30,26
2003-05-08-23:30,25
2003-05-09-00:30,24
2003-05-09-01:30,25
2003-05-09-02:30,28
2003-05-09-03:30,31
2003-05-09-04:30,34
2003-05-09-05:30,37
2003-05-09-06:00,38
2003-05-09-06:30,38
2003-05-09-07:00,38
2003-05-09-07:30,39
2003-05-09-08:00,39
2003-05-09-08:30,39
2003-05-09-09:00,40
2003-05-09-09:30,40
2003-05-09-10:00,40
2003-05-09-10:30,39
2003-05-09-10:50,39
2003-05-09-11:30,39
2003-05-09-12:30,37
2003-05-09-13:30,36
2003-05-09-14:30,35
2003-05-09-15:30,34
2003-05-09-16:30,32
2003-05-09-17:30,29
2003-05-09-18:30,29
2003-05-09-19:30,28
2003-05-09-20:30,28
2003-05-09-21:30,26
2003-05-09-22:30,26
2003-05-09-23:30,30
2003-05-10-00:30,25
2003-05-10-01:30,27
2003-05-10-02:30,30
2003-05-10-03:30,34
2003-05-10-04:30,36
2003-05-10-05:30,39
2003-05-10-06:30,40
2003-05-10-06:51,40
2003-05-10-07:30,41
2003-05-10-09:00,42
2003-05-10-09:30,42
2003-05-10-10:30,42
2003-05-10-11:30,42
2003-05-10-12:30,41
2003-05-10-13:30,39
2003-05-10-14:30,36
2003-05-10-15:30,34
2003-05-10-16:30,34
2003-05-10-17:30,33
2003-05-10-18:30,32
2003-05-10-19:30,32
2003-05-10-20:30,32
2003-05-10-21:30,31
2003-05-10-22:30,30
2003-05-10-23:30,30
2003-05-11-00:30,30
2003-05-11-01:30,31
2003-05-11-02:30,33
2003-05-11-03:30,36
2003-05-11-04:30,38
2003-05-11-05:30,38
2003-05-11-06:30,40
2003-05-11-07:00,40
2003-05-11-07:30,41
2003-05-11-08:00,42
2003-05-11-08:30,42
2003-05-11-09:00,41
2003-05-11-09:30,41
2003-05-11-10:00,42
2003-05-11-10:30,41
2003-05-11-10:50,33
2003-05-11-11:00,40
2003-05-11-11:30,40
2003-05-11-12:30,39
2003-05-11-13:30,37
2003-05-11-14:30,36
2003-05-11-15:30,35
2003-05-11-16:30,34
2003-05-11-17:30,33
2003-05-11-18:30,33
2003-05-11-19:30,33
2003-05-11-20:30,32
2003-05-11-21:30,31
2003-05-11-22:30,30
2003-05-11-23:30,30
2003-05-12-00:30,30
2003-05-12-01:30,30
2003-05-12-02:30,31
2003-05-12-03:30,33
2003-05-12-04:30,34
2003-05-12-05:30,37
2003-05-12-06:30,38
2003-05-12-07:30,39
2003-05-12-08:00,40
2003-05-12-08:30,41
2003-05-12-09:00,41
2003-05-12-09:30,41
2003-05-12-10:00,41
2003-05-12-10:30,41
2003-05-12-11:30,41
2003-05-12-12:30,39
2003-05-12-13:30,38
2003-05-12-14:30,37
2003-05-12-15:30,36
2003-05-12-16:30,35
2003-05-12-17:30,34
2003-05-12-18:30,33
2003-05-12-19:30,33
2003-05-12-20:30,31
2003-05-12-21:30,31
2003-05-12-22:30,31
2003-05-12-23:30,28
2003-05-13-00:30,30
2003-05-13-01:30,31
2003-05-13-02:30,31
2003-05-13-03:30,32
2003-05-13-04:30,32
2003-05-13-05:30,32
2003-05-13-06:30,34
2003-05-13-07:00,36
2003-05-13-07:30,36
2003-05-13-08:00,37
2003-05-13-08:21,37
2003-05-13-09:00,37
2003-05-13-09:30,37
2003-05-13-10:00,37
2003-05-13-10:30,38
2003-05-13-11:00,37
2003-05-13-11:30,37
2003-05-13-12:21,37
2003-05-13-13:30,36
2003-05-13-14:30,30
2003-05-13-15:30,28
2003-05-13-16:30,29
2003-05-13-17:30,29
2003-05-13-18:30,28
2003-05-13-19:30,28
2003-05-13-20:30,28
2003-05-13-21:30,29
2003-05-13-22:30,29
2003-05-13-23:30,28
2003-05-14-00:30,28
2003-05-14-02:30,30
2003-05-14-03:30,33
2003-05-14-04:30,33
2003-05-14-05:30,35
2003-05-14-06:30,36
2003-05-14-08:00,38
2003-05-14-08:30,39
2003-05-14-09:30,39
2003-05-14-10:00,40
2003-05-14-10:30,41
2003-05-14-11:30,39
2003-05-14-13:30,37
2003-05-14-14:30,35
2003-05-14-15:30,34
2003-05-14-16:30,34
2003-05-14-17:30,33
2003-05-14-18:30,32
2003-05-14-19:30,32
2003-05-14-20:30,32
2003-05-14-21:30,31
2003-05-14-22:30,30
2003-05-14-23:30,29
2003-05-15-00:30,28
2003-05-15-01:30,29
2003-05-15-02:30,31
2003-05-15-03:30,34
2003-05-15-04:30,37
2003-05-15-05:30,38
2003-05-15-06:30,40
2003-05-15-07:30,42
2003-05-15-09:30,42
2003-05-15-10:30,42
2003-05-15-11:30,42
2003-05-15-12:30,41
2003-05-15-13:30,40
2003-05-15-14:30,37
2003-05-15-15:30,36
2003-05-15-16:30,36
2003-05-15-17:30,35
2003-05-15-18:30,34
2003-05-15-19:30,33
2003-05-15-20:30,32
2003-05-15-21:30,31
2003-05-15-22:30,29
2003-05-15-23:30,27
2003-05-16-00:30,26
2003-05-16-01:30,28
2003-05-16-02:30,31
2003-05-16-03:30,34
2003-05-16-05:30,39
2003-05-16-06:30,40
2003-05-16-07:00,41
2003-05-16-07:30,41
2003-05-16-08:00,41
2003-05-16-08:21,41
2003-05-16-08:30,41
2003-05-16-09:00,41
2003-05-16-09:30,41
2003-05-16-10:00,42
2003-05-16-10:30,42
2003-05-16-11:30,42
2003-05-16-12:30,41
2003-05-16-13:30,39
2003-05-16-14:30,38
2003-05-16-15:30,36
2003-05-16-16:30,33
2003-05-16-17:30,32
2003-05-16-18:30,31
2003-05-16-19:30,31
2003-05-16-20:30,30
2003-05-16-21:30,29
2003-05-16-22:30,29
2003-05-17-00:30,28
2003-05-17-01:30,29
2003-05-17-02:30,31
2003-05-17-03:30,35
2003-05-17-04:30,37
2003-05-17-05:30,39
2003-05-17-06:30,41
2003-05-17-07:30,42
2003-05-17-08:21,43
2003-05-17-09:30,44
2003-05-17-10:30,44
2003-05-17-11:00,43
2003-05-17-12:30,42
2003-05-17-13:30,40
2003-05-17-14:30,39
2003-05-17-15:30,38
2003-05-17-16:30,37
2003-05-17-17:30,37
2003-05-17-18:30,35
2003-05-17-19:30,35
2003-05-17-20:30,33
2003-05-17-21:30,32
2003-05-17-22:30,32
2003-05-17-23:30,32
2003-05-18-00:00,30
2003-05-18-01:30,32
2003-05-18-02:30,34
2003-05-18-03:30,36
2003-05-18-04:30,38
2003-05-18-05:30,39
2003-05-18-06:30,40
2003-05-18-07:00,41
2003-05-18-07:30,42
2003-05-18-08:00,43
2003-05-18-08:21,43
2003-05-18-09:00,42
2003-05-18-09:30,44
2003-05-18-10:00,44
2003-05-18-11:30,43
2003-05-18-12:30,42
2003-05-18-13:30,41
2003-05-18-14:30,38
2003-05-18-15:30,37
2003-05-18-16:30,36
2003-05-18-17:30,33
2003-05-18-18:30,33
2003-05-18-19:30,31
2003-05-18-20:30,31
2003-05-18-21:30,31
2003-05-18-23:30,29
2003-05-19-00:30,30
2003-05-19-01:30,31
2003-05-19-02:30,33
2003-05-19-03:30,37
2003-05-19-04:30,40
2003-05-19-05:30,41
2003-05-19-06:30,41
2003-05-19-07:00,42
2003-05-19-07:30,42
2003-05-19-08:00,43
2003-05-19-08:30,44
2003-05-19-09:30,42
2003-05-19-10:00,38
2003-05-19-10:30,37
2003-05-19-11:00,36
2003-05-19-11:30,36
2003-05-19-12:30,37
2003-05-19-13:30,36
2003-05-19-15:00,35
2003-05-19-17:00,35
2003-05-19-17:30,36
2003-05-19-18:00,36
2003-05-19-18:30,37
2003-05-19-19:00,36
2003-05-19-19:30,35
2003-05-19-20:00,35
2003-05-19-20:30,35
2003-05-19-21:00,37
2003-05-19-21:30,35
2003-05-19-22:30,34
2003-05-19-23:00,33
2003-05-19-23:30,33
2003-05-20-00:00,33
2003-05-20-00:30,33
2003-05-20-01:00,34
2003-05-20-01:30,34
2003-05-20-02:00,34
2003-05-20-02:30,35
2003-05-20-03:00,35
2003-05-20-03:30,35
2003-05-20-04:00,37
2003-05-20-04:30,38
2003-05-20-05:00,38
2003-05-20-06:00,39
2003-05-20-06:30,39
2003-05-20-07:00,41
2003-05-20-07:30,41
2003-05-20-08:00,42
2003-05-20-08:30,43
2003-05-20-09:00,43
2003-05-20-09:30,44
2003-05-20-10:00,44
2003-05-20-10:30,44
2003-05-20-11:00,44
2003-05-20-11:30,44
2003-05-20-12:00,44
2003-05-20-12:30,44
2003-05-20-13:00,43
2003-05-20-13:30,42
2003-05-20-14:00,40
2003-05-20-14:30,39
2003-05-20-15:30,37
2003-05-20-16:00,38
2003-05-20-16:30,38
2003-05-20-17:00,37
2003-05-20-17:30,36
2003-05-20-18:00,35.5
2003-05-20-18:30,35
2003-05-20-19:00,35
2003-05-20-19:30,35
2003-05-20-20:00,34
2003-05-20-21:30,34
2003-05-20-22:00,34
2003-05-20-22:30,33
2003-05-20-23:00,34
2003-05-20-23:30,35
2003-05-21-00:00,33
2003-05-21-00:30,33
2003-05-21-01:00,34
2003-05-21-01:30,34
2003-05-21-02:00,34
2003-05-21-02:30,35.5
2003-05-21-03:00,37
2003-05-21-03:30,38
2003-05-21-04:00,39
2003-05-21-04:30,40
2003-05-21-05:00,41
2003-05-21-05:30,42
2003-05-21-06:00,42
2003-05-21-06:30,43
2003-05-21-07:00,44
2003-05-21-07:30,45
2003-05-21-08:00,45
2003-05-21-08:30,45
2003-05-21-09:00,45
2003-05-21-09:30,45
2003-05-21-10:00,45
2003-05-21-10:30,44
2003-05-21-11:00,44
2003-05-21-11:30,44
2003-05-21-12:00,43
2003-05-21-12:30,43
2003-05-21-13:00,42
2003-05-21-13:30,42
2003-05-21-14:00,41
2003-05-21-14:30,40
2003-05-21-15:00,39
2003-05-21-16:00,38
2003-05-21-18:00,37
2003-05-21-18:30,37
2003-05-21-19:00,37
2003-05-21-19:30,37
2003-05-21-21:30,35
2003-05-21-22:00,35
2003-05-21-22:30,35
2003-05-21-23:30,35
2003-05-22-00:30,35
2003-05-22-01:00,36
2003-05-22-01:30,37
2003-05-22-02:00,37
2003-05-22-02:30,37
2003-05-22-03:00,37
2003-05-22-03:30,37
2003-05-22-04:00,37
2003-05-22-04:30,37
2003-05-22-05:00,38
2003-05-22-05:30,39
2003-05-22-06:00,39
2003-05-22-07:00,39
2003-05-22-07:30,38
2003-05-22-08:00,32
2003-05-22-08:30,33
2003-05-22-10:00,39
2003-05-22-10:30,40
2003-05-22-11:00,40
2003-05-22-11:30,39
2003-05-22-12:00,39
2003-05-22-13:30,37
2003-05-22-14:00,36
2003-05-22-14:30,35
2003-05-22-15:00,34
2003-05-22-16:00,33
2003-05-22-16:30,33
2003-05-22-17:00,34
2003-05-22-17:30,31
2003-05-22-18:00,30
2003-05-22-18:30,30
2003-05-22-19:00,28
2003-05-22-20:00,27
2003-05-22-21:30,27
2003-05-22-22:00,27
2003-05-22-22:30,27
2003-05-22-23:00,26
2003-05-22-23:30,26
2003-05-23-00:00,26
2003-05-23-00:30,26
2003-05-23-01:00,26
2003-05-23-02:30,21
2003-05-23-03:30,23
2003-05-23-05:30,26
2003-05-23-06:00,25
2003-05-23-06:30,24
2003-05-23-07:30,31
2003-05-23-08:00,32
2003-05-23-08:30,32
2003-05-23-09:30,34
2003-05-23-10:00,34
2003-05-23-10:30,34
2003-05-23-11:00,35
2003-05-23-11:30,35
2003-05-23-12:00,35
2003-05-23-12:30,34
2003-05-23-13:00,24
2003-05-23-13:30,33
2003-05-23-14:30,32
2003-05-23-15:00,31
2003-05-23-15:30,31
2003-05-23-16:00,31
2003-05-23-16:30,30
2003-05-23-17:30,30
2003-05-23-18:00,30
2003-05-23-18:30,29
2003-05-23-19:00,29
2003-05-23-19:30,29
2003-05-23-20:30,28
2003-05-23-21:00,28
2003-05-23-21:30,28
2003-05-23-22:00,28
2003-05-23-22:30,28
2003-05-23-23:00,28
2003-05-23-23:30,27
2003-05-24-00:00,27
2003-05-24-00:30,27
2003-05-24-01:30,29
2003-05-24-02:00,30
2003-05-24-03:00,32
2003-05-24-03:30,33
2003-05-24-04:00,33
2003-05-24-04:30,35
2003-05-24-05:00,36
2003-05-24-05:30,37
2003-05-24-06:30,37
2003-05-24-07:00,37
2003-05-24-07:30,37
2003-05-24-08:00,38
2003-05-24-08:30,38
2003-05-24-09:00,38
2003-05-24-09:30,38
2003-05-24-10:00,38
2003-05-24-10:30,37
2003-05-24-11:00,29
2003-05-24-11:30,31
2003-05-24-12:00,32
2003-05-24-12:30,31
2003-05-24-13:00,31
2003-05-24-13:30,31
2003-05-24-14:00,31
2003-05-24-15:00,30
2003-05-24-15:30,30
2003-05-24-16:00,30
2003-05-24-16:30,30
2003-05-24-17:00,29
2003-05-24-17:30,29
2003-05-24-18:00,29
2003-05-24-18:30,28
2003-05-24-19:00,28
2003-05-24-19:30,29
2003-05-24-20:00,28
2003-05-24-20:30,28
2003-05-24-21:00,28
2003-05-24-21:30,28
2003-05-24-22:00,27
2003-05-24-22:30,27
2003-05-24-23:00,27
2003-05-24-23:30,30
2003-05-25-00:30,27
2003-05-25-01:30,28
2003-05-25-02:00,29
2003-05-25-02:30,30
2003-05-25-03:00,31
2003-05-25-03:30,31
2003-05-25-04:00,30
2003-05-25-04:30,31
2003-05-25-05:00,32
2003-05-25-05:30,33
2003-05-25-06:00,33
2003-05-25-06:30,35
2003-05-25-07:00,35
2003-05-25-07:21,37
2003-05-25-08:00,37
2003-05-25-08:30,37
2003-05-25-09:00,38
2003-05-25-10:00,38
2003-05-25-10:30,38
2003-05-25-11:00,38
2003-05-25-11:30,38
2003-05-25-12:00,38
2003-05-25-12:30,38
2003-05-25-13:00,37
2003-05-25-13:30,37
2003-05-25-14:30,36
2003-05-25-15:00,35
2003-05-25-15:30,35
2003-05-25-16:00,35
2003-05-25-16:30,34
2003-05-25-17:00,33
2003-05-25-17:30,33
2003-05-25-18:00,32
2003-05-25-18:30,32
2003-05-25-19:00,31
2003-05-25-19:30,31
2003-05-25-20:00,32
2003-05-25-20:30,31
2003-05-25-21:00,31
2003-05-25-21:30,31
2003-05-25-22:00,30
2003-05-25-22:30,30
2003-05-25-23:00,28
2003-05-25-23:30,30
2003-05-26-00:00,29
2003-05-26-00:30,31
2003-05-26-01:00,31
2003-05-26-01:30,31
2003-05-26-02:00,31
2003-05-26-02:30,33
2003-05-26-03:30,35
2003-05-26-04:00,35
2003-05-26-04:30,36
2003-05-26-05:00,37
2003-05-26-05:30,38
2003-05-26-06:00,38
2003-05-26-06:30,39
2003-05-26-07:00,38
2003-05-26-07:30,40
2003-05-26-08:00,40
2003-05-26-09:00,40
2003-05-26-09:30,40
2003-05-26-10:00,40
2003-05-26-10:30,40
2003-05-26-11:00,40
2003-05-26-11:30,40
2003-05-26-12:21,37
2003-05-26-13:00,37
2003-05-26-13:30,36
2003-05-26-14:00,35
2003-05-26-14:30,35
2003-05-26-15:00,35
2003-05-26-15:30,34
2003-05-26-16:00,34
2003-05-26-16:30,33
2003-05-26-17:00,33
2003-05-26-18:00,32
2003-05-26-18:30,32
2003-05-26-19:00,31
2003-05-26-19:30,31
2003-05-26-20:00,30
2003-05-26-20:30,30
2003-05-26-21:00,30
2003-05-26-21:30,30
2003-05-26-22:00,29
2003-05-26-22:30,29
2003-05-26-23:00,29
2003-05-27-00:00,28
2003-05-27-01:00,29
2003-05-27-01:30,29
2003-05-27-02:00,30
2003-05-27-02:30,31
2003-05-27-03:00,33
2003-05-27-03:30,34
2003-05-27-04:00,35
2003-05-27-04:30,36
2003-05-27-05:00,36
2003-05-27-05:30,38
2003-05-27-06:00,37
2003-05-27-06:30,39
2003-05-27-07:00,40
2003-05-27-07:30,40
2003-05-27-08:00,40
2003-05-27-08:30,41
2003-05-27-09:00,41
2003-05-27-09:30,41
2003-05-27-10:00,41
2003-05-27-10:30,42
2003-05-27-11:00,41
2003-05-27-11:30,42
2003-05-27-12:00,41
2003-05-27-12:30,41
2003-05-27-13:00,41
2003-05-27-13:30,40
2003-05-27-14:00,39.5
2003-05-27-14:21,39
2003-05-27-15:00,37
2003-05-27-15:30,37
2003-05-27-16:00,37
2003-05-27-16:30,37
2003-05-27-17:00,36
2003-05-27-17:30,36
2003-05-27-18:00,36
2003-05-27-19:00,36
2003-05-27-19:30,35
2003-05-27-20:00,35
2003-05-27-20:30,34
2003-05-27-21:00,33
2003-05-27-21:30,32
2003-05-27-22:00,31
2003-05-27-22:30,31
2003-05-27-23:00,30
2003-05-27-23:30,30
2003-05-28-00:00,30
2003-05-28-00:30,30
2003-05-28-01:00,30
2003-05-28-01:30,30
2003-05-28-02:00,31
2003-05-28-03:00,36
2003-05-28-03:30,37
2003-05-28-04:00,38
2003-05-28-04:30,38
2003-05-28-05:00,38
2003-05-28-05:30,39
2003-05-28-06:00,40
2003-05-28-06:30,40
2003-05-28-07:00,40
2003-05-28-07:30,41
2003-05-28-08:00,42
2003-05-28-08:30,42
2003-05-28-09:30,42
2003-05-28-10:00,42
2003-05-28-10:30,42
2003-05-28-11:00,42
2003-05-28-11:30,41
2003-05-28-12:00,41
2003-05-28-12:30,41
2003-05-28-13:00,40
2003-05-28-13:30,40
2003-05-28-14:00,40
2003-05-28-14:30,39
2003-05-28-15:00,39
2003-05-28-15:30,38
2003-05-28-16:00,38
2003-05-28-16:30,37
2003-05-28-17:30,36
2003-05-28-18:00,36
2003-05-28-18:30,35
2003-05-28-19:00,34
2003-05-28-19:30,34
2003-05-28-20:00,34
2003-05-28-20:30,34
2003-05-28-21:00,32
2003-05-28-21:30,32
2003-05-28-22:00,31
2003-05-28-22:30,30
2003-05-29-00:00,28
2003-05-29-00:30,28
2003-05-29-01:30,28
2003-05-29-03:00,31
2003-05-29-03:30,33
2003-05-29-04:30,37
2003-05-29-05:00,38
2003-05-29-05:30,39
2003-05-29-06:30,41
2003-05-29-07:00,41
2003-05-29-07:30,42
2003-05-29-08:00,42
2003-05-29-08:30,43
2003-05-29-09:30,43
2003-05-29-10:00,43
2003-05-29-10:30,43
2003-05-29-11:30,43
2003-05-29-12:00,43
2003-05-29-12:30,42
2003-05-29-13:30,41
2003-05-29-14:00,39
2003-05-29-15:30,38
2003-05-29-16:30,37
2003-05-29-18:30,35
2003-05-29-19:00,35
2003-05-29-19:30,34
2003-05-29-20:00,33
2003-05-29-20:30,32
2003-05-29-21:00,32
2003-05-29-21:30,30
2003-05-29-22:00,30
2003-05-29-22:30,29
2003-05-29-23:00,28
2003-05-29-23:30,28
2003-05-30-00:00,28
2003-05-30-00:30,27
2003-05-30-01:00,28
2003-05-30-01:30,29
2003-05-30-03:00,33
2003-05-30-03:30,35
2003-05-30-04:00,36
2003-05-30-04:30,38
2003-05-30-05:00,40
2003-05-30-05:30,40
2003-05-30-06:00,41
2003-05-30-06:30,41
2003-05-30-07:00,42
2003-05-30-07:30,43
2003-05-30-08:00,44
2003-05-30-08:30,44
2003-05-30-09:00,44
2003-05-30-09:30,43.5
2003-05-30-10:00,43
2003-05-30-10:30,44
2003-05-30-11:00,44
2003-05-30-11:30,43
2003-05-30-12:00,43
2003-05-30-12:30,43
2003-05-30-13:00,42
2003-05-30-13:30,42
2003-05-30-14:00,41
2003-05-30-14:30,40
2003-05-30-15:00,39
2003-05-30-16:30,36
2003-05-30-17:00,36
2003-05-30-17:30,36
2003-05-30-18:30,34
2003-05-30-19:00,33
2003-05-30-19:30,32
2003-05-30-20:00,33
2003-05-30-20:30,32
2003-05-30-21:00,31
2003-05-30-21:30,31
2003-05-30-22:00,31
2003-05-30-22:30,31
2003-05-30-23:00,31
2003-05-30-23:30,31
2003-05-31-00:00,31
2003-05-31-00:30,32
2003-05-31-01:00,31
2003-05-31-01:30,32
2003-05-31-02:30,33
2003-05-31-03:00,35
2003-05-31-03:30,36
2003-05-31-04:00,37
2003-05-31-04:30,38.5
2003-05-31-05:00,40
2003-05-31-05:30,41
2003-05-31-06:00,42
2003-05-31-06:30,43
2003-05-31-07:00,43
2003-05-31-07:30,43
2003-05-31-08:30,44
2003-05-31-09:30,45
2003-05-31-10:30,45
2003-05-31-11:00,44
2003-05-31-11:30,45
2003-05-31-12:00,44
2003-05-31-12:30,44
2003-05-31-13:00,43
2003-05-31-13:30,42
2003-05-31-14:00,41
2003-05-31-14:30,39
2003-05-31-14:51,40
2003-05-31-15:30,38
2003-05-31-16:00,38
2003-05-31-17:30,36
2003-05-31-18:00,36
2003-05-31-18:30,36
2003-05-31-19:00,35
2003-05-31-19:30,35
2003-05-31-20:00,34
2003-05-31-21:00,33
2003-05-31-22:00,33
2003-05-31-22:30,33
2003-05-31-23:00,32
2003-05-31-23:30,32
2003-06-01-00:00,32
2003-06-01-00:30,32
2003-06-01-01:30,34
2003-06-01-02:00,34
2003-06-01-02:30,34
2003-06-01-03:00,35
2003-06-01-03:30,36
2003-06-01-04:00,37
2003-06-01-04:30,39
2003-06-01-05:30,40
2003-06-01-06:00,41
2003-06-01-06:30,41
2003-06-01-07:30,43
2003-06-01-08:00,44
2003-06-01-08:30,44
2003-06-01-09:30,44
2003-06-01-10:00,44
2003-06-01-10:30,44
2003-06-01-11:00,44
2003-06-01-11:30,44
2003-06-01-12:00,44
2003-06-01-12:30,43
2003-06-01-13:00,42
2003-06-01-13:30,42
2003-06-01-14:00,41
2003-06-01-14:30,40
2003-06-01-15:30,38
2003-06-01-16:00,38
2003-06-01-16:30,37
2003-06-01-17:00,36
2003-06-01-17:30,36
2003-06-01-18:00,37
2003-06-01-18:30,35
2003-06-01-19:00,34
2003-06-01-19:30,34
2003-06-01-20:30,34
2003-06-01-21:00,33
2003-06-01-21:30,33
2003-06-01-22:00,33
2003-06-01-22:30,31
2003-06-01-23:30,33
2003-06-02-00:00,32
2003-06-02-00:30,32
2003-06-02-01:00,32
2003-06-02-01:30,32
2003-06-02-02:00,34
2003-06-02-02:30,36
2003-06-02-03:00,36
2003-06-02-03:30,39
2003-06-02-04:30,41
2003-06-02-05:00,42
2003-06-02-05:30,42
2003-06-02-06:00,43
2003-06-02-06:30,43
2003-06-02-07:30,44
2003-06-02-08:00,45
2003-06-02-08:30,45
2003-06-02-09:00,45
2003-06-02-09:30,45
2003-06-02-10:00,46
2003-06-02-10:30,45
2003-06-02-11:00,45
2003-06-02-11:30,45
2003-06-02-12:00,45
2003-06-02-12:30,45
2003-06-02-13:00,44
2003-06-02-13:30,43
2003-06-02-14:30,42
2003-06-02-15:00,41
2003-06-02-15:30,41
2003-06-02-16:00,40
2003-06-02-16:30,39
2003-06-02-17:00,39
2003-06-02-17:30,38
2003-06-02-18:00,37
2003-06-02-18:30,37
2003-06-02-19:00,35
2003-06-02-19:30,34
2003-06-02-20:30,33
2003-06-02-21:00,33
2003-06-02-21:30,32
2003-06-02-22:30,32
2003-06-02-23:00,32
2003-06-02-23:30,32
2003-06-03-00:00,32
2003-06-03-00:30,32
2003-06-03-01:30,34
2003-06-03-02:30,36
2003-06-03-03:00,38
2003-06-03-03:30,39
2003-06-03-04:00,40
2003-06-03-04:30,42
2003-06-03-05:00,43
2003-06-03-05:30,43
2003-06-03-06:30,45
2003-06-03-07:00,45
2003-06-03-08:00,46
2003-06-03-08:30,47
2003-06-03-09:00,47
2003-06-03-09:30,47
2003-06-03-10:00,47
2003-06-03-10:30,47
2003-06-03-11:00,47
2003-06-03-11:30,47
2003-06-03-12:00,47
2003-06-03-12:30,46
2003-06-03-13:30,44
2003-06-03-14:00,43
2003-06-03-14:30,43
2003-06-03-15:30,41
2003-06-03-16:00,41
2003-06-03-16:30,39
2003-06-03-17:30,39
2003-06-03-18:00,39
2003-06-03-18:30,39
2003-06-03-19:30,39
2003-06-03-20:00,38
2003-06-03-20:30,37
2003-06-03-21:00,37
2003-06-03-22:00,37
2003-06-03-23:00,37
2003-06-03-23:30,36
2003-06-04-00:00,36
2003-06-04-00:30,36
2003-06-04-01:00,36
2003-06-04-01:30,36
2003-06-04-02:00,37
2003-06-04-02:30,37
2003-06-04-03:00,39
2003-06-04-03:30,39
2003-06-04-04:00,40
2003-06-04-04:30,41
2003-06-04-05:30,42
2003-06-04-06:30,43
2003-06-04-07:00,44
2003-06-04-07:30,45
2003-06-04-08:30,46
2003-06-04-09:30,47
2003-06-04-10:00,47
2003-06-04-10:30,46
2003-06-04-11:00,46
2003-06-04-11:30,46
2003-06-04-12:00,46
2003-06-04-12:30,46
2003-06-04-13:00,46
2003-06-04-13:30,45
2003-06-04-14:00,45
2003-06-04-14:30,43
2003-06-04-15:00,43
2003-06-04-15:30,43
2003-06-04-16:00,42
2003-06-04-16:30,38
2003-06-04-17:00,37
2003-06-04-17:30,37
2003-06-04-18:00,37
2003-06-04-19:00,36
2003-06-04-19:30,36
2003-06-04-20:00,36
2003-06-04-20:30,36
2003-06-04-21:00,35
2003-06-04-21:30,34
2003-06-04-22:00,34
2003-06-04-22:30,33
2003-06-04-23:00,32
2003-06-04-23:30,32
2003-06-05-00:30,33
2003-06-05-01:00,34
2003-06-05-01:30,34
2003-06-05-02:00,35
2003-06-05-02:30,36
2003-06-05-03:00,37
2003-06-05-04:00,39
2003-06-05-04:30,39
2003-06-05-05:00,39.5
2003-06-05-05:30,40
2003-06-05-06:00,41
2003-06-05-06:30,42
2003-06-05-07:00,42
2003-06-05-07:30,43
2003-06-05-08:30,44
2003-06-05-09:00,44
2003-06-05-09:30,43
2003-06-05-10:00,43
2003-06-05-10:30,42
2003-06-05-11:00,42
2003-06-05-11:30,41.5
2003-06-05-12:00,41
2003-06-05-12:30,41
2003-06-05-13:00,41
2003-06-05-13:30,40
2003-06-05-14:00,39.5
2003-06-05-14:30,39
2003-06-05-15:00,39
2003-06-05-16:00,38
2003-06-05-16:30,38
2003-06-05-17:30,37
2003-06-05-18:00,37
2003-06-05-18:30,37
2003-06-05-19:00,36
2003-06-05-19:30,35
2003-06-05-20:00,35
2003-06-05-20:30,35
2003-06-05-21:00,36
2003-06-05-21:30,36
2003-06-05-22:00,36
2003-06-05-22:30,36
2003-06-05-23:00,35
2003-06-05-23:30,36
2003-06-06-00:30,36
2003-06-06-01:00,35
2003-06-06-01:30,35
2003-06-06-02:00,36
2003-06-06-02:30,36
2003-06-06-03:30,37
2003-06-06-04:00,37
2003-06-06-04:30,38
2003-06-06-05:00,38
2003-06-06-05:30,39
2003-06-06-06:00,40
2003-06-06-06:30,40
2003-06-06-07:00,41
2003-06-06-07:30,42
2003-06-06-08:00,42
2003-06-06-08:30,42
2003-06-06-09:00,43
2003-06-06-09:30,44
2003-06-06-10:30,44
2003-06-06-11:00,44
2003-06-06-11:30,44
2003-06-06-12:00,44
2003-06-06-12:30,44
2003-06-06-13:00,43.5
2003-06-06-13:30,43
2003-06-06-14:00,42
2003-06-06-14:30,42
2003-06-06-15:30,41
2003-06-06-16:30,39
2003-06-06-17:00,39
2003-06-06-17:30,39
2003-06-06-18:00,39
2003-06-06-18:30,39
2003-06-06-19:00,39
2003-06-06-19:30,39
2003-06-06-20:30,39
2003-06-06-21:00,39
2003-06-06-21:30,39
2003-06-06-22:00,39
2003-06-06-22:30,39
2003-06-06-23:00,38
2003-06-06-23:30,38
2003-06-07-00:00,37
2003-06-07-00:30,37
2003-06-07-01:00,37
2003-06-07-01:30,37
2003-06-07-02:00,37
2003-06-07-02:30,37
2003-06-07-03:00,37
2003-06-07-03:30,38
2003-06-07-04:00,38
2003-06-07-04:30,38
2003-06-07-05:00,39
2003-06-07-05:30,40
2003-06-07-06:00,39
2003-06-07-06:30,40
2003-06-07-07:00,41
2003-06-07-07:30,41
2003-06-07-08:00,42
2003-06-07-08:30,43
2003-06-07-09:00,43
2003-06-07-09:30,43
2003-06-07-10:00,43
2003-06-07-10:30,44
2003-06-07-11:00,44
2003-06-07-11:30,44
2003-06-07-12:00,44
2003-06-07-12:30,44
2003-06-07-13:00,43
2003-06-07-13:30,43
2003-06-07-14:00,43
2003-06-07-14:30,43
2003-06-07-15:00,43
2003-06-07-15:30,40
2003-06-07-16:00,37
2003-06-07-16:30,36
2003-06-07-18:00,32
2003-06-07-18:30,32
2003-06-07-19:00,31
2003-06-07-19:30,31
2003-06-07-20:00,31
2003-06-07-20:30,31
2003-06-07-21:00,31
2003-06-07-21:30,31
2003-06-07-22:00,31
2003-06-07-22:30,31
2003-06-07-23:00,31
2003-06-07-23:30,31
2003-06-08-00:00,31
2003-06-08-00:30,31
2003-06-08-01:30,31
2003-06-08-02:00,31
2003-06-08-02:30,32
2003-06-08-03:30,32
2003-06-08-04:30,34
2003-06-08-05:00,34
2003-06-08-05:30,35
2003-06-08-06:00,36
2003-06-08-06:30,37
2003-06-08-07:00,37
2003-06-08-07:30,38
2003-06-08-08:00,38
2003-06-08-08:30,39
2003-06-08-09:00,39
2003-06-08-09:30,40
2003-06-08-10:00,39
2003-06-08-10:30,40
2003-06-08-11:00,39
2003-06-08-11:30,39
2003-06-08-12:00,39
2003-06-08-12:30,38
2003-06-08-13:00,37
2003-06-08-13:30,37
2003-06-08-14:00,36
2003-06-08-14:30,35
2003-06-08-15:00,34
2003-06-08-16:00,33
2003-06-08-17:00,32
2003-06-08-17:30,32
2003-06-08-18:00,32
2003-06-08-18:30,32
2003-06-08-19:00,31
2003-06-08-19:30,31
2003-06-08-20:00,31
2003-06-08-20:30,31
2003-06-08-21:00,31
2003-06-08-22:00,31
2003-06-08-22:30,31
2003-06-08-23:00,31
2003-06-08-23:30,31
2003-06-09-00:00,31
2003-06-09-00:30,31
2003-06-09-01:00,30
2003-06-09-01:30,31
2003-06-09-02:00,31
2003-06-09-02:30,31
2003-06-09-03:00,32
2003-06-09-03:30,33
2003-06-09-04:00,33
2003-06-09-04:21,35
2003-06-09-05:00,35
2003-06-09-05:30,37
2003-06-09-06:00,37
2003-06-09-06:30,38
2003-06-09-07:00,39
2003-06-09-07:30,39.5
2003-06-09-08:00,40
2003-06-09-08:30,41
2003-06-09-09:00,42
2003-06-09-09:30,42
2003-06-09-10:00,43
2003-06-09-10:21,43
2003-06-09-11:30,44
2003-06-09-12:00,43
2003-06-09-12:30,43
2003-06-09-13:00,43
2003-06-09-13:30,43
2003-06-09-14:30,41
2003-06-09-15:00,42
2003-06-09-15:30,42
2003-06-09-16:00,42
2003-06-09-16:30,42
2003-06-09-17:00,41
2003-06-09-17:30,41
2003-06-09-18:30,37
2003-06-09-19:00,36
2003-06-09-20:30,34
2003-06-09-21:00,34
2003-06-09-21:30,34
2003-06-09-22:00,34
2003-06-09-22:30,34
2003-06-09-23:00,35
2003-06-09-23:30,36
2003-06-10-00:00,36
2003-06-10-00:30,36
2003-06-10-01:00,36
2003-06-10-01:30,36
2003-06-10-02:00,36
2003-06-10-02:30,36
2003-06-10-03:00,37
2003-06-10-03:30,37
2003-06-10-04:00,38
2003-06-10-04:30,38
2003-06-10-05:00,39
2003-06-10-05:30,39.5
2003-06-10-06:00,40
2003-06-10-06:30,40
2003-06-10-07:30,42
2003-06-10-08:00,43
2003-06-10-08:30,44
2003-06-10-09:00,44
2003-06-10-09:30,45
2003-06-10-10:00,45
2003-06-10-10:30,44
2003-06-10-11:00,44
2003-06-10-11:30,44
2003-06-10-12:00,44
2003-06-10-12:30,44
2003-06-10-13:00,43
2003-06-10-13:30,43
2003-06-10-14:00,42
2003-06-10-15:00,41
2003-06-10-15:30,41
2003-06-10-16:00,41
2003-06-10-16:30,41
2003-06-10-17:00,38
2003-06-10-17:30,37
2003-06-10-18:00,35
2003-06-10-18:30,35
2003-06-10-19:00,35
2003-06-10-19:30,35
2003-06-10-20:00,35
2003-06-10-20:30,35
2003-06-10-21:00,35
2003-06-10-21:30,34
2003-06-10-22:00,35
2003-06-10-22:30,36
2003-06-10-23:00,35
2003-06-10-23:30,35
2003-06-11-00:00,35
2003-06-11-00:30,36
2003-06-11-01:00,36
2003-06-11-01:30,36
2003-06-11-02:00,37
2003-06-11-02:30,37
2003-06-11-03:30,37
2003-06-11-04:00,38
2003-06-11-04:30,38
2003-06-11-05:30,39
2003-06-11-06:00,40
2003-06-11-06:30,40
2003-06-11-08:00,42
2003-06-11-08:30,43
2003-06-11-09:00,43
2003-06-11-09:30,43
2003-06-11-10:00,44
2003-06-11-10:30,43
2003-06-11-11:00,43
2003-06-11-11:30,44
2003-06-11-12:00,43
2003-06-11-12:30,43
2003-06-11-13:00,43
2003-06-11-13:30,41
2003-06-11-14:00,40
2003-06-11-14:30,29
2003-06-11-15:30,39
2003-06-11-16:00,38
2003-06-11-16:30,37
2003-06-11-17:00,37
2003-06-11-17:21,37
2003-06-11-18:00,39
2003-06-11-18:30,38
2003-06-11-19:00,38
2003-06-11-19:30,38
2003-06-11-20:00,38
2003-06-11-20:30,37
2003-06-11-21:00,37
2003-06-11-21:30,37
2003-06-11-22:30,36
2003-06-11-22:51,36
2003-06-11-23:30,36
2003-06-12-00:00,35
2003-06-12-00:30,35
2003-06-12-01:00,35
2003-06-12-01:30,35
2003-06-12-02:00,35
2003-06-12-02:30,36
2003-06-12-03:00,37
2003-06-12-03:30,39
2003-06-12-04:00,39
2003-06-12-04:30,39
2003-06-12-05:00,40
2003-06-12-05:30,40
2003-06-12-06:30,42
2003-06-12-07:00,43
2003-06-12-07:30,43
2003-06-12-08:00,43
2003-06-12-08:30,43
2003-06-12-09:00,44
2003-06-12-09:30,44
2003-06-12-10:00,44
2003-06-12-10:30,44
2003-06-12-11:00,44
2003-06-12-11:30,45
2003-06-12-12:00,44
2003-06-12-12:30,43
2003-06-12-13:00,43
2003-06-12-13:30,42
2003-06-12-14:00,42
2003-06-12-14:30,42
2003-06-12-15:00,42
2003-06-12-15:30,41
2003-06-12-16:00,39
2003-06-12-16:30,39
2003-06-12-17:00,38
2003-06-12-17:30,38
2003-06-12-18:00,38
2003-06-12-18:30,38
2003-06-12-19:00,37
2003-06-12-19:30,37
2003-06-12-20:00,37
2003-06-12-20:30,37
2003-06-12-21:30,36
2003-06-12-22:00,36
2003-06-12-22:30,35
2003-06-12-23:00,35
2003-06-12-23:30,34
2003-06-13-00:00,35
2003-06-13-00:30,35
2003-06-13-01:00,36
2003-06-13-01:30,35
2003-06-13-02:00,36
2003-06-13-02:30,37
2003-06-13-03:00,38
2003-06-13-03:30,38
2003-06-13-04:30,40
2003-06-13-05:00,40
2003-06-13-05:30,41
2003-06-13-06:00,41
2003-06-13-06:30,42
2003-06-13-07:00,42
2003-06-13-07:30,43
2003-06-13-08:00,43
2003-06-13-08:30,40
2003-06-13-09:30,43
2003-06-13-11:30,39
2003-06-13-12:00,39
2003-06-13-12:30,39
2003-06-13-13:30,39
2003-06-13-14:00,37
2003-06-13-15:00,36
2003-06-13-15:30,36
2003-06-13-16:00,36
2003-06-13-16:30,36
2003-06-13-17:00,35
2003-06-13-17:30,36
2003-06-13-18:00,35
2003-06-13-18:30,35
2003-06-13-19:00,35
2003-06-13-19:30,35
2003-06-13-20:00,35
2003-06-13-20:30,34
2003-06-13-21:00,34
2003-06-13-21:30,33
2003-06-13-22:30,33
2003-06-13-23:00,33
2003-06-13-23:30,32
2003-06-14-00:00,32
2003-06-14-00:30,31
2003-06-14-01:00,33
2003-06-14-01:30,35
2003-06-14-02:30,36
2003-06-14-03:00,37
2003-06-14-03:30,38
2003-06-14-04:00,39
2003-06-14-04:30,40
2003-06-14-05:00,40
2003-06-14-05:30,42
2003-06-14-06:00,43
2003-06-14-06:30,43
2003-06-14-07:00,44
2003-06-14-07:30,44
2003-06-14-08:30,44
2003-06-14-09:00,44
2003-06-14-09:30,44
2003-06-14-10:00,45
2003-06-14-10:30,45
2003-06-14-11:00,45
2003-06-14-11:30,44
2003-06-14-12:30,43
2003-06-14-13:00,43
2003-06-14-13:30,42
2003-06-14-14:00,42
2003-06-14-14:30,41
2003-06-14-15:00,40
2003-06-14-15:30,38
2003-06-14-16:00,38
2003-06-14-16:30,38
2003-06-14-17:00,37
2003-06-14-17:30,37
2003-06-14-18:00,37
2003-06-14-18:30,37
2003-06-14-19:00,36
2003-06-14-19:30,35
2003-06-14-20:00,35
2003-06-14-20:30,34
2003-06-14-20:51,33
2003-06-14-21:30,33
2003-06-14-22:00,33
2003-06-14-22:30,33
2003-06-14-23:00,33
2003-06-14-23:30,32
2003-06-15-00:00,33
2003-06-15-00:30,32
2003-06-15-01:00,33
2003-06-15-01:30,32
2003-06-15-02:00,32
2003-06-15-02:30,33
2003-06-15-03:00,34
2003-06-15-03:30,35
2003-06-15-04:00,37
2003-06-15-04:30,37
2003-06-15-05:00,38
2003-06-15-05:30,38
2003-06-15-06:00,39
2003-06-15-06:30,40
2003-06-15-07:00,40
2003-06-15-07:30,41
2003-06-15-08:00,42
2003-06-15-08:30,43
2003-06-15-09:00,44
2003-06-15-10:00,44
2003-06-15-10:30,45
2003-06-15-11:00,44
2003-06-15-12:00,42
2003-06-15-12:30,41
2003-06-15-13:00,41
2003-06-15-13:30,40
2003-06-15-14:00,39
2003-06-15-14:30,39
2003-06-15-15:00,39
2003-06-15-15:30,38
2003-06-15-16:00,37
2003-06-15-16:30,37
2003-06-15-17:00,37
2003-06-15-17:30,37
2003-06-15-18:00,37
2003-06-15-18:30,36
2003-06-15-19:00,35
2003-06-15-19:30,35
2003-06-15-20:00,34
2003-06-15-20:30,34
2003-06-15-21:00,33
2003-06-15-21:30,33
2003-06-15-22:00,33
2003-06-15-22:30,33
2003-06-15-23:00,33
2003-06-15-23:30,32
2003-06-16-00:00,32
2003-06-16-00:30,32
2003-06-16-01:00,32
2003-06-16-01:30,32
2003-06-16-02:00,33
2003-06-16-02:30,33
2003-06-16-03:00,34
2003-06-16-03:30,36
2003-06-16-04:00,36
2003-06-16-04:30,38
2003-06-16-05:00,38
2003-06-16-05:30,38
2003-06-16-06:00,39
2003-06-16-06:30,40
2003-06-16-07:00,41
2003-06-16-07:30,42
2003-06-16-08:00,42
2003-06-16-08:30,43
2003-06-16-09:00,43
2003-06-16-09:30,44
2003-06-16-10:00,44
2003-06-16-10:30,44
2003-06-16-11:00,43
2003-06-16-11:30,44
2003-06-16-12:00,43
2003-06-16-12:30,44
2003-06-16-13:00,43
2003-06-16-13:30,43
2003-06-16-14:00,42
2003-06-16-14:30,41
2003-06-16-15:00,40
2003-06-16-15:30,41
2003-06-16-16:00,40
2003-06-16-16:30,39
2003-06-16-17:00,37
2003-06-16-17:30,35
2003-06-16-18:00,34
2003-06-16-18:30,33
2003-06-16-19:00,33
2003-06-16-20:00,33
2003-06-16-20:30,33
2003-06-16-21:00,32
2003-06-16-21:30,32
2003-06-16-22:00,32
2003-06-16-22:30,31
2003-06-16-23:00,31
2003-06-16-23:30,31
2003-06-17-00:00,31
2003-06-17-00:30,31
2003-06-17-01:00,30
2003-06-17-01:30,31
2003-06-17-02:00,31
2003-06-17-02:30,32
2003-06-17-03:00,32
2003-06-17-03:30,33
2003-06-17-04:00,34
2003-06-17-04:30,35
2003-06-17-05:00,36
2003-06-17-05:21,37
2003-06-17-06:00,37
2003-06-17-06:30,37
2003-06-17-07:00,38
2003-06-17-07:30,38
2003-06-17-08:00,39
2003-06-17-08:30,40
2003-06-17-09:00,40
2003-06-17-09:30,40
2003-06-17-10:30,40
2003-06-17-11:30,40
2003-06-17-12:00,39
2003-06-17-12:30,39
2003-06-17-13:00,39
2003-06-17-13:30,34
2003-06-17-14:30,34
2003-06-17-15:30,33
2003-06-17-16:00,32
2003-06-17-16:30,33
2003-06-17-17:00,33
2003-06-17-17:30,33
2003-06-17-18:00,33
2003-06-17-18:30,34
2003-06-17-19:00,34
2003-06-17-19:30,34
2003-06-17-20:30,34
2003-06-17-21:00,34
2003-06-17-21:30,34
2003-06-17-22:00,33
2003-06-17-22:30,33
2003-06-17-23:00,33
2003-06-17-23:30,29
2003-06-18-00:00,33
2003-06-18-00:30,32
2003-06-18-01:00,33
2003-06-18-01:30,33
2003-06-18-02:00,33
2003-06-18-04:30,27
2003-06-18-05:00,26
2003-06-18-05:30,27
2003-06-18-06:00,28
2003-06-18-06:30,28
2003-06-18-07:00,29
2003-06-18-07:30,30
2003-06-18-08:00,30
2003-06-18-08:30,31
2003-06-18-09:00,31
2003-06-18-09:30,33
2003-06-18-10:00,33
2003-06-18-10:30,33
2003-06-18-11:00,34
2003-06-18-11:30,34
2003-06-18-12:00,36
2003-06-18-12:30,34
2003-06-18-13:00,34
2003-06-18-13:30,34
2003-06-18-14:00,32
2003-06-18-14:30,31
2003-06-18-15:00,30
2003-06-18-15:30,30
2003-06-18-16:00,30
2003-06-18-16:30,30
2003-06-18-17:00,30
2003-06-18-17:30,30
2003-06-18-18:00,30
2003-06-18-18:30,30
2003-06-18-19:30,30
2003-06-18-20:00,30
2003-06-18-20:30,30
2003-06-18-21:00,30
2003-06-18-21:30,30
2003-06-18-22:00,29
2003-06-18-22:30,29
2003-06-18-23:00,29
2003-06-18-23:30,29
2003-06-19-00:00,29
2003-06-19-00:30,29
2003-06-19-01:00,29
2003-06-19-01:30,29
2003-06-19-02:00,30
2003-06-19-02:30,30
2003-06-19-03:00,31
2003-06-19-03:30,32
2003-06-19-04:00,33
2003-06-19-04:30,34
2003-06-19-05:00,35
2003-06-19-05:30,35
2003-06-19-06:00,34
2003-06-19-06:30,34
2003-06-19-07:00,35
2003-06-19-07:30,35
2003-06-19-08:00,35
2003-06-19-08:30,35
2003-06-19-09:00,35
2003-06-19-09:30,37
2003-06-19-10:00,36
2003-06-19-10:30,36
2003-06-19-11:00,36
2003-06-19-11:30,35
2003-06-19-12:00,35
2003-06-19-12:30,35
2003-06-19-13:00,34
2003-06-19-13:25,36
2003-06-19-14:00,26
2003-06-19-15:00,27
2003-06-19-15:30,26
2003-06-19-16:00,27
2003-06-19-16:30,27
2003-06-19-18:00,29
2003-06-19-18:30,29
2003-06-19-19:30,29
2003-06-19-20:00,29
2003-06-19-20:30,29
2003-06-19-21:00,29
2003-06-19-21:30,29
2003-06-19-22:00,29
2003-06-19-22:30,29
2003-06-19-23:30,25
2003-06-20-00:00,24
2003-06-20-00:30,24
2003-06-20-01:00,25
2003-06-20-01:30,25
2003-06-20-02:00,25
2003-06-20-02:30,26
2003-06-20-03:00,26
2003-06-20-03:30,26
2003-06-20-04:00,26
2003-06-20-04:30,26
2003-06-20-05:30,27
2003-06-20-06:00,29
2003-06-20-06:30,30
2003-06-20-07:00,30
2003-06-20-07:30,31
2003-06-20-08:00,31
2003-06-20-08:30,32
2003-06-20-09:00,32
2003-06-20-09:30,33
2003-06-20-10:00,33
2003-06-20-10:30,33
2003-06-20-11:00,33
2003-06-20-11:30,34
2003-06-20-12:00,33
2003-06-20-12:30,34
2003-06-20-13:00,33
2003-06-20-13:30,32
2003-06-20-14:00,32
2003-06-20-14:30,31
2003-06-20-15:30,31
2003-06-20-16:00,30
2003-06-20-16:30,30
2003-06-20-17:00,30
2003-06-20-17:30,30
2003-06-20-18:00,30
2003-06-20-18:30,30
2003-06-20-19:00,30
2003-06-20-20:00,29
2003-06-20-20:30,29
2003-06-20-21:00,29
2003-06-20-21:30,29
2003-06-20-22:00,29
2003-06-20-22:30,29
2003-06-20-23:00,29
2003-06-20-23:30,29
2003-06-21-00:00,29
2003-06-21-00:30,29
2003-06-21-01:00,29
2003-06-21-01:30,29
2003-06-21-02:00,29
2003-06-21-02:30,31
2003-06-21-03:00,32
2003-06-21-03:30,32
2003-06-21-04:00,32
2003-06-21-04:30,33
2003-06-21-05:00,33
2003-06-21-05:30,32
2003-06-21-06:30,33
2003-06-21-07:00,33
2003-06-21-07:30,34
2003-06-21-08:00,35
2003-06-21-08:30,35
2003-06-21-09:00,35
2003-06-21-09:30,35
2003-06-21-10:00,36
2003-06-21-10:30,36
2003-06-21-11:00,35
2003-06-21-11:30,35
2003-06-21-12:30,34
2003-06-21-13:00,32
2003-06-21-13:30,32
2003-06-21-14:00,31
2003-06-21-14:30,31
2003-06-21-15:00,31
2003-06-21-15:30,31
2003-06-21-16:00,31
2003-06-21-16:30,31
2003-06-21-17:00,31
2003-06-21-17:30,30
2003-06-21-18:00,30
2003-06-21-18:30,30
2003-06-21-19:00,30
2003-06-21-19:30,30
2003-06-21-20:00,30
2003-06-21-20:30,29
2003-06-21-21:30,29
2003-06-21-23:00,29
2003-06-21-23:30,29
2003-06-22-00:00,29
2003-06-22-01:00,29
2003-06-22-01:30,30
2003-06-22-02:00,30
2003-06-22-02:30,32
2003-06-22-03:00,32
2003-06-22-03:30,33
2003-06-22-04:00,34
2003-06-22-04:30,34
2003-06-22-05:00,35
2003-06-22-05:30,35
2003-06-22-06:00,36
2003-06-22-06:30,37
2003-06-22-07:00,37
2003-06-22-07:30,37
2003-06-22-08:00,37
2003-06-22-08:30,37
2003-06-22-09:00,38
2003-06-22-09:30,37
2003-06-22-10:00,37
2003-06-22-10:30,38
2003-06-22-11:00,38
2003-06-22-11:30,38
2003-06-22-12:00,37
2003-06-22-12:30,37
2003-06-22-13:00,36
2003-06-22-13:30,36
2003-06-22-14:30,35
2003-06-22-15:00,34
2003-06-22-15:30,34
2003-06-22-16:00,34
2003-06-22-16:30,33
2003-06-22-17:00,33
2003-06-22-17:30,32
2003-06-22-18:00,32
2003-06-22-18:30,31
2003-06-22-19:30,31
2003-06-22-20:00,30
2003-06-22-20:30,30
2003-06-22-21:00,30
2003-06-22-21:30,29
2003-06-22-22:00,29
2003-06-22-22:30,29
2003-06-22-23:00,28
2003-06-22-23:30,28
2003-06-23-00:00,28
2003-06-23-00:30,28
2003-06-23-01:00,28
2003-06-23-01:30,28
2003-06-23-02:00,28
2003-06-23-02:30,29
2003-06-23-03:00,29
2003-06-23-03:30,29
2003-06-23-04:00,30
2003-06-23-04:30,30
2003-06-23-05:30,32
2003-06-23-06:00,32
2003-06-23-06:30,32
2003-06-23-07:00,33
2003-06-23-07:30,33
2003-06-23-08:00,32
2003-06-23-08:30,32
2003-06-23-09:00,32
2003-06-23-09:30,32
2003-06-23-10:30,33
2003-06-23-11:00,33
2003-06-23-11:30,33
2003-06-23-12:00,33
2003-06-23-12:30,33
2003-06-23-13:00,33
2003-06-23-13:30,31
2003-06-23-15:00,30
2003-06-23-15:30,30
2003-06-23-16:00,30
2003-06-23-16:30,31
2003-06-23-17:00,31
2003-06-23-17:30,31
2003-06-23-18:00,31
2003-06-23-18:30,30
2003-06-23-19:00,30
2003-06-23-19:30,30
2003-06-23-20:00,30
2003-06-23-20:30,30
2003-06-23-21:00,30
2003-06-23-21:30,30
2003-06-23-22:00,30
2003-06-23-22:30,29
2003-06-23-23:00,29
2003-06-23-23:30,30
2003-06-24-00:00,29
2003-06-24-00:30,29
2003-06-24-01:00,30
2003-06-24-01:30,30
2003-06-24-02:00,31
2003-06-24-03:30,32
2003-06-24-04:00,33
2003-06-24-04:30,35
2003-06-24-05:30,36
2003-06-24-06:00,36
2003-06-24-06:30,36
2003-06-24-07:00,37
2003-06-24-07:30,37
2003-06-24-08:00,37
2003-06-24-08:30,38
2003-06-24-09:00,38
2003-06-24-09:30,39
2003-06-24-10:00,38
2003-06-24-10:30,38
2003-06-24-12:21,29
2003-06-24-13:00,29
2003-06-24-13:30,28
2003-06-24-14:00,28
2003-06-24-14:30,28
2003-06-24-15:00,30
2003-06-24-15:30,31
2003-06-24-16:00,31
2003-06-24-16:30,30
2003-06-24-17:00,30
2003-06-24-17:30,30
2003-06-24-18:30,30
2003-06-24-19:00,29
2003-06-24-19:30,29
2003-06-24-20:00,29
2003-06-24-20:30,29
2003-06-24-21:00,29
2003-06-24-21:30,28
2003-06-24-22:00,28
2003-06-24-22:30,28
2003-06-24-23:00,27
2003-06-24-23:30,27
2003-06-25-00:00,27
2003-06-25-00:30,27
2003-06-25-01:00,27
2003-06-25-01:30,27
2003-06-25-02:00,28
2003-06-25-02:30,29
2003-06-25-03:00,29
2003-06-25-03:30,29
2003-06-25-04:30,31
2003-06-25-05:00,32
2003-06-25-06:00,34
2003-06-25-07:00,35
2003-06-25-07:30,35
2003-06-25-08:00,35
2003-06-25-09:00,35
2003-06-25-09:30,35
2003-06-25-10:30,35
2003-06-25-11:00,35
2003-06-25-11:30,35
2003-06-25-12:00,35
2003-06-25-12:30,35
2003-06-25-13:30,35
2003-06-25-14:00,35
2003-06-25-14:30,34
2003-06-25-15:30,33
2003-06-25-16:00,32
2003-06-25-17:00,32
2003-06-25-17:30,32
2003-06-25-18:00,32
2003-06-25-18:30,32
2003-06-25-19:00,32
2003-06-25-19:30,32
2003-06-25-20:00,31
2003-06-25-20:30,31
2003-06-25-21:00,31
2003-06-25-21:30,31
2003-06-25-22:00,31
2003-06-25-22:30,31
2003-06-25-23:00,30
2003-06-25-23:30,30
2003-06-26-00:30,30
2003-06-26-01:00,31
2003-06-26-01:30,31
2003-06-26-02:00,31
2003-06-26-02:30,32
2003-06-26-03:00,33
2003-06-26-04:00,34
2003-06-26-04:30,35
2003-06-26-05:00,35
2003-06-26-05:30,35
2003-06-26-06:00,37
2003-06-26-06:30,37
2003-06-26-06:51,38
2003-06-26-07:30,38
2003-06-26-08:00,39
2003-06-26-08:30,40
2003-06-26-09:00,36
2003-06-26-09:30,40
2003-06-26-10:00,37
2003-06-26-10:30,36
2003-06-26-11:00,33
2003-06-26-11:30,32
2003-06-26-12:00,32
2003-06-26-12:30,32
2003-06-26-13:00,32
2003-06-26-13:30,31
2003-06-26-14:00,31
2003-06-26-14:30,31
2003-06-26-15:00,32
2003-06-26-15:30,31
2003-06-26-16:00,32
2003-06-26-16:30,31
2003-06-26-17:00,31
2003-06-26-17:30,31
2003-06-26-18:00,31
2003-06-26-18:30,31
2003-06-26-19:00,31
2003-06-26-19:30,32
2003-06-26-20:00,32
2003-06-26-20:30,32
2003-06-26-20:51,31
2003-06-26-21:30,31
2003-06-26-22:00,31
2003-06-26-22:30,31
2003-06-26-23:00,31
2003-06-26-23:30,31
2003-06-27-00:00,31
2003-06-27-00:30,31
2003-06-27-01:00,31
2003-06-27-01:30,31
2003-06-27-02:00,32
2003-06-27-02:30,32
2003-06-27-03:00,33
2003-06-27-03:30,34
2003-06-27-04:30,35
2003-06-27-05:00,35
2003-06-27-05:30,36
2003-06-27-06:00,35
2003-06-27-06:30,37
2003-06-27-07:00,37
2003-06-27-07:30,37
2003-06-27-08:00,37
2003-06-27-08:30,37
2003-06-27-09:00,35
2003-06-27-09:30,32
2003-06-27-10:30,30
2003-06-27-11:00,32
2003-06-27-11:30,32
2003-06-27-12:00,33
2003-06-27-12:30,33
2003-06-27-13:00,33
2003-06-27-13:30,33
2003-06-27-14:00,33
2003-06-27-14:30,33
2003-06-27-15:00,33
2003-06-27-15:30,32
2003-06-27-16:00,31
2003-06-27-16:30,31
2003-06-27-17:00,31
2003-06-27-17:30,31
2003-06-27-18:00,31
2003-06-27-18:30,31
2003-06-27-19:30,30
2003-06-27-20:00,30
2003-06-27-20:30,30
2003-06-27-21:00,30
2003-06-27-21:30,30
2003-06-27-22:00,30
2003-06-27-22:30,30
2003-06-27-23:00,29
2003-06-27-23:30,29
2003-06-28-00:00,30
2003-06-28-00:30,30
2003-06-28-01:00,31
2003-06-28-01:30,32
2003-06-28-02:00,33
2003-06-28-02:30,33
2003-06-28-03:00,33
2003-06-28-03:30,33
2003-06-28-04:00,33
2003-06-28-04:30,34
2003-06-28-05:00,35
2003-06-28-05:30,35
2003-06-28-06:00,35
2003-06-28-06:30,36
2003-06-28-07:30,37
2003-06-28-08:00,38
2003-06-28-08:30,38
2003-06-28-09:00,39
2003-06-28-09:30,39
2003-06-28-10:00,39
2003-06-28-10:30,39
2003-06-28-11:00,40
2003-06-28-11:30,37
2003-06-28-12:00,36
2003-06-28-12:30,35
2003-06-28-13:00,34
2003-06-28-13:30,34
2003-06-28-14:00,34
2003-06-28-14:30,33
2003-06-28-15:00,34
2003-06-28-15:30,34
2003-06-28-16:00,33
2003-06-28-16:30,33
2003-06-28-17:00,33
2003-06-28-17:30,33
2003-06-28-18:00,33
2003-06-28-18:30,33
2003-06-28-19:00,33
2003-06-28-19:30,33
2003-06-28-20:00,33
2003-06-28-20:30,33
2003-06-28-21:00,32
2003-06-28-21:30,33
2003-06-28-22:00,32
2003-06-28-22:30,32
2003-06-28-23:00,32
2003-06-28-23:30,32
2003-06-29-00:00,32
2003-06-29-00:30,32
2003-06-29-01:00,32
2003-06-29-01:30,32
2003-06-29-02:00,33
2003-06-29-02:30,34
2003-06-29-03:00,35
2003-06-29-04:00,35
2003-06-29-04:30,36
2003-06-29-05:00,36
2003-06-29-06:00,37
2003-06-29-06:30,37
2003-06-29-07:00,38
2003-06-29-07:30,28
2003-06-29-08:00,39
2003-06-29-08:30,39
2003-06-29-09:00,39
2003-06-29-09:30,40
2003-06-29-10:00,39
2003-06-29-10:30,39
2003-06-29-12:00,30
2003-06-29-12:30,31
2003-06-29-13:00,31
2003-06-29-14:30,31
2003-06-29-15:00,31
2003-06-29-15:30,31
2003-06-29-16:00,31
2003-06-29-16:30,31
2003-06-29-17:00,31
2003-06-29-18:00,31
2003-06-29-18:30,31
2003-06-29-19:00,31
2003-06-29-19:30,31
2003-06-29-20:00,31
2003-06-29-20:30,31
2003-06-29-21:30,31
2003-06-29-22:30,31
2003-06-29-23:00,30
2003-06-29-23:30,30
2003-06-30-00:00,30
2003-06-30-00:30,31
2003-06-30-01:00,32
2003-06-30-01:30,32
2003-06-30-02:00,32
2003-06-30-02:30,33
2003-06-30-03:30,34
2003-06-30-04:00,34
2003-06-30-04:30,35
2003-06-30-05:00,33
2003-06-30-05:30,33
2003-06-30-06:00,34
2003-06-30-06:30,35
2003-06-30-07:00,35
2003-06-30-07:30,35
2003-06-30-08:00,37
2003-06-30-08:30,37
2003-06-30-09:00,37
2003-06-30-09:30,37
2003-06-30-10:00,37
2003-06-30-10:30,38
2003-06-30-11:00,37
2003-06-30-11:30,37
2003-06-30-12:00,37
2003-06-30-12:30,37
2003-06-30-13:30,35
2003-06-30-14:00,35
2003-06-30-14:30,34
2003-06-30-15:00,34
2003-06-30-15:30,33
2003-06-30-16:00,33
2003-06-30-16:30,33
2003-06-30-17:00,33
2003-06-30-17:30,33
2003-06-30-18:00,32
2003-06-30-18:30,32
2003-06-30-19:00,32
2003-06-30-19:30,32
2003-06-30-20:00,32
2003-06-30-20:30,31
2003-06-30-21:00,32
2003-06-30-21:30,31
2003-06-30-22:00,31
2003-06-30-22:30,30
2003-06-30-23:00,30
2003-06-30-23:30,30
2003-07-01-00:00,30
2003-07-01-00:30,30
2003-07-01-01:30,30
2003-07-01-02:00,30
2003-07-01-02:30,31
2003-07-01-03:00,32
2003-07-01-03:30,33
2003-07-01-04:00,34
2003-07-01-04:30,34.5
2003-07-01-05:00,35
2003-07-01-05:30,36
2003-07-01-06:30,37
2003-07-01-07:00,38
2003-07-01-07:30,38
2003-07-01-08:00,39
2003-07-01-08:30,39
2003-07-01-09:00,39
2003-07-01-09:30,39
2003-07-01-10:00,39
2003-07-01-10:30,39
2003-07-01-11:00,39
2003-07-01-11:30,39
2003-07-01-12:00,39
2003-07-01-12:30,39
2003-07-01-13:00,38
2003-07-01-14:00,32
2003-07-01-14:30,31
2003-07-01-15:00,31
2003-07-01-16:00,32
2003-07-01-16:30,33
2003-07-01-17:00,33
2003-07-01-17:30,33
2003-07-01-18:00,33
2003-07-01-18:30,34
2003-07-01-19:00,33
2003-07-01-19:30,32
2003-07-01-20:30,31
2003-07-01-21:00,31
2003-07-01-22:00,31
2003-07-01-22:30,31
2003-07-01-23:00,31
2003-07-01-23:30,31
2003-07-02-00:00,31
2003-07-02-00:30,31
2003-07-02-02:00,30
2003-07-02-02:30,31
2003-07-02-03:00,32
2003-07-02-03:30,32
2003-07-02-04:00,33
2003-07-02-04:30,33
2003-07-02-05:00,34
2003-07-02-05:30,35
2003-07-02-06:30,36
2003-07-02-07:00,36
2003-07-02-07:30,37
2003-07-02-10:30,38
2003-07-02-11:00,38
2003-07-02-11:30,38
2003-07-02-12:00,38
2003-07-02-12:30,37
2003-07-02-13:00,37
2003-07-02-13:30,37
2003-07-02-14:00,36
2003-07-02-15:30,35
2003-07-02-16:00,35
2003-07-02-16:30,34
2003-07-02-17:00,34
2003-07-02-17:30,34
2003-07-02-18:00,34
2003-07-02-18:30,34
2003-07-02-19:00,34
2003-07-02-19:30,33
2003-07-02-20:00,33
2003-07-02-20:30,32
2003-07-02-21:00,32
2003-07-02-21:30,32
2003-07-02-22:00,31
2003-07-02-22:30,31
2003-07-02-23:00,31
2003-07-02-23:30,31
2003-07-03-00:00,31
2003-07-03-00:30,31
2003-07-03-01:00,31
2003-07-03-01:30,31
2003-07-03-02:00,32
2003-07-03-02:30,33
2003-07-03-03:00,33
2003-07-03-03:30,34
2003-07-03-04:00,35
2003-07-03-04:30,36
2003-07-03-05:00,36
2003-07-03-05:30,36
2003-07-03-06:00,37
2003-07-03-06:30,37
2003-07-03-07:00,37
2003-07-03-07:30,38
2003-07-03-08:00,40
2003-07-03-08:21,40
2003-07-03-09:00,39
2003-07-03-09:30,39
2003-07-03-10:00,39
2003-07-03-10:30,39
2003-07-03-11:00,39
2003-07-03-11:30,39
2003-07-03-12:00,38
2003-07-03-12:30,38
2003-07-03-13:00,37
2003-07-03-14:00,37
2003-07-03-14:30,36
2003-07-03-15:00,36
2003-07-03-15:30,35
2003-07-03-16:30,35
2003-07-03-17:00,35
2003-07-03-17:30,34
2003-07-03-18:00,34
2003-07-03-18:30,33
2003-07-03-19:00,31
2003-07-03-19:30,32
2003-07-03-20:00,33
2003-07-03-20:30,33
2003-07-03-21:00,33
2003-07-03-21:30,32
2003-07-03-22:00,32
2003-07-03-22:30,32
2003-07-03-23:00,32
2003-07-03-23:30,32
2003-07-04-00:30,31
2003-07-04-01:00,30
2003-07-04-01:30,31
2003-07-04-02:00,31
2003-07-04-02:30,33
2003-07-04-03:00,33
2003-07-04-03:30,34
2003-07-04-04:00,35
2003-07-04-04:30,36
2003-07-04-05:00,37
2003-07-04-05:30,37
2003-07-04-06:00,37
2003-07-04-06:30,38
2003-07-04-07:00,39
2003-07-04-07:30,39
2003-07-04-08:00,40
2003-07-04-08:30,40
2003-07-04-09:00,40
2003-07-04-09:30,40
2003-07-04-10:00,39
2003-07-04-10:30,39
2003-07-04-11:00,39
2003-07-04-11:30,39
2003-07-04-12:00,39
2003-07-04-12:30,39
2003-07-04-13:00,37
2003-07-04-13:30,37
2003-07-04-14:00,37
2003-07-04-14:30,32
2003-07-04-15:00,37
2003-07-04-15:30,36
2003-07-04-16:00,34
2003-07-04-16:30,33
2003-07-04-17:00,33
2003-07-04-17:30,32
2003-07-04-18:00,32
2003-07-04-18:30,32
2003-07-04-19:00,31
2003-07-04-19:30,31
2003-07-04-20:00,31
2003-07-04-20:30,30
2003-07-04-21:30,30
2003-07-04-22:00,31
2003-07-04-22:30,31
2003-07-04-23:00,31
2003-07-05-00:00,29
2003-07-05-00:30,28
2003-07-05-01:00,26
2003-07-05-01:30,25
2003-07-05-02:00,25
2003-07-05-02:30,24
2003-07-05-03:00,25
2003-07-05-03:30,25
2003-07-05-04:00,25
2003-07-05-04:30,26
2003-07-05-05:00,26
2003-07-05-05:30,27
2003-07-05-06:00,27
2003-07-05-06:30,28
2003-07-05-07:00,29
2003-07-05-07:30,29
2003-07-05-08:00,30
2003-07-05-08:30,31
2003-07-05-09:00,31
2003-07-05-09:30,32
2003-07-05-10:00,32
2003-07-05-10:30,33
2003-07-05-11:30,33
2003-07-05-12:00,32
2003-07-05-12:30,32
2003-07-05-13:00,32
2003-07-05-14:00,31
2003-07-05-14:30,31
2003-07-05-15:00,31
2003-07-05-15:30,31
2003-07-05-16:30,31
2003-07-05-17:00,31
2003-07-05-17:30,30
2003-07-05-18:00,30
2003-07-05-18:30,30
2003-07-05-19:00,30
2003-07-05-19:30,29
2003-07-05-20:00,29
2003-07-05-20:30,29
2003-07-05-22:00,27
2003-07-05-22:30,26
2003-07-05-23:00,26
2003-07-05-23:30,26
2003-07-06-00:00,26
2003-07-06-00:30,26
2003-07-06-01:00,27
2003-07-06-01:30,27
2003-07-06-02:00,27
2003-07-06-02:30,27
2003-07-06-03:00,27
2003-07-06-03:30,28
2003-07-06-04:00,28
2003-07-06-04:30,32
2003-07-06-05:00,28
2003-07-06-05:30,27
2003-07-06-06:00,28
2003-07-06-06:30,28
2003-07-06-07:00,28
2003-07-06-07:30,29
2003-07-06-08:30,29
2003-07-06-09:00,30
2003-07-06-09:30,30
2003-07-06-10:00,31
2003-07-06-10:30,30
2003-07-06-11:00,30
2003-07-06-11:30,30
2003-07-06-12:30,30
2003-07-06-13:00,30
2003-07-06-13:30,30
2003-07-06-14:00,30
2003-07-06-14:30,30
2003-07-06-15:00,29
2003-07-06-15:30,29
2003-07-06-16:00,29
2003-07-06-16:30,29
2003-07-06-17:00,29
2003-07-06-17:30,29
2003-07-06-18:00,28
2003-07-06-18:30,28
2003-07-06-19:00,28
2003-07-06-19:30,28
2003-07-06-20:00,28
2003-07-06-20:30,28
2003-07-06-21:00,28
2003-07-06-21:30,28
2003-07-06-22:00,28
2003-07-06-22:30,28
2003-07-06-23:00,28
2003-07-06-23:30,27
2003-07-07-00:30,28
2003-07-07-01:00,29
2003-07-07-01:30,29
2003-07-07-02:00,29
2003-07-07-02:30,30
2003-07-07-03:00,31
2003-07-07-03:30,32
2003-07-07-04:00,32
2003-07-07-04:30,33
2003-07-07-05:00,34
2003-07-07-05:30,33
2003-07-07-06:00,34
2003-07-07-06:30,35
2003-07-07-07:00,35
2003-07-07-07:30,36
2003-07-07-08:00,35
2003-07-07-09:00,36
2003-07-07-09:30,37
2003-07-07-10:00,36
2003-07-07-10:30,36
2003-07-07-11:00,34
2003-07-07-11:30,33
2003-07-07-12:00,33
2003-07-07-13:00,29
2003-07-07-13:30,29
2003-07-07-14:00,29
2003-07-07-14:30,29
2003-07-07-15:00,30
2003-07-07-15:30,30
2003-07-07-16:00,30
2003-07-07-16:30,30
2003-07-07-17:00,30
2003-07-07-17:30,30
2003-07-07-18:30,29
2003-07-07-19:00,29
2003-07-07-19:30,29
2003-07-07-20:00,29
2003-07-07-20:30,29
2003-07-07-21:00,29
2003-07-07-21:30,29
2003-07-07-22:00,29
2003-07-07-22:30,29
2003-07-07-23:00,29
2003-07-07-23:30,29
2003-07-08-00:00,29
2003-07-08-00:30,29
2003-07-08-01:00,29
2003-07-08-01:30,30
2003-07-08-02:00,29
2003-07-08-02:30,30
2003-07-08-03:30,31
2003-07-08-04:30,32
2003-07-08-05:00,32
2003-07-08-05:30,33
2003-07-08-06:30,34
2003-07-08-07:00,35
2003-07-08-07:30,35
2003-07-08-08:00,35
2003-07-08-08:30,36
2003-07-08-09:00,36
2003-07-08-09:30,35
2003-07-08-10:00,34
2003-07-08-10:30,34
2003-07-08-11:00,33
2003-07-08-11:30,32
2003-07-08-12:00,32
2003-07-08-12:30,32
2003-07-08-13:00,33
2003-07-08-13:30,32
2003-07-08-14:30,30
2003-07-08-15:00,29
2003-07-08-15:30,30
2003-07-08-16:00,29
2003-07-08-16:30,29
2003-07-08-17:00,29
2003-07-08-17:30,29
2003-07-08-18:00,29
2003-07-08-18:30,29
2003-07-08-19:00,29
2003-07-08-19:30,29
2003-07-08-20:00,30
2003-07-08-20:30,30
2003-07-08-21:00,30
2003-07-08-21:30,30
2003-07-08-22:00,30
2003-07-08-22:30,29
2003-07-08-23:00,29
2003-07-08-23:30,29
2003-07-09-00:00,29
2003-07-09-00:30,29
2003-07-09-01:00,29
2003-07-09-01:30,29
2003-07-09-02:00,30
2003-07-09-02:30,31
2003-07-09-03:00,31
2003-07-09-03:30,32
2003-07-09-04:00,32
2003-07-09-04:30,33
2003-07-09-05:00,33
2003-07-09-05:30,34
2003-07-09-06:00,34
2003-07-09-06:30,34
2003-07-09-07:00,35
2003-07-09-07:30,35
2003-07-09-08:00,36
2003-07-09-08:30,33
2003-07-09-09:00,33
2003-07-09-09:30,26
2003-07-09-10:00,26
2003-07-09-10:30,25
2003-07-09-11:00,25
2003-07-09-11:30,27
2003-07-09-12:00,28
2003-07-09-12:30,28
2003-07-09-13:00,27
2003-07-09-13:30,27
2003-07-09-14:00,37
2003-07-09-14:30,27
2003-07-09-15:00,27
2003-07-09-15:30,27
2003-07-09-16:00,27
2003-07-09-16:30,27
2003-07-09-17:00,27
2003-07-09-17:30,27
2003-07-09-18:00,27
2003-07-09-18:30,27
2003-07-09-19:00,27
2003-07-09-20:00,27
2003-07-09-20:30,27
2003-07-09-21:00,27
2003-07-09-22:00,27
2003-07-09-22:30,26
2003-07-09-23:00,26
2003-07-09-23:30,26
2003-07-10-00:00,26
2003-07-10-00:30,26
2003-07-10-01:00,26
2003-07-10-01:30,26
2003-07-10-02:00,26
2003-07-10-02:30,26
2003-07-10-03:00,26
2003-07-10-03:30,27
2003-07-10-04:00,27
2003-07-10-04:30,27
2003-07-10-05:00,27
2003-07-10-05:30,27
2003-07-10-06:00,28
2003-07-10-06:30,28
2003-07-10-07:00,28
2003-07-10-07:30,29
2003-07-10-08:00,29
2003-07-10-08:30,29
2003-07-10-09:00,28
2003-07-10-09:30,28
2003-07-10-10:00,28
2003-07-10-10:30,27
2003-07-10-11:00,28
2003-07-10-11:30,28
2003-07-10-12:00,27
2003-07-10-12:30,27
2003-07-10-13:00,27
2003-07-10-13:30,27
2003-07-10-14:00,27
2003-07-10-14:30,27
2003-07-10-15:00,27
2003-07-10-15:30,26
2003-07-10-16:00,26
2003-07-10-16:30,26
2003-07-10-17:00,26
2003-07-10-17:30,26
2003-07-10-18:00,26
2003-07-10-18:30,26
2003-07-10-19:30,26
2003-07-10-20:30,26
2003-07-10-21:00,26
2003-07-10-22:00,25
2003-07-10-22:30,25
2003-07-10-23:00,25
2003-07-10-23:30,25
2003-07-11-00:00,24
2003-07-11-00:30,24
2003-07-11-01:00,25
2003-07-11-01:30,25
2003-07-11-02:30,25
2003-07-11-03:00,26
2003-07-11-03:30,26
2003-07-11-04:00,26
2003-07-11-04:30,26
2003-07-11-05:00,27
2003-07-11-05:30,27
2003-07-11-06:00,27
2003-07-11-06:30,27
2003-07-11-07:00,28
2003-07-11-07:30,29
2003-07-11-08:00,29
2003-07-11-08:30,29
2003-07-11-09:00,29
2003-07-11-09:30,29
2003-07-11-10:00,29
2003-07-11-10:30,29
2003-07-11-11:00,29
2003-07-11-11:30,29
2003-07-11-12:30,27
2003-07-11-13:00,26
2003-07-11-14:00,25
2003-07-11-14:30,25
2003-07-11-15:00,25
2003-07-11-15:30,25
2003-07-11-16:00,25
2003-07-11-17:00,25
2003-07-11-17:30,25
2003-07-11-18:00,25
2003-07-11-18:30,25
2003-07-11-19:00,25
2003-07-11-19:30,26
2003-07-11-21:00,25
2003-07-11-21:30,25
2003-07-11-22:00,25
2003-07-11-22:30,25
2003-07-11-23:00,25
2003-07-11-23:30,25
2003-07-12-00:00,25
2003-07-12-00:30,25
2003-07-12-01:00,25
2003-07-12-01:30,25
2003-07-12-02:00,26
2003-07-12-02:30,26
2003-07-12-03:00,26
2003-07-12-03:30,27
2003-07-12-04:00,27
2003-07-12-04:30,27
2003-07-12-05:00,27
2003-07-12-05:30,27
2003-07-12-06:00,28
2003-07-12-06:30,27
2003-07-12-07:00,27
2003-07-12-07:30,27
2003-07-12-08:00,27
2003-07-12-08:30,27
2003-07-12-09:00,27
2003-07-12-09:30,28
2003-07-12-10:30,28
2003-07-12-11:00,28
2003-07-12-11:30,28
2003-07-12-12:00,28
2003-07-12-12:30,28
2003-07-12-13:00,28
2003-07-12-13:30,28
2003-07-12-14:30,28
2003-07-12-15:00,28
2003-07-12-15:30,28
2003-07-12-16:00,28
2003-07-12-16:30,27
2003-07-12-17:00,28
2003-07-12-17:30,28
2003-07-12-18:00,28
2003-07-12-18:30,28
2003-07-12-19:00,28
2003-07-12-19:30,28
2003-07-12-20:00,28
2003-07-12-20:30,28
2003-07-12-22:00,27
2003-07-12-22:30,27
2003-07-12-23:00,27
2003-07-12-23:30,27
2003-07-13-00:00,27
2003-07-13-00:30,27
2003-07-13-01:00,27
2003-07-13-01:30,27
2003-07-13-02:00,27
2003-07-13-02:30,27
2003-07-13-03:00,27
2003-07-13-03:30,28
2003-07-13-04:00,29
2003-07-13-04:30,29
2003-07-13-05:00,29
2003-07-13-05:30,29
2003-07-13-06:00,30
2003-07-13-06:30,30
2003-07-13-07:00,31
2003-07-13-07:30,31
2003-07-13-08:00,32
2003-07-13-08:30,31
2003-07-13-09:00,31
2003-07-13-09:30,31
2003-07-13-10:00,32
2003-07-13-10:30,32
2003-07-13-11:00,32
2003-07-13-11:30,32
2003-07-13-12:00,32
2003-07-13-12:30,32
2003-07-13-13:00,30
2003-07-13-13:30,28
2003-07-13-14:00,27
2003-07-13-14:30,27
2003-07-13-15:00,27
2003-07-13-16:00,27
2003-07-13-16:30,27
2003-07-13-17:00,28
2003-07-13-17:30,28
2003-07-13-18:00,28
2003-07-13-18:30,28
2003-07-13-19:00,28
2003-07-13-19:30,28
2003-07-13-20:00,28
2003-07-13-21:00,28
2003-07-13-21:30,28
2003-07-13-22:00,28
2003-07-13-22:30,28
2003-07-13-23:00,28
2003-07-13-23:30,28
2003-07-14-00:00,28
2003-07-14-00:30,27
2003-07-14-01:00,27
2003-07-14-01:30,27
2003-07-14-02:30,28
2003-07-14-03:00,29
2003-07-14-03:30,29
2003-07-14-04:00,29
2003-07-14-04:30,29
2003-07-14-05:00,30
2003-07-14-05:30,31
2003-07-14-06:00,31
2003-07-14-06:30,32
2003-07-14-07:30,32
2003-07-14-08:00,32
2003-07-14-08:30,33
2003-07-14-09:00,33
2003-07-14-09:30,34
2003-07-14-10:00,34
2003-07-14-10:30,34
2003-07-14-11:00,34
2003-07-14-11:30,34
2003-07-14-12:00,34
2003-07-14-12:30,34
2003-07-14-13:00,33
2003-07-14-13:30,33
2003-07-14-14:00,33
2003-07-14-14:30,31
2003-07-14-15:00,31
2003-07-14-15:30,33
2003-07-14-16:30,31
2003-07-14-17:00,31
2003-07-14-17:30,31
2003-07-14-18:00,30
2003-07-14-18:30,30
2003-07-14-19:00,30
2003-07-14-19:30,29
2003-07-14-20:00,29
2003-07-14-20:30,29
2003-07-14-21:00,29
2003-07-14-21:30,29
2003-07-14-22:00,28
2003-07-14-23:00,29
2003-07-14-23:30,28
2003-07-15-00:00,28
2003-07-15-00:30,28
2003-07-15-01:00,28
2003-07-15-01:30,28
2003-07-15-02:00,28
2003-07-15-03:00,29
2003-07-15-03:30,29
2003-07-15-04:00,29
2003-07-15-04:30,30
2003-07-15-05:00,30
2003-07-15-05:30,30
2003-07-15-06:00,30
2003-07-15-06:30,30
2003-07-15-07:00,31
2003-07-15-07:30,31
2003-07-15-08:00,31
2003-07-15-08:30,32
2003-07-15-09:30,31
2003-07-15-10:00,31
2003-07-15-10:30,31
2003-07-15-11:30,31
2003-07-15-12:00,31
2003-07-15-12:30,31
2003-07-15-13:30,31
2003-07-15-14:00,31
2003-07-15-14:30,31
2003-07-15-15:00,30
2003-07-15-15:30,30
2003-07-15-16:00,30
2003-07-15-16:30,30
2003-07-15-17:00,29
2003-07-15-17:30,29
2003-07-15-18:00,29
2003-07-15-18:30,29
2003-07-15-19:30,29
2003-07-15-20:00,28
2003-07-15-20:30,28
2003-07-15-21:00,28
2003-07-15-21:30,28
2003-07-15-22:00,28
2003-07-15-22:30,28
2003-07-15-23:00,28
2003-07-15-23:30,28
2003-07-16-00:00,28
2003-07-16-00:30,28
2003-07-16-01:30,28
2003-07-16-02:00,28
2003-07-16-02:30,29
2003-07-16-03:30,28
2003-07-16-04:00,29
2003-07-16-04:30,30
2003-07-16-05:00,31
2003-07-16-05:30,32
2003-07-16-06:00,33
2003-07-16-06:30,33
2003-07-16-07:00,32.5
2003-07-16-09:30,32
2003-07-16-10:30,33
2003-07-16-11:00,34
2003-07-16-11:30,33
2003-07-16-12:00,33
2003-07-16-12:30,33
2003-07-16-13:00,32
2003-07-16-14:00,32
2003-07-16-14:30,32
2003-07-16-15:00,31
2003-07-16-15:30,31
2003-07-16-16:00,31
2003-07-16-16:30,31
2003-07-16-17:00,31
2003-07-16-17:30,31
2003-07-16-18:00,31
2003-07-16-18:30,30
2003-07-16-19:00,30
2003-07-16-19:30,30
2003-07-16-20:00,30
2003-07-16-20:30,30
2003-07-16-21:00,30
2003-07-16-21:30,29
2003-07-16-22:00,29
2003-07-16-22:30,29
2003-07-16-23:00,29
2003-07-16-23:30,29
2003-07-17-00:00,29
2003-07-17-00:30,29
2003-07-17-01:30,29
2003-07-17-02:00,28
2003-07-17-02:30,29
2003-07-17-03:00,29
2003-07-17-03:30,30
2003-07-17-04:00,30
2003-07-17-04:30,30
2003-07-17-05:00,30
2003-07-17-05:30,30
2003-07-17-06:00,31
2003-07-17-06:30,31
2003-07-17-07:00,32
2003-07-17-07:30,33
2003-07-17-08:30,30
2003-07-17-09:00,31
2003-07-17-09:30,31
2003-07-17-10:00,31
2003-07-17-10:30,33
2003-07-17-11:00,33
2003-07-17-11:30,34
2003-07-17-12:00,34
2003-07-17-14:00,33
2003-07-17-14:30,31
2003-07-17-15:00,30
2003-07-17-15:30,30
2003-07-17-16:00,30
2003-07-17-16:30,30
2003-07-17-17:00,30
2003-07-17-17:30,30
2003-07-17-18:00,30
2003-07-17-18:30,29
2003-07-17-18:51,29
2003-07-17-19:30,29
2003-07-17-20:00,29
2003-07-17-20:30,29
2003-07-17-21:30,29
2003-07-17-22:00,29
2003-07-17-22:30,29
2003-07-17-23:00,27
2003-07-18-04:00,27
2003-07-18-04:30,28
2003-07-18-05:00,28
2003-07-18-05:30,29
2003-07-18-06:00,30
2003-07-18-06:30,31
2003-07-18-07:00,32
2003-07-18-07:30,32
2003-07-18-08:00,33
2003-07-18-08:30,30
2003-07-18-09:00,29
2003-07-18-09:30,28
2003-07-18-10:00,29
2003-07-18-10:30,29
2003-07-18-11:00,30
2003-07-18-11:30,30
2003-07-18-12:00,30
2003-07-18-12:30,30
2003-07-18-13:00,30
2003-07-18-13:30,29
2003-07-18-14:00,29
2003-07-18-14:30,29
2003-07-18-15:00,29
2003-07-18-15:30,29
2003-07-18-16:00,29
2003-07-18-16:30,29
2003-07-18-18:00,28
2003-07-18-18:30,28
2003-07-18-19:00,28
2003-07-18-19:30,28
2003-07-18-20:00,28
2003-07-18-21:00,28
2003-07-18-22:30,28
2003-07-18-23:00,28
2003-07-18-23:30,28
2003-07-19-00:00,28
2003-07-19-00:30,28
2003-07-19-01:00,28
2003-07-19-01:30,28
2003-07-19-02:00,28
2003-07-19-02:30,29
2003-07-19-03:00,29
2003-07-19-03:30,29
2003-07-19-04:00,30
2003-07-19-04:30,30
2003-07-19-05:00,31
2003-07-19-05:30,31
2003-07-19-06:00,32
2003-07-19-06:30,32
2003-07-19-07:00,33
2003-07-19-07:30,33
2003-07-19-08:00,33
2003-07-19-08:30,34
2003-07-19-09:30,35
2003-07-19-10:00,35
2003-07-19-10:30,35
2003-07-19-12:00,35
2003-07-19-12:30,35
2003-07-19-13:00,35
2003-07-19-14:00,33
2003-07-19-14:30,33
2003-07-19-15:00,33
2003-07-19-15:30,33
2003-07-19-16:30,32
2003-07-19-17:00,31
2003-07-19-17:30,31
2003-07-19-18:00,31
2003-07-19-18:30,30
2003-07-19-19:00,30
2003-07-19-19:30,30
2003-07-19-20:00,30
2003-07-19-20:30,29
2003-07-19-21:00,30
2003-07-19-21:30,30
2003-07-19-22:00,30
2003-07-19-22:30,29
2003-07-19-23:00,29
2003-07-19-23:30,29
2003-07-20-00:00,29
2003-07-20-00:30,29
2003-07-20-01:00,29
2003-07-20-01:30,30
2003-07-20-02:00,31
2003-07-20-02:30,31
2003-07-20-03:00,31
2003-07-20-03:30,32
2003-07-20-04:00,33
2003-07-20-04:30,33
2003-07-20-05:00,33
2003-07-20-05:30,33
2003-07-20-06:00,34
2003-07-20-06:30,34
2003-07-20-07:00,35
2003-07-20-07:30,35
2003-07-20-08:00,36
2003-07-20-08:30,36
2003-07-20-09:00,37
2003-07-20-09:30,36
2003-07-20-10:00,36
2003-07-20-10:30,35
2003-07-20-11:00,35
2003-07-20-11:30,33
2003-07-20-12:00,33
2003-07-20-12:30,31
2003-07-20-13:00,30
2003-07-20-13:30,30
2003-07-20-14:00,30
2003-07-20-14:30,30
2003-07-20-15:00,30
2003-07-20-15:30,29
2003-07-20-16:00,29
2003-07-20-16:30,29
2003-07-20-17:30,28
2003-07-20-18:00,28
2003-07-20-18:30,28
2003-07-20-19:00,29
2003-07-20-20:00,28
2003-07-20-20:30,29
2003-07-20-21:00,28
2003-07-20-21:30,29
2003-07-20-22:00,28
2003-07-20-22:30,28
2003-07-20-23:00,28
2003-07-20-23:30,27
2003-07-21-01:30,27.5
2003-07-21-02:00,27.75
2003-07-21-02:30,28
2003-07-21-03:00,26
2003-07-21-03:30,26
2003-07-21-04:00,26
2003-07-21-04:30,26
2003-07-21-05:00,26
2003-07-21-05:30,26
2003-07-21-06:00,26
2003-07-21-06:30,26
2003-07-21-07:00,27
2003-07-21-07:30,27
2003-07-21-08:00,27
2003-07-21-08:30,27
2003-07-21-09:00,28
2003-07-21-09:30,28
2003-07-21-10:00,28
2003-07-21-10:30,29
2003-07-21-11:00,29
2003-07-21-11:30,30
2003-07-21-12:00,30
2003-07-21-12:30,29
2003-07-21-13:00,29
2003-07-21-14:00,28
2003-07-21-14:30,29
2003-07-21-15:00,29
2003-07-21-15:30,28
2003-07-21-16:00,28
2003-07-21-16:30,28
2003-07-21-17:00,28
2003-07-21-17:30,27
2003-07-21-18:00,27
2003-07-21-18:30,28
2003-07-21-19:00,28
2003-07-21-19:30,28
2003-07-21-20:00,28
2003-07-21-20:30,28
2003-07-21-22:00,28
2003-07-21-22:30,28
2003-07-21-23:00,28
2003-07-21-23:30,28
2003-07-22-00:00,28
2003-07-22-00:30,28
2003-07-22-01:00,28
2003-07-22-01:30,28
2003-07-22-02:00,28
2003-07-22-02:30,29
2003-07-22-03:00,29
2003-07-22-03:30,30
2003-07-22-04:00,30
2003-07-22-04:30,31
2003-07-22-05:00,31
2003-07-22-05:30,32
2003-07-22-06:00,32
2003-07-22-06:30,32
2003-07-22-07:00,33
2003-07-22-07:30,33
2003-07-22-08:00,33
2003-07-22-08:30,33
2003-07-22-09:00,33
2003-07-22-09:30,32
2003-07-22-10:00,29
2003-07-22-10:30,29
2003-07-22-11:30,29
2003-07-22-12:00,30
2003-07-22-12:30,30
2003-07-22-13:00,31
2003-07-22-13:30,31
2003-07-22-14:00,30
2003-07-22-15:00,30
2003-07-22-15:30,29
2003-07-22-16:00,29
2003-07-22-16:30,29
2003-07-22-17:00,28
2003-07-22-17:30,28
2003-07-22-18:00,28
2003-07-22-18:30,28
2003-07-22-19:00,28
2003-07-22-19:30,29
2003-07-22-20:00,28
2003-07-22-20:30,28
2003-07-22-21:00,28
2003-07-22-21:30,28
2003-07-22-22:00,28
2003-07-22-22:30,28
2003-07-22-23:00,28
2003-07-22-23:30,28
2003-07-23-00:00,28
2003-07-23-00:30,28
2003-07-23-01:00,28
2003-07-23-01:30,28
2003-07-23-02:00,29
2003-07-23-03:00,32
2003-07-23-03:30,32
2003-07-23-04:00,32
2003-07-23-04:30,32
2003-07-23-05:00,32
2003-07-23-05:30,32
2003-07-23-06:00,33
2003-07-23-06:30,33
2003-07-23-07:00,33
2003-07-23-07:30,33
2003-07-23-08:00,34
2003-07-23-09:00,34
2003-07-23-09:30,34
2003-07-23-10:00,34
2003-07-23-10:30,34
2003-07-23-11:00,34
2003-07-23-11:30,35
2003-07-23-12:00,35
2003-07-23-12:30,35
2003-07-23-13:00,35
2003-07-23-13:30,34
2003-07-23-14:00,34
2003-07-23-14:30,33
2003-07-23-15:00,33
2003-07-23-15:30,32
2003-07-23-16:00,33
2003-07-23-16:30,32
2003-07-23-17:30,31
2003-07-23-18:00,32
2003-07-23-18:30,31
2003-07-23-19:00,31
2003-07-23-19:30,31
2003-07-23-20:00,31
2003-07-23-20:30,30
2003-07-23-21:00,30
2003-07-23-21:30,31
2003-07-23-22:00,30
2003-07-23-22:30,30
2003-07-23-23:00,30
2003-07-23-23:30,29
2003-07-24-00:30,26
2003-07-24-01:00,27
2003-07-24-01:30,27
2003-07-24-02:30,29
2003-07-24-03:00,30
2003-07-24-03:30,31
2003-07-24-04:00,31
2003-07-24-04:30,32
2003-07-24-05:00,32
2003-07-24-05:30,32
2003-07-24-06:00,32
2003-07-24-06:30,33
2003-07-24-07:00,33
2003-07-24-07:30,34
2003-07-24-07:51,34
2003-07-24-08:30,34
2003-07-24-09:00,35
2003-07-24-09:30,35
2003-07-24-10:00,34
2003-07-24-10:30,34
2003-07-24-11:00,34
2003-07-24-11:30,35
2003-07-24-12:00,35
2003-07-24-12:30,35
2003-07-24-13:30,34
2003-07-24-14:00,33
2003-07-24-14:30,33
2003-07-24-15:00,33
2003-07-24-15:30,33
2003-07-24-16:00,32
2003-07-24-16:30,32
2003-07-24-17:00,31
2003-07-24-17:30,31
2003-07-24-18:00,31
2003-07-24-18:30,31
2003-07-24-19:00,31
2003-07-24-19:30,31
2003-07-24-20:00,30
2003-07-24-20:30,30
2003-07-24-21:00,30
2003-07-24-21:30,30
2003-07-24-22:00,30
2003-07-24-22:30,30
2003-07-24-23:00,30
2003-07-24-23:30,30
2003-07-25-00:00,30
2003-07-25-00:30,30
2003-07-25-01:00,30
2003-07-25-01:30,31
2003-07-25-02:00,32
2003-07-25-03:00,33
2003-07-25-03:30,34
2003-07-25-04:00,35
2003-07-25-04:30,35
2003-07-25-05:00,35
2003-07-25-05:30,35
2003-07-25-06:00,35
2003-07-25-06:30,36
2003-07-25-07:00,36
2003-07-25-07:30,36
2003-07-25-08:00,36
2003-07-25-08:30,37
2003-07-25-09:00,37
2003-07-25-09:30,37
2003-07-25-10:00,37
2003-07-25-10:30,37
2003-07-25-11:00,37
2003-07-25-11:30,35
2003-07-25-12:30,35
2003-07-25-13:30,35
2003-07-25-14:00,34
2003-07-25-14:30,34
2003-07-25-15:30,32
2003-07-25-17:00,32
2003-07-25-17:30,32
2003-07-25-18:00,32
2003-07-25-18:30,32
2003-07-25-19:00,31
2003-07-25-19:30,31
2003-07-25-20:00,32
2003-07-25-20:30,31
2003-07-25-21:00,31
2003-07-25-21:30,31
2003-07-25-22:00,31
2003-07-25-23:00,30
2003-07-25-23:30,30
2003-07-26-00:00,31
2003-07-26-00:30,31
2003-07-26-01:00,29
2003-07-26-01:30,29
2003-07-26-02:00,29
2003-07-26-02:30,30
2003-07-26-03:00,30
2003-07-26-04:00,30
2003-07-26-04:30,30
2003-07-26-05:00,31
2003-07-26-06:00,32
2003-07-26-06:30,32
2003-07-26-07:00,32
2003-07-26-07:30,32
2003-07-26-08:00,33
2003-07-26-08:30,34
2003-07-26-09:00,34
2003-07-26-09:30,35
2003-07-26-10:00,35
2003-07-26-10:30,35
2003-07-26-11:00,35
2003-07-26-11:30,35
2003-07-26-12:00,35
2003-07-26-12:30,35
2003-07-26-13:00,35
2003-07-26-13:30,34
2003-07-26-14:00,33
2003-07-26-14:30,33
2003-07-26-15:00,30
2003-07-26-15:30,30
2003-07-26-16:00,29
2003-07-26-17:00,29
2003-07-26-17:30,29
2003-07-26-18:00,28
2003-07-26-18:30,28
2003-07-26-19:00,27
2003-07-26-19:30,28
2003-07-26-20:00,28
2003-07-26-20:30,28
2003-07-26-21:00,28
2003-07-26-21:30,29
2003-07-26-22:00,29
2003-07-26-22:30,29
2003-07-26-23:00,29
2003-07-26-23:30,29
2003-07-27-00:00,29
2003-07-27-00:30,28
2003-07-27-01:00,29
2003-07-27-01:30,29
2003-07-27-02:00,29
2003-07-27-02:30,30
2003-07-27-03:00,30
2003-07-27-03:30,31
2003-07-27-04:00,31
2003-07-27-04:30,32
2003-07-27-05:00,33
2003-07-27-05:30,34
2003-07-27-06:00,34
2003-07-27-06:30,35
2003-07-27-07:30,35
2003-07-27-08:30,34
2003-07-27-09:00,34
2003-07-27-09:30,34
2003-07-27-10:00,35
2003-07-27-10:30,35
2003-07-27-11:00,35
2003-07-27-11:30,35
2003-07-27-12:00,33
2003-07-27-12:30,33
2003-07-27-13:21,28
2003-07-27-14:00,28
2003-07-27-14:30,29
2003-07-27-15:00,29
2003-07-27-15:30,28
2003-07-27-16:00,29
2003-07-27-16:30,29
2003-07-27-17:00,29
2003-07-27-17:30,29
2003-07-27-18:00,29
2003-07-27-18:30,29
2003-07-27-19:30,29
2003-07-27-20:00,29
2003-07-27-20:30,29
2003-07-27-21:00,29
2003-07-27-21:30,29
2003-07-27-22:00,29
2003-07-27-22:30,29
2003-07-27-23:00,29
2003-07-27-23:30,29
2003-07-28-00:00,29
2003-07-28-00:30,29
2003-07-28-01:00,29
2003-07-28-01:30,29
2003-07-28-02:00,29
2003-07-28-02:30,30
2003-07-28-04:30,30
2003-07-28-06:00,30
2003-07-28-06:30,30
2003-07-28-07:00,30
2003-07-28-07:30,30
2003-07-28-08:30,32
2003-07-28-09:00,32
2003-07-28-09:30,32
2003-07-28-10:00,32
2003-07-28-10:30,33
2003-07-28-11:00,33
2003-07-28-11:30,33
2003-07-28-12:00,32
2003-07-28-13:00,32
2003-07-28-13:30,30
2003-07-28-15:00,29
2003-07-28-15:30,29
2003-07-28-16:00,29
2003-07-28-16:30,29
2003-07-28-17:00,28
2003-07-28-17:30,28
2003-07-28-18:00,28
2003-07-28-18:30,28
2003-07-28-19:00,28
2003-07-28-19:30,28
2003-07-28-20:00,28
2003-07-28-20:30,28
2003-07-28-21:00,28
2003-07-28-21:30,28
2003-07-28-22:00,28
2003-07-28-22:30,28
2003-07-28-23:00,28
2003-07-28-23:30,27
2003-07-29-00:00,27
2003-07-29-00:30,28
2003-07-29-01:30,28
2003-07-29-02:00,29
2003-07-29-02:30,29
2003-07-29-03:00,29
2003-07-29-03:30,29
2003-07-29-04:00,30
2003-07-29-04:30,30
2003-07-29-05:00,30
2003-07-29-05:30,31
2003-07-29-06:00,31
2003-07-29-06:30,32
2003-07-29-07:00,32
2003-07-29-07:30,32
2003-07-29-08:00,31
2003-07-29-08:30,32
2003-07-29-09:00,31
2003-07-29-09:30,31
2003-07-29-10:00,31
2003-07-29-10:30,33
2003-07-29-11:00,32
2003-07-29-11:30,33
2003-07-29-12:00,32
2003-07-29-12:30,32
2003-07-29-13:00,28
2003-07-29-13:30,28
2003-07-29-14:30,27
2003-07-29-16:00,27
2003-07-29-16:30,27
2003-07-29-17:00,27
2003-07-29-17:30,28
2003-07-29-18:30,28
2003-07-29-19:00,28
2003-07-29-19:30,28
2003-07-29-20:00,28
2003-07-29-20:30,28
2003-07-29-21:00,28
2003-07-29-21:30,28
2003-07-29-22:00,27
2003-07-29-22:30,27
2003-07-29-23:00,27
2003-07-29-23:30,27
2003-07-30-00:00,27
2003-07-30-00:30,27
2003-07-30-01:00,27
2003-07-30-01:30,28
2003-07-30-02:00,28
2003-07-30-02:30,29
2003-07-30-03:00,29
2003-07-30-03:30,29
2003-07-30-04:00,28
2003-07-30-05:00,28
2003-07-30-06:00,26
2003-07-30-06:30,26
2003-07-30-07:00,26
2003-07-30-07:30,27
2003-07-30-08:00,27
2003-07-30-08:30,27
2003-07-30-09:00,28
2003-07-30-09:30,28
2003-07-30-10:00,27
2003-07-30-10:30,28
2003-07-30-11:00,27
2003-07-30-11:30,28
2003-07-30-12:00,28
2003-07-30-12:30,28
2003-07-30-13:00,29
2003-07-30-13:30,29
2003-07-30-14:00,29
2003-07-30-14:30,28
2003-07-30-15:00,28
2003-07-30-15:30,28
2003-07-30-16:00,28
2003-07-30-16:30,28
2003-07-30-17:00,28
2003-07-30-17:30,28
2003-07-30-18:30,28
2003-07-30-19:00,28
2003-07-30-19:30,28
2003-07-30-20:00,28
2003-07-30-20:30,28
2003-07-30-21:00,28
2003-07-30-21:30,28
2003-07-30-22:00,28
2003-07-30-22:30,28
2003-07-30-23:00,28
2003-07-30-23:30,28
2003-07-31-00:00,28
2003-07-31-00:30,27
2003-07-31-01:00,27
2003-07-31-01:30,28
2003-07-31-02:00,28
2003-07-31-03:00,28
2003-07-31-03:30,28
2003-07-31-04:00,29
2003-07-31-04:30,28
2003-07-31-05:00,29
2003-07-31-05:30,29
2003-07-31-06:00,29
2003-07-31-06:30,30
2003-07-31-07:00,30
2003-07-31-07:30,30
2003-07-31-08:00,30
2003-07-31-08:30,30
2003-07-31-09:30,30
2003-07-31-10:00,30
2003-07-31-10:30,31
2003-07-31-11:00,31
2003-07-31-11:30,31
2003-07-31-12:30,31
2003-07-31-13:00,31
2003-07-31-14:00,30
2003-07-31-14:30,29
2003-07-31-15:00,29
2003-07-31-15:30,29
2003-07-31-16:00,29
2003-07-31-16:30,29
2003-07-31-17:30,29
2003-07-31-18:30,29
2003-07-31-19:00,29
2003-07-31-19:30,29
2003-07-31-20:00,28
2003-07-31-20:30,28
2003-07-31-21:00,28
2003-07-31-21:30,28
2003-07-31-22:00,28
2003-07-31-22:30,28
2003-07-31-23:30,27
2003-08-01-00:00,27
2003-08-01-00:30,27
2003-08-01-01:00,27
2003-08-01-01:30,27
2003-08-01-02:00,28
2003-08-01-02:30,28
2003-08-01-03:30,28
2003-08-01-04:00,28
2003-08-01-04:30,29
2003-08-01-05:00,28
2003-08-01-05:30,29
2003-08-01-07:30,28
2003-08-01-08:30,28
2003-08-01-08:50,28
2003-08-01-09:00,29
2003-08-01-09:30,30
2003-08-01-10:00,30
2003-08-01-10:30,31
2003-08-01-11:00,29
2003-08-01-12:00,29
2003-08-01-12:30,29
2003-08-01-13:00,29
2003-08-01-13:30,28
2003-08-01-14:00,28
2003-08-01-14:30,28
2003-08-01-15:00,28
2003-08-01-15:30,27
2003-08-01-16:00,27
2003-08-01-16:30,27
2003-08-01-17:00,28
2003-08-01-17:30,28
2003-08-01-18:00,28
2003-08-01-18:30,27
2003-08-01-19:00,27
2003-08-01-19:30,27
2003-08-01-20:00,27
2003-08-01-20:30,27
2003-08-01-21:00,27
2003-08-01-21:30,27
2003-08-01-22:00,27
2003-08-01-22:30,27
2003-08-01-23:00,26
2003-08-01-23:30,26
2003-08-02-00:00,27
2003-08-02-00:30,27
2003-08-02-01:00,27
2003-08-02-01:30,27
2003-08-02-02:00,27
2003-08-02-02:30,28
2003-08-02-03:30,28
2003-08-02-04:00,28
2003-08-02-04:30,28
2003-08-02-05:00,28
2003-08-02-05:30,27.5
2003-08-02-06:00,27.25
2003-08-02-06:30,27
2003-08-02-07:00,28
2003-08-02-07:30,27
2003-08-02-08:30,27
2003-08-02-09:00,27
2003-08-02-09:30,28
2003-08-02-10:00,28
2003-08-02-10:30,28
2003-08-02-11:00,28
2003-08-02-11:30,28
2003-08-02-12:00,27
2003-08-02-12:30,27
2003-08-02-13:00,27
2003-08-02-13:30,27
2003-08-02-14:00,27
2003-08-02-14:30,27
2003-08-02-15:00,27
2003-08-02-15:30,27
2003-08-02-16:00,27
2003-08-02-17:30,27
2003-08-02-19:30,27
2003-08-02-20:00,27
2003-08-02-21:00,27
2003-08-02-21:21,27
2003-08-02-22:00,27
2003-08-02-22:30,27
2003-08-02-23:00,27
2003-08-02-23:30,27
2003-08-03-00:00,27
2003-08-03-00:30,27
2003-08-03-01:00,26
2003-08-03-01:30,26
2003-08-03-02:00,26
2003-08-03-02:30,26
2003-08-03-03:00,26
2003-08-03-03:30,26
2003-08-03-04:00,26
2003-08-03-04:30,26
2003-08-03-09:00,27
2003-08-03-09:30,26
2003-08-03-10:00,27
2003-08-03-10:30,27
2003-08-03-11:00,27
2003-08-03-11:30,27
2003-08-03-12:00,27
2003-08-03-12:30,28
2003-08-03-13:00,28
2003-08-03-13:30,28
2003-08-03-14:30,28
2003-08-03-15:00,28
2003-08-03-15:30,28
2003-08-03-16:00,27
2003-08-03-16:30,27
2003-08-03-17:00,27
2003-08-03-17:30,27
2003-08-03-18:00,27
2003-08-03-18:30,27
2003-08-03-19:00,27
2003-08-03-19:30,27
2003-08-03-20:00,27
2003-08-03-20:30,27
2003-08-03-21:00,27
2003-08-03-21:30,27
2003-08-03-22:00,27
2003-08-03-23:00,27
2003-08-03-23:30,27
2003-08-04-00:00,26
2003-08-04-00:30,26
2003-08-04-01:00,26
2003-08-04-01:30,26
2003-08-04-02:00,26
2003-08-04-02:30,26
2003-08-04-03:00,27
2003-08-04-03:30,27
2003-08-04-04:00,28
2003-08-04-04:30,29
2003-08-04-05:00,29
2003-08-04-05:30,29
2003-08-04-06:00,30
2003-08-04-06:30,29
2003-08-04-07:00,29
2003-08-04-07:30,30
2003-08-04-08:00,31
2003-08-04-08:30,31
2003-08-04-09:00,31
2003-08-04-09:30,31
2003-08-04-10:00,32
2003-08-04-10:30,31
2003-08-04-11:00,32
2003-08-04-11:30,32
2003-08-04-12:00,32
2003-08-04-13:00,32
2003-08-04-13:30,31
2003-08-04-14:00,30
2003-08-04-15:00,30
2003-08-04-15:30,30
2003-08-04-16:00,29
2003-08-04-16:30,30
2003-08-04-17:00,30
2003-08-04-17:30,29
2003-08-04-18:00,29
2003-08-04-18:30,29
2003-08-04-19:00,29
2003-08-04-19:30,29
2003-08-04-20:00,29
2003-08-04-20:30,29
2003-08-04-21:00,28
2003-08-04-22:30,28
2003-08-04-23:00,28
2003-08-04-23:30,28
2003-08-05-00:00,28
2003-08-05-00:30,28
2003-08-05-01:30,28
2003-08-05-02:00,29
2003-08-05-02:30,29
2003-08-05-03:00,30
2003-08-05-03:30,31
2003-08-05-04:30,32
2003-08-05-05:00,32
2003-08-05-05:30,32
2003-08-05-06:00,32
2003-08-05-06:30,33
2003-08-05-07:00,34
2003-08-05-07:30,34
2003-08-05-08:00,34
2003-08-05-08:30,35
2003-08-05-09:00,34
2003-08-05-09:30,34
2003-08-05-10:00,32
2003-08-05-10:30,33
2003-08-05-11:00,34
2003-08-05-11:30,34
2003-08-05-12:00,34
2003-08-05-12:30,34
2003-08-05-13:00,34
2003-08-05-13:30,33
2003-08-05-14:00,33
2003-08-05-14:30,33
2003-08-05-15:00,32
2003-08-05-15:30,32
2003-08-05-16:00,32
2003-08-05-16:30,32
2003-08-05-17:00,32
2003-08-05-17:30,31
2003-08-05-18:00,31
2003-08-05-18:30,31
2003-08-05-19:00,31
2003-08-05-19:30,31
2003-08-05-20:00,31
2003-08-05-20:30,30
2003-08-05-21:00,31
2003-08-05-21:30,31
2003-08-05-22:00,30
2003-08-05-22:30,30
2003-08-05-23:00,29
2003-08-05-23:30,29
2003-08-06-00:00,29
2003-08-06-00:30,30
2003-08-06-01:00,29
2003-08-06-01:30,29
2003-08-06-02:00,29
2003-08-06-02:30,30
2003-08-06-03:30,30
2003-08-06-04:00,31
2003-08-06-04:30,31
2003-08-06-05:00,30
2003-08-06-05:30,32
2003-08-06-06:00,33
2003-08-06-06:30,33
2003-08-06-07:00,34
2003-08-06-07:30,34
2003-08-06-08:00,34
2003-08-06-08:30,34
2003-08-06-09:00,34
2003-08-06-09:30,34
2003-08-06-10:00,34
2003-08-06-10:30,33
2003-08-06-11:00,32
2003-08-06-11:30,31
2003-08-06-12:00,31
2003-08-06-12:30,31
2003-08-06-13:00,31
2003-08-06-13:30,31
2003-08-06-14:00,31
2003-08-06-14:30,31
2003-08-06-15:30,31
2003-08-06-16:00,31
2003-08-06-16:30,31
2003-08-06-17:00,31
2003-08-06-17:30,30
2003-08-06-18:00,30
2003-08-06-18:30,30
2003-08-06-19:00,30
2003-08-06-20:00,30
2003-08-06-20:30,30
2003-08-06-21:00,30
2003-08-06-21:30,30
2003-08-06-22:00,29
2003-08-06-22:30,29
2003-08-06-23:00,29
2003-08-06-23:30,29
2003-08-07-00:00,29
2003-08-07-00:30,29
2003-08-07-01:00,30
2003-08-07-02:00,31
2003-08-07-02:30,32
2003-08-07-04:00,34
2003-08-07-04:30,34
2003-08-07-05:00,35
2003-08-07-05:30,35
2003-08-07-06:00,35
2003-08-07-06:30,35
2003-08-07-07:00,35
2003-08-07-07:30,35
2003-08-07-08:30,36
2003-08-07-09:30,33
2003-08-07-10:00,33
2003-08-07-10:30,35
2003-08-07-11:00,35
2003-08-07-11:30,36
2003-08-07-12:00,33
2003-08-07-12:30,33
2003-08-07-13:00,33
2003-08-07-13:30,33
2003-08-07-14:00,33
2003-08-07-14:30,33
2003-08-07-15:00,32
2003-08-07-15:30,32
2003-08-07-16:00,33
2003-08-07-16:30,32
2003-08-07-17:00,32
2003-08-07-17:30,32
2003-08-07-18:00,32
2003-08-07-18:30,34
2003-08-07-19:00,31
2003-08-07-19:30,31
2003-08-07-20:00,31
2003-08-07-20:30,31
2003-08-07-21:00,31
2003-08-07-21:30,31
2003-08-07-22:30,31
2003-08-07-23:00,31
2003-08-07-23:30,31
2003-08-08-00:00,30
2003-08-08-00:30,30
2003-08-08-01:00,30
2003-08-08-01:30,30
2003-08-08-02:00,31
2003-08-08-03:00,33
2003-08-08-03:30,34
2003-08-08-04:00,34
2003-08-08-04:30,34
2003-08-08-05:00,34
2003-08-08-05:30,35
2003-08-08-06:00,35
2003-08-08-06:30,35
2003-08-08-07:00,36
2003-08-08-07:30,36
2003-08-08-08:00,36
2003-08-08-09:00,30
2003-08-08-09:30,31
2003-08-08-10:00,32
2003-08-08-10:30,33
2003-08-08-11:00,33
2003-08-08-11:30,33
2003-08-08-12:00,33
2003-08-08-12:30,33
2003-08-08-13:00,31
2003-08-08-13:30,31
2003-08-08-14:00,31
2003-08-08-14:30,31
2003-08-08-15:00,31
2003-08-08-15:30,31
2003-08-08-16:00,31
2003-08-08-16:30,30
2003-08-08-17:00,30
2003-08-08-17:30,30
2003-08-08-18:00,31
2003-08-08-18:30,31
2003-08-08-19:00,30
2003-08-08-19:30,30
2003-08-08-20:00,30
2003-08-08-20:30,30
2003-08-08-21:00,29
2003-08-08-21:30,29
2003-08-08-22:30,29
2003-08-08-23:00,29
2003-08-08-23:30,29
2003-08-09-00:00,29
2003-08-09-00:30,29
2003-08-09-01:00,29
2003-08-09-01:30,29
2003-08-09-02:00,30
2003-08-09-02:30,31
2003-08-09-03:00,31
2003-08-09-03:30,31
2003-08-09-04:00,32
2003-08-09-05:30,33
2003-08-09-06:00,34
2003-08-09-06:30,34
2003-08-09-07:00,35
2003-08-09-07:30,35
2003-08-09-08:00,35
2003-08-09-08:30,36
2003-08-09-09:00,35
2003-08-09-09:30,35
2003-08-09-10:00,32
2003-08-09-10:30,29
2003-08-09-11:00,30
2003-08-09-11:30,31
2003-08-09-12:00,30
2003-08-09-12:30,31
2003-08-09-13:00,31
2003-08-09-13:30,31
2003-08-09-14:00,31
2003-08-09-14:30,31
2003-08-09-15:00,31
2003-08-09-15:30,30
2003-08-09-16:00,28
2003-08-09-16:30,28
2003-08-09-17:00,28
2003-08-09-17:30,27
2003-08-09-18:00,27
2003-08-09-18:30,27
2003-08-09-19:00,27
2003-08-09-19:30,27
2003-08-09-20:00,24
2003-08-09-20:30,27
2003-08-09-21:30,27
2003-08-09-22:00,26
2003-08-09-22:30,26
2003-08-09-23:00,27
2003-08-09-23:30,27
2003-08-10-00:00,26
2003-08-10-00:30,26
2003-08-10-01:00,27
2003-08-10-01:30,27
2003-08-10-02:00,27
2003-08-10-02:30,27
2003-08-10-03:00,28
2003-08-10-03:30,29
2003-08-10-04:00,29
2003-08-10-04:30,30
2003-08-10-05:30,31
2003-08-10-06:30,32
2003-08-10-06:51,31
2003-08-10-07:30,31
2003-08-10-08:30,31
2003-08-10-09:00,31
2003-08-10-09:30,32
2003-08-10-10:00,32
2003-08-10-10:30,32
2003-08-10-11:00,32
2003-08-10-11:30,32
2003-08-10-12:00,31
2003-08-10-12:30,31
2003-08-10-13:00,30
2003-08-10-13:30,30
2003-08-10-14:00,30
2003-08-10-14:30,30
2003-08-10-15:00,30
2003-08-10-15:30,30
2003-08-10-16:00,29
2003-08-10-16:30,29
2003-08-10-17:00,29
2003-08-10-17:30,29
2003-08-10-18:00,29
2003-08-10-18:30,29
2003-08-10-19:00,29
2003-08-10-19:30,29
2003-08-10-20:00,29
2003-08-10-20:30,29
2003-08-10-21:00,29
2003-08-10-21:30,29
2003-08-10-22:00,29
2003-08-10-22:30,29
2003-08-10-23:00,29
2003-08-10-23:30,29
2003-08-11-00:00,28.5
2003-08-11-00:30,28
2003-08-11-01:00,27
2003-08-11-01:30,27
2003-08-11-02:00,28
2003-08-11-02:30,28
2003-08-11-03:30,29
2003-08-11-04:00,29
2003-08-11-04:30,32
2003-08-11-05:00,30
2003-08-11-05:30,31
2003-08-11-06:00,31
2003-08-11-07:00,32
2003-08-11-07:30,33
2003-08-11-08:00,34
2003-08-11-08:30,34
2003-08-11-09:00,34
2003-08-11-09:30,34
2003-08-11-10:00,34
2003-08-11-10:30,34
2003-08-11-11:00,35
2003-08-11-11:30,35
2003-08-11-12:00,33
2003-08-11-12:30,33
2003-08-11-14:00,30
2003-08-11-15:00,27
2003-08-11-15:30,28
2003-08-11-16:00,27
2003-08-11-16:30,27
2003-08-11-17:00,27
2003-08-11-17:30,28
2003-08-11-18:00,27
2003-08-11-18:30,27
2003-08-11-19:00,27
2003-08-11-19:30,27
2003-08-11-20:00,27
2003-08-11-20:30,27
2003-08-11-21:00,27
2003-08-11-21:30,27
2003-08-11-22:00,27
2003-08-11-22:30,27
2003-08-11-23:00,27
2003-08-11-23:30,27
2003-08-12-00:00,27
2003-08-12-00:30,27
2003-08-12-01:00,27
2003-08-12-01:30,28
2003-08-12-02:00,28
2003-08-12-02:30,29
2003-08-12-03:00,29
2003-08-12-03:30,29
2003-08-12-04:00,30
2003-08-12-04:30,31
2003-08-12-05:00,32
2003-08-12-05:30,32
2003-08-12-06:00,33
2003-08-12-06:30,33
2003-08-12-07:00,34
2003-08-12-07:30,34
2003-08-12-08:30,35
2003-08-12-09:30,33
2003-08-12-10:00,33
2003-08-12-10:30,34
2003-08-12-11:00,34
2003-08-12-11:30,30
2003-08-12-12:00,30
2003-08-12-12:30,31
2003-08-12-13:00,32
2003-08-12-13:30,32
2003-08-12-14:00,32
2003-08-12-14:30,31
2003-08-12-15:00,31
2003-08-12-15:30,30
2003-08-12-16:00,29
2003-08-12-16:30,29
2003-08-12-17:00,29
2003-08-12-17:30,29
2003-08-12-18:00,29
2003-08-12-18:30,29
2003-08-12-19:00,29
2003-08-12-19:30,29
2003-08-12-20:00,29
2003-08-12-20:30,29
2003-08-12-21:30,29
2003-08-12-22:00,29
2003-08-12-22:30,29
2003-08-12-23:00,29
2003-08-12-23:30,29
2003-08-13-00:00,28
2003-08-13-00:30,28
2003-08-13-01:00,28
2003-08-13-01:30,28
2003-08-13-02:00,28
2003-08-13-02:30,28
2003-08-13-03:00,29
2003-08-13-03:30,30
2003-08-13-04:00,31
2003-08-13-04:30,32
2003-08-13-05:00,32
2003-08-13-05:30,33
2003-08-13-06:00,33
2003-08-13-06:30,34
2003-08-13-07:00,34
2003-08-13-07:30,35
2003-08-13-08:00,35
2003-08-13-08:30,31
2003-08-13-09:00,34
2003-08-13-09:30,28
2003-08-13-11:00,26
2003-08-13-11:30,26
2003-08-13-12:00,27
2003-08-13-12:30,27
2003-08-13-13:00,27
2003-08-13-13:30,28
2003-08-13-14:00,28
2003-08-13-14:30,28
2003-08-13-15:00,28
2003-08-13-16:00,28
2003-08-13-16:30,28
2003-08-13-17:00,28
2003-08-13-18:00,27
2003-08-13-18:30,27
2003-08-13-19:00,27
2003-08-13-19:30,26
2003-08-13-20:00,26
2003-08-13-20:30,26
2003-08-13-21:00,26
2003-08-13-22:00,27
2003-08-13-22:30,27
2003-08-13-23:00,27
2003-08-13-23:30,27
2003-08-14-00:00,27
2003-08-14-00:30,27
2003-08-14-01:00,28
2003-08-14-01:30,27
2003-08-14-02:00,28
2003-08-14-02:30,28
2003-08-14-03:00,29
2003-08-14-03:30,29
2003-08-14-04:00,29
2003-08-14-04:30,30
2003-08-14-05:30,30
2003-08-14-06:00,30
2003-08-14-06:30,30
2003-08-14-07:00,30
2003-08-14-07:30,31
2003-08-14-08:00,31
2003-08-14-08:30,32
2003-08-14-09:00,31
2003-08-14-09:30,31
2003-08-14-10:00,31
2003-08-14-10:30,31
2003-08-14-11:00,31
2003-08-14-11:30,30
2003-08-14-12:00,30
2003-08-14-12:30,30
2003-08-14-13:00,30
2003-08-14-13:30,29
2003-08-14-14:00,29
2003-08-14-14:30,29
2003-08-14-15:00,29
2003-08-14-15:30,29
2003-08-14-16:00,29
2003-08-14-16:30,29
2003-08-14-17:00,29
2003-08-14-18:00,28
2003-08-14-18:30,28
2003-08-14-19:00,27
2003-08-14-19:30,27
2003-08-14-20:00,27
2003-08-14-20:30,27
2003-08-14-21:00,27
2003-08-14-21:30,27
2003-08-14-22:00,27
2003-08-14-22:30,27
2003-08-14-23:00,26
2003-08-14-23:30,26
2003-08-15-01:00,26
2003-08-15-01:30,26
2003-08-15-02:30,26
2003-08-15-03:00,26
2003-08-15-03:30,26
2003-08-15-04:00,26
2003-08-15-05:00,26
2003-08-15-05:30,26
2003-08-15-06:00,27
2003-08-15-06:30,27
2003-08-15-07:00,27
2003-08-15-07:30,28
2003-08-15-08:00,28
2003-08-15-08:21,29
2003-08-15-09:00,29
2003-08-15-10:00,29
2003-08-15-10:30,29
2003-08-15-11:00,29
2003-08-15-11:30,29
2003-08-15-12:00,29
2003-08-15-12:30,28
2003-08-15-13:00,28
2003-08-15-13:30,28
2003-08-15-14:00,28
2003-08-15-15:00,28
2003-08-15-15:30,28
2003-08-15-16:00,28
2003-08-15-16:30,28
2003-08-15-17:00,28
2003-08-15-17:30,28
2003-08-15-18:00,28
2003-08-15-18:30,28
2003-08-15-19:00,28
2003-08-15-19:30,28
2003-08-15-21:30,28
2003-08-15-22:00,28
2003-08-15-22:30,28
2003-08-15-23:00,28
2003-08-15-23:30,28
2003-08-16-00:00,28
2003-08-16-00:30,28
2003-08-16-01:00,28
2003-08-16-01:30,28
2003-08-16-02:00,28
2003-08-16-02:30,29
2003-08-16-03:00,30
2003-08-16-03:30,30
2003-08-16-04:00,30
2003-08-16-04:30,30
2003-08-16-05:00,30
2003-08-16-05:30,31
2003-08-16-06:00,31
2003-08-16-06:30,32
2003-08-16-07:00,31
2003-08-16-07:30,32
2003-08-16-08:00,33
2003-08-16-08:30,32
2003-08-16-09:00,33
2003-08-16-09:30,33
2003-08-16-12:30,27
2003-08-16-13:00,28
2003-08-16-13:30,27
2003-08-16-14:00,28
2003-08-16-15:30,28
2003-08-16-16:00,28
2003-08-16-17:00,28
2003-08-16-17:30,28
2003-08-16-18:00,28
2003-08-16-18:30,28
2003-08-16-19:00,28
2003-08-16-19:30,28
2003-08-16-20:00,28
2003-08-16-20:30,28
2003-08-16-22:30,28
2003-08-16-23:00,27
2003-08-16-23:30,27
2003-08-17-00:00,28
2003-08-17-01:00,27
2003-08-17-01:30,28
2003-08-17-02:00,29
2003-08-17-02:30,29
2003-08-17-03:00,30
2003-08-17-03:30,30
2003-08-17-04:00,31
2003-08-17-04:30,31
2003-08-17-05:00,31
2003-08-17-05:30,31
2003-08-17-06:00,32
2003-08-17-06:30,33
2003-08-17-07:00,33
2003-08-17-07:30,33
2003-08-17-08:00,33
2003-08-17-08:21,34
2003-08-17-09:00,34
2003-08-17-09:30,34
2003-08-17-10:00,34
2003-08-17-10:30,34
2003-08-17-11:00,34
2003-08-17-11:30,34
2003-08-17-12:00,33
2003-08-17-12:30,34
2003-08-17-13:00,33
2003-08-17-13:30,33
2003-08-17-14:00,32
2003-08-17-14:30,32
2003-08-17-15:00,31.5
2003-08-17-15:30,31
2003-08-17-16:00,31
2003-08-17-16:30,31
2003-08-17-17:00,31
2003-08-17-17:30,31
2003-08-17-18:00,30
2003-08-17-18:30,30
2003-08-17-19:00,30
2003-08-17-19:30,30
2003-08-17-20:00,30
2003-08-17-20:30,30
2003-08-17-21:00,29
2003-08-17-21:30,29
2003-08-17-22:00,29
2003-08-17-22:30,29
2003-08-17-23:00,29
2003-08-17-23:30,29
2003-08-18-00:00,29
2003-08-18-00:30,29
2003-08-18-01:00,29
2003-08-18-01:30,29
2003-08-18-02:00,29
2003-08-18-03:00,30
2003-08-18-03:30,31
2003-08-18-04:00,31
2003-08-18-04:30,31
2003-08-18-05:00,32
2003-08-18-05:30,32
2003-08-18-06:00,32
2003-08-18-06:30,33
2003-08-18-07:00,33
2003-08-18-07:30,33
2003-08-18-08:00,33
2003-08-18-08:30,34
2003-08-18-09:00,34
2003-08-18-09:30,34
2003-08-18-10:00,34
2003-08-18-10:30,34
2003-08-18-11:00,34
2003-08-18-11:30,34
2003-08-18-12:00,33
2003-08-18-12:30,33
2003-08-18-13:00,33
2003-08-18-13:30,32
2003-08-18-14:30,32
2003-08-18-15:00,32
2003-08-18-15:30,31
2003-08-18-16:00,31
2003-08-18-16:30,31
2003-08-18-17:00,31
2003-08-18-17:30,31
2003-08-18-18:00,31
2003-08-18-18:30,30
2003-08-18-19:00,30
2003-08-18-19:30,29
2003-08-18-20:00,29
2003-08-18-20:30,29
2003-08-18-21:00,29
2003-08-18-21:30,29
2003-08-18-22:00,29
2003-08-18-22:30,28
2003-08-18-23:30,28
2003-08-19-00:00,28
2003-08-19-00:30,28
2003-08-19-01:00,28
2003-08-19-01:30,28
2003-08-19-02:00,28
2003-08-19-03:00,29
2003-08-19-03:30,29
2003-08-19-04:00,29
2003-08-19-04:30,29
2003-08-19-05:00,30
2003-08-19-05:30,30
2003-08-19-06:00,31
2003-08-19-06:30,32
2003-08-19-07:00,32
2003-08-19-07:30,33
2003-08-19-08:00,32
2003-08-19-08:30,32
2003-08-19-09:30,33
2003-08-19-10:00,33
2003-08-19-10:30,33
2003-08-19-11:00,32
2003-08-19-11:30,32
2003-08-19-12:00,32
2003-08-19-12:30,32
2003-08-19-13:00,32
2003-08-19-13:30,31
2003-08-19-14:00,31
2003-08-19-14:30,30
2003-08-19-15:00,30
2003-08-19-15:30,30
2003-08-19-16:00,29
2003-08-19-16:30,30
2003-08-19-17:00,29
2003-08-19-17:30,29
2003-08-19-18:00,29
2003-08-19-18:30,29
2003-08-19-19:00,29
2003-08-19-19:30,28
2003-08-19-20:00,28
2003-08-19-20:30,29
2003-08-19-21:00,28
2003-08-19-21:30,28
2003-08-19-22:00,28
2003-08-19-22:30,28
2003-08-19-23:00,28
2003-08-19-23:30,28
2003-08-20-00:00,28
2003-08-20-00:30,28
2003-08-20-01:00,28
2003-08-20-01:30,28
2003-08-20-02:00,28
2003-08-20-03:00,30
2003-08-20-04:00,30
2003-08-20-04:30,31
2003-08-20-05:00,31
2003-08-20-05:30,32
2003-08-20-06:30,33
2003-08-20-07:00,33
2003-08-20-07:30,33
2003-08-20-08:00,33
2003-08-20-08:30,34
2003-08-20-09:00,34
2003-08-20-09:30,35
2003-08-20-10:00,35
2003-08-20-10:30,35
2003-08-20-11:00,35
2003-08-20-11:30,35
2003-08-20-12:30,35
2003-08-20-13:30,33
2003-08-20-14:00,33
2003-08-20-14:30,32
2003-08-20-15:00,32
2003-08-20-15:30,31
2003-08-20-16:00,32
2003-08-20-16:30,30
2003-08-20-17:00,31
2003-08-20-17:30,30
2003-08-20-18:00,30
2003-08-20-18:30,30
2003-08-20-19:00,30
2003-08-20-19:30,29
2003-08-20-20:00,30
2003-08-20-20:30,30
2003-08-20-21:00,29
2003-08-20-21:30,29
2003-08-20-22:00,30
2003-08-20-22:30,29
2003-08-20-23:00,29
2003-08-20-23:30,29
2003-08-21-00:00,29
2003-08-21-00:30,28
2003-08-21-01:00,28
2003-08-21-01:30,29
2003-08-21-02:00,29
2003-08-21-03:00,31
2003-08-21-03:30,32
2003-08-21-04:00,33
2003-08-21-04:30,33
2003-08-21-05:00,32
2003-08-21-05:30,33
2003-08-21-06:00,34
2003-08-21-06:30,33
2003-08-21-07:00,34
2003-08-21-07:30,34
2003-08-21-08:30,29
2003-08-21-09:00,32
2003-08-21-09:30,33
2003-08-21-10:00,33
2003-08-21-10:30,34
2003-08-21-11:00,34
2003-08-21-11:30,34
2003-08-21-12:00,33
2003-08-21-12:30,29
2003-08-21-13:00,29
2003-08-21-13:30,29
2003-08-21-14:00,29
2003-08-21-14:30,29
2003-08-21-15:00,29
2003-08-21-15:30,29
2003-08-21-16:30,30
2003-08-21-17:00,30
2003-08-21-17:30,29
2003-08-21-18:00,28
2003-08-21-18:30,28
2003-08-21-19:00,28
2003-08-21-19:30,28
2003-08-21-20:00,29
2003-08-21-20:30,29
2003-08-21-21:00,29
2003-08-21-21:30,29
2003-08-21-22:00,29
2003-08-21-22:30,28
2003-08-21-23:00,28
2003-08-21-23:30,28
2003-08-22-00:00,28
2003-08-22-00:30,28
2003-08-22-01:00,28
2003-08-22-01:30,29
2003-08-22-02:00,30
2003-08-22-02:30,30
2003-08-22-03:00,31
2003-08-22-03:30,32
2003-08-22-04:00,33
2003-08-22-04:30,33
2003-08-22-05:30,34
2003-08-22-06:00,34
2003-08-22-06:30,35
2003-08-22-07:30,35
2003-08-22-08:30,35
2003-08-22-09:30,32
2003-08-22-10:00,30
2003-08-22-10:30,33
2003-08-22-11:00,35
2003-08-22-11:30,35
2003-08-22-12:00,35
2003-08-22-12:30,35
2003-08-22-13:00,34
2003-08-22-13:30,34
2003-08-22-14:30,33
2003-08-22-15:30,32
2003-08-22-16:00,32
2003-08-22-16:30,32
2003-08-22-17:30,31
2003-08-22-18:00,31
2003-08-22-19:00,31
2003-08-22-20:30,30
2003-08-22-21:00,30
2003-08-22-21:30,30
2003-08-22-22:00,30
2003-08-22-22:30,30
2003-08-22-23:00,30
2003-08-22-23:30,30
2003-08-23-00:00,30
2003-08-23-00:30,30
2003-08-23-01:00,30
2003-08-23-01:30,30
2003-08-23-02:00,31
2003-08-23-02:30,31
2003-08-23-03:30,31
2003-08-23-04:00,32
2003-08-23-05:00,33
2003-08-23-05:30,33
2003-08-23-06:00,33
2003-08-23-06:30,34
2003-08-23-07:00,34
2003-08-23-07:30,35
2003-08-23-08:00,35
2003-08-23-08:30,35
2003-08-23-09:00,32
2003-08-23-09:30,32
2003-08-23-10:00,30
2003-08-23-10:30,29
2003-08-23-11:00,30
2003-08-23-11:30,30
2003-08-23-12:00,29
2003-08-23-12:30,29
2003-08-23-13:00,29
2003-08-23-13:30,29
2003-08-23-14:30,29
2003-08-23-15:00,29
2003-08-23-15:30,29
2003-08-23-16:00,29
2003-08-23-16:30,29
2003-08-23-17:00,29
2003-08-23-17:30,29
2003-08-23-18:00,29
2003-08-23-18:30,29
2003-08-23-19:00,29
2003-08-23-19:30,29
2003-08-23-20:00,29
2003-08-23-20:30,29
2003-08-23-21:00,29
2003-08-23-21:30,29
2003-08-23-22:00,29
2003-08-23-22:30,28
2003-08-23-23:00,29
2003-08-23-23:30,29
2003-08-24-00:00,29
2003-08-24-00:30,28
2003-08-24-01:00,28
2003-08-24-01:30,29
2003-08-24-02:00,29
2003-08-24-03:00,30
2003-08-24-03:30,30
2003-08-24-04:00,31
2003-08-24-04:30,32
2003-08-24-05:00,31
2003-08-24-05:30,32
2003-08-24-06:00,32
2003-08-24-06:30,33
2003-08-24-07:00,32
2003-08-24-07:30,32
2003-08-24-08:00,33
2003-08-24-08:30,33
2003-08-24-09:00,33
2003-08-24-09:30,33
2003-08-24-10:00,33
2003-08-24-10:30,33
2003-08-24-11:00,33
2003-08-24-11:30,33
2003-08-24-12:00,33
2003-08-24-12:30,33
2003-08-24-13:00,32
2003-08-24-13:30,31
2003-08-24-14:00,31
2003-08-24-14:30,31
2003-08-24-15:00,31
2003-08-24-15:30,30
2003-08-24-16:00,30
2003-08-24-16:30,30
2003-08-24-17:00,30
2003-08-24-17:30,30
2003-08-24-18:00,30
2003-08-24-18:30,29
2003-08-24-19:00,29
2003-08-24-19:30,29
2003-08-24-20:00,29
2003-08-24-20:30,29
2003-08-24-21:00,29
2003-08-24-21:30,28
2003-08-24-22:00,29
2003-08-24-22:30,29
2003-08-24-23:00,28
2003-08-24-23:30,28
2003-08-25-00:00,28
2003-08-25-00:30,28
2003-08-25-01:00,28
2003-08-25-02:00,28
2003-08-25-02:30,29
2003-08-25-03:00,29
2003-08-25-03:30,30
2003-08-25-04:00,30
2003-08-25-04:30,31
2003-08-25-05:00,31
2003-08-25-05:30,31
2003-08-25-06:00,32
2003-08-25-06:30,32
2003-08-25-07:00,32
2003-08-25-07:30,33
2003-08-25-08:00,33
2003-08-25-08:30,33
2003-08-25-09:00,33
2003-08-25-09:30,33
2003-08-25-10:00,32
2003-08-25-10:30,33
2003-08-25-11:00,32
2003-08-25-11:30,33
2003-08-25-12:00,27
2003-08-25-12:30,27
2003-08-25-13:00,28
2003-08-25-13:30,28
2003-08-25-14:00,29
2003-08-25-14:21,29
2003-08-25-15:00,29
2003-08-25-15:30,29
2003-08-25-16:00,29
2003-08-25-16:30,29
2003-08-25-17:00,28
2003-08-25-17:30,28
2003-08-25-18:00,28
2003-08-25-18:30,28
2003-08-25-19:00,28
2003-08-25-19:30,28
2003-08-25-20:00,28
2003-08-25-20:30,28
2003-08-25-21:00,28
2003-08-25-21:30,28
2003-08-25-22:00,28
2003-08-25-22:30,28
2003-08-25-23:00,27
2003-08-25-23:30,28
2003-08-26-00:00,27
2003-08-26-00:30,27
2003-08-26-01:00,27
2003-08-26-01:30,28
2003-08-26-02:00,28
2003-08-26-02:30,29
2003-08-26-03:00,30
2003-08-26-03:30,30
2003-08-26-04:00,30
2003-08-26-04:30,30
2003-08-26-05:00,31
2003-08-26-05:30,31
2003-08-26-06:00,31
2003-08-26-06:30,32
2003-08-26-07:00,32
2003-08-26-07:30,32
2003-08-26-08:00,32
2003-08-26-09:00,33
2003-08-26-09:30,33
2003-08-26-10:00,33
2003-08-26-10:30,33
2003-08-26-11:00,33
2003-08-26-11:30,32
2003-08-26-12:00,32
2003-08-26-12:30,32
2003-08-26-13:00,32
2003-08-26-13:30,31
2003-08-26-14:00,31
2003-08-26-15:00,30
2003-08-26-15:30,30
2003-08-26-16:00,30
2003-08-26-16:30,30
2003-08-26-17:30,29
2003-08-26-18:00,29
2003-08-26-18:30,29
2003-08-26-19:00,29
2003-08-26-19:30,29
2003-08-26-20:00,29
2003-08-26-20:30,28
2003-08-26-21:00,28
2003-08-26-21:30,28
2003-08-26-22:00,28
2003-08-26-22:30,28
2003-08-26-23:00,28
2003-08-26-23:30,28
2003-08-27-00:00,27
2003-08-27-00:30,27
2003-08-27-01:00,28
2003-08-27-01:30,28
2003-08-27-02:00,28
2003-08-27-02:30,28
2003-08-27-03:00,29
2003-08-27-03:30,29
2003-08-27-04:00,29
2003-08-27-04:30,29
2003-08-27-05:00,28
2003-08-27-05:30,29
2003-08-27-06:00,30
2003-08-27-06:30,31
2003-08-27-07:00,32
2003-08-27-07:30,32
2003-08-27-08:00,33
2003-08-27-08:30,34
2003-08-27-09:00,33
2003-08-27-09:30,34
2003-08-27-10:00,33
2003-08-27-10:30,34
2003-08-27-11:00,33
2003-08-27-11:30,33
2003-08-27-12:00,33
2003-08-27-13:00,31
2003-08-27-13:30,31
2003-08-27-14:30,30
2003-08-27-15:00,30
2003-08-27-15:30,30
2003-08-27-16:00,30
2003-08-27-16:30,30
2003-08-27-17:00,30
2003-08-27-18:00,29
2003-08-27-18:30,29
2003-08-27-19:00,29
2003-08-27-19:30,29
2003-08-27-20:00,29
2003-08-27-20:30,29
2003-08-27-21:00,28
2003-08-27-21:30,28
2003-08-27-22:00,28
2003-08-27-22:30,28
2003-08-27-23:00,28
2003-08-27-23:30,29
2003-08-28-00:00,29
2003-08-28-00:30,29
2003-08-28-01:00,29
2003-08-28-01:30,29
2003-08-28-02:00,30
2003-08-28-03:00,31
2003-08-28-03:30,32
2003-08-28-04:00,33
2003-08-28-04:30,32
2003-08-28-05:00,33
2003-08-28-05:30,32
2003-08-28-06:00,32
2003-08-28-06:30,32
2003-08-28-07:00,30
2003-08-28-07:30,31
2003-08-28-08:00,31
2003-08-28-08:30,33
2003-08-28-09:30,31
2003-08-28-10:00,31
2003-08-28-10:30,31
2003-08-28-11:00,32
2003-08-28-12:00,33
2003-08-28-12:30,33
2003-08-28-13:30,32
2003-08-28-14:00,32
2003-08-28-14:30,31
2003-08-28-15:00,31
2003-08-28-15:30,30
2003-08-28-16:00,30
2003-08-28-16:30,30
2003-08-28-17:00,30
2003-08-28-17:30,30
2003-08-28-18:00,29
2003-08-28-18:30,29
2003-08-28-19:00,29
2003-08-28-19:30,29
2003-08-28-20:00,29
2003-08-28-20:30,29
2003-08-28-21:00,29
2003-08-28-21:30,29
2003-08-28-22:00,29
2003-08-28-22:30,28
2003-08-28-23:00,29
2003-08-28-23:30,29
2003-08-29-00:00,28
2003-08-29-00:30,28
2003-08-29-01:00,28
2003-08-29-01:30,29
2003-08-29-02:00,29
2003-08-29-02:30,30
2003-08-29-03:00,30
2003-08-29-03:30,31
2003-08-29-04:00,31
2003-08-29-05:00,33
2003-08-29-05:30,33
2003-08-29-06:00,34
2003-08-29-06:30,33
2003-08-29-07:30,33
2003-08-29-08:00,34
2003-08-29-09:00,33
2003-08-29-09:30,33
2003-08-29-10:00,32
2003-08-29-10:30,33
2003-08-29-11:00,33
2003-08-29-11:30,31
2003-08-29-12:00,30
2003-08-29-12:30,30
2003-08-29-13:30,29
2003-08-29-14:00,29
2003-08-29-14:30,29
2003-08-29-15:00,28
2003-08-29-15:30,28
2003-08-29-16:00,28
2003-08-29-16:30,28
2003-08-29-17:00,28
2003-08-29-17:30,27
2003-08-29-18:00,27
2003-08-29-18:30,27
2003-08-29-19:00,27
2003-08-29-19:30,27
2003-08-29-20:00,27
2003-08-29-20:30,27
2003-08-29-21:00,28
2003-08-29-21:30,27
2003-08-29-22:00,27
2003-08-29-22:30,27
2003-08-29-23:00,27
2003-08-29-23:30,27
2003-08-30-00:00,27
2003-08-30-00:30,28
2003-08-30-01:00,28
2003-08-30-01:30,28
2003-08-30-02:00,28
2003-08-30-02:30,29
2003-08-30-03:00,30
2003-08-30-03:30,31
2003-08-30-04:00,32
2003-08-30-04:30,33
2003-08-30-05:00,33
2003-08-30-05:30,33
2003-08-30-06:00,33
2003-08-30-06:30,33
2003-08-30-07:00,34
2003-08-30-07:30,34
2003-08-30-08:00,34
2003-08-30-09:00,34
2003-08-30-09:30,34
2003-08-30-10:00,34
2003-08-30-10:30,35
2003-08-30-11:00,34
2003-08-30-11:30,34
2003-08-30-12:00,33
2003-08-30-12:30,33
2003-08-30-13:00,31
2003-08-30-13:30,31
2003-08-30-14:00,30
2003-08-30-14:30,30
2003-08-30-15:00,29
2003-08-30-15:30,29
2003-08-30-16:00,29
2003-08-30-16:30,30
2003-08-30-17:00,30
2003-08-30-17:30,30
2003-08-30-18:00,29
2003-08-30-18:30,28
2003-08-30-19:00,28
2003-08-30-19:30,28
2003-08-30-21:00,28
2003-08-30-21:30,28
2003-08-30-22:00,28
2003-08-30-22:30,28
2003-08-30-23:00,28
2003-08-30-23:30,28
2003-08-31-00:00,28
2003-08-31-00:30,27
2003-08-31-01:00,27
2003-08-31-01:30,27
2003-08-31-02:00,27
2003-08-31-02:30,27
2003-08-31-03:00,27
2003-08-31-03:30,28
2003-08-31-04:00,28
2003-08-31-04:30,29
2003-08-31-05:00,30
2003-08-31-05:30,30
2003-08-31-06:00,30
2003-08-31-06:30,32
2003-08-31-07:00,32
2003-08-31-07:30,33
2003-08-31-08:00,34
2003-08-31-08:30,33
2003-08-31-09:00,32
2003-08-31-09:30,33
2003-08-31-10:00,32
2003-08-31-10:30,34
2003-08-31-11:00,33
2003-08-31-11:30,34
2003-08-31-12:00,33
2003-08-31-12:30,33
2003-08-31-13:00,32
2003-08-31-13:30,32
2003-08-31-14:00,32
2003-08-31-14:30,31
2003-08-31-15:00,31
2003-08-31-15:30,29
2003-08-31-16:00,29
2003-08-31-16:30,28
2003-08-31-17:00,28
2003-08-31-17:30,28
2003-08-31-18:00,28
2003-08-31-18:30,28
2003-08-31-19:00,28
2003-08-31-19:30,28
2003-08-31-20:00,28
2003-08-31-20:30,28
2003-08-31-21:00,28
2003-08-31-21:30,28
2003-08-31-22:00,28
2003-08-31-22:30,28
2003-08-31-23:00,28
2003-08-31-23:30,27
2003-09-01-00:00,27
2003-09-01-00:30,27
2003-09-01-01:00,27
2003-09-01-01:30,27
2003-09-01-02:00,27
2003-09-01-02:30,27
2003-09-01-03:00,28
2003-09-01-03:30,28
2003-09-01-04:00,29
2003-09-01-04:30,29
2003-09-01-05:00,30
2003-09-01-05:30,30
2003-09-01-06:00,30
2003-09-01-06:30,31
2003-09-01-07:00,32
2003-09-01-07:30,32
2003-09-01-08:00,32
2003-09-01-08:30,33
2003-09-01-09:00,34
2003-09-01-10:00,34
2003-09-01-10:30,34
2003-09-01-11:00,34
2003-09-01-11:30,34
2003-09-01-12:00,34
2003-09-01-13:00,33
2003-09-01-13:30,32
2003-09-01-14:00,32
2003-09-01-14:30,31
2003-09-01-15:00,31
2003-09-01-16:00,31
2003-09-01-16:30,30
2003-09-01-17:00,30
2003-09-01-17:30,30
2003-09-01-18:00,30
2003-09-01-18:30,29
2003-09-01-19:00,29
2003-09-01-19:30,29
2003-09-01-20:00,29
2003-09-01-20:30,28
2003-09-01-21:00,28
2003-09-01-21:30,28
2003-09-01-22:00,28
2003-09-01-22:30,28
2003-09-01-23:00,27.5
2003-09-01-23:30,34.25
2003-09-02-00:00,27
2003-09-02-00:30,27
2003-09-02-01:00,27
2003-09-02-01:30,27
2003-09-02-02:00,28
2003-09-02-02:30,29
2003-09-02-03:00,29
2003-09-02-03:30,30
2003-09-02-04:00,30
2003-09-02-05:00,30
2003-09-02-05:30,31
2003-09-02-06:00,31
2003-09-02-06:30,31
2003-09-02-07:00,31
2003-09-02-07:30,32
2003-09-02-08:00,32
2003-09-02-08:30,32
2003-09-02-09:00,32
2003-09-02-09:30,32
2003-09-02-10:00,32
2003-09-02-10:30,31
2003-09-02-11:00,32
2003-09-02-11:30,31
2003-09-02-12:00,31
2003-09-02-12:30,30
2003-09-02-13:00,30
2003-09-02-13:30,30
2003-09-02-14:00,30
2003-09-02-14:30,30
2003-09-02-15:00,30
2003-09-02-15:30,30
2003-09-02-16:00,29
2003-09-02-16:30,29
2003-09-02-17:00,29
2003-09-02-17:30,29
2003-09-02-18:00,29
2003-09-02-18:30,29
2003-09-02-19:00,29
2003-09-02-19:30,28
2003-09-02-20:00,29
2003-09-02-20:30,28
2003-09-02-21:00,28
2003-09-02-21:30,28
2003-09-02-22:00,28
2003-09-02-22:30,28
2003-09-02-23:00,28
2003-09-02-23:30,28
2003-09-03-00:00,28
2003-09-03-00:30,28
2003-09-03-01:00,28
2003-09-03-01:30,28
2003-09-03-02:00,28
2003-09-03-03:00,29
2003-09-03-03:30,29
2003-09-03-04:00,30
2003-09-03-04:30,30
2003-09-03-05:00,30
2003-09-03-05:30,32
2003-09-03-06:00,32
2003-09-03-06:30,32
2003-09-03-07:00,32
2003-09-03-07:30,33
2003-09-03-08:00,33
2003-09-03-09:00,34
2003-09-03-09:30,33
2003-09-03-10:00,33
2003-09-03-10:30,33
2003-09-03-11:30,31
2003-09-03-12:00,32
2003-09-03-12:30,32
2003-09-03-13:00,31
2003-09-03-13:30,31
2003-09-03-14:00,30
2003-09-03-14:30,29
2003-09-03-15:00,29
2003-09-03-15:30,29
2003-09-03-16:00,28
2003-09-03-16:30,29
2003-09-03-17:00,29
2003-09-03-17:30,29
2003-09-03-18:00,28
2003-09-03-18:30,28
2003-09-03-19:00,28
2003-09-03-19:30,28
2003-09-03-20:00,28
2003-09-03-20:30,28
2003-09-03-21:00,28
2003-09-03-21:30,28
2003-09-03-22:00,27
2003-09-03-22:30,27
2003-09-03-23:00,27
2003-09-03-23:30,27
2003-09-04-00:00,27
2003-09-04-00:30,27
2003-09-04-01:00,28
2003-09-04-01:30,28
2003-09-04-02:30,29
2003-09-04-03:00,28
2003-09-04-03:30,27
2003-09-04-04:00,27
2003-09-04-04:30,25
2003-09-04-05:00,25
2003-09-04-05:30,26
2003-09-04-06:00,26
2003-09-04-06:30,26
2003-09-04-07:00,26
2003-09-04-07:21,26
2003-09-04-08:00,28
2003-09-04-08:30,29
2003-09-04-09:00,29
2003-09-04-09:30,29
2003-09-04-10:00,31
2003-09-04-10:30,31
2003-09-04-11:00,31
2003-09-04-11:30,31
2003-09-04-12:00,31
2003-09-04-12:30,31
2003-09-04-13:00,30
2003-09-04-13:30,29
2003-09-04-14:00,29
2003-09-04-14:30,29
2003-09-04-15:00,28
2003-09-04-15:30,28
2003-09-04-16:00,28
2003-09-04-16:30,28
2003-09-04-17:00,28
2003-09-04-17:30,28
2003-09-04-18:00,28
2003-09-04-18:30,28
2003-09-04-19:00,28
2003-09-04-19:30,28
2003-09-04-20:00,28
2003-09-04-20:30,27
2003-09-04-21:00,27
2003-09-04-21:30,27
2003-09-04-22:00,27
2003-09-04-22:30,27
2003-09-04-23:00,27
2003-09-04-23:30,27
2003-09-05-00:00,27
2003-09-05-00:30,27
2003-09-05-01:00,27
2003-09-05-01:30,27
2003-09-05-02:30,28
2003-09-05-03:00,28
2003-09-05-03:30,29
2003-09-05-04:00,30
2003-09-05-04:30,30.5
2003-09-05-05:00,31
2003-09-05-06:00,31
2003-09-05-06:30,32
2003-09-05-07:00,32
2003-09-05-07:30,32
2003-09-05-08:00,33
2003-09-05-08:30,33
2003-09-05-09:00,33
2003-09-05-09:30,33
2003-09-05-10:00,33
2003-09-05-10:30,33
2003-09-05-11:00,34
2003-09-05-11:30,33
2003-09-05-12:00,33
2003-09-05-12:30,33
2003-09-05-13:00,31
2003-09-05-14:00,30
2003-09-05-14:30,30
2003-09-05-15:00,29
2003-09-05-15:30,27
2003-09-05-17:00,27
2003-09-05-17:30,27
2003-09-05-18:00,27
2003-09-05-18:30,27
2003-09-05-19:00,27
2003-09-05-19:30,27
2003-09-05-20:00,27
2003-09-05-20:30,27
2003-09-05-21:00,27
2003-09-05-21:30,27
2003-09-05-22:00,27
2003-09-05-22:30,27
2003-09-05-23:00,27
2003-09-05-23:30,26
2003-09-06-00:00,26
2003-09-06-00:30,26
2003-09-06-01:00,26
2003-09-06-01:30,26
2003-09-06-02:00,27
2003-09-06-02:30,27
2003-09-06-03:00,29
2003-09-06-03:30,29
2003-09-06-04:00,30
2003-09-06-04:30,30
2003-09-06-05:00,30
2003-09-06-05:30,31
2003-09-06-06:00,32
2003-09-06-07:00,32
2003-09-06-07:30,32
2003-09-06-08:00,32
2003-09-06-08:30,33
2003-09-06-09:00,33
2003-09-06-09:30,30
2003-09-06-10:00,27
2003-09-06-10:30,28
2003-09-06-11:00,29
2003-09-06-11:30,30
2003-09-06-12:00,30
2003-09-06-12:30,29
2003-09-06-13:00,29
2003-09-06-13:30,29
2003-09-06-14:00,29
2003-09-06-14:21,29
2003-09-06-15:00,28
2003-09-06-15:30,28
2003-09-06-16:00,28
2003-09-06-16:30,28
2003-09-06-17:00,28
2003-09-06-17:30,28
2003-09-06-18:30,27
2003-09-06-19:00,27
2003-09-06-19:30,27
2003-09-06-20:00,27
2003-09-06-20:30,27
2003-09-06-21:00,27
2003-09-06-22:00,26
2003-09-06-22:30,26
2003-09-06-23:00,26
2003-09-06-23:30,26.5
2003-09-07-00:00,27
2003-09-07-00:30,26
2003-09-07-01:00,25
2003-09-07-01:21,25
2003-09-07-02:00,25
2003-09-07-02:30,26
2003-09-07-03:00,26
2003-09-07-03:30,26
2003-09-07-04:00,25
2003-09-07-04:30,25
2003-09-07-05:00,25
2003-09-07-05:30,26
2003-09-07-06:00,25
2003-09-07-06:30,26
2003-09-07-07:00,26
2003-09-07-07:30,26
2003-09-07-08:00,26
2003-09-07-08:30,27
2003-09-07-09:00,27
2003-09-07-09:30,28
2003-09-07-10:00,28
2003-09-07-10:30,27
2003-09-07-11:30,27.5
2003-09-07-12:30,28
2003-09-07-13:00,27
2003-09-07-13:30,27
2003-09-07-14:30,27
2003-09-07-15:00,27
2003-09-07-15:30,27
2003-09-07-16:00,27
2003-09-07-16:30,27
2003-09-07-17:00,27
2003-09-07-17:30,27
2003-09-07-18:00,27
2003-09-07-18:30,27
2003-09-07-19:00,27
2003-09-07-19:30,27
2003-09-07-20:00,26
2003-09-07-20:30,26
2003-09-07-21:00,26
2003-09-07-21:30,26
2003-09-07-22:00,26
2003-09-07-22:30,26
2003-09-07-23:00,26
2003-09-07-23:30,26
2003-09-08-00:00,26
2003-09-08-01:00,26
2003-09-08-01:30,26
2003-09-08-02:00,27
2003-09-08-03:00,28
2003-09-08-03:30,26
2003-09-08-04:00,29
2003-09-08-04:30,29
2003-09-08-05:00,31
2003-09-08-05:30,31
2003-09-08-06:00,32
2003-09-08-06:30,32
2003-09-08-07:00,32
2003-09-08-07:30,33
2003-09-08-08:30,34
2003-09-08-09:00,34
2003-09-08-09:30,33
2003-09-08-10:00,33
2003-09-08-10:30,32
2003-09-08-11:00,32
2003-09-08-11:30,32
2003-09-08-12:00,33
2003-09-08-12:30,32
2003-09-08-13:00,32
2003-09-08-13:30,32
2003-09-08-14:00,32
2003-09-08-14:30,31
2003-09-08-15:00,31
2003-09-08-15:30,31
2003-09-08-16:00,31
2003-09-08-16:30,30
2003-09-08-17:00,30
2003-09-08-17:30,30
2003-09-08-18:30,30
2003-09-08-19:00,29
2003-09-08-20:00,29
2003-09-08-20:30,29
2003-09-08-21:00,29
2003-09-08-21:30,28
2003-09-08-22:00,28
2003-09-08-22:30,28
2003-09-08-23:00,28
2003-09-08-23:30,28
2003-09-09-00:00,28
2003-09-09-00:30,28
2003-09-09-01:00,28
2003-09-09-01:30,28
2003-09-09-02:00,28
2003-09-09-03:00,28
2003-09-09-03:30,29
2003-09-09-04:00,29
2003-09-09-04:30,29
2003-09-09-05:00,29
2003-09-09-05:30,30
2003-09-09-06:00,30
2003-09-09-06:30,31
2003-09-09-07:00,31
2003-09-09-07:30,32
2003-09-09-08:30,33
2003-09-09-09:00,33
2003-09-09-09:30,33
2003-09-09-10:00,33
2003-09-09-10:30,33
2003-09-09-11:00,33
2003-09-09-11:30,33
2003-09-09-12:00,32
2003-09-09-12:30,32
2003-09-09-13:00,32
2003-09-09-13:30,31
2003-09-09-14:00,31
2003-09-09-14:30,31
2003-09-09-15:00,31
2003-09-09-15:30,31
2003-09-09-16:00,30
2003-09-09-16:30,30
2003-09-09-17:00,29
2003-09-09-17:30,29
2003-09-09-18:00,29
2003-09-09-18:30,29
2003-09-09-19:00,29
2003-09-09-19:30,29
2003-09-09-20:00,29
2003-09-09-20:30,28
2003-09-09-21:00,28
2003-09-09-21:30,28
2003-09-09-22:00,27
2003-09-09-22:30,27
2003-09-09-23:00,27
2003-09-10-00:00,27
2003-09-10-00:30,27
2003-09-10-01:00,27
2003-09-10-01:30,27
2003-09-10-02:00,27
2003-09-10-02:30,28
2003-09-10-03:00,28
2003-09-10-03:30,29
2003-09-10-04:30,30
2003-09-10-05:00,31
2003-09-10-05:30,31
2003-09-10-06:00,32
2003-09-10-06:30,32
2003-09-10-07:00,32
2003-09-10-07:30,29
2003-09-10-08:00,28
2003-09-10-08:30,27
2003-09-10-09:00,28
2003-09-10-09:30,29
2003-09-10-10:00,29
2003-09-10-10:30,30
2003-09-10-11:30,29
2003-09-10-12:00,29
2003-09-10-12:30,29
2003-09-10-13:00,29
2003-09-10-13:30,29
2003-09-10-14:00,29
2003-09-10-14:30,28
2003-09-10-15:00,28
2003-09-10-15:30,28
2003-09-10-16:00,28
2003-09-10-16:30,29
2003-09-10-17:00,28
2003-09-10-17:30,28
2003-09-10-18:00,28
2003-09-10-18:30,28
2003-09-10-19:30,28
2003-09-10-20:00,27
2003-09-10-20:30,27
2003-09-10-21:00,27
2003-09-10-21:30,28
2003-09-10-22:00,27
2003-09-10-22:30,27
2003-09-10-23:00,27
2003-09-10-23:30,27
2003-09-11-00:00,27
2003-09-11-00:30,27
2003-09-11-01:00,28
2003-09-11-01:30,28
2003-09-11-02:00,28
2003-09-11-02:30,28
2003-09-11-03:30,27
2003-09-11-04:00,26
2003-09-11-04:30,26
2003-09-11-05:00,26
2003-09-11-05:30,27
2003-09-11-06:30,28
2003-09-11-07:00,28
2003-09-11-07:30,28
2003-09-11-08:00,27
2003-09-11-09:00,25
2003-09-11-09:30,26
2003-09-11-10:00,26
2003-09-11-10:30,26
2003-09-11-11:00,27
2003-09-11-11:30,28
2003-09-11-12:00,27
2003-09-11-12:30,27
2003-09-11-13:00,27
2003-09-11-13:30,27
2003-09-11-14:00,27
2003-09-11-14:30,27
2003-09-11-15:00,27
2003-09-11-15:30,27
2003-09-11-16:30,26
2003-09-11-17:00,26
2003-09-11-17:30,26
2003-09-11-18:00,26
2003-09-11-19:00,26
2003-09-11-19:30,26
2003-09-11-20:00,26
2003-09-11-20:30,26
2003-09-11-21:00,26
2003-09-11-21:30,26
2003-09-11-22:00,26
2003-09-11-22:30,26
2003-09-11-23:00,26
2003-09-11-23:30,26
2003-09-12-00:00,26
2003-09-12-00:30,26
2003-09-12-01:30,26
2003-09-12-02:00,27
2003-09-12-02:30,26
2003-09-12-03:00,26
2003-09-12-03:30,27
2003-09-12-04:00,27
2003-09-12-04:30,27
2003-09-12-05:00,28
2003-09-12-05:30,28
2003-09-12-06:00,28
2003-09-12-06:30,28
2003-09-12-07:00,28
2003-09-12-07:30,28
2003-09-12-08:00,29
2003-09-12-08:30,29
2003-09-12-09:00,29
2003-09-12-09:30,29
2003-09-12-10:00,29
2003-09-12-10:30,29
2003-09-12-11:00,30
2003-09-12-11:30,30
2003-09-12-12:00,29
2003-09-12-12:30,29
2003-09-12-13:00,28
2003-09-12-13:30,28
2003-09-12-14:00,28
2003-09-12-15:00,28
2003-09-12-16:00,27
2003-09-12-16:30,27
2003-09-12-17:00,27
2003-09-12-17:30,27
2003-09-12-18:00,27
2003-09-12-18:30,27
2003-09-12-19:00,27
2003-09-12-19:30,27
2003-09-12-20:00,27
2003-09-12-20:30,26
2003-09-12-21:00,26
2003-09-12-21:30,26
2003-09-12-22:00,26
2003-09-12-22:30,26
2003-09-12-23:00,26
2003-09-12-23:30,26
2003-09-13-00:00,27
2003-09-13-01:00,27
2003-09-13-01:30,27
2003-09-13-02:00,27
2003-09-13-02:30,27
2003-09-13-03:00,28
2003-09-13-03:30,28
2003-09-13-04:30,30
2003-09-13-05:00,30
2003-09-13-05:30,31
2003-09-13-06:00,32
2003-09-13-06:30,32
2003-09-13-07:00,33
2003-09-13-07:30,33
2003-09-13-07:51,33
2003-09-13-08:30,33
2003-09-13-09:00,33
2003-09-13-09:30,33
2003-09-13-10:00,34
2003-09-13-10:30,35
2003-09-13-11:00,34
2003-09-13-11:30,34
2003-09-13-12:00,34
2003-09-13-12:30,33
2003-09-13-13:00,31
2003-09-13-13:30,31
2003-09-13-14:00,31
2003-09-13-14:30,31
2003-09-13-15:00,31
2003-09-13-15:30,30
2003-09-13-16:30,30
2003-09-13-17:00,29
2003-09-13-17:30,29.5
2003-09-13-18:00,30
2003-09-13-18:30,30
2003-09-13-19:00,31
2003-09-13-19:30,30
2003-09-13-20:00,30
2003-09-13-20:30,29
2003-09-13-21:00,28
2003-09-13-21:30,28
2003-09-13-22:00,27
2003-09-13-22:30,27
2003-09-13-23:00,27
2003-09-13-23:30,28
2003-09-14-00:00,27
2003-09-14-00:30,27
2003-09-14-01:00,27
2003-09-14-01:30,27
2003-09-14-02:00,29
2003-09-14-02:30,29
2003-09-14-03:00,30
2003-09-14-03:30,31
2003-09-14-04:00,32
2003-09-14-04:30,32
2003-09-14-05:00,33
2003-09-14-05:30,33
2003-09-14-06:00,32
2003-09-14-06:30,32
2003-09-14-08:00,27
2003-09-14-08:30,26
2003-09-14-09:00,27
2003-09-14-09:30,27
2003-09-14-10:00,27
2003-09-14-10:30,28
2003-09-14-11:00,28
2003-09-14-11:30,28
2003-09-14-12:00,28
2003-09-14-13:00,27
2003-09-14-13:30,28
2003-09-14-14:00,28
2003-09-14-14:30,27
2003-09-14-15:00,27
2003-09-14-15:30,27
2003-09-14-16:00,27
2003-09-14-16:30,27
2003-09-14-17:00,27
2003-09-14-17:30,27
2003-09-14-18:00,27
2003-09-14-18:30,27
2003-09-14-19:00,27
2003-09-14-19:30,27
2003-09-14-20:00,27
2003-09-14-20:30,27
2003-09-14-21:00,27
2003-09-14-21:30,27
2003-09-14-22:00,27
2003-09-14-22:30,27
2003-09-14-23:00,27
2003-09-14-23:30,27
2003-09-15-00:00,27
2003-09-15-00:30,27
2003-09-15-01:00,27
2003-09-15-01:30,27
2003-09-15-02:00,27
2003-09-15-02:30,27
2003-09-15-03:00,27
2003-09-15-03:30,27
2003-09-15-04:00,28
2003-09-15-04:30,29
2003-09-15-05:00,29
2003-09-15-05:30,30
2003-09-15-06:00,30
2003-09-15-06:30,30
2003-09-15-07:00,31
2003-09-15-07:30,31
2003-09-15-08:00,31
2003-09-15-08:30,31
2003-09-15-09:00,30
2003-09-15-09:30,28
2003-09-15-10:00,29
2003-09-15-10:30,29
2003-09-15-11:00,28
2003-09-15-11:30,28
2003-09-15-12:00,28
2003-09-15-12:30,27
2003-09-15-13:00,27
2003-09-15-13:30,27
2003-09-15-14:00,27
2003-09-15-14:30,27
2003-09-15-15:00,27
2003-09-15-15:30,27
2003-09-15-16:30,27
2003-09-15-17:00,27
2003-09-15-17:30,27
2003-09-15-18:30,27
2003-09-15-19:00,27
2003-09-15-19:30,27
2003-09-15-20:00,27
2003-09-15-20:30,27
2003-09-15-21:00,26
2003-09-15-21:30,26
2003-09-15-22:00,26
2003-09-15-22:30,26
2003-09-15-23:00,26
2003-09-15-23:30,26
2003-09-16-00:00,26
2003-09-16-00:30,26
2003-09-16-01:00,26
2003-09-16-01:30,26
2003-09-16-02:00,27
2003-09-16-02:30,27
2003-09-16-03:00,28
2003-09-16-03:30,28
2003-09-16-04:00,28
2003-09-16-04:30,29
2003-09-16-05:00,29
2003-09-16-05:30,29
2003-09-16-06:00,29
2003-09-16-06:30,29
2003-09-16-07:30,31
2003-09-16-08:00,30
2003-09-16-08:30,30
2003-09-16-09:00,30
2003-09-16-09:30,30
2003-09-16-10:00,30
2003-09-16-10:30,30
2003-09-16-11:00,29
2003-09-16-11:30,29
2003-09-16-12:00,28
2003-09-16-12:30,28
2003-09-16-13:00,28
2003-09-16-13:30,28
2003-09-16-14:00,28
2003-09-16-14:30,28
2003-09-16-15:00,26
2003-09-16-15:30,27
2003-09-16-16:00,27
2003-09-16-16:30,27
2003-09-16-17:00,27
2003-09-16-17:30,27
2003-09-16-18:00,27
2003-09-16-18:30,27
2003-09-16-19:00,27
2003-09-16-19:30,27
2003-09-16-20:00,27
2003-09-16-20:30,27
2003-09-16-21:00,26
2003-09-16-21:30,27
2003-09-16-22:00,27
2003-09-16-22:30,27
2003-09-16-23:00,27
2003-09-16-23:30,27
2003-09-17-00:00,27
2003-09-17-00:30,26
2003-09-17-01:00,27
2003-09-17-01:30,27
2003-09-17-02:00,27
2003-09-17-02:30,28
2003-09-17-03:00,28
2003-09-17-03:30,29
2003-09-17-04:30,29
2003-09-17-05:00,30
2003-09-17-05:30,31
2003-09-17-06:00,31
2003-09-17-06:30,31
2003-09-17-07:00,31
2003-09-17-07:30,31
2003-09-17-08:30,32
2003-09-17-09:00,31
2003-09-17-09:30,32
2003-09-17-10:00,31
2003-09-17-10:30,31
2003-09-17-11:00,31
2003-09-17-11:30,30
2003-09-17-12:30,30
2003-09-17-13:00,29
2003-09-17-13:30,29
2003-09-17-14:00,29
2003-09-17-14:30,28
2003-09-17-15:30,27
2003-09-17-16:00,27
2003-09-17-16:30,27
2003-09-17-17:00,27
2003-09-17-17:30,26
2003-09-17-18:00,26
2003-09-17-18:30,26
2003-09-17-19:00,26
2003-09-17-19:30,26
2003-09-17-20:00,26
2003-09-17-20:30,26
2003-09-17-21:00,26
2003-09-17-21:30,26
2003-09-17-22:00,25
2003-09-17-22:30,25
2003-09-17-23:00,25
2003-09-17-23:30,25
2003-09-18-00:00,25
2003-09-18-00:30,25
2003-09-18-01:00,25
2003-09-18-01:30,25
2003-09-18-02:00,26
2003-09-18-02:30,27
2003-09-18-03:00,28
2003-09-18-03:30,29
2003-09-18-04:00,29
2003-09-18-04:30,30
2003-09-18-05:00,30
2003-09-18-06:30,31
2003-09-18-07:00,31
2003-09-18-07:30,32
2003-09-18-08:00,32
2003-09-18-08:30,33
2003-09-18-09:00,33
2003-09-18-09:30,32
2003-09-18-10:00,33
2003-09-18-10:30,33
2003-09-18-11:00,33
2003-09-18-11:30,32
2003-09-18-12:00,32
2003-09-18-12:30,31
2003-09-18-13:00,31
2003-09-18-13:30,31
2003-09-18-14:00,30
2003-09-18-14:30,30
2003-09-18-15:00,29
2003-09-18-15:30,29
2003-09-18-16:00,28
2003-09-18-16:30,28
2003-09-18-17:00,28
2003-09-18-18:00,28
2003-09-18-18:30,28
2003-09-18-19:00,28
2003-09-18-19:30,27
2003-09-18-20:00,27
2003-09-18-20:30,27
2003-09-18-21:00,27
2003-09-18-21:30,27
2003-09-18-22:00,26
2003-09-18-22:30,26
2003-09-18-23:00,26
2003-09-18-23:30,26
2003-09-19-00:00,26
2003-09-19-00:30,26
2003-09-19-01:00,26
2003-09-19-01:30,27
2003-09-19-02:00,27
2003-09-19-03:00,29
2003-09-19-03:30,29
2003-09-19-04:00,30
2003-09-19-04:30,32
2003-09-19-05:00,32
2003-09-19-05:30,33
2003-09-19-06:00,33
2003-09-19-06:30,34
2003-09-19-07:00,34
2003-09-19-07:30,34
2003-09-19-08:00,35
2003-09-19-08:30,35
2003-09-19-09:00,35
2003-09-19-09:30,34
2003-09-19-10:00,35
2003-09-19-10:30,35
2003-09-19-11:00,35
2003-09-19-11:30,34
2003-09-19-12:00,34
2003-09-19-12:30,33
2003-09-19-13:00,33
2003-09-19-13:30,33
2003-09-19-14:00,31
2003-09-19-14:30,31
2003-09-19-15:00,31
2003-09-19-15:30,31
2003-09-19-16:00,30
2003-09-19-16:30,30
2003-09-19-17:30,30
2003-09-19-18:00,30
2003-09-19-18:30,30
2003-09-19-19:00,29
2003-09-19-19:30,29
2003-09-19-20:00,29
2003-09-19-20:30,29
2003-09-19-21:00,29
2003-09-19-21:30,29
2003-09-19-22:00,28
2003-09-19-22:30,28
2003-09-19-23:00,28
2003-09-19-23:30,28
2003-09-20-00:00,28
2003-09-20-00:30,28
2003-09-20-01:00,29
2003-09-20-01:30,28
2003-09-20-02:00,30
2003-09-20-02:30,30
2003-09-20-03:00,31
2003-09-20-03:30,32
2003-09-20-04:00,32
2003-09-20-04:30,33
2003-09-20-05:00,34
2003-09-20-05:30,34
2003-09-20-06:00,35
2003-09-20-06:30,35
2003-09-20-07:00,35
2003-09-20-07:30,35
2003-09-20-08:00,36
2003-09-20-08:30,36
2003-09-20-09:00,37
2003-09-20-09:30,36
2003-09-20-10:00,36
2003-09-20-10:30,36
2003-09-20-11:00,36
2003-09-20-11:30,36
2003-09-20-12:00,35
2003-09-20-12:30,34
2003-09-20-13:00,34
2003-09-20-13:30,33
2003-09-20-14:00,32
2003-09-20-14:30,32
2003-09-20-15:00,32
2003-09-20-15:30,32
2003-09-20-16:00,32
2003-09-20-16:30,31
2003-09-20-17:00,31
2003-09-20-17:30,31
2003-09-20-18:30,30
2003-09-20-19:00,30
2003-09-20-19:30,30
2003-09-20-20:00,30
2003-09-20-20:30,30
2003-09-20-21:00,29
2003-09-20-21:30,29
2003-09-20-22:00,29
2003-09-20-22:30,29
2003-09-20-23:00,29
2003-09-20-23:30,29
2003-09-21-00:00,29
2003-09-21-00:30,29
2003-09-21-01:00,29
2003-09-21-01:30,29
2003-09-21-02:00,30
2003-09-21-03:00,32
2003-09-21-03:30,33
2003-09-21-04:00,33
2003-09-21-04:30,34
2003-09-21-05:00,34
2003-09-21-05:30,35
2003-09-21-06:30,35
2003-09-21-07:00,36
2003-09-21-07:30,36
2003-09-21-08:00,36
2003-09-21-08:30,35
2003-09-21-09:30,33
2003-09-21-10:00,33
2003-09-21-10:30,32
2003-09-21-11:00,33
2003-09-21-11:30,34
2003-09-21-12:00,34
2003-09-21-12:30,34
2003-09-21-13:00,34
2003-09-21-13:30,33
2003-09-21-14:00,33
2003-09-21-14:30,32
2003-09-21-15:00,32
2003-09-21-15:30,31
2003-09-21-16:00,31
2003-09-21-16:30,31
2003-09-21-17:00,31
2003-09-21-17:30,29
2003-09-21-18:00,30
2003-09-21-18:30,30
2003-09-21-19:00,30
2003-09-21-19:30,30
2003-09-21-20:30,30
2003-09-21-21:00,29
2003-09-21-21:30,29
2003-09-21-22:00,29
2003-09-21-22:30,29
2003-09-21-23:00,28
2003-09-22-00:00,28
2003-09-22-00:30,28
2003-09-22-01:30,28
2003-09-22-02:00,29
2003-09-22-02:30,30
2003-09-22-03:00,31
2003-09-22-03:30,31
2003-09-22-04:30,33
2003-09-22-05:00,34
2003-09-22-05:30,35
2003-09-22-06:00,35
2003-09-22-06:30,35
2003-09-22-07:00,36
2003-09-22-07:30,37
2003-09-22-08:00,37
2003-09-22-08:30,37
2003-09-22-09:00,37
2003-09-22-09:30,37
2003-09-22-10:00,27
2003-09-22-10:30,37
2003-09-22-11:00,37
2003-09-22-11:30,37
2003-09-22-12:00,37
2003-09-22-12:30,36
2003-09-22-13:00,35
2003-09-22-13:30,35
2003-09-22-14:00,33
2003-09-22-14:30,34
2003-09-22-15:00,30
2003-09-22-15:30,30
2003-09-22-16:00,30
2003-09-22-16:30,29
2003-09-22-17:00,29
2003-09-22-17:30,29
2003-09-22-18:00,28
2003-09-22-18:30,28
2003-09-22-19:00,28
2003-09-22-19:30,28
2003-09-22-20:00,28
2003-09-22-20:30,27
2003-09-22-21:00,27
2003-09-22-21:30,27
2003-09-22-22:00,28
2003-09-22-22:30,27
2003-09-22-23:00,27
2003-09-22-23:30,26
2003-09-23-00:00,26
2003-09-23-00:30,26
2003-09-23-01:30,27
2003-09-23-02:00,27
2003-09-23-02:30,27
2003-09-23-03:00,28
2003-09-23-03:30,29
2003-09-23-04:00,29
2003-09-23-04:30,30
2003-09-23-05:00,31
2003-09-23-05:30,31
2003-09-23-06:00,32
2003-09-23-06:30,32
2003-09-23-07:00,31
2003-09-23-07:30,31
2003-09-23-08:00,31
2003-09-23-08:30,31
2003-09-23-09:00,31
2003-09-23-09:30,31
2003-09-23-10:00,31
2003-09-23-10:30,31
2003-09-23-11:00,31
2003-09-23-11:30,31
2003-09-23-12:00,30
2003-09-23-12:30,30
2003-09-23-13:00,29
2003-09-23-13:30,29
2003-09-23-14:00,28
2003-09-23-14:30,28
2003-09-23-15:30,28
2003-09-23-16:00,27
2003-09-23-16:30,27
2003-09-23-17:00,27
2003-09-23-17:30,27
2003-09-23-18:00,26
2003-09-23-19:00,26
2003-09-23-19:30,25
2003-09-23-20:00,25
2003-09-23-20:30,25
2003-09-23-21:00,25
2003-09-23-21:30,25
2003-09-23-22:00,25
2003-09-23-22:30,25
2003-09-23-23:00,25
2003-09-23-23:30,25
2003-09-24-00:00,25
2003-09-24-00:30,25
2003-09-24-01:00,25
2003-09-24-01:30,25
2003-09-24-02:00,26
2003-09-24-02:30,26
2003-09-24-03:00,26
2003-09-24-03:30,27
2003-09-24-04:00,28
2003-09-24-04:30,29
2003-09-24-05:00,30
2003-09-24-05:30,31
2003-09-24-06:00,31
2003-09-24-06:30,31
2003-09-24-07:00,31
2003-09-24-07:30,31
2003-09-24-08:00,32
2003-09-24-08:30,32
2003-09-24-09:00,32
2003-09-24-09:30,32
2003-09-24-10:00,32
2003-09-24-10:30,33
2003-09-24-11:30,32
2003-09-24-12:00,31
2003-09-24-12:30,30
2003-09-24-13:00,29
2003-09-24-13:30,28
2003-09-24-14:00,28
2003-09-24-14:30,27
2003-09-24-15:00,26
2003-09-24-15:30,26
2003-09-24-16:00,26
2003-09-24-16:30,26
2003-09-24-17:00,26
2003-09-24-17:30,26
2003-09-24-18:00,26
2003-09-24-18:30,26
2003-09-24-19:00,26
2003-09-24-19:30,26
2003-09-24-20:00,25
2003-09-24-20:30,25
2003-09-24-21:00,25
2003-09-24-21:30,25
2003-09-24-22:00,25
2003-09-24-22:21,25
2003-09-24-23:00,25
2003-09-24-23:30,25
2003-09-25-00:00,25
2003-09-25-00:30,25
2003-09-25-01:00,25
2003-09-25-01:30,25
2003-09-25-02:00,25
2003-09-25-02:30,26
2003-09-25-03:00,26
2003-09-25-03:30,27
2003-09-25-04:00,27
2003-09-25-05:00,27
2003-09-25-05:30,28
2003-09-25-06:00,29
2003-09-25-06:30,29
2003-09-25-07:00,28
2003-09-25-07:30,29
2003-09-25-08:00,29
2003-09-25-08:30,29
2003-09-25-09:00,29
2003-09-25-09:30,29
2003-09-25-10:30,29
2003-09-25-11:00,29
2003-09-25-11:30,28
2003-09-25-12:00,27
2003-09-25-13:00,26
2003-09-25-13:30,26
2003-09-25-14:00,26
2003-09-25-14:30,26
2003-09-25-15:00,26
2003-09-25-15:30,26
2003-09-25-16:00,26
2003-09-25-16:30,26
2003-09-25-17:00,26
2003-09-25-17:30,25
2003-09-25-18:00,25
2003-09-25-18:30,25
2003-09-25-19:00,25
2003-09-25-19:30,25
2003-09-26-01:00,25
2003-09-26-01:30,25
2003-09-26-02:00,26
2003-09-26-02:30,26
2003-09-26-03:00,26
2003-09-26-03:30,27
2003-09-26-04:00,27
2003-09-26-04:30,28
2003-09-26-05:00,28
2003-09-26-05:30,29
2003-09-26-06:00,30
2003-09-26-06:30,30
2003-09-26-07:00,31
2003-09-26-07:30,31
2003-09-26-08:00,31
2003-09-26-09:00,31
2003-09-26-09:30,32
2003-09-26-10:30,32
2003-09-26-11:00,32
2003-09-26-12:00,31
2003-09-26-12:30,31
2003-09-26-13:00,31
2003-09-26-13:30,30
2003-09-26-14:00,30
2003-09-26-14:30,29
2003-09-26-15:00,29
2003-09-26-15:30,29
2003-09-26-16:30,28
2003-09-26-17:00,28
2003-09-26-17:30,27
2003-09-26-18:00,27
2003-09-26-18:30,27
2003-09-26-19:00,26
2003-09-26-19:30,26
2003-09-26-20:00,26
2003-09-26-20:30,26
2003-09-26-21:00,26
2003-09-26-21:30,25
2003-09-26-22:00,26
2003-09-26-22:30,26
2003-09-26-23:00,25
2003-09-26-23:30,26
2003-09-27-00:30,25
2003-09-27-01:00,25
2003-09-27-01:30,25
2003-09-27-02:00,25
2003-09-27-02:30,26
2003-09-27-03:30,28
2003-09-27-04:00,29
2003-09-27-04:30,30
2003-09-27-05:30,31
2003-09-27-06:00,32
2003-09-27-06:30,32
2003-09-27-07:00,33
2003-09-27-07:30,33
2003-09-27-08:30,34
2003-09-27-09:00,34
2003-09-27-09:30,34
2003-09-27-10:00,34
2003-09-27-10:30,34
2003-09-27-11:00,34
2003-09-27-11:30,33
2003-09-27-12:00,33
2003-09-27-12:30,32
2003-09-27-13:00,31
2003-09-27-13:30,30
2003-09-27-14:00,31
2003-09-27-14:30,30
2003-09-27-15:00,29
2003-09-27-15:30,29
2003-09-27-16:00,29
2003-09-27-16:30,29
2003-09-27-17:00,29
2003-09-27-18:00,28
2003-09-27-18:30,28
2003-09-27-19:00,28
2003-09-27-19:30,28
2003-09-27-20:00,28
2003-09-27-20:30,27
2003-09-27-21:00,26
2003-09-27-21:30,26
2003-09-27-22:00,26
2003-09-27-22:30,25
2003-09-27-23:00,25
2003-09-27-23:30,25
2003-09-28-00:00,25
2003-09-28-00:30,25
2003-09-28-01:00,25
2003-09-28-01:30,25
2003-09-28-02:00,27
2003-09-28-02:30,28
2003-09-28-03:00,29
2003-09-28-03:30,30
2003-09-28-04:00,31
2003-09-28-04:30,31
2003-09-28-05:00,32
2003-09-28-05:30,32
2003-09-28-06:00,33
2003-09-28-06:30,33
2003-09-28-07:00,34
2003-09-28-07:30,34
2003-09-28-08:00,34
2003-09-28-08:30,34
2003-09-28-09:00,34
2003-09-28-09:30,34
2003-09-28-10:00,34
2003-09-28-10:30,34
2003-09-28-11:00,34
2003-09-28-11:30,33
2003-09-28-12:00,33
2003-09-28-13:00,31
2003-09-28-13:30,31
2003-09-28-14:00,30
2003-09-28-14:30,29
2003-09-28-15:00,30
2003-09-28-15:30,30
2003-09-28-16:00,30
2003-09-28-16:30,29
2003-09-28-17:00,28
2003-09-28-17:30,28
2003-09-28-18:00,27
2003-09-28-18:30,27
2003-09-28-19:00,27
2003-09-28-19:30,27
2003-09-28-20:00,27
2003-09-28-20:30,26
2003-09-28-21:00,26
2003-09-28-21:30,27
2003-09-28-22:00,27
2003-09-28-22:30,25
2003-09-28-23:00,24
2003-09-28-23:30,24
2003-09-29-00:00,24
2003-09-29-00:30,24
2003-09-29-01:30,25
2003-09-29-02:00,25
2003-09-29-03:00,27
2003-09-29-03:30,27
2003-09-29-04:00,28
2003-09-29-04:30,29
2003-09-29-05:00,30
2003-09-29-05:30,31
2003-09-29-06:30,32
2003-09-29-07:00,33
2003-09-29-09:00,34
2003-09-29-13:00,31
2003-09-29-13:30,31
2003-09-29-14:30,30
2003-09-29-15:00,30
2003-09-29-15:30,30
2003-09-29-16:00,29
2003-09-29-16:30,29
2003-09-29-17:00,29
2003-09-29-17:30,27
2003-09-29-18:00,27
2003-09-29-18:30,27
2003-09-29-19:00,27
2003-09-29-19:30,27
2003-09-29-20:00,26
2003-09-29-20:30,26
2003-09-29-21:00,25
2003-09-29-21:30,25
2003-09-29-22:00,27
2003-09-29-22:30,25
2003-09-29-23:00,25
2003-09-29-23:30,24
2003-09-30-00:00,23
2003-09-30-00:30,23
2003-09-30-01:30,24
2003-09-30-02:00,25
2003-09-30-02:30,26
2003-09-30-03:00,27
2003-09-30-03:30,29
2003-09-30-04:30,31
2003-09-30-05:00,32
2003-09-30-05:30,32
2003-09-30-06:00,32
2003-09-30-06:30,34
2003-09-30-07:00,34
2003-09-30-07:30,34
2003-09-30-07:51,34
2003-09-30-09:00,35
2003-09-30-09:30,35
2003-09-30-10:00,35
2003-09-30-10:30,35
2003-09-30-11:30,33
2003-09-30-12:00,33
2003-09-30-12:30,32
2003-09-30-15:00,30
2003-09-30-15:30,29
2003-09-30-16:00,29
2003-09-30-16:30,29
2003-09-30-17:00,27
2003-09-30-17:30,28
2003-09-30-18:00,27
2003-09-30-18:30,28
2003-09-30-19:00,26
2003-09-30-19:30,25
2003-09-30-20:00,24
2003-09-30-20:30,23
2003-09-30-21:00,23
2003-09-30-21:30,23
2003-09-30-22:00,23
2003-09-30-22:30,23
2003-09-30-23:00,23
2003-09-30-23:30,22
2003-10-01-00:00,22
2003-10-01-00:30,21
2003-10-01-01:00,21
2003-10-01-01:30,22
2003-10-01-02:00,23
2003-10-01-02:30,24
2003-10-01-03:00,25
2003-10-01-03:30,28
2003-10-01-04:00,29
2003-10-01-04:30,30
2003-10-01-05:00,31
2003-10-01-05:30,32
2003-10-01-06:00,33
2003-10-01-06:30,33
2003-10-01-07:00,34
2003-10-01-07:30,34
2003-10-01-08:00,35
2003-10-01-08:30,35
2003-10-01-09:00,35
2003-10-01-09:30,35
2003-10-01-10:00,35
2003-10-01-10:30,35
2003-10-01-11:00,34
2003-10-01-11:30,33
2003-10-01-12:00,33
2003-10-01-12:30,32
2003-10-01-13:00,32
2003-10-01-13:30,31
2003-10-01-14:00,31
2003-10-01-14:30,30
2003-10-01-15:00,29
2003-10-01-15:30,29
2003-10-01-16:00,28
2003-10-01-16:30,28
2003-10-01-17:00,27
2003-10-01-18:00,24
2003-10-01-18:30,25
2003-10-01-19:00,25
2003-10-01-19:30,24
2003-10-01-20:00,23
2003-10-01-20:30,23
2003-10-01-21:00,22
2003-10-01-21:30,22
2003-10-01-22:30,21
2003-10-01-23:00,21
2003-10-01-23:30,20
2003-10-02-00:00,20
2003-10-02-00:30,20
2003-10-02-01:00,20
2003-10-02-01:30,21
2003-10-02-02:00,21
2003-10-02-02:30,22
2003-10-02-03:00,23
2003-10-02-03:30,25
2003-10-02-04:00,25
2003-10-02-04:30,29
2003-10-02-05:00,30
2003-10-02-05:30,31
2003-10-02-06:00,31
2003-10-02-06:30,32
2003-10-02-07:00,32
2003-10-02-07:30,33
2003-10-02-08:00,33
2003-10-02-08:30,33
2003-10-02-09:00,34
2003-10-02-09:30,34
2003-10-02-10:00,34
2003-10-02-10:30,34
2003-10-02-11:00,33
2003-10-02-11:30,33
2003-10-02-12:00,33
2003-10-02-12:30,31
2003-10-02-13:00,31
2003-10-02-13:30,30
2003-10-02-14:00,28
2003-10-02-14:30,28
2003-10-02-15:00,27
2003-10-02-15:30,27
2003-10-02-16:00,26
2003-10-02-16:30,26
2003-10-02-17:00,24
2003-10-02-17:30,24
2003-10-02-18:00,26
2003-10-02-18:30,25
2003-10-02-19:00,24
2003-10-02-19:30,24
2003-10-02-20:00,24
2003-10-02-20:30,24
2003-10-02-21:00,23
2003-10-02-21:30,23
2003-10-02-22:00,22
2003-10-02-22:30,21
2003-10-02-23:00,21
2003-10-02-23:30,21
2003-10-03-00:00,21
2003-10-03-00:30,21
2003-10-03-01:00,21
2003-10-03-01:30,21
2003-10-03-02:00,22
2003-10-03-02:30,23
2003-10-03-03:00,24
2003-10-03-03:30,25
2003-10-03-04:00,27
2003-10-03-04:30,29
2003-10-03-05:00,30
2003-10-03-05:30,31
2003-10-03-06:00,32
2003-10-03-06:30,32
2003-10-03-07:00,32
2003-10-03-07:30,33
2003-10-03-08:00,33
2003-10-03-08:30,33
2003-10-03-09:00,33
2003-10-03-09:30,33
2003-10-03-10:30,34
2003-10-03-11:00,34
2003-10-03-11:30,34
2003-10-03-12:30,33
2003-10-03-13:00,32
2003-10-03-13:30,31
2003-10-03-14:30,31
2003-10-03-15:00,30
2003-10-03-15:30,29
2003-10-03-16:00,29
2003-10-03-16:30,29
2003-10-03-17:00,27
2003-10-03-17:30,25
2003-10-03-18:00,26
2003-10-03-18:30,25
2003-10-03-19:00,24
2003-10-03-19:30,24
2003-10-03-20:00,23
2003-10-03-20:30,23
2003-10-03-21:00,23
2003-10-03-21:30,22
2003-10-03-22:00,21
2003-10-03-22:30,22
2003-10-03-23:00,21
2003-10-03-23:30,21
2003-10-04-00:00,21
2003-10-04-00:30,21
2003-10-04-01:00,21
2003-10-04-02:00,21
2003-10-04-03:00,25
2003-10-04-03:30,27
2003-10-04-04:00,29
2003-10-04-04:30,31
2003-10-04-05:00,32
2003-10-04-06:00,33
2003-10-04-06:30,33
2003-10-04-07:00,34
2003-10-04-07:30,34
2003-10-04-08:00,34
2003-10-04-09:00,35
2003-10-04-09:30,35
2003-10-04-10:00,35
2003-10-04-11:00,34
2003-10-04-11:30,34
2003-10-04-12:00,33
2003-10-04-12:30,32
2003-10-04-13:00,31
2003-10-04-13:30,30
2003-10-04-14:00,30
2003-10-04-14:30,30
2003-10-04-15:00,30
2003-10-04-15:30,28
2003-10-04-16:00,27
2003-10-04-16:30,27
2003-10-04-17:00,25
2003-10-04-17:30,25
2003-10-04-18:00,24
2003-10-04-18:30,24
2003-10-04-19:00,23
2003-10-04-19:30,23
2003-10-04-20:00,23
2003-10-04-20:30,23
2003-10-04-21:00,23
2003-10-04-21:30,23
2003-10-04-22:00,23
2003-10-04-22:30,22
2003-10-04-23:00,21
2003-10-04-23:30,21
2003-10-05-00:00,21
2003-10-05-00:30,20
2003-10-05-01:30,21
2003-10-05-02:00,22
2003-10-05-02:30,25
2003-10-05-03:00,26
2003-10-05-03:30,28
2003-10-05-04:00,29
2003-10-05-04:30,30
2003-10-05-05:30,32
2003-10-05-06:00,32
2003-10-05-06:30,33
2003-10-05-07:00,34
2003-10-05-07:30,34
2003-10-05-08:00,34
2003-10-05-09:00,35
2003-10-05-09:30,34
2003-10-05-10:00,34
2003-10-05-10:30,34
2003-10-05-11:00,34
2003-10-05-11:30,33
2003-10-05-12:00,32
2003-10-05-12:30,31
2003-10-05-13:00,30
2003-10-05-13:30,30
2003-10-05-14:00,30
2003-10-05-14:30,29
2003-10-05-15:00,28
2003-10-05-16:00,28
2003-10-05-16:30,28
2003-10-05-17:00,27
2003-10-05-17:30,26
2003-10-05-18:00,26
2003-10-05-18:30,26
2003-10-05-19:30,26
2003-10-05-20:00,25
2003-10-05-20:30,25
2003-10-05-21:30,24
2003-10-05-22:00,24
2003-10-05-22:30,24
2003-10-05-23:00,24
2003-10-05-23:30,24
2003-10-06-00:00,24
2003-10-06-00:30,24
2003-10-06-01:00,24
2003-10-06-01:30,25
2003-10-06-02:00,25
2003-10-06-02:30,27
2003-10-06-03:00,28
2003-10-06-03:30,29
2003-10-06-04:00,29
2003-10-06-04:30,30
2003-10-06-05:00,31
2003-10-06-05:30,32
2003-10-06-06:00,32
2003-10-06-06:30,32
2003-10-06-07:00,32
2003-10-06-07:30,33
2003-10-06-08:00,33
2003-10-06-08:30,33
2003-10-06-09:00,33
2003-10-06-09:30,33
2003-10-06-10:00,33
2003-10-06-10:30,33
2003-10-06-11:00,33
2003-10-06-11:30,32
2003-10-06-12:00,32
2003-10-06-12:30,31
2003-10-06-13:00,30
2003-10-06-13:30,30
2003-10-06-14:00,29
2003-10-06-14:30,28
2003-10-06-15:00,28
2003-10-06-15:30,28
2003-10-06-16:00,28
2003-10-06-16:30,27
2003-10-06-17:00,27
2003-10-06-17:30,26
2003-10-06-18:00,26
2003-10-06-18:30,25
2003-10-06-19:00,25
2003-10-06-19:30,25
2003-10-06-20:00,25
2003-10-06-20:30,25
2003-10-06-21:00,25
2003-10-06-21:30,25
2003-10-06-22:00,25
2003-10-06-22:30,24
2003-10-06-23:00,24
2003-10-06-23:30,24
2003-10-07-00:00,24
2003-10-07-00:30,23
2003-10-07-01:00,23
2003-10-07-01:30,23
2003-10-07-02:00,24
2003-10-07-02:30,25
2003-10-07-03:00,28
2003-10-07-03:30,28
2003-10-07-04:00,28
2003-10-07-04:30,31
2003-10-07-05:00,31
2003-10-07-05:30,32
2003-10-07-06:00,32
2003-10-07-06:30,33
2003-10-07-07:00,33
2003-10-07-07:30,33
2003-10-07-08:00,34
2003-10-07-08:30,34
2003-10-07-09:00,34
2003-10-07-09:30,34
2003-10-07-10:00,34
2003-10-07-10:30,34
2003-10-07-11:00,34
2003-10-07-11:30,34
2003-10-07-12:00,33
2003-10-07-12:30,31
2003-10-07-13:30,31
2003-10-07-14:00,30
2003-10-07-14:30,30
2003-10-07-15:00,29
2003-10-07-15:30,29
2003-10-07-16:00,29
2003-10-07-16:30,29
2003-10-07-17:00,29
2003-10-07-17:30,27
2003-10-07-18:00,27
2003-10-07-18:30,26
2003-10-07-19:30,26
2003-10-07-20:30,25
2003-10-07-21:00,25
2003-10-07-21:30,24
2003-10-07-22:00,24
2003-10-07-22:30,24
2003-10-07-23:00,24
2003-10-07-23:30,24
2003-10-08-00:00,24
2003-10-08-00:30,24
2003-10-08-01:00,24
2003-10-08-01:30,24
2003-10-08-02:00,25
2003-10-08-02:30,27
2003-10-08-03:00,28
2003-10-08-03:30,29
2003-10-08-04:00,30
2003-10-08-04:30,31
2003-10-08-05:00,31
2003-10-08-05:30,32
2003-10-08-06:00,33
2003-10-08-06:30,33
2003-10-08-07:00,34
2003-10-08-07:30,34
2003-10-08-08:00,34
2003-10-08-08:30,34
2003-10-08-09:00,34
2003-10-08-09:30,34
2003-10-08-10:00,34
2003-10-08-10:30,34
2003-10-08-11:00,33
2003-10-08-11:30,33
2003-10-08-12:00,32
2003-10-08-12:30,31
2003-10-08-13:00,31
2003-10-08-13:30,31
2003-10-08-14:00,31
2003-10-08-14:30,30
2003-10-08-15:00,30
2003-10-08-15:30,28
2003-10-08-16:00,29
2003-10-08-16:30,28
2003-10-08-17:00,27
2003-10-08-17:30,27
2003-10-08-18:00,26
2003-10-08-18:30,26
2003-10-08-19:00,26
2003-10-08-20:00,25
2003-10-08-20:30,25
2003-10-08-21:00,25
2003-10-08-21:30,26
2003-10-08-22:00,25
2003-10-08-22:30,25
2003-10-08-23:00,25
2003-10-08-23:30,24
2003-10-09-00:00,24
2003-10-09-00:30,24
2003-10-09-01:30,25
2003-10-09-02:00,25
2003-10-09-03:00,27
2003-10-09-03:30,29
2003-10-09-04:30,30
2003-10-09-05:00,31
2003-10-09-05:30,32
2003-10-09-06:00,33
2003-10-09-06:30,33
2003-10-09-07:00,33
2003-10-09-07:30,34
2003-10-09-08:00,35
2003-10-09-08:30,35
2003-10-09-09:00,35
2003-10-09-09:30,35
2003-10-09-10:00,35
2003-10-09-10:30,34
2003-10-09-11:00,34
2003-10-09-11:30,33
2003-10-09-12:00,33
2003-10-09-12:30,31
2003-10-09-13:30,30
2003-10-09-14:00,30
2003-10-09-14:30,30
2003-10-09-15:00,29
2003-10-09-15:30,27
2003-10-09-16:00,27
2003-10-09-16:30,27
2003-10-09-17:00,26
2003-10-09-18:00,26
2003-10-09-18:30,26
2003-10-09-19:00,26
2003-10-09-19:30,25
2003-10-09-20:00,25
2003-10-09-20:30,25
2003-10-09-21:00,25
2003-10-09-21:30,24
2003-10-09-22:00,24
2003-10-09-22:30,24
2003-10-09-23:00,24
2003-10-09-23:30,23
2003-10-10-00:00,23
2003-10-10-00:30,23
2003-10-10-01:30,23
2003-10-10-02:00,23
2003-10-10-03:00,25
2003-10-10-03:30,26
2003-10-10-04:00,28
2003-10-10-04:30,29
2003-10-10-05:00,30
2003-10-10-05:30,31
2003-10-10-06:00,32
2003-10-10-06:30,32
2003-10-10-07:00,33
2003-10-10-07:30,33
2003-10-10-08:00,33
2003-10-10-08:30,34
2003-10-10-09:00,34
2003-10-10-09:30,35
2003-10-10-10:00,35
2003-10-10-10:30,34
2003-10-10-11:00,35
2003-10-10-11:30,35
2003-10-10-12:00,34
2003-10-10-12:30,32
2003-10-10-13:00,31
2003-10-10-13:30,30
2003-10-10-14:00,30
2003-10-10-15:00,27
2003-10-10-15:30,28
2003-10-10-16:00,27
2003-10-10-16:30,27
2003-10-10-17:30,27
2003-10-10-18:00,27
2003-10-10-18:30,26
2003-10-10-19:00,25
2003-10-10-19:30,26
2003-10-10-20:00,26
2003-10-10-20:30,25
2003-10-10-21:00,23
2003-10-10-21:30,24
2003-10-10-22:00,23
2003-10-10-22:30,23
2003-10-10-23:00,22
2003-10-10-23:30,22
2003-10-11-00:00,22
2003-10-11-00:30,22
2003-10-11-01:00,22
2003-10-11-01:30,23
2003-10-11-02:00,23
2003-10-11-02:30,25
2003-10-11-03:00,27
2003-10-11-03:30,27
2003-10-11-04:00,29
2003-10-11-04:30,30
2003-10-11-05:00,32
2003-10-11-05:30,32
2003-10-11-06:00,33
2003-10-11-06:30,33
2003-10-11-07:00,33
2003-10-11-07:30,34
2003-10-11-08:00,34
2003-10-11-08:30,34
2003-10-11-09:30,34
2003-10-11-10:00,34
2003-10-11-10:30,34
2003-10-11-11:00,33
2003-10-11-11:30,33
2003-10-11-12:00,32
2003-10-11-12:30,31
2003-10-11-13:00,30
2003-10-11-13:30,30
2003-10-11-14:00,29
2003-10-11-14:30,29
2003-10-11-15:00,29
2003-10-11-15:30,28
2003-10-11-16:00,29
2003-10-11-16:30,28
2003-10-11-17:00,28
2003-10-11-17:30,26
2003-10-11-18:30,24
2003-10-11-19:00,24
2003-10-11-19:30,23
2003-10-11-20:00,25
2003-10-11-20:30,23
2003-10-11-21:00,23
2003-10-11-21:30,23
2003-10-11-22:30,21
2003-10-11-23:00,21
2003-10-11-23:30,20
2003-10-12-00:00,20
2003-10-12-00:30,20
2003-10-12-01:00,20
2003-10-12-01:30,20
2003-10-12-02:00,21
2003-10-12-02:30,22
2003-10-12-03:00,24
2003-10-12-03:30,25
2003-10-12-04:00,28
2003-10-12-04:30,30
2003-10-12-05:00,31
2003-10-12-05:30,31
2003-10-12-06:00,32
2003-10-12-06:30,33
2003-10-12-07:00,33
2003-10-12-07:30,34
2003-10-12-08:00,34
2003-10-12-08:30,34
2003-10-12-09:00,35
2003-10-12-09:30,34
2003-10-12-10:00,34
2003-10-12-10:30,33
2003-10-12-11:00,34
2003-10-12-11:30,33
2003-10-12-12:00,32
2003-10-12-12:30,31
2003-10-12-13:00,31
2003-10-12-13:25,30
2003-10-12-14:00,28
2003-10-12-14:30,28
2003-10-12-15:00,26
2003-10-12-15:30,25
2003-10-12-16:00,24
2003-10-12-16:30,23
2003-10-12-17:00,23
2003-10-12-17:30,23
2003-10-12-18:00,23
2003-10-12-18:30,23
2003-10-12-19:00,23
2003-10-12-19:30,22
2003-10-12-20:00,22
2003-10-12-20:30,22
2003-10-12-21:00,22
2003-10-12-21:30,20
2003-10-12-22:00,20
2003-10-12-22:30,20
2003-10-12-23:00,19
2003-10-12-23:30,19
2003-10-13-00:00,19
2003-10-13-00:30,19
2003-10-13-01:00,19
2003-10-13-01:30,18
2003-10-13-02:00,19
2003-10-13-02:30,20
2003-10-13-03:00,22
2003-10-13-03:30,24
2003-10-13-04:00,25
2003-10-13-04:30,27
2003-10-13-05:00,29
2003-10-13-05:30,30
2003-10-13-06:00,21
2003-10-13-06:30,32
2003-10-13-07:00,33
2003-10-13-07:30,33
2003-10-13-08:00,33
2003-10-13-09:00,34
2003-10-13-09:30,35
2003-10-13-10:00,34
2003-10-13-10:30,34
2003-10-13-11:00,34
2003-10-13-11:30,33
2003-10-13-12:00,33
2003-10-13-12:30,31
2003-10-13-13:00,30
2003-10-13-13:30,28
2003-10-13-13:51,27
2003-10-13-14:30,27
2003-10-13-15:00,27
2003-10-13-16:00,26
2003-10-13-17:00,26
2003-10-13-17:30,26
2003-10-13-18:00,26
2003-10-13-18:30,25
2003-10-13-19:00,24
2003-10-13-19:30,24
2003-10-13-20:00,23
2003-10-13-20:30,22
2003-10-13-21:00,21
2003-10-13-21:30,21
2003-10-13-22:00,21
2003-10-13-22:30,20
2003-10-13-23:00,19
2003-10-13-23:30,19
2003-10-14-00:00,19
2003-10-14-00:30,19
2003-10-14-01:00,18
2003-10-14-01:30,19
2003-10-14-02:00,20
2003-10-14-02:30,21
2003-10-14-03:00,23
2003-10-14-03:30,24
2003-10-14-04:00,24
2003-10-14-04:30,28
2003-10-14-05:00,28
2003-10-14-05:30,30
2003-10-14-06:00,32
2003-10-14-06:30,33
2003-10-14-07:00,33
2003-10-14-07:30,34
2003-10-14-08:00,34
2003-10-14-08:21,34
2003-10-14-09:00,34
2003-10-14-09:30,34
2003-10-14-10:00,34
2003-10-14-10:30,34
2003-10-14-11:00,34
2003-10-14-12:00,32
2003-10-14-12:30,32
2003-10-14-13:00,30
2003-10-14-13:30,29
2003-10-14-14:00,26
2003-10-14-14:30,26
2003-10-14-15:00,26
2003-10-14-15:30,25
2003-10-14-16:00,25
2003-10-14-16:30,24
2003-10-14-17:00,24
2003-10-14-17:30,24
2003-10-14-18:00,24
2003-10-14-18:30,24
2003-10-14-19:00,25
2003-10-14-19:30,24
2003-10-14-20:00,24
2003-10-14-20:30,22
2003-10-14-21:00,21
2003-10-14-21:30,22
2003-10-14-22:00,21
2003-10-14-22:30,21
2003-10-14-23:00,21
2003-10-14-23:30,21
2003-10-15-00:00,20
2003-10-15-00:30,20
2003-10-15-01:00,21
2003-10-15-01:30,21
2003-10-15-02:00,21
2003-10-15-02:30,23
2003-10-15-03:00,24
2003-10-15-03:30,25
2003-10-15-04:00,26
2003-10-15-04:30,28
2003-10-15-05:00,30
2003-10-15-05:30,31
2003-10-15-06:00,32
2003-10-15-06:30,32
2003-10-15-07:00,33
2003-10-15-07:30,33
2003-10-15-08:00,34
2003-10-15-08:30,34
2003-10-15-09:00,34
2003-10-15-09:30,34
2003-10-15-10:00,34
2003-10-15-10:30,34
2003-10-15-11:00,33
2003-10-15-11:30,33
2003-10-15-12:00,33
2003-10-15-12:30,31
2003-10-15-13:30,29
2003-10-15-14:00,27
2003-10-15-14:30,27
2003-10-15-15:30,27
2003-10-15-16:00,26
2003-10-15-16:30,25
2003-10-15-17:00,24
2003-10-15-17:30,24
2003-10-15-18:00,24
2003-10-15-18:30,24
2003-10-15-19:00,24
2003-10-15-19:30,24
2003-10-15-20:00,24
2003-10-15-20:30,23
2003-10-15-22:00,22
2003-10-15-22:30,21
2003-10-15-23:00,21
2003-10-15-23:30,22
2003-10-16-00:00,22
2003-10-16-00:30,20
2003-10-16-01:00,19
2003-10-16-01:30,19
2003-10-16-02:00,20
2003-10-16-02:30,21
2003-10-16-03:00,23
2003-10-16-03:30,24
2003-10-16-04:00,27
2003-10-16-04:30,28
2003-10-16-05:00,30
2003-10-16-05:30,31
2003-10-16-06:30,33
2003-10-16-07:30,33
2003-10-16-08:00,33
2003-10-16-08:30,33
2003-10-16-09:00,33
2003-10-16-09:30,33
2003-10-16-10:00,33
2003-10-16-10:30,33
2003-10-16-11:00,32
2003-10-16-11:30,32
2003-10-16-12:00,31
2003-10-16-12:30,29
2003-10-16-13:00,28
2003-10-16-13:30,28
2003-10-16-14:00,26
2003-10-16-14:30,27
2003-10-16-15:00,26
2003-10-16-15:30,26
2003-10-16-16:00,27
2003-10-16-16:30,25
2003-10-16-17:00,25
2003-10-16-17:30,25
2003-10-16-18:00,24
2003-10-16-18:30,24
2003-10-16-19:00,24
2003-10-16-19:30,24
2003-10-16-20:00,23
2003-10-16-20:30,22
2003-10-16-21:00,22
2003-10-16-21:30,22
2003-10-16-22:00,21
2003-10-16-22:30,21
2003-10-16-23:00,21
2003-10-16-23:30,21
2003-10-17-00:00,20
2003-10-17-00:30,21
2003-10-17-01:00,22
2003-10-17-01:30,21
2003-10-17-02:00,21
2003-10-17-02:30,27
2003-10-17-03:00,28
2003-10-17-03:30,28
2003-10-17-04:00,29
2003-10-17-05:00,31
2003-10-17-05:30,32
2003-10-17-06:00,30
2003-10-17-06:30,24
2003-10-17-07:00,33
2003-10-17-07:30,33
2003-10-17-08:00,33
2003-10-17-08:30,33
2003-10-17-09:00,33
2003-10-17-10:00,32
2003-10-17-10:30,32
2003-10-17-11:00,32
2003-10-17-11:30,31
2003-10-17-12:00,31
2003-10-17-12:30,31
2003-10-17-13:00,29
2003-10-17-13:30,30
2003-10-17-14:00,28
2003-10-17-14:30,27
2003-10-17-15:00,26
2003-10-17-15:30,26
2003-10-17-16:00,25.5
2003-10-17-16:30,25
2003-10-17-17:00,25
2003-10-17-17:30,25
2003-10-17-18:00,25
2003-10-17-19:00,24
2003-10-17-19:30,24
2003-10-17-20:00,24
2003-10-17-20:30,23
2003-10-17-21:00,23
2003-10-17-21:22,23
2003-10-17-22:00,22
2003-10-17-22:30,23
2003-10-17-23:00,22
2003-10-17-23:30,22
2003-10-18-01:00,22
2003-10-18-01:30,21
2003-10-18-02:00,21
2003-10-18-02:30,22
2003-10-18-03:00,23
2003-10-18-03:30,24
2003-10-18-04:30,27
2003-10-18-05:00,28
2003-10-18-05:30,29
2003-10-18-06:30,31
2003-10-18-07:00,32
2003-10-18-07:30,32
2003-10-18-08:00,32
2003-10-18-08:30,32
2003-10-18-09:00,32
2003-10-18-09:30,32
2003-10-18-10:00,32
2003-10-18-10:30,32
2003-10-18-11:00,32
2003-10-18-11:30,31
2003-10-18-12:00,30
2003-10-18-12:30,29
2003-10-18-13:00,29
2003-10-18-13:30,29
2003-10-18-14:00,29
2003-10-18-14:30,29
2003-10-18-15:00,28
2003-10-18-15:30,26
2003-10-18-16:00,25
2003-10-18-16:30,25
2003-10-18-17:00,24
2003-10-18-17:30,23
2003-10-18-18:00,23
2003-10-18-18:30,22
2003-10-18-19:00,22
2003-10-18-19:30,22
2003-10-18-20:00,22
2003-10-18-20:30,21
2003-10-18-21:00,21
2003-10-18-21:30,20
2003-10-18-22:00,20
2003-10-18-23:30,20
2003-10-19-00:00,20
2003-10-19-00:30,19
2003-10-19-01:00,19
2003-10-19-01:30,20
2003-10-19-02:00,20
2003-10-19-02:30,21
2003-10-19-03:00,22
2003-10-19-03:30,22
2003-10-19-04:00,24
2003-10-19-04:30,25
2003-10-19-05:00,27
2003-10-19-05:30,28
2003-10-19-06:00,29
2003-10-19-06:30,30
2003-10-19-07:00,30
2003-10-19-07:30,32
2003-10-19-08:00,32
2003-10-19-08:30,32
2003-10-19-09:00,33
2003-10-19-09:30,33
2003-10-19-10:00,33
2003-10-19-10:30,33
2003-10-19-11:00,32
2003-10-19-11:30,31
2003-10-19-12:00,31
2003-10-19-12:30,30
2003-10-19-13:30,26
2003-10-19-14:00,25
2003-10-19-14:30,25
2003-10-19-15:00,24
2003-10-19-15:30,23
2003-10-19-16:00,23
2003-10-19-16:30,23
2003-10-19-17:00,23
2003-10-19-17:30,23
2003-10-19-18:00,22
2003-10-19-18:30,22
2003-10-19-19:00,22
2003-10-19-19:30,22
2003-10-19-20:00,21
2003-10-19-20:30,21
2003-10-19-21:00,21
2003-10-19-21:30,20
2003-10-19-22:00,20
2003-10-19-22:30,20
2003-10-19-23:00,20
2003-10-19-23:30,19
2003-10-20-00:00,19
2003-10-20-00:30,19
2003-10-20-01:00,19
2003-10-20-01:30,19
2003-10-20-02:00,20
2003-10-20-02:30,21
2003-10-20-03:00,22
2003-10-20-03:30,24
2003-10-20-04:00,25
2003-10-20-04:30,27
2003-10-20-05:00,28
2003-10-20-05:30,29
2003-10-20-06:00,31
2003-10-20-06:30,32
2003-10-20-07:00,32
2003-10-20-07:30,33
2003-10-20-08:00,34
2003-10-20-08:30,34
2003-10-20-09:00,34
2003-10-20-09:30,34
2003-10-20-10:00,34
2003-10-20-10:30,34
2003-10-20-11:00,33
2003-10-20-11:30,32
2003-10-20-12:00,31
2003-10-20-12:30,30
2003-10-20-13:00,28
2003-10-20-13:30,27
2003-10-20-14:30,25
2003-10-20-15:00,25
2003-10-20-15:30,25
2003-10-20-16:00,25
2003-10-20-16:30,24
2003-10-20-17:00,23
2003-10-20-17:30,23
2003-10-20-18:00,24
2003-10-20-18:30,22
2003-10-20-19:00,24
2003-10-20-19:30,23
2003-10-20-20:00,22
2003-10-20-20:30,22
2003-10-20-21:00,21
2003-10-20-21:30,21
2003-10-20-22:30,20
2003-10-20-23:00,19
2003-10-20-23:30,19
2003-10-21-00:00,19
2003-10-21-00:30,19
2003-10-21-01:00,19
2003-10-21-01:30,19
2003-10-21-02:00,19
2003-10-21-02:30,20
2003-10-21-03:00,22
2003-10-21-03:30,24
2003-10-21-04:00,25
2003-10-21-04:30,26
2003-10-21-05:00,28
2003-10-21-05:30,29
2003-10-21-06:00,30
2003-10-21-06:30,31
2003-10-21-06:53,31
2003-10-21-07:30,32
2003-10-21-08:00,32
2003-10-21-08:30,33
2003-10-21-09:00,33
2003-10-21-09:30,33
2003-10-21-10:00,33
2003-10-21-10:30,32
2003-10-21-11:00,32
2003-10-21-11:30,31
2003-10-21-12:00,30
2003-10-21-12:30,29
2003-10-21-13:00,28
2003-10-21-13:30,28
2003-10-21-15:00,28
2003-10-21-15:30,27
2003-10-21-16:00,25
2003-10-21-16:30,24
2003-10-21-17:00,24
2003-10-21-18:00,23
2003-10-21-18:30,23
2003-10-21-19:00,23
2003-10-21-19:30,22
2003-10-21-20:00,21
2003-10-21-20:30,21
2003-10-21-21:00,20
2003-10-21-21:30,20
2003-10-21-22:30,20
2003-10-21-23:00,20
2003-10-21-23:30,19
2003-10-22-00:00,19
2003-10-22-00:30,19
2003-10-22-01:00,19
2003-10-22-01:30,20
2003-10-22-02:00,20
2003-10-22-02:30,21
2003-10-22-03:00,23
2003-10-22-03:30,24
2003-10-22-04:00,25
2003-10-22-04:30,26
2003-10-22-05:00,28
2003-10-22-05:30,28
2003-10-22-06:00,29
2003-10-22-06:30,30
2003-10-22-07:00,31
2003-10-22-07:20,31
2003-10-22-07:30,32
2003-10-22-08:00,33
2003-10-22-08:30,33
2003-10-22-09:30,33
2003-10-22-10:00,33
2003-10-22-10:30,32
2003-10-22-11:00,32
2003-10-22-11:30,31.5
2003-10-22-12:00,31
2003-10-22-12:30,30
2003-10-22-13:00,28
2003-10-22-13:30,27
2003-10-22-14:00,26
2003-10-22-14:21,25
2003-10-22-15:00,24
2003-10-22-15:30,24
2003-10-22-16:00,24
2003-10-22-16:30,24
2003-10-22-17:00,23
2003-10-22-17:30,22
2003-10-22-18:00,22
2003-10-22-18:30,22
2003-10-22-19:00,22
2003-10-22-19:30,22
2003-10-22-20:00,21
2003-10-22-20:30,21
2003-10-22-21:00,21
2003-10-22-21:30,20
2003-10-22-22:00,21
2003-10-22-22:30,21
2003-10-22-23:00,20
2003-10-22-23:30,20
2003-10-23-00:00,20
2003-10-23-00:30,20
2003-10-23-01:00,20
2003-10-23-01:30,20
2003-10-23-02:00,21
2003-10-23-02:30,21
2003-10-23-03:00,22
2003-10-23-03:30,22
2003-10-23-04:00,23
2003-10-23-04:30,25
2003-10-23-05:00,27
2003-10-23-05:30,28
2003-10-23-06:00,28
2003-10-23-06:30,30
2003-10-23-07:00,30
2003-10-23-07:30,30
2003-10-23-08:00,30
2003-10-23-08:30,31
2003-10-23-09:00,31
2003-10-23-09:30,31
2003-10-23-10:00,31
2003-10-23-10:30,31
2003-10-23-11:00,31
2003-10-23-11:30,30
2003-10-23-12:00,29
2003-10-23-12:30,28
2003-10-23-13:00,27
2003-10-23-14:00,26
2003-10-23-14:30,26
2003-10-23-15:00,25
2003-10-23-15:30,24
2003-10-23-16:00,24
2003-10-23-16:30,24
2003-10-23-17:00,24
2003-10-23-17:30,23
2003-10-23-18:00,23
2003-10-23-18:30,23
2003-10-23-19:00,23
2003-10-23-19:30,23
2003-10-23-20:00,22
2003-10-23-20:30,22
2003-10-23-21:00,21.5
2003-10-23-21:30,21
2003-10-23-22:00,21
2003-10-23-22:30,21
2003-10-23-23:00,21
2003-10-24-00:00,20
2003-10-24-00:30,20
2003-10-24-01:00,20
2003-10-24-01:30,21
2003-10-24-02:00,21
2003-10-24-02:30,21
2003-10-24-03:00,23
2003-10-24-03:21,21
2003-10-24-04:00,26
2003-10-24-04:30,28
2003-10-24-05:00,29
2003-10-24-05:30,30
2003-10-24-06:00,31
2003-10-24-06:30,31
2003-10-24-07:30,32
2003-10-24-08:00,31
2003-10-24-08:30,31
2003-10-24-09:00,32
2003-10-24-09:30,32
2003-10-24-10:00,31
2003-10-24-10:30,31
2003-10-24-11:00,30
2003-10-24-11:30,29
2003-10-24-12:00,28
2003-10-24-12:30,27
2003-10-24-13:00,27
2003-10-24-13:30,26
2003-10-24-14:00,25
2003-10-24-14:30,25
2003-10-24-15:00,24
2003-10-24-15:30,24
2003-10-24-16:00,24
2003-10-24-16:30,23
2003-10-24-17:00,23
2003-10-24-18:00,23
2003-10-24-18:30,23
2003-10-24-19:00,22
2003-10-24-19:30,22
2003-10-24-20:00,22
2003-10-24-20:30,21
2003-10-24-21:00,20
2003-10-24-21:30,20
2003-10-24-22:00,21
2003-10-24-22:30,21
2003-10-24-23:00,19
2003-10-24-23:30,20
2003-10-25-00:00,20
2003-10-25-00:30,19
2003-10-25-01:00,20
2003-10-25-01:30,20
2003-10-25-02:00,20
2003-10-25-02:30,22
2003-10-25-03:00,24
2003-10-25-03:30,24
2003-10-25-04:00,26
2003-10-25-04:30,27
2003-10-25-05:00,28
2003-10-25-05:30,29
2003-10-25-06:00,30
2003-10-25-06:30,30
2003-10-25-07:00,30
2003-10-25-07:30,31
2003-10-25-08:30,31
2003-10-25-09:00,31
2003-10-25-09:30,31
2003-10-25-10:00,31
2003-10-25-10:30,32
2003-10-25-11:00,31
2003-10-25-11:30,30
2003-10-25-12:00,28
2003-10-25-12:30,28
2003-10-25-13:00,28
2003-10-25-13:30,26
2003-10-25-14:00,26
2003-10-25-14:30,25
2003-10-25-16:00,25
2003-10-25-16:30,24
2003-10-25-17:00,24
2003-10-25-17:30,24
2003-10-25-18:00,22
2003-10-25-18:30,22
2003-10-25-19:00,22
2003-10-25-19:30,21
2003-10-25-20:00,21
2003-10-25-20:30,21
2003-10-25-21:00,21
2003-10-25-21:30,21
2003-10-25-22:00,20
2003-10-25-22:30,20
2003-10-25-23:00,20
2003-10-25-23:30,20
2003-10-26-00:00,20
2003-10-26-00:30,20
2003-10-26-01:00,20
2003-10-26-01:30,20
2003-10-26-02:30,23
2003-10-26-03:00,24
2003-10-26-03:30,25
2003-10-26-04:00,27
2003-10-26-04:30,28
2003-10-26-05:00,29
2003-10-26-06:00,30
2003-10-26-06:30,31
2003-10-26-07:00,31
2003-10-26-07:30,32
2003-10-26-08:00,31
2003-10-26-08:30,32
2003-10-26-09:00,32
2003-10-26-09:30,32
2003-10-26-10:00,32
2003-10-26-10:30,31
2003-10-26-11:30,31
2003-10-26-12:30,29
2003-10-26-13:30,28
2003-10-26-15:30,24
2003-10-26-16:30,25
2003-10-26-17:00,25
2003-10-26-17:30,25
2003-10-26-18:00,23
2003-10-26-18:30,23
2003-10-26-19:00,22
2003-10-26-19:30,22
2003-10-26-20:00,22
2003-10-26-20:30,21
2003-10-26-21:00,21
2003-10-26-21:30,22
2003-10-26-22:00,21
2003-10-26-22:30,21
2003-10-26-23:00,21
2003-10-26-23:30,21
2003-10-27-00:00,20
2003-10-27-01:00,19
2003-10-27-01:30,19
2003-10-27-02:00,20
2003-10-27-03:00,22
2003-10-27-03:30,24
2003-10-27-04:00,25
2003-10-27-04:30,27
2003-10-27-05:00,28
2003-10-27-05:30,29
2003-10-27-06:00,14
2003-10-27-06:30,30
2003-10-27-07:00,30
2003-10-27-07:30,31
2003-10-27-08:00,31
2003-10-27-09:00,31
2003-10-27-10:00,31
2003-10-27-10:30,31
2003-10-27-11:00,30
2003-10-27-11:30,29
2003-10-27-12:00,28
2003-10-27-12:30,28
2003-10-27-13:00,27
2003-10-27-13:30,26
2003-10-27-14:00,26
2003-10-27-14:30,26
2003-10-27-15:00,25
2003-10-27-15:30,26
2003-10-27-16:00,26
2003-10-27-16:30,24
2003-10-27-17:00,23
2003-10-27-18:00,22
2003-10-27-18:30,22
2003-10-27-19:00,22
2003-10-27-19:30,21
2003-10-27-20:00,21
2003-10-27-20:30,21
2003-10-27-21:00,21
2003-10-27-21:30,20
2003-10-27-22:00,21
2003-10-27-22:30,21
2003-10-27-23:00,21
2003-10-27-23:30,19
2003-10-28-00:00,19
2003-10-28-00:30,19
2003-10-28-01:00,19
2003-10-28-01:30,19
2003-10-28-02:00,19
2003-10-28-02:30,21
2003-10-28-03:00,23
2003-10-28-03:30,25
2003-10-28-04:30,28
2003-10-28-05:00,29
2003-10-28-06:00,30
2003-10-28-06:30,30
2003-10-28-08:30,31
2003-10-28-09:00,31
2003-10-28-09:30,31
2003-10-28-10:00,31
2003-10-28-10:30,31
2003-10-28-11:00,31
2003-10-28-11:30,30
2003-10-28-12:00,30
2003-10-28-12:30,30
2003-10-28-13:00,28
2003-10-28-13:30,28
2003-10-28-14:00,28
2003-10-28-15:00,27
2003-10-28-15:30,26
2003-10-28-16:00,25
2003-10-28-16:30,24
2003-10-28-17:00,23
2003-10-28-17:30,23
2003-10-28-18:30,22
2003-10-28-19:00,22
2003-10-28-19:30,22
2003-10-28-20:00,23
2003-10-28-20:30,22
2003-10-28-21:00,21
2003-10-28-21:30,20
2003-10-28-22:00,19
2003-10-28-22:30,21
2003-10-28-23:00,20
2003-10-28-23:30,19
2003-10-29-00:00,19
2003-10-29-00:30,19
2003-10-29-01:00,19
2003-10-29-02:00,20
2003-10-29-02:30,21
2003-10-29-03:00,22
2003-10-29-04:00,25
2003-10-29-04:30,26
2003-10-29-05:30,29
2003-10-29-06:00,29
2003-10-29-06:30,30
2003-10-29-07:00,30
2003-10-29-07:30,31
2003-10-29-08:00,32
2003-10-29-08:30,32
2003-10-29-09:00,32
2003-10-29-09:30,32
2003-10-29-10:00,32
2003-10-29-10:30,32
2003-10-29-11:00,32
2003-10-29-12:00,30
2003-10-29-12:30,27
2003-10-29-13:00,27
2003-10-29-13:30,26
2003-10-29-14:00,26
2003-10-29-14:30,26
2003-10-29-15:00,26
2003-10-29-15:30,24
2003-10-29-16:00,25
2003-10-29-16:30,24
2003-10-29-17:00,24
2003-10-29-17:30,23
2003-10-29-18:00,22
2003-10-29-18:30,22
2003-10-29-19:00,21
2003-10-29-19:30,21
2003-10-29-20:00,21
2003-10-29-20:30,21
2003-10-29-21:00,19
2003-10-29-21:30,19
2003-10-29-22:00,19
2003-10-29-22:30,19
2003-10-29-23:00,19
2003-10-29-23:30,18
2003-10-30-00:00,18
2003-10-30-00:30,18
2003-10-30-01:00,18
2003-10-30-01:30,18
2003-10-30-02:00,19
2003-10-30-02:30,19
2003-10-30-03:00,20
2003-10-30-03:30,21
2003-10-30-04:00,23
2003-10-30-04:30,24
2003-10-30-05:00,25
2003-10-30-05:30,25
2003-10-30-06:30,29
2003-10-30-07:00,30
2003-10-30-07:30,30
2003-10-30-08:00,31
2003-10-30-09:00,32
2003-10-30-09:30,32
2003-10-30-10:00,31
2003-10-30-10:30,31
2003-10-30-11:00,31
2003-10-30-11:30,30
2003-10-30-12:00,29
2003-10-30-12:30,29
2003-10-30-12:51,27
2003-10-30-13:30,25
2003-10-30-14:00,26
2003-10-30-14:30,23
2003-10-30-15:00,25
2003-10-30-15:30,22
2003-10-30-16:00,22
2003-10-30-17:00,21
2003-10-30-17:30,21
2003-10-30-18:00,21
2003-10-30-18:30,21
2003-10-30-19:00,21
2003-10-30-19:30,21
2003-10-30-20:00,21
2003-10-30-20:30,20
2003-10-30-21:00,20
2003-10-30-21:30,19
2003-10-30-22:00,19
2003-10-30-22:30,18
2003-10-30-23:00,19
2003-10-30-23:30,18
2003-10-31-00:00,18
2003-10-31-00:30,18
2003-10-31-01:00,19
2003-10-31-01:30,19
2003-10-31-02:00,18
2003-10-31-02:30,19
2003-10-31-03:00,20
2003-10-31-03:30,21
2003-10-31-04:00,22
2003-10-31-04:30,23
2003-10-31-05:00,24
2003-10-31-05:30,26
2003-10-31-06:30,29
2003-10-31-07:00,30
2003-10-31-07:30,30
2003-10-31-08:00,31
2003-10-31-08:30,31
2003-10-31-09:00,31
2003-10-31-09:30,31
2003-10-31-10:30,31
2003-10-31-11:00,31
2003-10-31-11:30,30
2003-10-31-12:00,29
2003-10-31-13:00,26
2003-10-31-13:30,27
2003-10-31-14:00,25
2003-10-31-14:30,24
2003-10-31-15:00,24
2003-10-31-15:30,24
2003-10-31-16:30,24
2003-10-31-17:00,21
2003-10-31-17:30,21
2003-10-31-18:00,22
2003-10-31-18:30,21
2003-10-31-19:00,20
2003-10-31-19:30,21
2003-10-31-20:00,20
2003-10-31-20:30,20
2003-10-31-21:00,20
2003-10-31-21:30,20
2003-10-31-22:00,19
2003-10-31-22:30,19
2003-10-31-23:30,18
2003-11-01-00:00,18
2003-11-01-00:30,18
2003-11-01-01:00,18
2003-11-01-01:30,18
2003-11-01-02:00,18
2003-11-01-02:30,20
2003-11-01-03:00,21
2003-11-01-03:30,22
2003-11-01-04:00,24
2003-11-01-04:30,25
2003-11-01-05:00,27
2003-11-01-05:30,28
2003-11-01-06:00,30
2003-11-01-06:30,30
2003-11-01-07:00,31
2003-11-01-07:30,31
2003-11-01-08:00,31
2003-11-01-09:30,30
2003-11-01-10:00,32
2003-11-01-10:30,32
2003-11-01-11:00,31
2003-11-01-11:30,31
2003-11-01-12:00,30
2003-11-01-12:30,28
2003-11-01-13:00,25
2003-11-01-13:30,24
2003-11-01-14:00,23.5
2003-11-01-14:30,23
2003-11-01-15:00,24
2003-11-01-15:30,22
2003-11-01-16:00,22
2003-11-01-17:00,22
2003-11-01-17:30,21
2003-11-01-18:00,20
2003-11-01-18:30,20
2003-11-01-19:00,20
2003-11-01-19:30,19
2003-11-01-20:00,21
2003-11-01-20:30,20
2003-11-01-21:00,20
2003-11-01-21:30,18
2003-11-01-22:00,18
2003-11-01-22:30,18
2003-11-01-23:00,17
2003-11-01-23:30,18
2003-11-02-00:00,17
2003-11-02-00:30,16
2003-11-02-01:00,16
2003-11-02-01:30,19
2003-11-02-02:00,19
2003-11-02-02:30,19
2003-11-02-03:00,21
2003-11-02-03:30,22
2003-11-02-04:00,24
2003-11-02-04:30,26
2003-11-02-05:00,27
2003-11-02-05:30,29
2003-11-02-06:00,29
2003-11-02-06:30,30
2003-11-02-07:00,30
2003-11-02-07:30,31
2003-11-02-08:00,31
2003-11-02-08:30,31
2003-11-02-09:00,32
2003-11-02-09:30,32
2003-11-02-10:00,32
2003-11-02-10:30,32
2003-11-02-11:00,31
2003-11-02-11:30,31
2003-11-02-12:00,30
2003-11-02-12:30,29
2003-11-02-13:00,25
2003-11-02-13:30,24
2003-11-02-14:00,23
2003-11-02-15:30,22
2003-11-02-16:00,22
2003-11-02-16:30,21
2003-11-02-17:00,22
2003-11-02-17:30,21
2003-11-02-18:00,20
2003-11-02-18:30,20
2003-11-02-19:00,19
2003-11-02-19:30,19
2003-11-02-21:00,19
2003-11-02-22:00,18
2003-11-02-22:30,18
2003-11-02-23:00,17
2003-11-02-23:30,18
2003-11-03-00:00,18
2003-11-03-00:30,17
2003-11-03-01:00,17
2003-11-03-01:30,17
2003-11-03-02:00,17
2003-11-03-02:30,18
2003-11-03-03:00,21
2003-11-03-03:30,22
2003-11-03-04:00,24
2003-11-03-04:30,26
2003-11-03-05:00,27
2003-11-03-05:30,27
2003-11-03-06:00,29
2003-11-03-06:30,29
2003-11-03-07:00,31
2003-11-03-07:30,31
2003-11-03-08:00,31
2003-11-03-08:30,32
2003-11-03-09:00,32
2003-11-03-09:30,32
2003-11-03-10:00,32
2003-11-03-10:30,32
2003-11-03-11:00,31
2003-11-03-11:30,31
2003-11-03-12:00,29
2003-11-03-12:30,27
2003-11-03-13:00,24
2003-11-03-13:30,23
2003-11-03-14:00,23
2003-11-03-14:30,24
2003-11-03-15:00,23
2003-11-03-16:00,21
2003-11-03-16:30,21
2003-11-03-17:00,21
2003-11-03-18:00,21
2003-11-03-18:30,20
2003-11-03-19:00,19
2003-11-03-19:30,19
2003-11-03-20:00,19
2003-11-03-20:30,19
2003-11-03-21:00,19
2003-11-03-22:00,19
2003-11-03-22:30,17
2003-11-03-23:00,17
2003-11-03-23:30,17
2003-11-04-00:00,18
2003-11-04-00:30,20
2003-11-04-02:00,19
2003-11-04-02:30,20
2003-11-04-03:00,22
2003-11-04-03:30,23
2003-11-04-04:00,24
2003-11-04-04:30,25
2003-11-04-05:00,27
2003-11-04-05:30,29
2003-11-04-06:00,30
2003-11-04-06:30,31
2003-11-04-07:00,31
2003-11-04-07:30,32
2003-11-04-08:00,32
2003-11-04-08:30,33
2003-11-04-09:30,33
2003-11-04-10:00,33
2003-11-04-10:30,32
2003-11-04-11:00,32
2003-11-04-11:30,31
2003-11-04-12:00,31
2003-11-04-12:30,28
2003-11-04-13:30,28
2003-11-04-14:00,27
2003-11-04-14:30,25
2003-11-04-15:00,24
2003-11-04-15:30,25
2003-11-04-16:00,24
2003-11-04-16:30,24
2003-11-04-17:30,23
2003-11-04-18:00,22
2003-11-04-18:30,24
2003-11-04-19:00,23
2003-11-04-20:00,24
2003-11-04-20:30,22
2003-11-04-21:00,21
2003-11-04-21:30,21
2003-11-04-22:00,21
2003-11-04-22:30,21
2003-11-04-23:00,20
2003-11-04-23:30,20
2003-11-05-00:00,20
2003-11-05-00:30,20
2003-11-05-01:00,22
2003-11-05-01:30,21
2003-11-05-02:00,22
2003-11-05-02:30,22
2003-11-05-03:30,25
2003-11-05-04:00,26
2003-11-05-04:30,28
2003-11-05-05:00,29
2003-11-05-05:30,30
2003-11-05-06:00,30
2003-11-05-06:30,31
2003-11-05-07:00,32
2003-11-05-07:30,31
2003-11-05-08:00,32
2003-11-05-08:30,32
2003-11-05-09:00,32
2003-11-05-09:30,33
2003-11-05-10:00,32
2003-11-05-10:30,32
2003-11-05-11:00,31
2003-11-05-11:30,30
2003-11-05-12:00,29
2003-11-05-12:30,27
2003-11-05-13:00,27
2003-11-05-13:30,26
2003-11-05-14:00,26
2003-11-05-14:30,26
2003-11-05-15:00,25
2003-11-05-15:30,24
2003-11-05-16:00,24
2003-11-05-16:30,23
2003-11-05-17:00,23
2003-11-05-17:30,23
2003-11-05-18:00,23
2003-11-05-18:30,23
2003-11-05-19:00,22
2003-11-05-19:30,23
2003-11-05-20:00,22
2003-11-05-20:30,22
2003-11-05-21:00,22
2003-11-05-21:30,21
2003-11-05-22:00,21
2003-11-05-22:30,20
2003-11-05-23:30,20
2003-11-06-00:00,19
2003-11-06-00:30,20
2003-11-06-01:00,19
2003-11-06-01:30,19
2003-11-06-02:00,22
2003-11-06-02:30,21
2003-11-06-03:00,23
2003-11-06-03:30,25
2003-11-06-04:00,26
2003-11-06-04:30,28
2003-11-06-05:00,30
2003-11-06-05:30,31
2003-11-06-06:00,31
2003-11-06-06:30,32
2003-11-06-07:00,32
2003-11-06-07:30,32
2003-11-06-08:00,33
2003-11-06-08:30,33
2003-11-06-09:00,33
2003-11-06-09:30,33
2003-11-06-10:00,33
2003-11-06-10:30,33
2003-11-06-11:00,32
2003-11-06-11:30,31
2003-11-06-12:00,31
2003-11-06-12:30,30
2003-11-06-13:00,29
2003-11-06-13:30,28
2003-11-06-14:00,27
2003-11-06-14:30,27
2003-11-06-15:00,27
2003-11-06-15:30,24
2003-11-06-16:00,24
2003-11-06-16:30,24
2003-11-06-17:00,24
2003-11-06-17:30,22
2003-11-06-18:30,21
2003-11-06-19:00,21
2003-11-06-19:30,20
2003-11-06-20:00,20
2003-11-06-20:30,20
2003-11-06-21:00,20
2003-11-06-21:51,19
2003-11-06-22:30,19
2003-11-06-23:00,19
2003-11-06-23:30,19
2003-11-07-00:00,19
2003-11-07-00:30,19
2003-11-07-01:00,19
2003-11-07-01:30,19
2003-11-07-02:00,19
2003-11-07-03:00,23
2003-11-07-03:30,25
2003-11-07-04:00,27
2003-11-07-04:30,29
2003-11-07-05:00,30
2003-11-07-05:30,31
2003-11-07-06:00,32
2003-11-07-06:30,32
2003-11-07-07:00,33
2003-11-07-08:30,33
2003-11-07-09:00,33
2003-11-07-09:30,33
2003-11-07-10:00,33
2003-11-07-10:30,33
2003-11-07-11:00,32
2003-11-07-11:30,31
2003-11-07-12:00,30
2003-11-07-12:30,29
2003-11-07-13:00,27
2003-11-07-13:30,27
2003-11-07-14:00,26
2003-11-07-14:30,25
2003-11-07-15:00,24
2003-11-07-15:30,24
2003-11-07-16:30,24
2003-11-07-17:00,24
2003-11-07-17:30,23
2003-11-07-18:00,22
2003-11-07-18:30,23
2003-11-07-20:30,22
2003-11-07-21:00,22
2003-11-07-21:30,21
2003-11-07-22:00,20
2003-11-07-22:30,19
2003-11-07-23:00,19
2003-11-07-23:30,19
2003-11-08-00:00,19
2003-11-08-00:30,18
2003-11-08-01:00,18
2003-11-08-01:30,17
2003-11-08-02:00,19
2003-11-08-03:00,23
2003-11-08-04:00,27
2003-11-08-04:30,27
2003-11-08-05:00,29
2003-11-08-05:30,30
2003-11-08-06:00,30
2003-11-08-06:30,31
2003-11-08-07:30,32
2003-11-08-08:00,33
2003-11-08-08:30,33
2003-11-08-09:30,33
2003-11-08-10:00,32
2003-11-08-11:00,30
2003-11-08-11:30,30
2003-11-08-12:30,28
2003-11-08-13:00,28
2003-11-08-13:30,28
2003-11-08-14:00,27
2003-11-08-14:30,25
2003-11-08-15:00,25
2003-11-08-15:30,25
2003-11-08-16:00,25
2003-11-08-16:30,23
2003-11-08-17:00,23
2003-11-08-17:30,24
2003-11-08-18:00,22
2003-11-08-18:30,22
2003-11-08-19:00,22
2003-11-08-19:30,22
2003-11-08-20:00,22
2003-11-08-20:30,22
2003-11-08-21:00,21
2003-11-08-21:30,21
2003-11-08-22:00,19
2003-11-08-22:30,19
2003-11-08-23:00,19
2003-11-08-23:30,18
2003-11-09-00:00,18
2003-11-09-00:30,19
2003-11-09-01:00,18
2003-11-09-01:30,18
2003-11-09-02:00,20
2003-11-09-02:30,21
2003-11-09-03:00,23
2003-11-09-03:30,25
2003-11-09-04:30,28
2003-11-09-05:00,29
2003-11-09-05:30,29
2003-11-09-06:00,31
2003-11-09-07:00,31
2003-11-09-08:00,32
2003-11-09-08:30,32
2003-11-09-09:00,32
2003-11-09-09:30,32
2003-11-09-10:00,32
2003-11-09-12:00,27
2003-11-09-12:30,26
2003-11-09-13:00,26
2003-11-09-13:30,24
2003-11-09-14:30,23
2003-11-09-15:00,22
2003-11-09-15:30,22
2003-11-09-16:00,22
2003-11-09-16:30,21
2003-11-09-17:00,19
2003-11-09-17:30,19
2003-11-09-18:00,29
2003-11-09-18:30,18
2003-11-09-19:00,18
2003-11-09-19:30,17
2003-11-09-20:00,17
2003-11-09-20:30,17
2003-11-09-21:00,17
2003-11-09-21:30,16
2003-11-09-22:00,16
2003-11-09-22:30,16
2003-11-09-23:00,15
2003-11-09-23:30,15
2003-11-10-00:00,14
2003-11-10-00:30,14
2003-11-10-01:00,14
2003-11-10-01:30,15
2003-11-10-02:00,14
2003-11-10-02:30,15
2003-11-10-03:00,18
2003-11-10-04:00,20
2003-11-10-04:30,22
2003-11-10-05:00,23
2003-11-10-05:30,24
2003-11-10-06:00,25
2003-11-10-06:30,26
2003-11-10-07:00,27
2003-11-10-07:30,27
2003-11-10-08:00,28
2003-11-10-08:30,28
2003-11-10-09:00,29
2003-11-10-09:30,29
2003-11-10-10:00,29
2003-11-10-10:30,28
2003-11-10-11:00,28
2003-11-10-11:30,27
2003-11-10-12:00,25
2003-11-10-12:30,24
2003-11-10-13:00,23
2003-11-10-13:30,23
2003-11-10-14:00,22
2003-11-10-14:30,22
2003-11-10-15:00,22
2003-11-10-15:30,19
2003-11-10-16:00,19
2003-11-10-16:30,19
2003-11-10-17:00,19
2003-11-10-17:30,19
2003-11-10-18:00,19
2003-11-10-18:30,19
2003-11-10-19:00,18
2003-11-10-19:30,18
2003-11-10-20:00,18
2003-11-10-20:30,17
2003-11-10-21:00,16
2003-11-10-21:30,15
2003-11-10-22:00,15
2003-11-10-22:30,15
2003-11-10-23:00,15
2003-11-10-23:30,15
2003-11-11-00:00,15
2003-11-11-00:30,15
2003-11-11-01:00,14
2003-11-11-02:00,15
2003-11-11-02:30,17
2003-11-11-03:00,18
2003-11-11-03:30,20
2003-11-11-04:00,21
2003-11-11-04:30,22
2003-11-11-05:00,23
2003-11-11-05:30,25
2003-11-11-06:00,25
2003-11-11-06:30,26
2003-11-11-07:00,27
2003-11-11-07:30,27
2003-11-11-08:00,27
2003-11-11-08:30,27
2003-11-11-09:00,28
2003-11-11-09:30,28
2003-11-11-10:00,28
2003-11-11-10:30,28
2003-11-11-11:00,27
2003-11-11-11:30,27
2003-11-11-12:00,26
2003-11-11-12:30,23
2003-11-11-13:30,22
2003-11-11-14:00,21
2003-11-11-14:30,21
2003-11-11-15:00,22
2003-11-11-15:30,21
2003-11-11-16:30,19
2003-11-11-17:00,19
2003-11-11-17:30,18
2003-11-11-18:00,18
2003-11-11-18:30,18
2003-11-11-19:00,17
2003-11-11-19:30,17
2003-11-11-20:00,17
2003-11-11-20:30,17
2003-11-11-21:00,16
2003-11-11-21:30,16
2003-11-11-22:00,15
2003-11-11-22:30,15
2003-11-11-23:00,15
2003-11-11-23:30,15
2003-11-12-00:00,15
2003-11-12-00:30,15
2003-11-12-01:00,13
2003-11-12-01:30,13
2003-11-12-02:00,14
2003-11-12-02:30,15
2003-11-12-03:00,17
2003-11-12-03:30,19
2003-11-12-04:00,20
2003-11-12-05:00,24
2003-11-12-06:00,25
2003-11-12-06:30,27
2003-11-12-07:00,27
2003-11-12-07:30,27
2003-11-12-08:00,27
2003-11-12-08:30,28
2003-11-12-09:30,28
2003-11-12-10:00,28
2003-11-12-10:30,27
2003-11-12-11:00,26
2003-11-12-11:30,25
2003-11-12-12:00,25
2003-11-12-12:30,23
2003-11-12-13:00,23
2003-11-12-13:30,22
2003-11-12-14:00,21
2003-11-12-15:00,20
2003-11-12-15:30,21
2003-11-12-16:00,20
2003-11-12-16:30,20
2003-11-12-17:00,20
2003-11-12-17:30,21
2003-11-12-18:00,20
2003-11-12-20:00,19
2003-11-12-20:30,17
2003-11-12-21:00,17
2003-11-12-21:30,16
2003-11-12-22:00,16
2003-11-12-22:30,15
2003-11-12-23:00,14
2003-11-12-23:30,14
2003-11-13-00:00,14
2003-11-13-01:00,14
2003-11-13-01:30,14
2003-11-13-02:00,14
2003-11-13-02:30,15
2003-11-13-03:00,17
2003-11-13-03:30,29
2003-11-13-04:00,21
2003-11-13-04:30,23
2003-11-13-05:00,25
2003-11-13-06:00,26
2003-11-13-06:30,26
2003-11-13-07:00,27
2003-11-13-07:30,27
2003-11-13-08:00,27
2003-11-13-08:30,27
2003-11-13-09:00,27
2003-11-13-09:30,27
2003-11-13-10:00,27
2003-11-13-11:00,26
2003-11-13-11:30,25
2003-11-13-12:00,24
2003-11-13-12:30,24
2003-11-13-13:30,21
2003-11-13-14:00,21
2003-11-13-14:30,23
2003-11-13-15:00,21
2003-11-13-15:30,20
2003-11-13-16:00,19
2003-11-13-16:30,20
2003-11-13-17:00,20
2003-11-13-17:30,19
2003-11-13-18:30,18
2003-11-13-19:00,18
2003-11-13-19:30,18
2003-11-13-20:00,18
2003-11-13-20:30,18
2003-11-13-21:00,18
2003-11-13-21:30,18
2003-11-13-22:00,18
2003-11-13-22:30,18
2003-11-13-23:00,18
2003-11-13-23:30,18
2003-11-14-00:00,17
2003-11-14-00:30,17
2003-11-14-01:00,18
2003-11-14-01:30,18
2003-11-14-02:00,18
2003-11-14-03:00,19
2003-11-14-03:30,20
2003-11-14-04:00,22
2003-11-14-04:30,22
2003-11-14-05:00,23
2003-11-14-05:30,23
2003-11-14-06:00,25
2003-11-14-06:30,25
2003-11-14-07:00,25
2003-11-14-07:30,27
2003-11-14-08:30,27
2003-11-14-09:00,26
2003-11-14-09:30,26
2003-11-14-10:00,27
2003-11-14-10:30,26
2003-11-14-11:30,25
2003-11-14-12:00,24
2003-11-14-12:30,22
2003-11-14-13:00,22
2003-11-14-13:30,22
2003-11-14-14:00,21
2003-11-14-14:30,20
2003-11-14-15:00,19
2003-11-14-16:00,19
2003-11-14-16:30,18
2003-11-14-17:00,18
2003-11-14-17:30,18
2003-11-14-18:00,18
2003-11-14-18:30,18
2003-11-14-19:00,18
2003-11-14-19:30,17
2003-11-14-20:00,18
2003-11-14-20:30,17
2003-11-14-21:00,18
2003-11-14-21:30,17
2003-11-14-22:00,17
2003-11-14-22:30,17
2003-11-14-23:00,17
2003-11-14-23:30,17
2003-11-15-00:00,17
2003-11-15-00:30,17
2003-11-15-01:00,16
2003-11-15-01:30,17
2003-11-15-02:00,18
2003-11-15-02:30,19
2003-11-15-03:00,21
2003-11-15-03:30,21
2003-11-15-04:00,23
2003-11-15-04:30,24
2003-11-15-05:00,25
2003-11-15-05:30,25
2003-11-15-06:00,26
2003-11-15-06:30,26
2003-11-15-07:00,26
2003-11-15-07:30,27
2003-11-15-08:00,27
2003-11-15-08:30,27
2003-11-15-09:00,26
2003-11-15-09:30,26
2003-11-15-10:00,26
2003-11-15-10:30,26
2003-11-15-11:00,26
2003-11-15-11:30,25
2003-11-15-12:00,24
2003-11-15-12:30,23
2003-11-15-13:00,22
2003-11-15-13:30,22
2003-11-15-14:00,22
2003-11-15-14:30,22
2003-11-15-15:30,21
2003-11-15-16:00,20
2003-11-15-16:30,21
2003-11-15-17:00,20
2003-11-15-17:30,20
2003-11-15-18:00,20
2003-11-15-19:00,19
2003-11-15-19:30,19
2003-11-15-20:00,18
2003-11-15-20:30,19
2003-11-15-21:00,19
2003-11-15-21:30,19
2003-11-15-22:00,19
2003-11-15-22:30,19
2003-11-15-23:00,19
2003-11-15-23:30,19
2003-11-16-00:00,19
2003-11-16-00:30,18
2003-11-16-01:00,18
2003-11-16-01:30,18
2003-11-16-02:00,18
2003-11-16-02:30,19
2003-11-16-03:00,21
2003-11-16-03:30,23
2003-11-16-04:00,23
2003-11-16-04:30,24
2003-11-16-05:00,24
2003-11-16-05:30,24
2003-11-16-06:00,25
2003-11-16-07:00,25
2003-11-16-07:30,26
2003-11-16-08:00,26
2003-11-16-08:30,26
2003-11-16-09:00,27
2003-11-16-09:30,27
2003-11-16-10:00,26
2003-11-16-10:30,26
2003-11-16-11:00,25
2003-11-16-11:30,24
2003-11-16-12:00,24
2003-11-16-12:30,23
2003-11-16-13:00,23
2003-11-16-13:30,23
2003-11-16-14:00,22
2003-11-16-14:30,22
2003-11-16-15:00,22
2003-11-16-15:30,22
2003-11-16-16:30,21
2003-11-16-17:00,20
2003-11-16-17:30,20
2003-11-16-18:00,19
2003-11-16-18:30,19
2003-11-16-19:00,18
2003-11-16-19:30,18
2003-11-16-20:00,18
2003-11-16-20:30,17
2003-11-16-21:00,17
2003-11-16-22:00,18
2003-11-16-22:30,18
2003-11-16-23:00,18
2003-11-16-23:30,18
2003-11-17-00:00,18
2003-11-17-00:30,17
2003-11-17-01:00,18
2003-11-17-01:30,18
2003-11-17-02:00,18
2003-11-17-02:30,19
2003-11-17-03:00,19
2003-11-17-03:30,20
2003-11-17-04:00,22
2003-11-17-04:30,23
2003-11-17-05:00,24
2003-11-17-06:00,24
2003-11-17-06:30,25
2003-11-17-07:00,26
2003-11-17-07:30,26
2003-11-17-08:00,26
2003-11-17-08:30,27
2003-11-17-09:00,27
2003-11-17-09:30,27
2003-11-17-10:00,27
2003-11-17-10:30,27
2003-11-17-11:00,26
2003-11-17-11:30,25
2003-11-17-12:30,25
2003-11-17-13:00,24
2003-11-17-13:30,23
2003-11-17-14:30,22
2003-11-17-15:30,22
2003-11-17-16:30,21
2003-11-17-17:00,21
2003-11-17-17:30,21
2003-11-17-18:00,20
2003-11-17-18:30,20
2003-11-17-19:00,19
2003-11-17-19:30,19
2003-11-17-20:00,19
2003-11-17-20:30,19
2003-11-17-21:00,19
2003-11-17-21:30,19
2003-11-17-22:00,18
2003-11-17-22:30,18
2003-11-17-23:30,17
2003-11-18-00:00,18
2003-11-18-00:30,18
2003-11-18-01:00,18
2003-11-18-01:30,19
2003-11-18-02:00,18
2003-11-18-02:30,18
2003-11-18-03:00,18
2003-11-18-03:30,19
2003-11-18-04:00,21
2003-11-18-04:30,22
2003-11-18-05:00,23
2003-11-18-05:30,24
2003-11-18-06:00,24
2003-11-18-06:30,24
2003-11-18-09:00,27
2003-11-18-09:30,27
2003-11-18-10:00,27
2003-11-18-10:30,26
2003-11-18-11:00,26
2003-11-18-11:30,24
2003-11-18-12:30,22
2003-11-18-13:00,21
2003-11-18-13:30,21
2003-11-18-14:00,21
2003-11-18-14:30,20
2003-11-18-15:00,19
2003-11-18-15:30,19
2003-11-18-16:00,18
2003-11-18-16:30,17
2003-11-18-17:00,16
2003-11-18-17:30,17
2003-11-18-18:30,17
2003-11-18-19:00,16
2003-11-18-19:30,15
2003-11-18-20:00,15
2003-11-18-20:30,15
2003-11-18-21:00,14
2003-11-18-21:30,14
2003-11-18-22:00,13
2003-11-18-22:30,13
2003-11-18-23:00,13
2003-11-18-23:30,13
2003-11-19-00:00,13
2003-11-19-00:30,13
2003-11-19-01:00,14
2003-11-19-01:30,15
2003-11-19-02:00,15
2003-11-19-02:30,16
2003-11-19-03:00,17
2003-11-19-03:30,18
2003-11-19-04:00,19
2003-11-19-04:30,20
2003-11-19-05:00,21
2003-11-19-05:30,22
2003-11-19-06:00,22
2003-11-19-06:30,23
2003-11-19-07:30,24
2003-11-19-08:00,24
2003-11-19-08:30,24
2003-11-19-09:00,25
2003-11-19-09:30,25
2003-11-19-10:00,26
2003-11-19-10:30,25
2003-11-19-11:00,24
2003-11-19-11:30,23
2003-11-19-12:00,22
2003-11-19-12:30,21
2003-11-19-13:00,20
2003-11-19-13:30,20
2003-11-19-14:00,19
2003-11-19-15:00,19
2003-11-19-15:30,18
2003-11-19-16:00,17
2003-11-19-16:30,17
2003-11-19-17:00,18
2003-11-19-17:30,17
2003-11-19-18:00,16
2003-11-19-18:30,16
2003-11-19-19:00,15
2003-11-19-19:30,16
2003-11-19-20:00,15
2003-11-19-21:00,15
2003-11-19-21:30,15
2003-11-19-22:00,14
2003-11-19-22:30,15
2003-11-19-23:00,12
2003-11-19-23:30,11
2003-11-20-00:00,10
2003-11-20-01:00,10
2003-11-20-01:30,10
2003-11-20-02:00,10
2003-11-20-02:30,11
2003-11-20-03:00,13
2003-11-20-03:30,14
2003-11-20-04:00,17
2003-11-20-04:30,19
2003-11-20-05:00,21
2003-11-20-05:30,21
2003-11-20-06:30,22
2003-11-20-07:00,22
2003-11-20-07:30,23
2003-11-20-08:00,23
2003-11-20-08:30,23
2003-11-20-09:00,23
2003-11-20-09:30,23
2003-11-20-10:00,24
2003-11-20-10:30,23
2003-11-20-11:00,23
2003-11-20-11:30,22
2003-11-20-12:00,21
2003-11-20-13:00,18
2003-11-20-13:30,17
2003-11-20-14:00,17
2003-11-20-15:00,16
2003-11-20-15:30,16
2003-11-20-16:00,15
2003-11-20-16:30,15
2003-11-20-17:00,14
2003-11-20-17:30,16
2003-11-20-18:30,14
2003-11-20-19:00,13
2003-11-20-19:30,13
2003-11-20-20:00,12
2003-11-20-20:30,12
2003-11-20-21:00,11
2003-11-20-21:30,11
2003-11-20-22:00,11
2003-11-20-22:30,10
2003-11-20-23:00,10
2003-11-20-23:30,10
2003-11-21-00:00,10
2003-11-21-00:30,9
2003-11-21-01:00,10
2003-11-21-01:30,10
2003-11-21-02:00,10
2003-11-21-02:30,11
2003-11-21-03:30,15
2003-11-21-04:00,17
2003-11-21-04:30,19
2003-11-21-05:00,20
2003-11-21-05:30,21
2003-11-21-06:00,22
2003-11-21-06:30,23
2003-11-21-07:00,24
2003-11-21-07:30,26
2003-11-21-08:00,25
2003-11-21-08:30,25
2003-11-21-09:00,25
2003-11-21-09:30,26
2003-11-21-10:00,26
2003-11-21-10:30,25
2003-11-21-11:00,25
2003-11-21-11:30,23
2003-11-21-12:30,22
2003-11-21-13:00,19
2003-11-21-13:30,20
2003-11-21-14:00,18
2003-11-21-14:30,17
2003-11-21-15:00,17
2003-11-21-15:30,17
2003-11-21-16:30,17
2003-11-21-17:00,17
2003-11-21-17:30,16
2003-11-21-18:00,15
2003-11-21-18:30,13
2003-11-21-19:00,13
2003-11-21-19:30,13
2003-11-21-20:00,13.5
2003-11-21-20:30,14
2003-11-21-21:00,13
2003-11-21-21:30,13
2003-11-21-22:00,12
2003-11-21-22:30,13
2003-11-21-23:00,13
2003-11-21-23:30,14
2003-11-22-00:00,14
2003-11-22-00:30,13
2003-11-22-01:00,14
2003-11-22-01:30,14
2003-11-22-02:00,14
2003-11-22-02:30,14
2003-11-22-03:00,17
2003-11-22-03:30,19
2003-11-22-04:00,21
2003-11-22-05:30,24
2003-11-22-06:00,24
2003-11-22-06:30,24
2003-11-22-07:00,25
2003-11-22-07:30,25
2003-11-22-08:00,25
2003-11-22-08:30,25
2003-11-22-09:30,26
2003-11-22-10:00,26
2003-11-22-10:30,25
2003-11-22-11:00,24
2003-11-22-11:30,23
2003-11-22-12:00,22
2003-11-22-13:00,19
2003-11-22-13:30,19
2003-11-22-14:00,19
2003-11-22-14:30,17
2003-11-22-15:30,17
2003-11-22-16:00,17
2003-11-22-16:30,16
2003-11-22-17:00,18
2003-11-22-17:30,14
2003-11-22-18:00,15
2003-11-22-18:30,15
2003-11-22-19:00,14
2003-11-22-19:30,13
2003-11-22-20:00,14
2003-11-22-20:30,15
2003-11-22-21:00,14
2003-11-22-21:30,14
2003-11-22-22:00,13
2003-11-22-22:30,13
2003-11-22-23:00,13
2003-11-22-23:30,13
2003-11-23-00:00,13
2003-11-23-00:30,12
2003-11-23-01:00,13
2003-11-23-01:30,11
2003-11-23-02:00,12
2003-11-23-02:30,12
2003-11-23-03:00,14
2003-11-23-03:30,16
2003-11-23-04:00,18
2003-11-23-04:30,18
2003-11-23-05:30,22
2003-11-23-06:00,23
2003-11-23-06:30,23
2003-11-23-07:00,24
2003-11-23-08:00,24
2003-11-23-08:30,24
2003-11-23-09:30,25
2003-11-23-10:00,25
2003-11-23-10:30,25
2003-11-23-11:00,25
2003-11-23-11:30,24
2003-11-23-12:00,23
2003-11-23-12:30,20
2003-11-23-13:00,19
2003-11-23-13:30,19
2003-11-23-14:00,19
2003-11-23-14:30,18
2003-11-23-15:00,17
2003-11-23-15:30,18
2003-11-23-16:00,19
2003-11-23-16:30,19
2003-11-23-17:00,18
2003-11-23-17:30,17
2003-11-23-18:00,16
2003-11-23-18:30,15
2003-11-23-19:00,15
2003-11-23-19:30,15
2003-11-23-20:00,15
2003-11-23-20:30,15
2003-11-23-21:00,16
2003-11-23-21:30,16
2003-11-23-22:00,16
2003-11-23-22:30,15
2003-11-23-23:00,13
2003-11-23-23:30,13
2003-11-24-00:00,13
2003-11-24-00:30,13
2003-11-24-01:00,12
2003-11-24-01:30,13
2003-11-24-02:00,12
2003-11-24-02:30,14
2003-11-24-03:00,15
2003-11-24-03:30,18
2003-11-24-04:00,18
2003-11-24-04:30,19
2003-11-24-05:00,19
2003-11-24-05:30,22
2003-11-24-06:00,22
2003-11-24-06:30,23
2003-11-24-07:30,24
2003-11-24-08:00,24
2003-11-24-08:30,24
2003-11-24-09:00,24
2003-11-24-09:30,24
2003-11-24-10:00,24
2003-11-24-10:30,23
2003-11-24-11:00,22
2003-11-24-11:30,22
2003-11-24-12:30,20
2003-11-24-13:00,19
2003-11-24-13:30,19
2003-11-24-14:00,18
2003-11-24-14:30,17
2003-11-24-15:00,17
2003-11-24-15:30,15
2003-11-24-16:30,15
2003-11-24-17:00,17
2003-11-24-17:30,16
2003-11-24-18:00,16
2003-11-24-18:30,15
2003-11-24-19:00,15
2003-11-24-19:30,14
2003-11-24-20:00,14
2003-11-24-20:30,13
2003-11-24-21:00,12
2003-11-24-22:00,11
2003-11-24-22:30,10
2003-11-25-00:00,9
2003-11-25-00:30,9
2003-11-25-01:00,9
2003-11-25-02:00,9
2003-11-25-02:30,10
2003-11-25-03:00,11
2003-11-25-03:30,13
2003-11-25-04:00,15
2003-11-25-05:00,19
2003-11-25-05:30,21
2003-11-25-06:00,21
2003-11-25-06:30,22
2003-11-25-07:00,23
2003-11-25-07:30,24
2003-11-25-08:00,25
2003-11-25-08:30,26
2003-11-25-09:30,26
2003-11-25-10:00,26
2003-11-25-10:30,25
2003-11-25-11:00,25
2003-11-25-11:30,24
2003-11-25-12:00,23
2003-11-25-12:30,20
2003-11-25-13:00,20
2003-11-25-13:30,19
2003-11-25-14:30,17
2003-11-25-15:00,15
2003-11-25-15:30,15
2003-11-25-16:00,15
2003-11-25-16:30,14
2003-11-25-17:00,14
2003-11-25-17:30,14
2003-11-25-18:00,13
2003-11-25-18:30,15
2003-11-25-19:00,15
2003-11-25-19:30,13
2003-11-25-20:00,12
2003-11-25-20:30,11
2003-11-25-21:30,12
2003-11-25-22:00,11
2003-11-25-22:30,11
2003-11-25-23:00,11
2003-11-25-23:30,10
2003-11-26-00:00,10
2003-11-26-00:30,10
2003-11-26-01:00,10
2003-11-26-01:30,10
2003-11-26-02:00,11
2003-11-26-02:30,13
2003-11-26-03:00,14
2003-11-26-03:30,15
2003-11-26-04:00,17
2003-11-26-04:30,18
2003-11-26-05:00,19
2003-11-26-05:30,21
2003-11-26-06:30,23
2003-11-26-07:00,23
2003-11-26-07:30,24
2003-11-26-08:00,24
2003-11-26-08:30,25
2003-11-26-09:00,25
2003-11-26-09:30,25
2003-11-26-10:00,25
2003-11-26-10:30,25
2003-11-26-11:00,24
2003-11-26-11:30,22
2003-11-26-12:00,20
2003-11-26-13:00,17
2003-11-26-13:30,18
2003-11-26-14:00,17
2003-11-26-14:30,18
2003-11-26-15:00,17
2003-11-26-15:30,16
2003-11-26-16:00,14
2003-11-26-16:30,14
2003-11-26-17:00,14
2003-11-26-18:00,14
2003-11-26-18:30,13
2003-11-26-19:00,13
2003-11-26-19:30,13
2003-11-26-20:00,13
2003-11-26-20:30,12
2003-11-26-21:00,12
2003-11-26-21:30,11
2003-11-26-22:00,11
2003-11-26-22:30,11
2003-11-26-23:00,10
2003-11-26-23:30,10
2003-11-27-00:00,10
2003-11-27-00:30,9
2003-11-27-01:00,9
2003-11-27-01:30,9
2003-11-27-02:00,9
2003-11-27-02:30,11
2003-11-27-03:00,13
2003-11-27-03:30,14
2003-11-27-04:30,17
2003-11-27-05:00,19
2003-11-27-05:30,20
2003-11-27-06:00,21
2003-11-27-06:30,23
2003-11-27-07:00,23
2003-11-27-07:30,24
2003-11-27-08:00,24
2003-11-27-08:30,24
2003-11-27-09:00,24
2003-11-27-09:30,24
2003-11-27-10:00,24
2003-11-27-10:30,24
2003-11-27-11:00,24
2003-11-27-11:30,23
2003-11-27-12:00,22
2003-11-27-12:30,21
2003-11-27-13:00,21
2003-11-27-13:30,20
2003-11-27-14:00,19
2003-11-27-14:30,18
2003-11-27-15:00,17
2003-11-27-15:30,15
2003-11-27-16:00,14
2003-11-27-16:30,14
2003-11-27-17:00,14
2003-11-27-17:30,13
2003-11-27-18:00,12
2003-11-27-18:30,11
2003-11-27-19:00,12
2003-11-27-19:30,11
2003-11-27-20:00,12
2003-11-27-20:30,12
2003-11-27-21:00,12
2003-11-27-21:30,11
2003-11-27-22:00,11
2003-11-27-22:30,11
2003-11-27-23:00,11
2003-11-27-23:30,10
2003-11-28-00:00,10
2003-11-28-00:30,10
2003-11-28-01:00,10
2003-11-28-01:30,9
2003-11-28-02:00,9
2003-11-28-03:00,12
2003-11-28-03:30,13
2003-11-28-04:00,13
2003-11-28-04:30,15
2003-11-28-05:00,17
2003-11-28-06:00,21
2003-11-28-06:30,22
2003-11-28-07:00,23
2003-11-28-07:30,24
2003-11-28-08:30,24
2003-11-28-09:00,24
2003-11-28-09:30,24
2003-11-28-10:00,24
2003-11-28-10:30,23
2003-11-28-11:00,23
2003-11-28-11:30,23
2003-11-28-12:00,21
2003-11-28-12:30,19
2003-11-28-13:00,17
2003-11-28-13:30,17
2003-11-28-14:00,17
2003-11-28-14:30,16
2003-11-28-15:00,15
2003-11-28-15:30,15
2003-11-28-16:00,15
2003-11-28-16:30,14
2003-11-28-17:00,15
2003-11-28-17:30,14
2003-11-28-18:00,13
2003-11-28-18:30,13
2003-11-28-19:00,12
2003-11-28-20:00,14
2003-11-28-20:30,13
2003-11-28-21:00,12
2003-11-28-21:30,11
2003-11-28-22:00,10
2003-11-28-22:30,10
2003-11-28-23:00,10
2003-11-28-23:30,10
2003-11-29-00:00,10
2003-11-29-00:30,9
2003-11-29-01:00,9
2003-11-29-01:30,9
2003-11-29-02:00,9
2003-11-29-02:30,10
2003-11-29-03:00,11
2003-11-29-03:30,12
2003-11-29-04:00,14
2003-11-29-04:30,15
2003-11-29-05:00,18
2003-11-29-06:30,23
2003-11-29-07:00,23
2003-11-29-07:30,23
2003-11-29-08:30,23
2003-11-29-09:00,24
2003-11-29-09:30,24
2003-11-29-10:00,24
2003-11-29-11:00,23
2003-11-29-12:30,19
2003-11-29-13:00,17
2003-11-29-13:30,17
2003-11-29-14:00,17
2003-11-29-14:30,15
2003-11-29-15:00,16
2003-11-29-15:30,15
2003-11-29-16:00,15
2003-11-29-16:30,14
2003-11-29-17:00,14
2003-11-29-17:30,14
2003-11-29-18:00,13
2003-11-29-18:30,13
2003-11-29-19:00,11
2003-11-29-19:30,12
2003-11-29-20:00,12
2003-11-29-20:30,11
2003-11-29-21:00,10
2003-11-29-21:30,11
2003-11-29-22:00,10
2003-11-29-22:30,10
2003-11-29-23:00,10
2003-11-29-23:30,10
2003-11-30-00:00,10
2003-11-30-00:30,9
2003-11-30-01:00,9
2003-11-30-01:30,8
2003-11-30-02:00,8
2003-11-30-02:30,9
2003-11-30-03:00,11
2003-11-30-03:30,12
2003-11-30-04:00,14
2003-11-30-05:00,17
2003-11-30-05:30,18
2003-11-30-06:00,30
2003-11-30-06:30,21
2003-11-30-07:00,21
2003-11-30-07:30,22
2003-11-30-08:30,23
2003-11-30-09:00,23
2003-11-30-09:30,23
2003-11-30-10:00,23
2003-11-30-10:30,23
2003-11-30-11:30,21
2003-11-30-12:00,20
2003-11-30-12:30,18
2003-11-30-13:00,16
2003-11-30-13:30,16
2003-11-30-14:00,15
2003-11-30-14:30,18
2003-11-30-15:00,15
2003-11-30-15:21,14
2003-11-30-16:00,13
2003-11-30-16:30,13
2003-11-30-17:00,13
2003-11-30-17:30,13
2003-11-30-18:00,13
2003-11-30-18:30,12
2003-11-30-19:00,12
2003-11-30-19:30,12
2003-11-30-20:00,12
2003-11-30-20:21,11
2003-11-30-21:00,10
2003-11-30-21:30,11
2003-11-30-22:00,11
2003-11-30-22:30,10
2003-11-30-23:00,10
2003-11-30-23:30,10
2003-12-01-00:00,9
2003-12-01-00:30,9
2003-12-01-01:00,8
2003-12-01-01:30,9
2003-12-01-02:00,9
2003-12-01-02:30,9
2003-12-01-03:00,11
2003-12-01-04:00,15
2003-12-01-04:30,16
2003-12-01-05:00,18
2003-12-01-05:30,20
2003-12-01-06:00,21
2003-12-01-06:30,22
2003-12-01-07:00,22
2003-12-01-07:30,23
2003-12-01-08:30,23
2003-12-01-09:30,24
2003-12-01-10:00,24
2003-12-01-10:30,24
2003-12-01-11:00,23
2003-12-01-11:30,22
2003-12-01-12:00,21
2003-12-01-13:00,18
2003-12-01-13:30,17
2003-12-01-14:00,17
2003-12-01-14:30,19
2003-12-01-15:00,16
2003-12-01-15:30,15
2003-12-01-16:30,14
2003-12-01-17:00,13
2003-12-01-17:30,13
2003-12-01-18:00,13
2003-12-01-18:30,12
2003-12-01-19:00,12
2003-12-01-19:30,13
2003-12-01-20:00,12
2003-12-01-20:30,11
2003-12-01-21:00,11
2003-12-01-21:30,11
2003-12-01-22:00,11
2003-12-01-22:30,11
2003-12-01-23:00,11
2003-12-01-23:30,11
2003-12-02-00:00,11
2003-12-02-00:30,11
2003-12-02-01:00,10
2003-12-02-01:30,11
2003-12-02-02:00,10
2003-12-02-02:30,11
2003-12-02-04:00,16
2003-12-02-04:30,18
2003-12-02-05:00,19
2003-12-02-06:00,22
2003-12-02-06:30,23
2003-12-02-07:00,23
2003-12-02-07:30,23
2003-12-02-08:30,24
2003-12-02-09:00,24
2003-12-02-09:30,25
2003-12-02-10:00,24
2003-12-02-10:30,24
2003-12-02-11:00,23
2003-12-02-11:30,23
2003-12-02-12:00,22
2003-12-02-13:00,19
2003-12-02-13:30,18
2003-12-02-14:00,18
2003-12-02-14:30,17
2003-12-02-15:00,17
2003-12-02-15:30,16
2003-12-02-16:00,16
2003-12-02-16:30,15
2003-12-02-17:00,15
2003-12-02-17:30,15
2003-12-02-18:00,15
2003-12-02-18:30,15
2003-12-02-19:00,15
2003-12-02-19:30,14
2003-12-02-20:00,14
2003-12-02-20:30,12
2003-12-02-21:00,12
2003-12-02-21:30,13
2003-12-02-22:00,12
2003-12-02-22:30,11
2003-12-02-23:00,11
2003-12-03-00:00,12
2003-12-03-00:30,11
2003-12-03-01:00,11
2003-12-03-01:30,11
2003-12-03-02:00,12
2003-12-03-02:30,12
2003-12-03-04:30,18
2003-12-03-05:00,19
2003-12-03-06:00,22
2003-12-03-06:30,22
2003-12-03-07:00,23
2003-12-03-07:30,23
2003-12-03-08:00,24
2003-12-03-08:30,24
2003-12-03-09:30,25
2003-12-03-10:00,25
2003-12-03-10:30,25
2003-12-03-11:00,25
2003-12-03-11:30,23
2003-12-03-12:00,21
2003-12-03-12:30,20
2003-12-03-13:00,19
2003-12-03-13:30,18
2003-12-03-14:00,18
2003-12-03-14:30,18
2003-12-03-15:00,18
2003-12-03-16:00,17
2003-12-03-16:30,15
2003-12-03-17:00,16
2003-12-03-17:30,17
2003-12-03-18:00,15
2003-12-03-18:30,15
2003-12-03-19:00,15
2003-12-03-19:30,15
2003-12-03-20:00,13
2003-12-03-20:21,15
2003-12-03-20:30,13
2003-12-03-20:51,15
2003-12-03-21:00,14
2003-12-03-21:30,12
2003-12-03-22:00,12
2003-12-03-22:30,12
2003-12-03-23:00,12
2003-12-03-23:30,11
2003-12-04-00:00,10
2003-12-04-00:30,10
2003-12-04-01:00,10
2003-12-04-01:30,11
2003-12-04-02:30,12
2003-12-04-03:00,13
2003-12-04-03:30,14
2003-12-04-04:00,16
2003-12-04-04:30,18
2003-12-04-05:00,20
2003-12-04-05:30,21
2003-12-04-06:00,22
2003-12-04-07:00,23
2003-12-04-07:30,24
2003-12-04-08:00,25
2003-12-04-08:30,25
2003-12-04-09:00,25
2003-12-04-09:30,25
2003-12-04-10:00,25
2003-12-04-10:30,25
2003-12-04-11:00,25
2003-12-04-11:30,24
2003-12-04-12:00,22
2003-12-04-12:30,21
2003-12-04-13:00,19
2003-12-04-14:00,18
2003-12-04-15:00,18
2003-12-04-16:00,17
2003-12-04-16:30,16
2003-12-04-17:00,16
2003-12-04-17:30,15
2003-12-04-18:00,15
2003-12-04-19:00,13
2003-12-04-19:30,13
2003-12-04-20:00,13
2003-12-04-20:30,13
2003-12-04-21:00,13
2003-12-04-21:30,13
2003-12-04-22:00,12
2003-12-04-22:30,12
2003-12-04-23:00,11
2003-12-04-23:30,11
2003-12-05-00:00,11
2003-12-05-00:30,11
2003-12-05-01:00,11
2003-12-05-01:30,11
2003-12-05-02:00,11
2003-12-05-02:30,13
2003-12-05-03:00,14
2003-12-05-03:30,16
2003-12-05-04:00,17
2003-12-05-04:30,19
2003-12-05-05:00,21
2003-12-05-05:30,22
2003-12-05-06:00,23
2003-12-05-06:30,24
2003-12-05-07:00,25
2003-12-05-07:30,25
2003-12-05-08:00,25
2003-12-05-08:30,26
2003-12-05-09:00,25
2003-12-05-09:30,26
2003-12-05-10:00,25
2003-12-05-10:30,25
2003-12-05-11:00,24
2003-12-05-11:30,23
2003-12-05-12:00,22
2003-12-05-12:30,22
2003-12-05-13:00,19
2003-12-05-13:30,19
2003-12-05-14:00,19
2003-12-05-14:30,18
2003-12-05-15:30,18
2003-12-05-16:00,15
2003-12-05-16:30,15
2003-12-05-17:00,15
2003-12-05-17:30,15
2003-12-05-18:00,15
2003-12-05-18:30,15
2003-12-05-19:00,15
2003-12-05-19:30,14
2003-12-05-20:00,15
2003-12-05-20:30,14
2003-12-05-21:00,14
2003-12-05-21:30,13
2003-12-05-22:00,13
2003-12-05-22:30,13
2003-12-05-23:00,12
2003-12-05-23:30,12
2003-12-06-00:00,12
2003-12-06-00:30,11
2003-12-06-01:00,11
2003-12-06-01:30,11
2003-12-06-02:00,12
2003-12-06-02:30,12
2003-12-06-03:30,14
2003-12-06-04:00,15
2003-12-06-05:00,20
2003-12-06-05:30,21
2003-12-06-06:00,22
2003-12-06-06:30,23
2003-12-06-07:00,25
2003-12-06-08:00,26
2003-12-06-08:30,27
2003-12-06-08:51,26
2003-12-06-09:30,27
2003-12-06-10:30,26
2003-12-06-11:00,26
2003-12-06-11:30,24
2003-12-06-12:00,22
2003-12-06-13:00,19
2003-12-06-13:30,19
2003-12-06-14:00,19
2003-12-06-14:30,19
2003-12-06-15:00,18
2003-12-06-15:30,17
2003-12-06-16:00,17
2003-12-06-16:30,17
2003-12-06-17:00,18
2003-12-06-17:30,16
2003-12-06-18:00,15
2003-12-06-18:30,15
2003-12-06-19:00,15
2003-12-06-19:30,15
2003-12-06-20:00,15
2003-12-06-20:30,13
2003-12-06-21:00,13
2003-12-06-21:30,13
2003-12-06-22:00,12
2003-12-06-22:30,12
2003-12-06-23:00,12
2003-12-06-23:30,12
2003-12-07-00:00,11
2003-12-07-00:30,11
2003-12-07-01:00,11
2003-12-07-01:30,10
2003-12-07-02:00,11
2003-12-07-02:30,12
2003-12-07-03:00,13
2003-12-07-03:30,15
2003-12-07-04:00,18
2003-12-07-04:30,18
2003-12-07-05:00,21
2003-12-07-05:30,22
2003-12-07-06:00,23
2003-12-07-06:30,24
2003-12-07-07:00,25
2003-12-07-07:30,25
2003-12-07-08:00,26
2003-12-07-08:30,26
2003-12-07-09:00,26
2003-12-07-09:30,27
2003-12-07-10:00,27
2003-12-07-10:30,26
2003-12-07-11:00,25
2003-12-07-11:30,25
2003-12-07-12:00,23
2003-12-07-12:30,21
2003-12-07-13:00,20
2003-12-07-13:30,19
2003-12-07-14:00,19
2003-12-07-14:30,19
2003-12-07-15:00,21
2003-12-07-15:30,19
2003-12-07-16:00,18
2003-12-07-16:30,19
2003-12-07-17:00,19
2003-12-07-17:30,17
2003-12-07-18:00,18
2003-12-07-18:30,19
2003-12-07-19:00,18
2003-12-07-19:30,16
2003-12-07-20:00,16
2003-12-07-20:30,16
2003-12-07-21:00,15
2003-12-07-21:30,15
2003-12-07-22:00,15
2003-12-07-22:30,15
2003-12-07-23:00,14
2003-12-07-23:30,14
2003-12-08-00:00,14
2003-12-08-00:30,14
2003-12-08-01:00,14
2003-12-08-01:30,14
2003-12-08-02:00,14
2003-12-08-02:30,15
2003-12-08-03:00,17
2003-12-08-03:30,19
2003-12-08-04:30,21
2003-12-08-05:00,22
2003-12-08-05:30,23
2003-12-08-06:00,24
2003-12-08-06:30,24
2003-12-08-07:00,25
2003-12-08-07:30,26
2003-12-08-08:00,26
2003-12-08-08:30,26
2003-12-08-09:30,26
2003-12-08-10:30,25
2003-12-08-11:30,23
2003-12-08-12:00,22
2003-12-08-12:30,21
2003-12-08-13:00,20
2003-12-08-13:30,19
2003-12-08-14:00,19
2003-12-08-14:30,19
2003-12-08-15:00,18
2003-12-08-15:30,18
2003-12-08-16:00,18
2003-12-08-16:30,18
2003-12-08-17:00,18
2003-12-08-17:30,18
2003-12-08-18:00,18
2003-12-08-18:30,18
2003-12-08-20:00,17
2003-12-08-20:30,17
2003-12-08-21:00,17
2003-12-08-21:30,17
2003-12-08-22:00,18
2003-12-08-22:30,18
2003-12-08-23:00,18
2003-12-08-23:30,18
2003-12-09-00:00,18
2003-12-09-00:30,18
2003-12-09-01:30,17
2003-12-09-02:00,17
2003-12-09-02:30,17
2003-12-09-03:00,17
2003-12-09-03:30,18
2003-12-09-04:00,19
2003-12-09-05:00,22
2003-12-09-05:30,23
2003-12-09-06:00,23
2003-12-09-06:30,25
2003-12-09-07:00,25
2003-12-09-07:30,25
2003-12-09-08:00,26
2003-12-09-08:30,25
2003-12-09-09:00,25
2003-12-09-09:30,26
2003-12-09-10:00,26
2003-12-09-10:30,25
2003-12-09-11:00,25
2003-12-09-11:30,24
2003-12-09-12:00,23
2003-12-09-12:30,22
2003-12-09-13:00,21
2003-12-09-13:30,21
2003-12-09-14:00,21
2003-12-09-14:30,21
2003-12-09-15:00,20
2003-12-09-15:30,20
2003-12-09-16:00,19
2003-12-09-16:30,19
2003-12-09-17:00,18
2003-12-09-17:30,18
2003-12-09-18:00,18
2003-12-09-18:30,18
2003-12-09-19:00,18
2003-12-09-19:30,17
2003-12-09-20:00,17
2003-12-09-20:30,17
2003-12-09-21:00,17
2003-12-09-21:30,16
2003-12-09-22:00,16
2003-12-09-22:30,16
2003-12-09-23:00,16
2003-12-09-23:30,15
2003-12-10-00:00,15
2003-12-10-00:30,15
2003-12-10-01:00,15
2003-12-10-01:30,15
2003-12-10-02:30,16
2003-12-10-03:00,16
2003-12-10-03:30,17
2003-12-10-04:00,19
2003-12-10-04:30,20
2003-12-10-05:00,21
2003-12-10-05:30,21
2003-12-10-06:00,21
2003-12-10-06:30,23
2003-12-10-07:00,23
2003-12-10-07:30,24
2003-12-10-08:00,24
2003-12-10-08:30,24
2003-12-10-09:00,25
2003-12-10-09:30,25
2003-12-10-10:00,25
2003-12-10-10:30,25
2003-12-10-11:00,25
2003-12-10-11:30,24
2003-12-10-12:00,23
2003-12-10-13:00,21
2003-12-10-13:30,20
2003-12-10-14:30,19
2003-12-10-15:00,19
2003-12-10-15:30,19
2003-12-10-16:00,19
2003-12-10-16:30,19
2003-12-10-17:00,19
2003-12-10-17:30,18
2003-12-10-18:00,17
2003-12-10-18:30,17
2003-12-10-19:00,17
2003-12-10-19:30,17
2003-12-10-23:30,16
2003-12-11-00:00,16
2003-12-11-00:30,16
2003-12-11-01:00,15
2003-12-11-01:30,15
2003-12-11-02:00,16
2003-12-11-02:30,16
2003-12-11-03:30,18
2003-12-11-04:00,19
2003-12-11-04:30,20
2003-12-11-05:00,21
2003-12-11-05:30,22
2003-12-11-06:00,23
2003-12-11-07:00,24
2003-12-11-07:30,24
2003-12-11-08:00,24
2003-12-11-08:30,25
2003-12-11-09:00,25
2003-12-11-09:30,25
2003-12-11-10:30,25
2003-12-11-11:00,24
2003-12-11-11:30,23
2003-12-11-12:00,22
2003-12-11-12:30,21
2003-12-11-13:00,21
2003-12-11-13:30,20
2003-12-11-14:00,20
2003-12-11-14:30,19
2003-12-11-15:00,19
2003-12-11-15:30,19
2003-12-11-16:00,18
2003-12-11-16:30,18
2003-12-11-17:00,18
2003-12-11-17:30,18
2003-12-11-18:00,18
2003-12-11-18:30,18
2003-12-11-19:00,17
2003-12-11-19:30,17
2003-12-11-20:00,16
2003-12-11-20:30,17
2003-12-11-21:00,16
2003-12-11-21:30,16
2003-12-11-22:00,16
2003-12-11-23:00,16
2003-12-11-23:30,16
2003-12-12-00:00,15
2003-12-12-00:30,15
2003-12-12-01:00,15
2003-12-12-01:30,15
2003-12-12-02:00,15
2003-12-12-02:30,16
2003-12-12-03:00,16
2003-12-12-03:30,17
2003-12-12-04:30,19
2003-12-12-05:00,21
2003-12-12-05:30,21
2003-12-12-06:00,21
2003-12-12-06:30,21
2003-12-12-07:00,21
2003-12-12-07:30,23
2003-12-12-08:00,24
2003-12-12-08:30,24
2003-12-12-09:00,24
2003-12-12-09:30,24
2003-12-12-10:00,24
2003-12-12-10:30,24
2003-12-12-11:00,24
2003-12-12-11:30,23
2003-12-12-12:00,22
2003-12-12-12:30,22
2003-12-12-13:00,22
2003-12-12-13:30,22
2003-12-12-14:00,21
2003-12-12-14:30,21
2003-12-12-15:00,21
2003-12-12-15:30,21
2003-12-12-16:00,21
2003-12-12-16:30,20
2003-12-12-17:00,20
2003-12-12-17:30,20
2003-12-12-18:00,20
2003-12-12-18:30,19
2003-12-12-19:00,19
2003-12-12-19:30,19
2003-12-12-20:00,19
2003-12-12-20:30,19
2003-12-12-21:00,19
2003-12-12-21:30,18
2003-12-12-22:00,19
2003-12-12-22:30,19
2003-12-12-23:00,19
2003-12-12-23:30,19
2003-12-13-00:00,19
2003-12-13-00:30,19
2003-12-13-01:00,19
2003-12-13-01:30,19
2003-12-13-02:00,18
2003-12-13-02:30,18
2003-12-13-03:30,18
2003-12-13-04:00,18
2003-12-13-04:30,18
2003-12-13-05:00,19
2003-12-13-05:30,21
2003-12-13-06:00,22
2003-12-13-06:30,22
2003-12-13-07:30,22
2003-12-13-08:00,22
2003-12-13-08:30,23
2003-12-13-09:00,23
2003-12-13-09:30,23
2003-12-13-10:00,23
2003-12-13-10:30,23
2003-12-13-11:00,23
2003-12-13-11:30,22
2003-12-13-12:00,21
2003-12-13-12:30,20
2003-12-13-13:00,19
2003-12-13-14:00,18
2003-12-13-15:00,19
2003-12-13-15:30,18
2003-12-13-16:30,18
2003-12-13-17:00,17
2003-12-13-17:30,17
2003-12-13-18:00,17
2003-12-13-18:30,17
2003-12-13-19:00,17
2003-12-13-19:30,16
2003-12-13-20:00,16
2003-12-13-20:30,16
2003-12-13-22:00,16
2003-12-13-22:30,16
2003-12-13-23:00,16
2003-12-13-23:30,16
2003-12-14-00:00,16
2003-12-14-00:30,15
2003-12-14-01:00,15
2003-12-14-01:30,15
2003-12-14-02:00,15
2003-12-14-02:30,17
2003-12-14-03:00,17
2003-12-14-03:30,18
2003-12-14-04:00,20
2003-12-14-04:30,21
2003-12-14-05:30,24
2003-12-14-06:00,25
2003-12-14-06:30,26
2003-12-14-07:00,26
2003-12-14-07:30,27
2003-12-14-08:00,27
2003-12-14-09:00,27
2003-12-14-09:30,27
2003-12-14-10:00,27
2003-12-14-10:30,26
2003-12-14-11:00,26
2003-12-14-11:30,25
2003-12-14-12:00,24
2003-12-14-13:00,22
2003-12-14-13:30,22
2003-12-14-14:00,22
2003-12-14-14:30,22
2003-12-14-15:00,22
2003-12-14-15:30,23
2003-12-14-16:00,22
2003-12-14-16:30,22
2003-12-14-17:00,21
2003-12-14-17:30,20
2003-12-14-18:00,20
2003-12-14-18:30,19
2003-12-14-19:00,19
2003-12-14-19:30,18
2003-12-14-20:00,17
2003-12-14-20:30,17
2003-12-14-21:00,17
2003-12-14-21:30,17
2003-12-14-22:00,18
2003-12-14-22:30,18
2003-12-14-23:00,18
2003-12-14-23:30,18
2003-12-15-00:00,18
2003-12-15-00:30,18
2003-12-15-01:00,18
2003-12-15-01:30,18
2003-12-15-02:00,18
2003-12-15-02:30,19
2003-12-15-03:00,19
2003-12-15-03:30,20
2003-12-15-04:30,21
2003-12-15-05:00,23
2003-12-15-05:30,23
2003-12-15-06:00,23
2003-12-15-06:30,23
2003-12-15-07:00,22
2003-12-15-08:00,22
2003-12-15-08:30,22
2003-12-15-09:00,24
2003-12-15-09:30,25
2003-12-15-10:00,25
2003-12-15-10:30,25
2003-12-15-11:00,25
2003-12-15-11:30,23
2003-12-15-12:00,22
2003-12-15-12:30,21
2003-12-15-13:00,21
2003-12-15-15:00,19
2003-12-15-15:30,19
2003-12-15-16:00,19
2003-12-15-16:30,18
2003-12-15-17:00,17
2003-12-15-17:30,17
2003-12-15-18:00,18
2003-12-15-18:30,17
2003-12-15-19:00,17
2003-12-15-19:30,18
2003-12-15-20:00,18
2003-12-15-20:30,18
2003-12-15-21:00,17
2003-12-15-21:30,18
2003-12-15-22:00,18
2003-12-15-22:30,18
2003-12-16-01:00,17
2003-12-16-01:30,16
2003-12-16-02:30,16
2003-12-16-03:00,17
2003-12-16-03:30,17
2003-12-16-04:00,17
2003-12-16-04:30,18
2003-12-16-05:00,19
2003-12-16-05:30,19
2003-12-16-06:00,20
2003-12-16-06:30,19
2003-12-16-07:00,20
2003-12-16-07:30,19
2003-12-16-08:30,19
2003-12-16-09:00,18
2003-12-16-09:30,18
2003-12-16-10:00,18
2003-12-16-10:30,17
2003-12-16-11:30,17
2003-12-16-12:30,17
2003-12-16-13:00,16
2003-12-16-13:30,16
2003-12-16-14:00,16
2003-12-16-14:30,16
2003-12-16-15:00,16
2003-12-16-15:30,16
2003-12-16-16:00,15
2003-12-16-16:30,15
2003-12-16-17:00,15
2003-12-16-17:30,15
2003-12-16-18:30,15
2003-12-16-19:30,15
2003-12-16-20:00,15
2003-12-16-20:30,15
2003-12-16-21:00,15
2003-12-16-21:30,14
2003-12-16-22:00,14
2003-12-16-22:30,14
2003-12-16-23:00,14
2003-12-17-00:00,14
2003-12-17-00:30,14
2003-12-17-01:00,14
2003-12-17-01:30,14
2003-12-17-02:00,14
2003-12-17-02:30,14
2003-12-17-03:00,14
2003-12-17-03:30,15
2003-12-17-04:00,15
2003-12-17-04:30,15
2003-12-17-05:00,16
2003-12-17-05:30,16
2003-12-17-06:00,16
2003-12-17-06:30,17
2003-12-17-07:00,17
2003-12-17-07:30,17
2003-12-17-08:00,17
2003-12-17-08:30,18
2003-12-17-09:00,18
2003-12-17-10:00,17
2003-12-17-10:30,17
2003-12-17-11:00,17
2003-12-17-11:30,16
2003-12-17-12:00,15
2003-12-17-13:30,15
2003-12-17-14:00,15
2003-12-17-14:30,14
2003-12-17-15:00,14
2003-12-17-15:30,14
2003-12-17-16:00,14
2003-12-17-16:30,13
2003-12-17-17:00,13
2003-12-17-18:30,11
2003-12-17-19:00,11
2003-12-17-19:30,11
2003-12-17-20:00,11
2003-12-17-20:30,11
2003-12-17-21:00,11
2003-12-17-21:30,11
2003-12-17-22:00,11
2003-12-17-22:30,11
2003-12-18-00:00,12
2003-12-18-00:30,11
2003-12-18-01:00,12
2003-12-18-01:30,12
2003-12-18-02:00,12
2003-12-18-02:30,12
2003-12-18-03:00,12
2003-12-18-03:30,13
2003-12-18-04:00,13
2003-12-18-04:30,13
2003-12-18-05:00,14
2003-12-18-05:30,14
2003-12-18-06:00,14
2003-12-18-06:30,14
2003-12-18-07:00,14
2003-12-18-07:30,15
2003-12-18-08:30,16
2003-12-18-09:00,16
2003-12-18-09:30,16
2003-12-18-10:00,16
2003-12-18-10:30,16
2003-12-18-11:00,16
2003-12-18-11:30,15
2003-12-18-12:00,15
2003-12-18-12:30,14
2003-12-18-13:00,14
2003-12-18-13:30,13
2003-12-18-14:00,13
2003-12-18-14:30,12
2003-12-18-15:00,12
2003-12-18-15:30,12
2003-12-18-16:30,11
2003-12-18-17:30,12
2003-12-18-18:00,11
2003-12-18-18:30,11
2003-12-18-19:00,11
2003-12-18-19:30,11
2003-12-18-20:00,11
2003-12-18-20:30,11
2003-12-18-21:00,11
2003-12-18-21:30,11
2003-12-18-22:00,11
2003-12-18-23:00,11
2003-12-18-23:30,11
2003-12-19-00:00,10
2003-12-19-00:30,10
2003-12-19-01:00,10
2003-12-19-01:30,10
2003-12-19-02:00,10
2003-12-19-02:30,10
2003-12-19-03:00,10
2003-12-19-03:30,10
2003-12-19-04:00,10
2003-12-19-04:30,10
2003-12-19-05:00,10
2003-12-19-05:30,11
2003-12-19-07:00,12
2003-12-19-08:00,15
2003-12-19-08:30,15
2003-12-19-09:00,16
2003-12-19-09:30,16
2003-12-19-10:00,16
2003-12-19-10:30,16
2003-12-19-11:00,16
2003-12-19-11:30,15
2003-12-19-13:00,14
2003-12-19-13:30,13
2003-12-19-14:30,13
2003-12-19-15:00,13
2003-12-19-15:30,13
2003-12-19-16:00,13
2003-12-19-16:30,13
2003-12-19-17:00,12
2003-12-19-17:30,12
2003-12-19-18:00,12
2003-12-19-18:30,12
2003-12-19-19:00,12
2003-12-19-19:30,12
2003-12-19-20:00,12
2003-12-19-20:30,12
2003-12-19-21:00,12
2003-12-19-21:30,12
2003-12-19-22:00,12
2003-12-19-23:00,12
2003-12-19-23:30,12
2003-12-20-00:00,12
2003-12-20-00:30,11
2003-12-20-01:00,12
2003-12-20-01:30,11
2003-12-20-02:00,12
2003-12-20-02:30,12
2003-12-20-03:00,12
2003-12-20-03:30,12
2003-12-20-04:00,13
2003-12-20-04:30,13
2003-12-20-05:00,13
2003-12-20-05:30,14
2003-12-20-06:00,14
2003-12-20-06:30,15
2003-12-20-08:00,15
2003-12-20-08:30,15
2003-12-20-09:00,15
2003-12-20-09:30,16
2003-12-20-10:00,15
2003-12-20-10:30,15
2003-12-20-11:00,14
2003-12-20-11:30,14
2003-12-20-12:00,13
2003-12-20-12:30,13
2003-12-20-13:00,13
2003-12-20-13:30,13
2003-12-20-14:30,13
2003-12-20-15:00,13
2003-12-20-15:30,12
2003-12-20-16:30,12
2003-12-20-17:00,12
2003-12-20-17:30,12
2003-12-20-18:00,11
2003-12-20-18:30,11
2003-12-20-19:00,12
2003-12-20-19:30,12
2003-12-20-20:00,12
2003-12-20-20:30,13
2003-12-20-21:00,13
2003-12-20-21:30,12
2003-12-20-22:30,12
2003-12-20-23:00,12
2003-12-20-23:30,12
2003-12-21-00:00,12
2003-12-21-01:30,12
2003-12-21-02:00,11
2003-12-21-02:30,11
2003-12-21-03:00,11
2003-12-21-03:30,11
2003-12-21-04:00,11
2003-12-21-04:30,11
2003-12-21-05:00,11
2003-12-21-05:30,12
2003-12-21-06:00,11
2003-12-21-06:30,12
2003-12-21-07:00,13
2003-12-21-07:30,13
2003-12-21-08:30,14
2003-12-21-09:00,14
2003-12-21-09:30,15
2003-12-21-10:00,15
2003-12-21-10:30,15
2003-12-21-11:00,14
2003-12-21-11:30,14
2003-12-21-12:00,14
2003-12-21-12:30,13
2003-12-21-13:00,12
2003-12-21-13:30,12
2003-12-21-14:30,11
2003-12-21-15:00,11
2003-12-21-15:30,9
2003-12-21-16:00,9
2003-12-21-16:30,8
2003-12-21-17:00,8
2003-12-21-17:30,8
2003-12-21-18:00,8
2003-12-21-18:30,8
2003-12-21-19:00,8
2003-12-21-19:30,8
2003-12-21-20:00,8
2003-12-21-20:30,9
2003-12-21-21:00,9
2003-12-21-21:30,9
2003-12-21-22:00,9
2003-12-21-22:30,10
2003-12-21-23:00,10
2003-12-21-23:30,10
2003-12-22-00:00,10
2003-12-22-00:30,10
2003-12-22-01:00,10
2003-12-22-01:30,11
2003-12-22-02:00,11
2003-12-22-02:30,11
2003-12-22-03:00,11
2003-12-22-04:30,12
2003-12-22-05:00,12
2003-12-22-05:30,13
2003-12-22-06:00,13
2003-12-22-06:30,14
2003-12-22-07:00,14
2003-12-22-07:30,15
2003-12-22-08:00,15
2003-12-22-08:30,15
2003-12-22-09:30,16
2003-12-22-10:00,16
2003-12-22-10:30,15
2003-12-22-11:00,15
2003-12-22-11:30,15
2003-12-22-12:00,15
2003-12-22-12:30,14
2003-12-22-13:00,14
2003-12-22-13:30,13
2003-12-22-14:00,13
2003-12-22-14:30,14
2003-12-22-15:00,13
2003-12-22-15:30,13
2003-12-22-16:00,13
2003-12-22-16:30,14
2003-12-22-17:00,13
2003-12-22-17:30,12
2003-12-22-18:00,12
2003-12-22-18:30,12
2003-12-22-19:00,12
2003-12-22-19:30,12
2003-12-22-20:00,12
2003-12-22-21:30,12
2003-12-22-22:00,12
2003-12-22-22:30,12
2003-12-22-23:00,12
2003-12-22-23:30,12
2003-12-23-00:00,12
2003-12-23-00:30,12
2003-12-23-01:00,11
2003-12-23-01:30,11
2003-12-23-02:00,11
2003-12-23-02:30,11
2003-12-23-03:00,11
2003-12-23-03:30,11
2003-12-23-04:00,12
2003-12-23-04:30,12
2003-12-23-05:00,12
2003-12-23-05:30,12
2003-12-23-06:30,13
2003-12-23-07:00,13
2003-12-23-07:30,13
2003-12-23-08:00,13
2003-12-23-08:30,14
2003-12-23-09:00,15
2003-12-23-10:00,15
2003-12-23-10:30,15
2003-12-23-11:00,15
2003-12-23-11:30,14
2003-12-23-12:30,13
2003-12-23-13:00,13
2003-12-23-13:30,12
2003-12-23-14:30,11
2003-12-23-15:00,11
2003-12-23-16:00,11
2003-12-23-16:30,11
2003-12-23-17:00,12
2003-12-23-17:30,11
2003-12-23-18:00,11
2003-12-23-18:30,11
2003-12-23-19:00,10
2003-12-23-19:30,10
2003-12-23-20:00,10
2003-12-23-20:30,9
2003-12-23-21:00,8
2003-12-23-21:30,8
2003-12-23-22:00,8
2003-12-23-22:30,8
2003-12-23-23:00,7
2003-12-23-23:30,7
2003-12-24-00:00,7
2003-12-24-00:30,7
2003-12-24-01:00,7
2003-12-24-01:30,8
2003-12-24-02:00,8.5
2003-12-24-02:30,9.25
2003-12-24-03:00,8
2003-12-24-04:00,8.5
2003-12-24-04:30,9
2003-12-24-05:00,9
2003-12-24-05:30,9
2003-12-24-06:00,9
2003-12-24-06:30,9
2003-12-24-07:00,10
2003-12-24-07:30,10
2003-12-24-08:00,10.5
2003-12-24-08:30,11
2003-12-24-09:00,11
2003-12-24-09:30,11
2003-12-24-10:00,11
2003-12-24-10:30,11
2003-12-24-11:00,11
2003-12-24-11:30,11
2003-12-24-12:00,11
2003-12-24-12:30,10
2003-12-24-13:00,10
2003-12-24-13:30,10
2003-12-24-14:00,9
2003-12-24-14:30,9
2003-12-24-15:00,9
2003-12-24-15:30,9
2003-12-24-16:00,9
2003-12-24-16:30,9
2003-12-24-17:00,9
2003-12-24-17:30,9
2003-12-24-18:00,9
2003-12-24-18:30,9
2003-12-24-19:00,9
2003-12-24-19:52,9
2003-12-24-20:30,9
2003-12-24-21:30,9
2003-12-24-22:00,9
2003-12-24-22:30,9
2003-12-24-23:00,9
2003-12-24-23:30,9
2003-12-25-00:00,9
2003-12-25-00:30,9
2003-12-25-01:00,9
2003-12-25-01:30,9
2003-12-25-02:00,8
2003-12-25-02:30,8
2003-12-25-03:00,8
2003-12-25-03:30,8
2003-12-25-04:00,8
2003-12-25-04:30,9
2003-12-25-05:00,9
2003-12-25-06:00,9
2003-12-25-06:30,11
2003-12-25-07:00,13
2003-12-25-07:30,13
2003-12-25-08:00,15
2003-12-25-08:30,16
2003-12-25-09:00,16
2003-12-25-09:30,16
2003-12-25-10:30,16
2003-12-25-11:00,16
2003-12-25-11:30,16
2003-12-25-12:30,15
2003-12-25-13:00,14
2003-12-25-13:30,14
2003-12-25-14:30,13
2003-12-25-15:00,12
2003-12-25-15:21,13
2003-12-25-16:00,11
2003-12-25-16:30,10
2003-12-25-17:00,9
2003-12-25-17:30,9
2003-12-25-18:00,9
2003-12-25-18:30,9
2003-12-25-19:00,9
2003-12-25-19:30,9
2003-12-25-20:00,9
2003-12-25-20:30,9
2003-12-25-21:00,9
2003-12-25-21:30,9
2003-12-25-22:00,9
2003-12-25-22:30,9
2003-12-25-23:00,9
2003-12-25-23:30,9
2003-12-26-00:00,9
2003-12-26-00:30,9
2003-12-26-01:30,9
2003-12-26-02:00,10
2003-12-26-02:30,9
2003-12-26-03:00,9
2003-12-26-03:30,10
2003-12-26-04:00,10
2003-12-26-04:30,11
2003-12-26-05:00,11
2003-12-26-05:30,12
2003-12-26-06:00,13
2003-12-26-06:30,13
2003-12-26-07:00,15
2003-12-26-07:30,15
2003-12-26-08:00,15
2003-12-26-08:30,15
2003-12-26-09:00,15
2003-12-26-09:30,15
2003-12-26-10:00,15
2003-12-26-10:30,15
2003-12-26-11:00,15
2003-12-26-12:00,13
2003-12-26-13:00,12
2003-12-26-13:30,12
2003-12-26-15:00,11
2003-12-26-15:30,10
2003-12-26-16:00,11
2003-12-26-16:30,10
2003-12-26-17:00,10
2003-12-26-17:30,10
2003-12-26-18:00,10
2003-12-26-18:30,9
2003-12-26-19:00,9
2003-12-26-19:30,9
2003-12-26-20:00,9
2003-12-26-20:30,10
2003-12-26-21:00,10
2003-12-26-21:30,10
2003-12-26-22:00,10
2003-12-26-22:30,10
2003-12-26-23:00,10
2003-12-26-23:30,10
2003-12-27-00:00,10
2003-12-27-00:30,10
2003-12-27-01:00,10
2003-12-27-01:30,10
2003-12-27-02:00,10
2003-12-27-02:30,10
2003-12-27-03:00,10
2003-12-27-03:30,10
2003-12-27-04:00,11
2003-12-27-04:30,11
2003-12-27-05:00,12
2003-12-27-05:30,13
2003-12-27-06:00,13
2003-12-27-07:00,14
2003-12-27-07:30,14
2003-12-27-08:00,14
2003-12-27-08:30,13
2003-12-27-09:00,13
2003-12-27-09:30,13
2003-12-27-10:00,12
2003-12-27-10:30,12
2003-12-27-11:00,12
2003-12-27-11:30,12
2003-12-27-12:00,12
2003-12-27-12:30,12
2003-12-27-13:00,12
2003-12-27-13:30,12
2003-12-27-14:00,12
2003-12-27-14:30,12
2003-12-27-15:30,12
2003-12-27-16:00,12
2003-12-27-16:30,11
2003-12-27-17:00,11
2003-12-27-17:30,10
2003-12-27-18:00,10
2003-12-27-18:30,9
2003-12-27-19:00,9
2003-12-27-19:30,9
2003-12-27-20:00,8
2003-12-27-20:30,8
2003-12-27-21:00,8
2003-12-27-21:30,7
2003-12-27-22:00,8
2003-12-27-22:30,8
2003-12-27-23:00,8
2003-12-27-23:30,8
2003-12-28-00:00,8
2003-12-28-00:30,8
2003-12-28-01:00,8
2003-12-28-01:30,8
2003-12-28-02:00,8
2003-12-28-02:30,9
2003-12-28-03:00,9
2003-12-28-04:00,9
2003-12-28-04:30,9
2003-12-28-05:00,9
2003-12-28-05:30,9
2003-12-28-06:00,10
2003-12-28-06:30,10
2003-12-28-07:00,11
2003-12-28-07:30,11
2003-12-28-08:00,12
2003-12-28-09:00,13
2003-12-28-09:30,13
2003-12-28-10:00,14
2003-12-28-10:30,14
2003-12-28-11:00,14
2003-12-28-11:30,13
2003-12-28-12:00,12
2003-12-28-12:30,12
2003-12-28-13:00,11
2003-12-28-13:30,11
2003-12-28-14:00,11
2003-12-28-14:30,9
2003-12-28-15:00,9
2003-12-28-15:30,9
2003-12-28-16:00,10
2003-12-28-16:30,10
2003-12-28-17:00,10
2003-12-28-17:30,9
2003-12-28-18:00,9
2003-12-28-18:30,8
2003-12-28-19:00,8
2003-12-28-19:30,8
2003-12-28-20:00,8
2003-12-28-20:30,8
2003-12-28-21:00,7
2003-12-28-21:30,7
2003-12-28-22:00,6
2003-12-28-22:30,7
2003-12-28-23:00,7
2003-12-28-23:30,7
2003-12-29-00:00,7
2003-12-29-00:30,7
2003-12-29-01:00,7
2003-12-29-02:00,6
2003-12-29-02:30,6
2003-12-29-03:00,6
2003-12-29-03:30,7
2003-12-29-04:00,9
2003-12-29-05:00,12
2003-12-29-05:30,15
2003-12-29-06:00,15
2003-12-29-07:00,17
2003-12-29-07:30,18
2003-12-29-08:00,18
2003-12-29-08:30,18
2003-12-29-09:00,18
2003-12-29-09:30,18
2003-12-29-10:00,18
2003-12-29-10:30,18
2003-12-29-11:00,18
2003-12-29-11:30,16
2003-12-29-12:00,16
2003-12-29-12:30,15
2003-12-29-13:00,14
2003-12-29-13:30,13
2003-12-29-14:00,12
2003-12-29-14:30,12
2003-12-29-15:30,12
2003-12-29-16:00,12
2003-12-29-16:30,11
2003-12-29-17:00,11
2003-12-29-17:30,11
2003-12-29-18:00,11
2003-12-29-18:30,10
2003-12-29-19:00,10
2003-12-29-19:30,10
2003-12-29-20:00,10
2003-12-29-20:30,9
2003-12-29-21:00,8
2003-12-29-21:30,8
2003-12-29-22:00,8
2003-12-29-22:30,7
2003-12-29-23:00,7
2003-12-29-23:30,7
2003-12-30-00:00,7
2003-12-30-00:30,7
2003-12-30-01:00,7
2003-12-30-01:30,7
2003-12-30-02:00,6
2003-12-30-02:30,7
2003-12-30-03:30,7
2003-12-30-04:00,8
2003-12-30-04:30,10.5
2003-12-30-06:30,13
2003-12-30-07:30,14
2003-12-30-08:00,15
2003-12-30-08:30,16
2003-12-30-09:00,16
2003-12-30-09:30,16
2003-12-30-10:00,16
2003-12-30-10:30,15
2003-12-30-11:00,15
2003-12-30-11:30,14
2003-12-30-12:00,14
2003-12-30-12:30,12
2003-12-30-13:00,12
2003-12-30-13:30,11
2003-12-30-14:00,11
2003-12-30-14:30,10
2003-12-30-15:00,10
2003-12-30-15:30,10
2003-12-30-16:00,9
2003-12-30-16:30,9
2003-12-30-17:00,9
2003-12-30-17:30,9
2003-12-30-18:00,9
2003-12-30-18:30,10
2003-12-30-19:00,10
2003-12-30-19:30,9
2003-12-30-20:00,9
2003-12-30-20:30,9
2003-12-30-21:00,9
2003-12-30-21:30,9
2003-12-30-22:00,9
2003-12-30-22:30,9
2003-12-30-23:00,9
2003-12-31-00:00,9
2003-12-31-00:30,9
2003-12-31-01:00,9
2003-12-31-01:30,9
2003-12-31-02:00,9
2003-12-31-02:30,9
2003-12-31-03:00,9
2003-12-31-03:30,9
2003-12-31-04:00,9
2003-12-31-04:30,9
2003-12-31-05:00,10
2003-12-31-05:30,10
2003-12-31-06:00,10
2003-12-31-06:30,11
2003-12-31-07:00,11
2003-12-31-07:30,12
2003-12-31-08:00,12
2003-12-31-08:30,12
2003-12-31-09:00,13
2003-12-31-09:30,13
2003-12-31-10:00,13
2003-12-31-10:30,13
2003-12-31-11:00,12
2003-12-31-11:30,12
2003-12-31-12:00,12
2003-12-31-12:30,12
2003-12-31-13:00,11
2003-12-31-13:30,11
2003-12-31-14:00,11
2003-12-31-14:30,11
2003-12-31-15:00,11
2003-12-31-15:30,11
2003-12-31-16:00,11
2003-12-31-16:30,10
2003-12-31-17:00,10
2003-12-31-17:30,10
2003-12-31-18:00,10
2003-12-31-18:30,10
2003-12-31-19:00,9
2003-12-31-20:00,9
2003-12-31-20:30,9
2003-12-31-21:00,9
2003-12-31-21:30,10
2003-12-31-22:00,10
2003-12-31-22:30,9
2003-12-31-23:00,9
2003-12-31-23:30,9
2004-01-01-00:00,9
2004-01-01-00:30,9
2004-01-01-01:00,8
2004-01-01-01:30,8
2004-01-01-02:00,8
2004-01-01-02:30,8
2004-01-01-03:00,9
2004-01-01-03:30,9
2004-01-01-04:00,9
2004-01-01-04:30,9
2004-01-01-05:30,11
2004-01-01-06:00,11
2004-01-01-06:30,13
2004-01-01-07:00,13
2004-01-01-07:30,15
2004-01-01-08:00,15
2004-01-01-08:30,16
2004-01-01-09:00,16
2004-01-01-09:30,15
2004-01-01-10:00,15
2004-01-01-10:30,15
2004-01-01-11:00,14
2004-01-01-11:30,13
2004-01-01-12:00,12
2004-01-01-12:30,11
2004-01-01-13:00,11
2004-01-01-13:30,11
2004-01-01-14:00,11
2004-01-01-14:30,11
2004-01-01-15:00,11
2004-01-01-15:30,10
2004-01-01-16:00,9
2004-01-01-16:30,9
2004-01-01-17:00,9
2004-01-01-17:30,9
2004-01-01-18:00,8
2004-01-01-18:30,8
2004-01-01-19:00,8
2004-01-01-19:30,8
2004-01-01-20:00,8
2004-01-01-20:30,8
2004-01-01-21:00,7
2004-01-01-21:30,7
2004-01-01-22:00,7
2004-01-01-22:30,6
2004-01-01-23:00,6
2004-01-01-23:30,5
2004-01-02-00:00,5
2004-01-02-00:30,5
2004-01-02-01:00,5
2004-01-02-01:30,5
2004-01-02-02:00,5
2004-01-02-02:30,6
2004-01-02-03:00,6
2004-01-02-03:30,6
2004-01-02-04:00,7
2004-01-02-04:30,8
2004-01-02-05:00,8
2004-01-02-05:30,8
2004-01-02-07:00,13
2004-01-02-07:30,14
2004-01-02-08:00,16
2004-01-02-08:30,16
2004-01-02-09:00,15
2004-01-02-09:30,15
2004-01-02-10:30,14
2004-01-02-11:00,14
2004-01-02-11:30,13
2004-01-02-12:00,12
2004-01-02-12:30,12
2004-01-02-13:00,11
2004-01-02-13:30,11
2004-01-02-14:00,10
2004-01-02-14:30,10
2004-01-02-15:00,10
2004-01-02-15:30,10
2004-01-02-16:00,10
2004-01-02-16:30,10
2004-01-02-17:00,9
2004-01-02-17:30,9
2004-01-02-18:00,9
2004-01-02-18:30,9
2004-01-02-19:00,8
2004-01-02-19:30,8
2004-01-02-20:00,8
2004-01-02-20:30,8
2004-01-02-21:00,7
2004-01-02-21:30,8
2004-01-02-22:00,8
2004-01-02-23:00,8
2004-01-02-23:30,8
2004-01-03-00:00,8
2004-01-03-01:00,8
2004-01-03-01:30,8
2004-01-03-02:30,8
2004-01-03-03:00,8
2004-01-03-03:30,7
2004-01-03-04:00,8
2004-01-03-04:30,8
2004-01-03-05:00,9
2004-01-03-05:30,9
2004-01-03-06:00,9
2004-01-03-06:30,10
2004-01-03-07:00,11
2004-01-03-07:30,12
2004-01-03-08:00,13
2004-01-03-08:30,13
2004-01-03-09:00,14
2004-01-03-09:30,14
2004-01-03-10:00,15
2004-01-03-10:30,15
2004-01-03-11:00,15
2004-01-03-11:30,14
2004-01-03-12:00,13
2004-01-03-13:00,12
2004-01-03-13:30,12
2004-01-03-14:30,11
2004-01-03-15:00,10
2004-01-03-15:30,10
2004-01-03-16:00,9
2004-01-03-16:30,10
2004-01-03-17:00,10
2004-01-03-17:30,10
2004-01-03-18:30,9
2004-01-03-19:00,8
2004-01-03-19:30,8
2004-01-03-20:00,8
2004-01-03-20:30,6
2004-01-03-21:30,6
2004-01-03-22:00,7
2004-01-03-22:30,6
2004-01-03-23:00,6
2004-01-03-23:30,7
2004-01-04-00:00,7
2004-01-04-00:30,6
2004-01-04-01:00,6
2004-01-04-01:30,6
2004-01-04-02:00,6
2004-01-04-02:30,6
2004-01-04-03:00,6
2004-01-04-03:30,6
2004-01-04-04:00,7
2004-01-04-04:30,7
2004-01-04-05:00,7
2004-01-04-06:30,10
2004-01-04-07:00,11
2004-01-04-07:30,12
2004-01-04-08:00,13
2004-01-04-08:30,13
2004-01-04-09:00,13
2004-01-04-09:30,13
2004-01-04-10:00,13
2004-01-04-10:30,13
2004-01-04-11:00,13
2004-01-04-11:30,13
2004-01-04-12:00,12
2004-01-04-12:30,11
2004-01-04-13:00,11
2004-01-04-13:30,10
2004-01-04-14:30,9
2004-01-04-15:30,9
2004-01-04-16:00,8
2004-01-04-16:30,8
2004-01-04-17:00,8
2004-01-04-17:30,7
2004-01-04-18:00,7
2004-01-04-18:30,7
2004-01-04-19:00,7
2004-01-04-19:30,7
2004-01-04-20:00,6
2004-01-04-20:30,6
2004-01-04-21:00,6
2004-01-04-21:30,6
2004-01-04-22:00,7
2004-01-04-22:30,8
2004-01-04-23:00,8
2004-01-04-23:30,8
2004-01-05-00:00,8
2004-01-05-00:30,8
2004-01-05-01:00,8
2004-01-05-01:30,8
2004-01-05-02:00,8
2004-01-05-03:00,8
2004-01-05-03:30,8
2004-01-05-04:00,9
2004-01-05-04:30,9
2004-01-05-05:00,9
2004-01-05-05:30,9
2004-01-05-06:00,9
2004-01-05-07:00,10
2004-01-05-07:30,11
2004-01-05-08:30,13
2004-01-05-09:00,13
2004-01-05-09:30,13
2004-01-05-10:00,14
2004-01-05-10:30,13
2004-01-05-11:00,13
2004-01-05-12:00,11
2004-01-05-12:30,10
2004-01-05-13:00,9
2004-01-05-13:30,9
2004-01-05-14:00,9
2004-01-05-14:30,9
2004-01-05-15:00,9
2004-01-05-15:30,9
2004-01-05-16:00,9
2004-01-05-16:30,8
2004-01-05-17:00,8
2004-01-05-17:30,8
2004-01-05-18:00,7
2004-01-05-18:30,7
2004-01-05-19:00,7
2004-01-05-19:30,7
2004-01-05-20:00,6
2004-01-05-20:30,6
2004-01-05-21:00,6
2004-01-05-21:30,6
2004-01-05-22:00,6
2004-01-05-22:30,6
2004-01-05-23:00,5
2004-01-06-00:00,4
2004-01-06-00:30,4
2004-01-06-01:00,5
2004-01-06-01:30,5
2004-01-06-02:00,5
2004-01-06-02:30,5
2004-01-06-03:00,5
2004-01-06-03:30,5
2004-01-06-04:00,6
2004-01-06-04:30,6
2004-01-06-05:00,7
2004-01-06-05:30,7
2004-01-06-06:00,8
2004-01-06-06:30,9
2004-01-06-07:00,10
2004-01-06-07:30,11
2004-01-06-08:00,12
2004-01-06-08:30,12
2004-01-06-09:00,12
2004-01-06-09:30,12
2004-01-06-10:30,12
2004-01-06-11:30,11
2004-01-06-12:00,11
2004-01-06-13:00,9
2004-01-06-13:30,9
2004-01-06-14:00,9
2004-01-06-14:30,8.5
2004-01-06-15:00,8
2004-01-06-15:30,8
2004-01-06-16:00,7
2004-01-06-16:30,7
2004-01-06-17:00,7
2004-01-06-17:30,7
2004-01-06-18:00,7
2004-01-06-18:30,7
2004-01-06-19:00,7
2004-01-06-19:30,7
2004-01-06-20:00,7
2004-01-06-20:30,7
2004-01-06-21:00,7
2004-01-06-21:30,7
2004-01-06-22:00,7
2004-01-06-22:30,7
2004-01-06-23:00,7
2004-01-06-23:30,8
2004-01-07-00:00,8
2004-01-07-00:30,8
2004-01-07-01:00,8
2004-01-07-01:30,8
2004-01-07-02:00,8
2004-01-07-02:30,7
2004-01-07-03:00,7
2004-01-07-03:30,7
2004-01-07-04:00,7
2004-01-07-04:30,8
2004-01-07-05:00,8
2004-01-07-06:30,14
2004-01-07-07:00,16
2004-01-07-08:00,17
2004-01-07-08:30,17
2004-01-07-09:00,18
2004-01-07-09:30,19
2004-01-07-10:00,19
2004-01-07-10:30,18
2004-01-07-11:00,18
2004-01-07-11:30,18
2004-01-07-12:00,17
2004-01-07-13:00,15
2004-01-07-13:30,15
2004-01-07-14:30,13
2004-01-07-15:00,13
2004-01-07-15:30,13
2004-01-07-16:00,13
2004-01-07-16:30,11
2004-01-07-17:30,12
2004-01-07-18:00,11
2004-01-07-18:30,11
2004-01-07-19:00,10
2004-01-07-19:30,10
2004-01-07-20:00,9
2004-01-07-20:30,9
2004-01-07-21:00,9
2004-01-07-21:30,8
2004-01-07-22:00,8
2004-01-07-22:30,7
2004-01-07-23:00,7
2004-01-07-23:30,7
2004-01-08-00:00,7
2004-01-08-00:30,7
2004-01-08-01:00,7
2004-01-08-01:30,7
2004-01-08-02:00,7
2004-01-08-02:30,7
2004-01-08-03:30,9
2004-01-08-04:00,10
2004-01-08-04:30,12
2004-01-08-05:00,13
2004-01-08-05:30,15
2004-01-08-06:00,17
2004-01-08-06:30,18
2004-01-08-07:00,18
2004-01-08-07:30,19
2004-01-08-08:00,20
2004-01-08-08:30,20
2004-01-08-09:00,20
2004-01-08-09:30,20
2004-01-08-10:00,20
2004-01-08-10:30,20
2004-01-08-11:00,19
2004-01-08-11:30,18
2004-01-08-12:00,17
2004-01-08-12:30,15
2004-01-08-13:00,15
2004-01-08-14:00,14
2004-01-08-14:30,13
2004-01-08-15:00,13
2004-01-08-15:30,13
2004-01-08-16:00,12
2004-01-08-16:30,12
2004-01-08-17:00,11
2004-01-08-17:30,12
2004-01-08-18:00,12
2004-01-08-19:00,11
2004-01-08-19:30,11
2004-01-08-20:00,11
2004-01-08-20:30,10
2004-01-08-21:00,10
2004-01-08-21:30,9
2004-01-08-22:00,9
2004-01-08-22:30,8
2004-01-08-23:00,8
2004-01-08-23:30,8
2004-01-09-00:00,8
2004-01-09-00:30,8
2004-01-09-01:00,7
2004-01-09-02:00,7
2004-01-09-02:30,7
2004-01-09-03:00,9
2004-01-09-03:30,10
2004-01-09-04:00,12
2004-01-09-04:30,13
2004-01-09-05:30,17
2004-01-09-06:00,18
2004-01-09-06:30,20
2004-01-09-07:00,20
2004-01-09-07:30,21
2004-01-09-08:00,21
2004-01-09-08:30,21
2004-01-09-09:30,22
2004-01-09-10:00,21
2004-01-09-10:30,21
2004-01-09-11:00,20
2004-01-09-11:30,20
2004-01-09-12:00,18
2004-01-09-12:30,17
2004-01-09-13:00,16
2004-01-09-13:30,16
2004-01-09-14:30,15
2004-01-09-15:00,14
2004-01-09-15:30,14
2004-01-09-16:00,14
2004-01-09-16:30,14
2004-01-09-17:00,13
2004-01-09-17:30,14
2004-01-09-18:00,14
2004-01-09-18:30,14
2004-01-09-19:00,13
2004-01-09-19:30,13
2004-01-09-20:00,13
2004-01-09-20:30,12
2004-01-09-21:00,11
2004-01-09-21:30,11
2004-01-09-22:00,11
2004-01-09-22:30,10
2004-01-09-23:00,10
2004-01-09-23:30,10
2004-01-10-00:00,10
2004-01-10-00:30,10
2004-01-10-01:00,10
2004-01-10-01:30,9
2004-01-10-02:30,10
2004-01-10-03:30,12
2004-01-10-04:00,13
2004-01-10-04:30,15
2004-01-10-05:30,18
2004-01-10-06:00,19
2004-01-10-06:30,19
2004-01-10-07:00,20
2004-01-10-07:30,20
2004-01-10-08:00,22
2004-01-10-08:30,21
2004-01-10-09:00,22
2004-01-10-09:30,21
2004-01-10-10:00,22
2004-01-10-10:30,22
2004-01-10-11:00,21
2004-01-10-11:30,21
2004-01-10-12:00,19
2004-01-10-13:00,18
2004-01-10-14:00,16
2004-01-10-14:30,15
2004-01-10-15:00,16
2004-01-10-15:30,15
2004-01-10-16:00,15
2004-01-10-16:30,14
2004-01-10-17:00,15
2004-01-10-17:30,14
2004-01-10-18:00,13
2004-01-10-19:00,13
2004-01-10-19:30,12
2004-01-10-20:00,12
2004-01-10-20:30,12
2004-01-10-21:00,11
2004-01-10-21:30,11
2004-01-10-22:00,11
2004-01-10-22:30,11
2004-01-10-23:00,11
2004-01-10-23:30,10
2004-01-11-00:00,10
2004-01-11-01:00,10
2004-01-11-01:30,10
2004-01-11-02:00,10
2004-01-11-02:30,10
2004-01-11-03:00,11
2004-01-11-04:00,14
2004-01-11-04:30,15
2004-01-11-05:00,17
2004-01-11-06:00,19
2004-01-11-06:30,20
2004-01-11-07:00,20
2004-01-11-07:30,21
2004-01-11-08:00,21
2004-01-11-08:30,22
2004-01-11-09:00,22
2004-01-11-09:30,22
2004-01-11-10:00,22
2004-01-11-10:30,22
2004-01-11-11:00,22
2004-01-11-11:30,21
2004-01-11-12:00,19
2004-01-11-12:30,18
2004-01-11-13:00,18
2004-01-11-13:30,17
2004-01-11-14:00,18
2004-01-11-14:30,16
2004-01-11-15:00,15
2004-01-11-16:00,15
2004-01-11-16:30,14
2004-01-11-17:00,13
2004-01-11-17:30,13
2004-01-11-18:30,12
2004-01-11-19:00,12
2004-01-11-19:30,12
2004-01-11-20:00,12
2004-01-11-20:30,12
2004-01-11-21:00,11
2004-01-11-21:30,11
2004-01-11-22:00,11
2004-01-11-22:30,11
2004-01-11-23:00,11
2004-01-11-23:30,11
2004-01-12-00:00,10
2004-01-12-00:30,10
2004-01-12-01:00,10
2004-01-12-01:30,10
2004-01-12-02:00,10
2004-01-12-02:30,10
2004-01-12-03:00,11
2004-01-12-03:30,13
2004-01-12-04:00,14
2004-01-12-04:30,16
2004-01-12-05:00,18
2004-01-12-05:30,20
2004-01-12-06:00,21
2004-01-12-06:30,22
2004-01-12-07:00,23
2004-01-12-07:30,23
2004-01-12-08:30,24
2004-01-12-09:00,24
2004-01-12-09:30,25
2004-01-12-10:00,24
2004-01-12-10:30,24
2004-01-12-11:00,23
2004-01-12-12:00,21.5
2004-01-12-12:30,20
2004-01-12-13:00,19
2004-01-12-14:00,18
2004-01-12-14:30,17
2004-01-12-15:00,16
2004-01-12-15:30,16
2004-01-12-16:00,16
2004-01-12-16:30,15
2004-01-12-17:00,15
2004-01-12-18:00,14
2004-01-12-18:30,14
2004-01-12-19:00,14
2004-01-12-19:30,13
2004-01-12-20:00,13
2004-01-12-21:00,12
2004-01-12-21:30,12
2004-01-12-22:00,11.5
2004-01-12-22:30,11
2004-01-12-23:00,11
2004-01-12-23:30,11
2004-01-13-00:00,11
2004-01-13-00:30,11
2004-01-13-01:00,11
2004-01-13-01:30,11
2004-01-13-02:00,10
2004-01-13-02:30,11
2004-01-13-03:00,11
2004-01-13-03:30,11
2004-01-13-04:00,12
2004-01-13-05:00,16
2004-01-13-05:30,18
2004-01-13-06:00,20
2004-01-13-06:30,21
2004-01-13-07:30,22
2004-01-13-08:00,22
2004-01-13-08:30,22
2004-01-13-09:30,23
2004-01-13-10:00,23
2004-01-13-10:30,23
2004-01-13-11:00,22
2004-01-13-11:30,21
2004-01-13-12:00,20
2004-01-13-12:30,19
2004-01-13-13:00,17
2004-01-13-13:30,17
2004-01-13-14:00,16
2004-01-13-14:30,17
2004-01-13-15:00,17
2004-01-13-15:30,16
2004-01-13-16:00,16
2004-01-13-17:00,15
2004-01-13-17:30,15
2004-01-13-18:00,15
2004-01-13-18:30,14
2004-01-13-19:00,14
2004-01-13-19:30,14
2004-01-13-20:00,14
2004-01-13-20:30,13
2004-01-13-21:30,13
2004-01-13-22:00,13
2004-01-13-22:30,12
2004-01-13-23:00,12
2004-01-13-23:30,12
2004-01-14-00:00,12
2004-01-14-00:30,12
2004-01-14-01:00,12
2004-01-14-01:30,12
2004-01-14-02:00,11
2004-01-14-02:30,11
2004-01-14-03:00,11
2004-01-14-03:30,11
2004-01-14-04:00,11
2004-01-14-04:30,11
2004-01-14-05:00,12
2004-01-14-05:30,12
2004-01-14-06:00,12.5
2004-01-14-06:30,13
2004-01-14-08:00,17
2004-01-14-08:30,17
2004-01-14-09:00,18
2004-01-14-09:30,18
2004-01-14-10:00,19
2004-01-14-10:30,20
2004-01-14-11:00,20
2004-01-14-12:00,18
2004-01-14-12:30,17
2004-01-14-13:00,16
2004-01-14-13:30,16
2004-01-14-14:00,15
2004-01-14-14:30,15
2004-01-14-15:00,15
2004-01-14-16:00,15
2004-01-14-16:30,14
2004-01-14-17:00,13
2004-01-14-17:30,12
2004-01-14-18:00,12
2004-01-14-18:30,12
2004-01-14-19:00,12
2004-01-14-19:30,11
2004-01-14-20:00,11
2004-01-14-20:30,11
2004-01-14-21:00,11
2004-01-14-21:30,11
2004-01-14-22:00,11
2004-01-14-22:30,10.5
2004-01-14-23:00,10.25
2004-01-14-23:30,10
2004-01-15-00:00,10
2004-01-15-00:30,10
2004-01-15-01:00,10
2004-01-15-01:30,10
2004-01-15-02:00,10
2004-01-15-02:30,10
2004-01-15-03:00,10
2004-01-15-03:30,10
2004-01-15-04:00,11
2004-01-15-04:30,12
2004-01-15-05:00,14
2004-01-15-05:21,16
2004-01-15-06:00,18
2004-01-15-06:30,19
2004-01-15-07:00,20
2004-01-15-07:30,19
2004-01-15-08:00,22
2004-01-15-08:30,23
2004-01-15-09:00,23
2004-01-15-09:30,23
2004-01-15-10:00,23
2004-01-15-10:30,23
2004-01-15-11:00,23
2004-01-15-11:30,23
2004-01-15-13:00,19
2004-01-15-13:30,19
2004-01-15-14:00,19
2004-01-15-14:30,19
2004-01-15-15:00,19
2004-01-15-15:30,20
2004-01-15-16:00,17
2004-01-15-16:30,17
2004-01-15-17:00,17
2004-01-15-17:30,16
2004-01-15-18:00,16
2004-01-15-18:30,14
2004-01-15-19:00,14
2004-01-15-19:30,14
2004-01-15-20:30,13
2004-01-15-21:00,13
2004-01-15-21:30,13
2004-01-15-22:00,13
2004-01-15-22:30,13
2004-01-15-23:00,13
2004-01-15-23:30,13
2004-01-16-00:00,13
2004-01-16-00:30,13
2004-01-16-01:00,13
2004-01-16-01:30,13
2004-01-16-02:30,13
2004-01-16-03:00,13
2004-01-16-03:30,14
2004-01-16-04:00,14
2004-01-16-04:30,15
2004-01-16-05:00,16
2004-01-16-05:30,16
2004-01-16-06:00,16
2004-01-16-06:30,17
2004-01-16-07:00,17
2004-01-16-07:30,17
2004-01-16-08:00,17
2004-01-16-08:30,17
2004-01-16-09:00,18
2004-01-16-09:30,18
2004-01-16-10:00,18
2004-01-16-10:30,18
2004-01-16-11:00,18
2004-01-16-11:30,18
2004-01-16-12:00,17
2004-01-16-12:30,17
2004-01-16-13:00,16
2004-01-16-13:30,15
2004-01-16-14:00,15
2004-01-16-14:30,15
2004-01-16-15:00,15
2004-01-16-15:30,15
2004-01-16-16:00,15
2004-01-16-16:30,15
2004-01-16-17:00,15
2004-01-16-17:30,15
2004-01-16-18:00,15
2004-01-16-18:30,15
2004-01-16-19:00,15
2004-01-16-19:30,14
2004-01-16-20:00,14
2004-01-16-20:30,14
2004-01-16-21:00,14
2004-01-16-21:30,14
2004-01-16-22:00,14
2004-01-16-22:30,13
2004-01-16-23:00,13
2004-01-16-23:30,13
2004-01-17-00:00,13
2004-01-17-00:30,13
2004-01-17-01:00,13
2004-01-17-01:30,12
2004-01-17-02:00,12
2004-01-17-02:30,12
2004-01-17-03:00,12
2004-01-17-04:00,14
2004-01-17-04:30,14
2004-01-17-05:30,16
2004-01-17-06:00,17
2004-01-17-06:30,18
2004-01-17-07:00,19
2004-01-17-07:30,20
2004-01-17-08:30,20
2004-01-17-09:00,20
2004-01-17-09:30,20
2004-01-17-10:00,20
2004-01-17-10:30,19
2004-01-17-11:00,19
2004-01-17-11:30,18
2004-01-17-12:00,18
2004-01-17-12:30,17
2004-01-17-13:00,16
2004-01-17-13:30,16
2004-01-17-14:00,16
2004-01-17-14:30,16
2004-01-17-15:00,15
2004-01-17-15:30,15
2004-01-17-16:00,15
2004-01-17-16:30,15
2004-01-17-17:00,15
2004-01-17-17:30,15
2004-01-17-18:00,15
2004-01-17-18:30,14
2004-01-17-21:30,13
2004-01-17-22:00,13
2004-01-17-22:30,13
2004-01-17-23:00,13
2004-01-18-00:00,13
2004-01-18-00:30,13
2004-01-18-01:00,13
2004-01-18-02:00,13
2004-01-18-02:30,13
2004-01-18-03:00,14
2004-01-18-03:30,14
2004-01-18-04:00,14
2004-01-18-04:30,15
2004-01-18-05:00,15
2004-01-18-05:30,15
2004-01-18-06:00,16
2004-01-18-07:00,16
2004-01-18-07:30,17
2004-01-18-08:00,17
2004-01-18-08:30,18
2004-01-18-09:00,18
2004-01-18-09:30,18
2004-01-18-10:30,19
2004-01-18-11:00,18
2004-01-18-11:30,17
2004-01-18-12:00,17
2004-01-18-12:30,16
2004-01-18-13:00,16
2004-01-18-14:00,16
2004-01-18-14:30,15
2004-01-18-15:00,15
2004-01-18-15:30,15
2004-01-18-16:00,15
2004-01-18-16:30,15
2004-01-18-17:00,15
2004-01-18-17:30,15
2004-01-18-18:00,15
2004-01-18-18:30,14
2004-01-18-19:00,14
2004-01-18-19:30,14
2004-01-18-20:00,14
2004-01-18-20:30,14
2004-01-18-21:00,14
2004-01-18-21:30,14
2004-01-18-22:00,14
2004-01-18-22:30,14
2004-01-18-23:00,13
2004-01-18-23:30,13
2004-01-19-00:00,13
2004-01-19-00:30,13
2004-01-19-01:00,13
2004-01-19-01:30,13
2004-01-19-02:00,13
2004-01-19-02:30,13
2004-01-19-03:00,13
2004-01-19-04:30,13
2004-01-19-05:00,14
2004-01-19-05:30,14
2004-01-19-06:00,14
2004-01-19-06:30,14
2004-01-19-07:00,14
2004-01-19-07:30,14
2004-01-19-08:00,14
2004-01-19-08:30,15
2004-01-19-09:00,15
2004-01-19-09:30,16
2004-01-19-10:00,16
2004-01-19-10:30,16
2004-01-19-11:00,16
2004-01-19-11:30,16
2004-01-19-12:00,16
2004-01-19-12:30,16
2004-01-19-13:30,14
2004-01-19-14:00,13
2004-01-19-14:30,13
2004-01-19-15:00,13
2004-01-19-15:30,13
2004-01-19-16:30,12
2004-01-19-17:00,12
2004-01-19-17:30,12
2004-01-19-18:00,12
2004-01-19-18:30,12
2004-01-19-19:00,12
2004-01-19-19:30,12
2004-01-19-20:00,12
2004-01-19-20:30,11
2004-01-19-21:00,12
2004-01-19-21:30,11
2004-01-19-22:00,11
2004-01-19-22:30,11
2004-01-19-23:00,11
2004-01-19-23:30,11
2004-01-20-00:00,11
2004-01-20-00:30,11
2004-01-20-01:30,12
2004-01-20-02:00,12
2004-01-20-03:00,13
2004-01-20-03:30,13
2004-01-20-04:00,14
2004-01-20-05:00,15
2004-01-20-05:30,16
2004-01-20-06:00,17
2004-01-20-06:30,18
2004-01-20-07:00,18
2004-01-20-07:30,18
2004-01-20-08:00,18
2004-01-20-08:30,18
2004-01-20-09:00,17
2004-01-20-09:30,18
2004-01-20-10:00,18
2004-01-20-10:30,18
2004-01-20-11:00,17
2004-01-20-11:30,17
2004-01-20-12:00,16
2004-01-20-12:30,16
2004-01-20-13:00,15
2004-01-20-13:30,15
2004-01-20-14:00,15
2004-01-20-14:30,15
2004-01-20-15:00,15
2004-01-20-15:30,15
2004-01-20-16:00,15
2004-01-20-16:30,14
2004-01-20-17:00,14
2004-01-20-17:30,13
2004-01-20-18:00,13
2004-01-20-18:30,13
2004-01-20-19:00,13
2004-01-20-20:30,14
2004-01-20-21:00,14
2004-01-20-21:30,13
2004-01-20-22:00,13
2004-01-20-23:00,13
2004-01-20-23:30,13
2004-01-21-00:00,13
2004-01-21-01:30,13
2004-01-21-02:00,13
2004-01-21-02:30,13
2004-01-21-03:30,12
2004-01-21-04:00,12
2004-01-21-04:30,13
2004-01-21-05:00,13
2004-01-21-05:30,13
2004-01-21-06:30,15
2004-01-21-07:00,15
2004-01-21-07:30,15
2004-01-21-08:00,16
2004-01-21-08:30,15
2004-01-21-09:00,15
2004-01-21-09:30,15
2004-01-21-10:30,14
2004-01-21-11:00,14
2004-01-21-11:30,14
2004-01-21-12:00,14
2004-01-21-12:30,14
2004-01-21-13:00,14
2004-01-21-13:30,14
2004-01-21-14:00,14
2004-01-21-14:30,14
2004-01-21-15:00,14
2004-01-21-15:30,14
2004-01-21-16:00,14
2004-01-21-16:30,14
2004-01-21-16:51,14
2004-01-21-17:30,13
2004-01-21-18:00,13
2004-01-21-18:30,13
2004-01-21-19:30,12
2004-01-21-21:30,12
2004-01-21-23:00,12
2004-01-21-23:30,12
2004-01-22-00:30,11
2004-01-22-01:30,11
2004-01-22-02:30,12
2004-01-22-03:00,12
2004-01-22-03:30,13
2004-01-22-05:30,17
2004-01-22-06:30,19
2004-01-22-07:00,19
2004-01-22-07:30,19
2004-01-22-09:00,20
2004-01-22-10:00,19
2004-01-22-12:30,18
2004-01-22-13:00,17
2004-01-22-13:30,17
2004-01-22-14:30,16
2004-01-22-15:00,16
2004-01-22-15:30,16
2004-01-22-16:00,16
2004-01-22-16:30,16
2004-01-22-18:30,15
2004-01-22-19:00,15
2004-01-22-19:30,15
2004-01-22-20:00,15
2004-01-22-20:30,15
2004-01-22-21:00,15
2004-01-22-21:30,15
2004-01-22-22:00,15
2004-01-22-22:30,15
2004-01-22-23:00,15
2004-01-22-23:30,15
2004-01-23-00:00,15
2004-01-23-00:30,15
2004-01-23-01:00,15
2004-01-23-01:30,15
2004-01-23-02:00,15
2004-01-23-02:30,15
2004-01-23-03:00,15
2004-01-23-03:30,15
2004-01-23-04:00,15
2004-01-23-04:30,15
2004-01-23-05:00,15
2004-01-23-05:30,15
2004-01-23-06:00,15
2004-01-23-06:30,16
2004-01-23-07:00,17
2004-01-23-07:30,17
2004-01-23-08:00,17
2004-01-23-09:00,17
2004-01-23-09:30,17
2004-01-23-10:30,17
2004-01-23-11:00,17
2004-01-23-11:30,17
2004-01-23-12:00,16
2004-01-23-12:30,15
2004-01-23-13:00,15
2004-01-23-13:30,15
2004-01-23-14:00,14
2004-01-23-14:30,14
2004-01-23-15:00,14
2004-01-23-15:30,14
2004-01-23-16:30,13
2004-01-23-17:00,13
2004-01-23-17:30,13
2004-01-23-18:00,12
2004-01-23-18:30,12
2004-01-23-19:00,12
2004-01-23-19:30,12
2004-01-23-20:00,11
2004-01-23-20:30,11
2004-01-23-21:00,11
2004-01-23-22:00,12
2004-01-23-22:30,11
2004-01-23-23:00,11
2004-01-23-23:30,11
2004-01-24-00:00,11
2004-01-24-00:30,11
2004-01-24-01:00,11
2004-01-24-01:30,11
2004-01-24-02:00,11
2004-01-24-02:30,11
2004-01-24-03:00,10
2004-01-24-03:30,10
2004-01-24-04:00,11
2004-01-24-04:30,11
2004-01-24-05:00,11
2004-01-24-05:30,12
2004-01-24-06:00,12
2004-01-24-06:30,13
2004-01-24-07:00,14
2004-01-24-07:30,15
2004-01-24-07:51,15
2004-01-24-08:30,16
2004-01-24-09:00,16
2004-01-24-09:30,16
2004-01-24-10:30,16
2004-01-24-11:00,16
2004-01-24-11:30,16
2004-01-24-12:00,15
2004-01-24-12:30,15
2004-01-24-13:00,14
2004-01-24-13:30,14
2004-01-24-14:00,14
2004-01-24-14:30,13
2004-01-24-15:00,12
2004-01-24-15:30,11
2004-01-24-16:00,11
2004-01-24-16:30,11
2004-01-24-17:00,11
2004-01-24-17:30,11
2004-01-24-18:00,11
2004-01-24-18:30,11
2004-01-24-19:30,10
2004-01-24-20:00,9
2004-01-24-20:30,10
2004-01-24-21:00,9
2004-01-24-22:30,9
2004-01-24-23:00,9
2004-01-24-23:30,8
2004-01-25-00:00,8
2004-01-25-00:30,8
2004-01-25-01:00,8
2004-01-25-01:30,9
2004-01-25-02:00,9
2004-01-25-02:30,9
2004-01-25-03:00,9
2004-01-25-03:30,9
2004-01-25-04:00,10
2004-01-25-04:30,10
2004-01-25-05:30,12
2004-01-25-06:30,15
2004-01-25-07:30,16
2004-01-25-08:00,16
2004-01-25-08:30,17
2004-01-25-09:00,17
2004-01-25-09:30,17
2004-01-25-10:00,17
2004-01-25-10:30,18
2004-01-25-11:00,17
2004-01-25-11:30,17
2004-01-25-12:00,16
2004-01-25-12:30,16
2004-01-25-13:00,15
2004-01-25-13:30,14
2004-01-25-14:30,14
2004-01-25-15:00,14
2004-01-25-16:00,14
2004-01-25-17:00,14
2004-01-25-17:30,13
2004-01-25-18:00,13
2004-01-25-18:30,13
2004-01-25-19:00,12
2004-01-25-20:00,12
2004-01-25-20:30,12
2004-01-25-20:51,10
2004-01-25-21:00,9
2004-01-25-21:30,10
2004-01-25-22:00,9
2004-01-25-22:30,9
2004-01-25-23:00,9
2004-01-25-23:30,9
2004-01-26-00:00,9
2004-01-26-01:00,8
2004-01-26-01:30,8
2004-01-26-02:00,7
2004-01-26-02:30,7
2004-01-26-03:00,8
2004-01-26-03:30,8
2004-01-26-04:00,9
2004-01-26-04:30,9
2004-01-26-05:00,10
2004-01-26-06:30,15
2004-01-26-07:00,16
2004-01-26-08:00,17
2004-01-26-08:30,17
2004-01-26-09:00,17
2004-01-26-09:30,17
2004-01-26-10:00,17
2004-01-26-10:30,17
2004-01-26-11:00,17
2004-01-26-11:30,17
2004-01-26-12:30,15
2004-01-26-13:00,14
2004-01-26-13:30,14
2004-01-26-14:30,13
2004-01-26-15:00,13
2004-01-26-15:30,13
2004-01-26-16:00,13
2004-01-26-16:30,12
2004-01-26-17:30,11
2004-01-26-18:00,11
2004-01-26-18:30,10
2004-01-26-19:00,10
2004-01-26-19:30,12
2004-01-26-20:30,9
2004-01-26-21:00,9
2004-01-26-21:30,9
2004-01-26-22:00,9
2004-01-26-22:30,8
2004-01-26-23:00,8
2004-01-26-23:30,8
2004-01-27-00:00,7
2004-01-27-00:30,7
2004-01-27-01:30,7
2004-01-27-02:30,8
2004-01-27-03:00,9
2004-01-27-03:30,9
2004-01-27-04:00,10
2004-01-27-04:30,12
2004-01-27-05:00,13
2004-01-27-05:30,15
2004-01-27-06:30,17
2004-01-27-07:00,18
2004-01-27-07:30,18
2004-01-27-08:00,18
2004-01-27-08:30,19
2004-01-27-09:30,20
2004-01-27-10:00,20
2004-01-27-10:30,19
2004-01-27-11:00,19
2004-01-27-11:30,19
2004-01-27-12:00,18
2004-01-27-12:30,17
2004-01-27-13:00,16
2004-01-27-13:30,16
2004-01-27-14:00,15
2004-01-27-14:30,15
2004-01-27-15:00,14
2004-01-27-15:30,13
2004-01-27-16:00,13
2004-01-27-16:30,13
2004-01-27-17:00,12
2004-01-27-17:30,11
2004-01-27-18:00,12
2004-01-27-18:30,11
2004-01-27-19:00,12
2004-01-27-19:30,13
2004-01-27-20:00,12
2004-01-27-20:30,10
2004-01-27-21:00,10
2004-01-27-21:30,10
2004-01-27-22:00,9
2004-01-27-22:30,9
2004-01-27-23:00,8
2004-01-27-23:30,8
2004-01-28-00:00,8
2004-01-28-00:30,7
2004-01-28-01:00,8
2004-01-28-01:30,7
2004-01-28-02:00,7
2004-01-28-02:30,8
2004-01-28-03:00,8
2004-01-28-03:30,9
2004-01-28-04:00,10
2004-01-28-04:30,12
2004-01-28-05:00,14
2004-01-28-05:30,15
2004-01-28-06:00,17
2004-01-28-06:30,17
2004-01-28-07:00,16
2004-01-28-07:30,17
2004-01-28-08:00,19
2004-01-28-08:30,18
2004-01-28-09:00,18
2004-01-28-09:30,18
2004-01-28-10:00,19
2004-01-28-10:30,19
2004-01-28-11:00,19
2004-01-28-11:30,18
2004-01-28-12:00,18
2004-01-28-12:30,17
2004-01-28-13:00,16
2004-01-28-13:30,14
2004-01-28-14:00,14
2004-01-28-14:30,14
2004-01-28-15:00,13
2004-01-28-15:30,13
2004-01-28-16:00,13
2004-01-28-16:30,14
2004-01-28-17:00,15
2004-01-28-17:30,13
2004-01-28-18:00,12
2004-01-28-18:30,11
2004-01-28-19:30,10
2004-01-28-20:00,10
2004-01-28-20:30,10
2004-01-28-21:00,10
2004-01-28-21:30,9
2004-01-28-22:00,9
2004-01-28-22:30,9
2004-01-28-23:00,9
2004-01-28-23:30,9
2004-01-29-00:00,9
2004-01-29-00:30,9
2004-01-29-01:00,9
2004-01-29-01:30,9
2004-01-29-02:00,9
2004-01-29-02:30,10
2004-01-29-03:00,12
2004-01-29-03:21,13
2004-01-29-05:00,17
2004-01-29-05:30,18
2004-01-29-06:30,19
2004-01-29-07:00,19
2004-01-29-07:30,21
2004-01-29-08:00,21
2004-01-29-08:30,21
2004-01-29-09:00,21
2004-01-29-09:30,21
2004-01-29-10:00,21
2004-01-29-10:30,21
2004-01-29-11:00,20
2004-01-29-11:30,20
2004-01-29-12:00,19
2004-01-29-12:30,18
2004-01-29-13:00,17
2004-01-29-13:30,17
2004-01-29-14:00,16
2004-01-29-14:30,16
2004-01-29-15:00,15
2004-01-29-15:30,15
2004-01-29-16:00,15
2004-01-29-16:30,14
2004-01-29-17:00,14
2004-01-29-17:30,13
2004-01-29-18:00,13
2004-01-29-18:30,13
2004-01-29-19:00,14
2004-01-29-19:30,13
2004-01-29-20:00,13
2004-01-29-20:30,12
2004-01-29-21:00,12
2004-01-29-21:30,12
2004-01-29-22:00,12
2004-01-29-22:30,12
2004-01-29-23:00,12
2004-01-29-23:30,12
2004-01-30-00:00,11
2004-01-30-00:30,12
2004-01-30-01:00,13
2004-01-30-02:00,12
2004-01-30-02:30,12
2004-01-30-03:00,12
2004-01-30-03:30,12
2004-01-30-04:00,12
2004-01-30-04:30,13
2004-01-30-05:00,13
2004-01-30-06:00,12
2004-01-30-06:30,12
2004-01-30-07:00,13
2004-01-30-07:21,14
2004-01-30-08:00,14
2004-01-30-08:30,15
2004-01-30-09:00,15
2004-01-30-10:00,15
2004-01-30-10:30,15
2004-01-30-11:00,15
2004-01-30-11:30,15
2004-01-30-12:00,14
2004-01-30-12:30,14
2004-01-30-13:00,13
2004-01-30-13:30,14
2004-01-30-14:00,13
2004-01-30-15:00,13
2004-01-30-15:30,13
2004-01-30-16:00,13
2004-01-30-16:30,12
2004-01-30-17:00,13
2004-01-30-17:30,13
2004-01-30-18:00,13
2004-01-30-18:30,13
2004-01-30-19:00,13
2004-01-30-19:30,13
2004-01-30-20:00,13
2004-01-30-20:30,12
2004-01-30-21:00,12
2004-01-30-21:30,11
2004-01-30-22:00,11
2004-01-30-22:30,11
2004-01-30-23:00,11
2004-01-30-23:30,11
2004-01-31-00:00,11
2004-01-31-00:30,11
2004-01-31-01:00,12
2004-01-31-01:30,12
2004-01-31-02:00,12
2004-01-31-02:30,13
2004-01-31-03:00,13
2004-01-31-03:30,13
2004-01-31-04:30,14
2004-01-31-05:00,14
2004-01-31-05:30,15
2004-01-31-06:00,15
2004-01-31-06:30,15
2004-01-31-07:00,16
2004-01-31-07:30,16
2004-01-31-08:00,16
2004-01-31-09:30,15
2004-01-31-10:00,15
2004-01-31-10:30,15
2004-01-31-11:00,15
2004-01-31-11:30,14
2004-01-31-12:00,14
2004-01-31-12:30,14
2004-01-31-13:00,13
2004-01-31-13:30,12
2004-01-31-14:00,12
2004-01-31-14:30,11
2004-01-31-15:00,11
2004-01-31-15:30,11
2004-01-31-16:00,10
2004-01-31-16:30,10
2004-01-31-17:00,10
2004-01-31-17:30,9
2004-01-31-18:00,9
2004-01-31-19:30,8
2004-01-31-20:00,8
2004-01-31-20:30,8
2004-01-31-21:00,8
2004-01-31-22:00,9
2004-01-31-22:30,8
2004-01-31-23:00,9
2004-01-31-23:30,9
2004-02-01-00:00,9
2004-02-01-00:30,9
2004-02-01-01:00,9
2004-02-01-01:30,9
2004-02-01-02:00,9
2004-02-01-02:30,9
2004-02-01-03:00,9
2004-02-01-03:30,10
2004-02-01-04:00,10
2004-02-01-04:30,9
2004-02-01-05:00,10
2004-02-01-05:30,10
2004-02-01-06:00,11
2004-02-01-06:30,11
2004-02-01-07:00,12
2004-02-01-07:30,12
2004-02-01-08:00,13
2004-02-01-08:30,13
2004-02-01-09:00,13
2004-02-01-09:30,14
2004-02-01-10:00,14
2004-02-01-10:30,14
2004-02-01-11:30,13
2004-02-01-12:00,12
2004-02-01-13:00,12
2004-02-01-13:30,12
2004-02-01-14:00,12
2004-02-01-14:30,11
2004-02-01-15:00,11
2004-02-01-15:30,11
2004-02-01-16:00,10
2004-02-01-16:30,10
2004-02-01-17:00,9
2004-02-01-17:30,9
2004-02-01-18:00,9
2004-02-01-18:30,9
2004-02-01-19:00,8
2004-02-01-19:30,8
2004-02-01-20:00,8
2004-02-01-20:30,7
2004-02-01-21:00,7
2004-02-01-21:30,7
2004-02-01-22:00,7
2004-02-01-22:30,7
2004-02-01-23:00,7
2004-02-01-23:30,6
2004-02-02-00:00,6
2004-02-02-00:30,6
2004-02-02-01:00,6
2004-02-02-01:30,5
2004-02-02-02:00,6
2004-02-02-02:30,6
2004-02-02-03:00,7
2004-02-02-03:30,8
2004-02-02-04:00,9
2004-02-02-04:30,11
2004-02-02-05:30,15
2004-02-02-06:00,16
2004-02-02-06:30,17
2004-02-02-07:00,17
2004-02-02-08:00,18
2004-02-02-08:30,19
2004-02-02-09:00,19
2004-02-02-09:30,19
2004-02-02-10:00,19
2004-02-02-10:30,19
2004-02-02-11:00,19
2004-02-02-11:30,18
2004-02-02-12:30,16
2004-02-02-13:00,14
2004-02-02-13:30,13
2004-02-02-14:00,13
2004-02-02-14:30,12
2004-02-02-15:00,12
2004-02-02-15:30,12
2004-02-02-16:00,12
2004-02-02-16:30,10
2004-02-02-17:00,11
2004-02-02-17:30,10
2004-02-02-18:00,9
2004-02-02-18:30,9
2004-02-02-19:00,8
2004-02-02-19:30,8
2004-02-02-20:00,8
2004-02-02-20:30,8
2004-02-02-21:00,7
2004-02-02-21:30,7
2004-02-02-22:30,6
2004-02-02-23:00,6
2004-02-02-23:30,6
2004-02-03-00:00,6
2004-02-03-00:30,6
2004-02-03-01:00,6
2004-02-03-01:30,6
2004-02-03-02:00,5
2004-02-03-02:30,7
2004-02-03-03:00,8
2004-02-03-03:30,10
2004-02-03-04:00,11
2004-02-03-04:30,13
2004-02-03-05:00,15
2004-02-03-05:30,16
2004-02-03-06:00,18
2004-02-03-06:30,17
2004-02-03-07:00,18
2004-02-03-07:30,19
2004-02-03-08:00,19
2004-02-03-08:30,20
2004-02-03-09:00,20
2004-02-03-09:30,20
2004-02-03-10:00,20
2004-02-03-10:30,20
2004-02-03-11:00,20
2004-02-03-11:30,19
2004-02-03-12:00,18
2004-02-03-12:30,17
2004-02-03-13:00,15
2004-02-03-13:30,15
2004-02-03-14:00,14
2004-02-03-14:30,14
2004-02-03-15:00,13
2004-02-03-15:30,13
2004-02-03-16:00,12
2004-02-03-16:30,11
2004-02-03-17:00,11
2004-02-03-17:30,11
2004-02-03-18:00,11
2004-02-04-18:30,12
2004-02-04-19:00,12
2004-02-04-19:30,12
2004-02-04-20:00,12
2004-02-04-20:30,10
2004-02-04-21:00,9
2004-02-04-22:00,9
2004-02-04-22:30,9
2004-02-04-23:00,8
2004-02-04-23:30,8
2004-02-05-00:00,8
2004-02-05-00:30,8
2004-02-05-01:00,8
2004-02-05-01:30,8
2004-02-05-02:00,8
2004-02-05-02:30,10
2004-02-05-03:00,10
2004-02-05-03:30,12
2004-02-05-04:00,14
2004-02-05-04:30,16
2004-02-05-05:00,17
2004-02-05-05:30,19
2004-02-05-06:00,19
2004-02-05-06:30,21
2004-02-05-07:00,21
2004-02-05-08:00,22
2004-02-05-09:00,22
2004-02-05-09:30,22
2004-02-05-10:00,22
2004-02-05-10:30,22
2004-02-05-11:00,22
2004-02-05-11:30,21
2004-02-05-12:00,21
2004-02-05-12:30,20
2004-02-05-13:00,19
2004-02-05-13:30,19
2004-02-05-14:00,18
2004-02-05-15:00,17
2004-02-05-15:30,17
2004-02-05-16:00,16
2004-02-05-16:30,16
2004-02-05-17:00,15
2004-02-05-17:30,14
2004-02-05-18:00,13
2004-02-05-18:30,12
2004-02-05-19:00,12
2004-02-05-19:30,12
2004-02-05-20:00,11
2004-02-05-20:30,10
2004-02-05-21:30,10
2004-02-05-22:00,10
2004-02-05-22:30,9
2004-02-05-23:00,9
2004-02-05-23:30,8
2004-02-06-00:00,8
2004-02-06-00:30,8
2004-02-06-01:00,8
2004-02-06-01:30,7
2004-02-06-02:00,7
2004-02-06-03:00,10
2004-02-06-04:00,12
2004-02-06-04:30,14
2004-02-06-05:30,17
2004-02-06-06:00,18
2004-02-06-06:30,18
2004-02-06-07:00,19
2004-02-06-07:30,20
2004-02-06-08:00,21
2004-02-06-08:30,21
2004-02-06-09:30,21
2004-02-06-10:00,21
2004-02-06-10:30,21
2004-02-06-11:00,21
2004-02-06-11:30,21
2004-02-06-12:00,20
2004-02-06-12:30,19
2004-02-06-13:00,17
2004-02-06-13:30,16
2004-02-06-15:00,14
2004-02-06-15:30,14
2004-02-06-16:00,14
2004-02-06-16:30,14
2004-02-06-17:00,13
2004-02-06-17:30,13
2004-02-06-18:00,12
2004-02-06-19:30,11
2004-02-06-20:00,11
2004-02-06-20:30,10
2004-02-06-21:00,10
2004-02-06-21:30,9
2004-02-06-22:00,9
2004-02-06-22:30,9
2004-02-06-23:00,8
2004-02-06-23:30,8
2004-02-07-00:00,8
2004-02-07-00:30,7
2004-02-07-01:00,7
2004-02-07-01:30,8
2004-02-07-02:30,9
2004-02-07-03:00,10
2004-02-07-03:30,12
2004-02-07-04:00,14
2004-02-07-04:30,14
2004-02-07-05:00,17
2004-02-07-05:30,17
2004-02-07-06:00,19
2004-02-07-06:21,19
2004-02-07-07:00,21
2004-02-07-07:30,22
2004-02-07-08:00,22
2004-02-07-08:30,23
2004-02-07-09:00,23
2004-02-07-09:30,23
2004-02-07-10:00,23
2004-02-07-10:30,23
2004-02-07-11:00,23
2004-02-07-11:30,22
2004-02-07-12:00,21
2004-02-07-12:30,21
2004-02-07-13:00,18
2004-02-07-13:30,19
2004-02-07-14:00,16
2004-02-07-14:30,15
2004-02-07-15:00,16
2004-02-07-15:30,14
2004-02-07-16:30,14
2004-02-07-17:00,14
2004-02-07-17:30,14
2004-02-07-18:30,12
2004-02-07-19:00,12
2004-02-07-19:30,12
2004-02-07-20:00,11
2004-02-07-20:30,11
2004-02-07-21:00,10
2004-02-07-21:30,11
2004-02-07-22:00,10
2004-02-07-22:30,10
2004-02-07-23:00,9
2004-02-07-23:30,9
2004-02-08-00:00,9
2004-02-08-00:30,11
2004-02-08-01:00,10
2004-02-08-01:30,9
2004-02-08-02:00,10
2004-02-08-02:30,12
2004-02-08-03:00,13
2004-02-08-03:30,16
2004-02-08-04:30,19
2004-02-08-05:30,21
2004-02-08-06:30,23
2004-02-08-07:30,23
2004-02-08-08:00,24
2004-02-08-08:30,24
2004-02-08-09:00,25
2004-02-08-09:30,25
2004-02-08-10:00,24
2004-02-08-10:30,24
2004-02-08-11:00,24
2004-02-08-11:30,23
2004-02-08-12:30,21
2004-02-08-13:00,20
2004-02-08-13:30,19
2004-02-08-14:30,18
2004-02-08-15:00,17
2004-02-08-15:30,17
2004-02-08-16:00,17
2004-02-08-16:30,17
2004-02-08-17:00,17
2004-02-08-17:30,17
2004-02-08-18:00,17
2004-02-08-18:30,17
2004-02-08-19:00,17
2004-02-08-19:30,17
2004-02-08-20:00,16
2004-02-08-20:30,16
2004-02-08-21:00,15
2004-02-08-21:30,15
2004-02-08-22:00,14
2004-02-08-22:30,14
2004-02-08-23:00,14
2004-02-08-23:30,14
2004-02-09-00:00,14
2004-02-09-00:30,15
2004-02-09-01:00,14
2004-02-09-01:30,13
2004-02-09-02:00,14
2004-02-09-02:30,15
2004-02-09-03:00,15
2004-02-09-04:00,18
2004-02-09-04:30,19
2004-02-09-05:00,21
2004-02-09-05:30,21
2004-02-09-06:00,22
2004-02-09-06:30,23
2004-02-09-07:00,24
2004-02-09-08:00,24
2004-02-09-08:30,24
2004-02-09-09:00,25
2004-02-09-09:30,25
2004-02-09-10:00,25
2004-02-09-10:30,25
2004-02-09-11:30,24
2004-02-09-12:00,23
2004-02-09-12:30,21
2004-02-09-13:00,21
2004-02-09-13:30,20
2004-02-09-14:00,20
2004-02-09-14:30,19
2004-02-09-15:00,19
2004-02-09-15:30,19
2004-02-09-16:00,19
2004-02-09-16:30,18
2004-02-09-17:00,18
2004-02-09-17:30,19
2004-02-09-18:00,17
2004-02-09-18:30,17
2004-02-09-19:00,16
2004-02-09-19:30,15
2004-02-09-20:00,15
2004-02-09-20:30,16
2004-02-09-21:00,16
2004-02-09-21:30,16
2004-02-09-22:00,16
2004-02-09-22:30,15
2004-02-09-23:00,14
2004-02-09-23:30,15
2004-02-10-00:00,14
2004-02-10-00:30,14
2004-02-10-01:00,14
2004-02-10-01:30,15
2004-02-10-02:00,15
2004-02-10-02:30,15
2004-02-10-03:00,16
2004-02-10-03:30,17
2004-02-10-04:00,18
2004-02-10-04:30,19
2004-02-10-05:00,20
2004-02-10-05:30,21
2004-02-10-06:00,22
2004-02-10-06:30,23
2004-02-10-07:30,24
2004-02-10-08:00,24
2004-02-10-08:30,24
2004-02-10-09:00,25
2004-02-10-09:30,25
2004-02-10-10:00,25
2004-02-10-10:30,25
2004-02-10-11:00,24
2004-02-10-11:30,23
2004-02-10-12:30,21
2004-02-10-13:00,21
2004-02-10-13:30,20
2004-02-10-14:00,20
2004-02-10-14:30,19
2004-02-10-15:00,19
2004-02-10-15:30,18
2004-02-10-16:00,18
2004-02-10-16:30,17
2004-02-10-17:00,17
2004-02-10-17:30,17
2004-02-10-18:00,16
2004-02-10-19:00,16
2004-02-10-19:30,15
2004-02-10-20:00,15
2004-02-10-20:30,14
2004-02-10-21:00,14
2004-02-10-21:21,14
2004-02-10-22:00,14
2004-02-10-22:30,14
2004-02-10-23:00,12
2004-02-10-23:30,12
2004-02-11-00:30,11
2004-02-11-01:00,11
2004-02-11-01:30,10
2004-02-11-02:00,10
2004-02-11-02:30,10
2004-02-11-03:00,11
2004-02-11-03:30,11
2004-02-11-04:30,13
2004-02-11-05:00,14
2004-02-11-05:30,16
2004-02-11-06:00,17
2004-02-11-06:30,18.5
2004-02-11-07:00,20
2004-02-11-07:30,20
2004-02-11-08:00,23
2004-02-11-08:30,23
2004-02-11-09:00,23
2004-02-11-09:30,23
2004-02-11-10:00,23
2004-02-11-10:30,23
2004-02-11-11:00,23
2004-02-11-11:30,23
2004-02-11-12:00,22
2004-02-11-12:30,21
2004-02-11-13:00,21
2004-02-11-13:30,20
2004-02-11-14:00,20
2004-02-11-14:30,20
2004-02-11-15:00,17
2004-02-11-15:30,17
2004-02-11-16:00,17
2004-02-11-16:30,16
2004-02-11-17:00,16
2004-02-11-17:30,15
2004-02-11-18:00,15
2004-02-11-18:30,15
2004-02-11-19:00,14
2004-02-11-19:30,14
2004-02-11-20:00,14
2004-02-11-20:30,14
2004-02-11-21:00,13
2004-02-11-21:30,13
2004-02-11-22:00,13
2004-02-11-22:30,12.5
2004-02-11-23:00,12
2004-02-11-23:30,11
2004-02-12-00:00,11
2004-02-12-00:30,11
2004-02-12-01:00,11
2004-02-12-01:30,11
2004-02-12-02:00,11
2004-02-12-02:30,11
2004-02-12-03:00,11
2004-02-12-03:30,11
2004-02-12-04:00,12
2004-02-12-04:30,13
2004-02-12-05:00,13
2004-02-12-06:00,16
2004-02-12-06:30,19
2004-02-12-07:30,22
2004-02-12-08:00,23
2004-02-12-08:30,23
2004-02-12-09:00,23
2004-02-12-09:30,24
2004-02-12-10:00,24
2004-02-12-10:30,24
2004-02-12-11:00,24
2004-02-12-12:00,24
2004-02-12-12:30,23
2004-02-12-13:00,22
2004-02-12-13:30,22
2004-02-12-14:30,21
2004-02-12-15:00,21
2004-02-12-15:30,21
2004-02-12-16:00,18
2004-02-12-16:30,17
2004-02-12-17:00,17
2004-02-12-17:30,15
2004-02-12-18:00,16
2004-02-12-18:30,14
2004-02-12-19:00,15
2004-02-12-19:30,15
2004-02-12-20:00,15
2004-02-12-20:30,14
2004-02-12-21:00,14
2004-02-12-21:30,13
2004-02-12-22:00,12
2004-02-12-22:30,12
2004-02-12-23:00,12
2004-02-12-23:30,11
2004-02-13-00:00,12
2004-02-13-00:30,11
2004-02-13-01:00,11
2004-02-13-01:30,11
2004-02-13-02:00,10
2004-02-13-02:30,11
2004-02-13-03:00,11
2004-02-13-03:30,12
2004-02-13-04:00,13
2004-02-13-04:30,16
2004-02-13-05:00,18
2004-02-13-06:00,21
2004-02-13-06:30,22
2004-02-13-07:00,23
2004-02-13-07:30,24
2004-02-13-08:00,24
2004-02-13-08:30,24
2004-02-13-09:00,26
2004-02-13-09:30,26
2004-02-13-10:00,25
2004-02-13-10:30,25
2004-02-13-11:00,25
2004-02-13-11:30,25
2004-02-13-12:00,24
2004-02-13-12:30,24
2004-02-13-13:00,22
2004-02-13-13:30,22
2004-02-13-14:00,22
2004-02-13-15:00,20
2004-02-13-15:30,20
2004-02-13-16:00,18
2004-02-13-16:30,16
2004-02-13-17:00,16
2004-02-13-17:30,16
2004-02-13-18:00,16
2004-02-13-18:30,16
2004-02-13-19:00,16
2004-02-13-19:30,15
2004-02-13-20:30,16
2004-02-13-21:00,15
2004-02-13-21:30,15
2004-02-13-22:00,14
2004-02-13-22:30,13
2004-02-13-23:00,12
2004-02-13-23:30,11
2004-02-14-00:00,11
2004-02-14-00:30,10
2004-02-14-01:00,10
2004-02-14-01:30,10
2004-02-14-02:00,10
2004-02-14-02:30,10
2004-02-14-03:00,9
2004-02-14-03:30,10
2004-02-14-04:30,15
2004-02-14-05:00,18
2004-02-14-05:30,19
2004-02-14-06:00,21
2004-02-14-07:00,22
2004-02-14-07:30,23
2004-02-14-08:00,23
2004-02-14-09:00,24
2004-02-14-09:30,24
2004-02-14-10:00,24
2004-02-14-10:30,24
2004-02-14-11:00,24
2004-02-14-11:30,24
2004-02-14-12:00,23
2004-02-14-12:30,22
2004-02-14-13:00,21
2004-02-14-14:00,20
2004-02-14-14:30,18
2004-02-14-15:00,18
2004-02-14-16:00,17
2004-02-14-16:30,16
2004-02-14-17:00,16
2004-02-14-17:30,16
2004-02-14-18:30,14
2004-02-14-19:00,14
2004-02-14-19:30,14
2004-02-14-20:00,14
2004-02-14-20:30,13
2004-02-14-20:51,13
2004-02-14-21:30,13
2004-02-14-22:00,13
2004-02-14-22:30,13
2004-02-14-23:00,12
2004-02-14-23:30,12
2004-02-15-00:00,11
2004-02-15-00:30,11
2004-02-15-01:00,11
2004-02-15-01:30,10
2004-02-15-02:00,10
2004-02-15-02:30,10
2004-02-15-03:30,13
2004-02-15-04:00,15
2004-02-15-06:00,22
2004-02-15-06:30,23
2004-02-15-07:00,23
2004-02-15-07:30,24
2004-02-15-08:00,24
2004-02-15-08:30,24
2004-02-15-09:00,25
2004-02-15-09:30,26
2004-02-15-10:30,25
2004-02-15-11:00,25
2004-02-15-11:30,24
2004-02-15-12:00,24
2004-02-15-12:30,23
2004-02-15-13:00,22
2004-02-15-13:30,22
2004-02-15-14:00,21
2004-02-15-14:30,20
2004-02-15-15:00,18
2004-02-15-15:30,18
2004-02-15-15:51,18
2004-02-15-16:30,17
2004-02-15-17:00,16
2004-02-15-17:30,16
2004-02-15-18:00,16
2004-02-15-18:30,15
2004-02-15-19:00,15
2004-02-15-19:30,15
2004-02-15-20:00,15
2004-02-15-20:30,14
2004-02-15-21:00,14
2004-02-15-21:30,14
2004-02-15-22:00,13
2004-02-15-22:30,13
2004-02-15-23:00,12
2004-02-15-23:30,12
2004-02-16-00:00,12
2004-02-16-00:30,12
2004-02-16-01:00,13
2004-02-16-01:30,12
2004-02-16-02:00,12
2004-02-16-02:30,14
2004-02-16-03:30,17
2004-02-16-04:00,18
2004-02-16-04:30,20
2004-02-16-05:00,21
2004-02-16-05:30,22
2004-02-16-06:00,23
2004-02-16-06:30,25
2004-02-16-07:00,25
2004-02-16-07:30,25
2004-02-16-08:00,26
2004-02-16-08:30,26
2004-02-16-09:00,26
2004-02-16-09:30,27
2004-02-16-10:30,27
2004-02-16-11:00,26
2004-02-16-12:00,26
2004-02-16-12:30,24
2004-02-16-13:00,23
2004-02-16-14:00,22
2004-02-16-14:30,22
2004-02-16-15:00,22
2004-02-16-15:30,21
2004-02-16-16:00,20
2004-02-16-16:30,20
2004-02-16-17:00,20
2004-02-16-17:30,21
2004-02-16-18:00,20
2004-02-16-18:30,20
2004-02-16-19:30,17
2004-02-16-20:00,16
2004-02-16-20:30,17
2004-02-16-21:00,17
2004-02-16-21:30,16
2004-02-16-22:00,16
2004-02-16-22:30,16
2004-02-16-23:00,16
2004-02-16-23:30,16
2004-02-17-00:00,16
2004-02-17-00:30,15
2004-02-17-01:00,15
2004-02-17-01:30,15
2004-02-17-03:30,20
2004-02-17-04:30,22
2004-02-17-05:00,23
2004-02-17-05:30,23
2004-02-17-06:00,24
2004-02-17-06:30,24
2004-02-17-07:00,26
2004-02-17-07:30,26
2004-02-17-08:00,26
2004-02-17-08:30,27
2004-02-17-09:00,26
2004-02-17-09:30,25
2004-02-17-10:00,27
2004-02-17-10:30,26
2004-02-17-11:00,26
2004-02-17-11:30,25
2004-02-17-12:00,25
2004-02-17-12:30,24
2004-02-17-13:30,23
2004-02-17-14:00,22
2004-02-17-14:30,22
2004-02-17-15:00,21
2004-02-17-15:30,21
2004-02-17-16:00,21
2004-02-17-16:30,21
2004-02-17-17:00,20
2004-02-17-17:30,20
2004-02-17-18:00,20
2004-02-17-18:30,19
2004-02-17-19:00,19
2004-02-17-19:30,19
2004-02-17-20:00,19
2004-02-17-20:30,18
2004-02-17-21:00,18
2004-02-17-21:30,18
2004-02-17-22:00,18
2004-02-17-22:30,18
2004-02-17-23:00,17
2004-02-17-23:30,17
2004-02-18-00:00,17
2004-02-18-00:30,17
2004-02-18-01:00,17
2004-02-18-01:30,17
2004-02-18-02:00,16
2004-02-18-02:30,17
2004-02-18-03:00,18
2004-02-18-04:00,21
2004-02-18-04:30,22
2004-02-18-05:00,23
2004-02-18-05:30,23
2004-02-18-06:00,24
2004-02-18-06:30,25
2004-02-18-07:30,26
2004-02-18-08:00,27
2004-02-18-08:30,27
2004-02-18-09:00,27
2004-02-18-09:30,27
2004-02-18-10:00,27
2004-02-18-10:30,27
2004-02-18-11:00,27
2004-02-18-11:30,26
2004-02-18-12:00,26
2004-02-18-12:30,24
2004-02-18-13:00,23
2004-02-18-13:30,23
2004-02-18-14:00,22
2004-02-18-14:30,21
2004-02-18-15:00,20
2004-02-18-15:30,20
2004-02-18-16:00,20
2004-02-18-16:30,20
2004-02-18-17:00,20
2004-02-18-17:30,19
2004-02-18-18:00,19
2004-02-18-18:30,19
2004-02-18-19:00,19
2004-02-18-19:30,18
2004-02-18-20:30,18
2004-02-18-21:00,17
2004-02-18-21:30,17
2004-02-18-22:00,17
2004-02-18-22:30,17
2004-02-18-23:00,17
2004-02-18-23:30,17
2004-02-19-00:00,17
2004-02-19-00:30,17
2004-02-19-01:00,16
2004-02-19-01:30,16
2004-02-19-02:00,15
2004-02-19-02:30,17
2004-02-19-03:00,17
2004-02-19-03:30,18
2004-02-19-04:00,19
2004-02-19-04:30,19
2004-02-19-05:00,21
2004-02-19-05:30,23
2004-02-19-06:00,24
2004-02-19-06:30,25
2004-02-19-07:00,24
2004-02-19-07:30,24
2004-02-19-08:00,27
2004-02-19-08:30,27
2004-02-19-09:00,27
2004-02-19-09:30,28
2004-02-19-10:00,28
2004-02-19-10:30,28
2004-02-19-11:00,27
2004-02-19-11:30,27
2004-02-19-12:00,25
2004-02-19-12:30,25
2004-02-19-13:00,25
2004-02-19-13:30,24
2004-02-19-14:00,23
2004-02-19-14:30,21
2004-02-19-15:00,22
2004-02-19-16:00,20
2004-02-19-16:30,19
2004-02-19-17:00,19
2004-02-19-17:30,18
2004-02-19-18:00,19
2004-02-19-18:30,19
2004-02-19-19:00,18
2004-02-19-19:30,18
2004-02-19-20:00,18
2004-02-19-20:30,18
2004-02-19-21:30,17
2004-02-19-22:00,16
2004-02-19-22:30,14
2004-02-19-23:00,14
2004-02-19-23:30,14
2004-02-20-00:00,14
2004-02-20-00:30,14
2004-02-20-01:00,13
2004-02-20-01:30,13
2004-02-20-02:00,13
2004-02-20-02:30,13
2004-02-20-03:00,13
2004-02-20-03:30,14
2004-02-20-04:00,15
2004-02-20-04:30,16
2004-02-20-05:00,18
2004-02-20-05:30,20
2004-02-20-06:00,23
2004-02-20-06:30,24
2004-02-20-07:00,25
2004-02-20-07:30,25
2004-02-20-08:00,25
2004-02-20-08:30,27
2004-02-20-09:00,27
2004-02-20-09:30,26
2004-02-20-10:00,27
2004-02-20-10:30,27
2004-02-20-11:00,26
2004-02-20-11:30,26
2004-02-20-12:00,25
2004-02-20-12:30,24
2004-02-20-13:00,22
2004-02-20-14:00,20
2004-02-20-14:30,20
2004-02-20-15:00,19
2004-02-20-15:30,19
2004-02-20-16:00,19
2004-02-20-16:30,17
2004-02-20-17:00,17
2004-02-20-17:30,17
2004-02-20-18:00,17
2004-02-20-18:30,16
2004-02-20-19:00,15
2004-02-20-19:30,15
2004-02-20-20:00,15
2004-02-20-20:30,14
2004-02-20-21:00,13
2004-02-20-21:30,13
2004-02-20-22:00,13
2004-02-20-22:30,12
2004-02-20-23:00,12
2004-02-20-23:30,12
2004-02-21-00:00,12
2004-02-21-00:30,12
2004-02-21-01:00,12
2004-02-21-01:30,12
2004-02-21-02:00,12
2004-02-21-02:30,13
2004-02-21-03:00,15
2004-02-21-03:30,17
2004-02-21-04:00,18
2004-02-21-05:00,20
2004-02-21-05:30,23
2004-02-21-06:00,24
2004-02-21-06:30,25
2004-02-21-07:00,27
2004-02-21-07:30,27
2004-02-21-08:00,27
2004-02-21-08:30,27
2004-02-21-09:30,28
2004-02-21-10:00,29
2004-02-21-10:30,28
2004-02-21-11:00,28
2004-02-21-11:30,27
2004-02-21-12:00,27
2004-02-21-12:30,25
2004-02-21-13:00,24
2004-02-21-13:30,23
2004-02-21-14:00,23
2004-02-21-15:00,21
2004-02-21-15:30,22
2004-02-21-16:00,19
2004-02-21-16:30,19
2004-02-21-17:00,20
2004-02-21-17:30,19
2004-02-21-18:00,18
2004-02-21-18:30,20
2004-02-21-19:00,18
2004-02-21-20:00,17
2004-02-21-20:30,16
2004-02-21-21:00,16
2004-02-21-21:30,16
2004-02-21-22:00,16
2004-02-21-22:30,16
2004-02-21-23:00,16
2004-02-21-23:30,15
2004-02-22-00:00,14
2004-02-22-00:30,14
2004-02-22-01:00,15
2004-02-22-01:30,14
2004-02-22-02:30,16
2004-02-22-03:00,17
2004-02-22-03:30,20
2004-02-22-04:00,21
2004-02-22-04:30,22
2004-02-22-05:30,24
2004-02-22-06:00,27
2004-02-22-06:30,27
2004-02-22-07:00,28
2004-02-22-08:00,29
2004-02-22-08:30,29
2004-02-22-09:00,29
2004-02-22-09:30,29
2004-02-22-10:00,29
2004-02-22-10:30,28
2004-02-22-11:00,28
2004-02-22-11:30,27
2004-02-22-12:00,27
2004-02-22-12:30,26
2004-02-22-13:00,24
2004-02-22-13:30,24
2004-02-22-14:00,23
2004-02-22-14:30,22
2004-02-22-15:00,22
2004-02-22-15:30,21
2004-02-22-16:00,20
2004-02-22-17:30,17
2004-02-22-18:00,17
2004-02-22-19:00,16
2004-02-22-19:30,16
2004-02-22-20:00,16
2004-02-22-21:00,15
2004-02-22-21:30,15
2004-02-22-22:00,14
2004-02-22-22:30,14
2004-02-22-23:00,14
2004-02-22-23:30,14
2004-02-23-00:00,13
2004-02-23-00:30,13
2004-02-23-01:00,13
2004-02-23-01:30,12
2004-02-23-02:00,12
2004-02-23-02:30,13
2004-02-23-03:00,14
2004-02-23-03:30,16
2004-02-23-04:00,18
2004-02-23-05:00,22
2004-02-23-05:30,23
2004-02-23-06:00,24
2004-02-23-06:30,24
2004-02-23-07:00,25
2004-02-23-08:00,27
2004-02-23-08:30,27
2004-02-23-09:00,27
2004-02-23-09:30,27
2004-02-23-10:00,27
2004-02-23-10:30,27
2004-02-23-11:00,27
2004-02-23-11:30,27
2004-02-23-12:00,26
2004-02-23-12:30,25
2004-02-23-13:00,22
2004-02-23-13:30,21
2004-02-23-14:00,20
2004-02-23-14:30,20
2004-02-23-15:00,19
2004-02-23-15:30,19
2004-02-23-16:00,18
2004-02-23-16:30,19
2004-02-23-17:00,17
2004-02-23-18:00,17
2004-02-23-18:30,17
2004-02-23-19:00,17
2004-02-23-19:30,16
2004-02-23-20:00,15
2004-02-23-20:30,15
2004-02-23-21:00,15
2004-02-23-21:30,14
2004-02-23-22:00,14
2004-02-23-22:30,13
2004-02-23-23:00,13
2004-02-23-23:30,12
2004-02-24-00:00,13
2004-02-24-00:30,12
2004-02-24-01:00,12
2004-02-24-01:30,12
2004-02-24-02:00,12
2004-02-24-03:00,15
2004-02-24-03:30,17
2004-02-24-04:00,18
2004-02-24-04:30,20
2004-02-24-05:00,23
2004-02-24-05:30,24
2004-02-24-06:00,25
2004-02-24-06:30,26
2004-02-24-07:00,27
2004-02-24-07:30,27
2004-02-24-08:00,28
2004-02-24-08:30,28
2004-02-24-09:00,29
2004-02-24-09:30,29
2004-02-24-10:00,29
2004-02-24-10:30,29
2004-02-24-11:00,29
2004-02-24-11:30,28
2004-02-24-12:00,27
2004-02-24-12:30,26
2004-02-24-13:00,25
2004-02-24-13:30,24
2004-02-24-14:00,24
2004-02-24-14:30,23
2004-02-24-15:00,22
2004-02-24-15:30,21
2004-02-24-16:00,21
2004-02-24-17:00,20
2004-02-24-17:30,20
2004-02-24-18:00,18
2004-02-24-18:30,17
2004-02-24-19:00,17
2004-02-24-19:30,16
2004-02-24-20:30,15
2004-02-24-21:00,15
2004-02-24-21:30,15
2004-02-24-22:00,15
2004-02-24-22:30,14
2004-02-24-23:00,14
2004-02-24-23:30,14
2004-02-25-00:00,14
2004-02-25-00:30,14
2004-02-25-01:00,14
2004-02-25-01:30,13
2004-02-25-02:00,14
2004-02-25-02:30,15
2004-02-25-03:00,17
2004-02-25-03:30,19
2004-02-25-04:00,20
2004-02-25-04:30,21
2004-02-25-05:00,23
2004-02-25-05:30,24
2004-02-25-06:00,26
2004-02-25-06:30,26
2004-02-25-07:00,26
2004-02-25-07:30,28
2004-02-25-08:00,27
2004-02-25-08:30,28
2004-02-25-09:00,29
2004-02-25-09:30,29
2004-02-25-10:00,29
2004-02-25-10:30,29
2004-02-25-11:00,29
2004-02-25-11:30,29
2004-02-25-12:00,28
2004-02-25-12:30,26
2004-02-25-13:00,26
2004-02-25-13:30,24
2004-02-25-14:00,24
2004-02-25-15:00,21
2004-02-25-15:30,21
2004-02-25-16:00,21
2004-02-25-16:30,19
2004-02-25-17:00,21
2004-02-25-17:30,19
2004-02-25-18:00,21
2004-02-25-18:30,20
2004-02-25-19:00,19
2004-02-25-20:00,17
2004-02-25-20:30,17
2004-02-25-21:30,16
2004-02-25-22:00,16
2004-02-25-22:30,16
2004-02-25-23:30,16
2004-02-26-00:00,16
2004-02-26-00:30,16
2004-02-26-01:00,16
2004-02-26-01:30,16
2004-02-26-02:00,17
2004-02-26-02:30,19
2004-02-26-03:00,20
2004-02-26-03:30,22
2004-02-26-04:30,27
2004-02-26-05:00,27
2004-02-26-05:30,28
2004-02-26-06:30,31
2004-02-26-07:00,31
2004-02-26-07:30,31
2004-02-26-08:00,31
2004-02-26-08:30,32
2004-02-26-09:00,32
2004-02-26-09:30,32
2004-02-26-10:00,31
2004-02-26-10:30,32
2004-02-26-11:00,32
2004-02-26-11:30,32
2004-02-26-12:00,31
2004-02-26-12:30,30
2004-02-26-13:00,30
2004-02-26-13:30,27
2004-02-26-14:30,27
2004-02-26-15:00,26
2004-02-26-15:30,25
2004-02-26-16:00,23
2004-02-26-17:00,23
2004-02-26-17:30,23
2004-02-26-18:00,23
2004-02-26-18:30,23
2004-02-26-19:00,23
2004-02-26-19:30,23
2004-02-26-20:00,23
2004-02-26-21:00,20
2004-02-26-21:30,20
2004-02-26-22:00,19
2004-02-26-23:00,18
2004-02-26-23:30,19
2004-02-27-00:00,18
2004-02-27-00:30,18
2004-02-27-01:00,18
2004-02-27-01:30,19.5
2004-02-27-02:30,21
2004-02-27-03:00,23
2004-02-27-03:30,25
2004-02-27-04:00,27
2004-02-27-04:30,29
2004-02-27-05:00,29
2004-02-27-05:30,31
2004-02-27-06:00,32
2004-02-27-06:30,32
2004-02-27-07:00,32
2004-02-27-07:30,33
2004-02-27-08:00,33
2004-02-27-08:30,33
2004-02-27-09:00,33
2004-02-27-09:30,33
2004-02-27-10:00,33
2004-02-27-10:30,33
2004-02-27-11:00,33
2004-02-27-11:30,33
2004-02-27-12:00,32
2004-02-27-12:30,31
2004-02-27-13:00,28
2004-02-27-13:30,28
2004-02-27-14:00,27
2004-02-27-15:00,25
2004-02-27-15:30,25
2004-02-27-16:00,25
2004-02-27-16:30,25
2004-02-27-17:00,25
2004-02-27-17:30,25
2004-02-27-18:00,24
2004-02-27-18:30,24
2004-02-27-19:00,24
2004-02-27-19:30,24
2004-02-27-20:00,23
2004-02-27-20:30,23
2004-02-27-21:00,21
2004-02-27-21:30,22
2004-02-27-22:00,22
2004-02-27-22:30,22
2004-02-27-23:00,22
2004-02-27-23:30,21
2004-02-28-00:00,21
2004-02-28-00:30,20
2004-02-28-01:00,20
2004-02-28-01:30,20
2004-02-28-02:00,19
2004-02-28-02:30,19
2004-02-28-03:30,21
2004-02-28-04:00,22
2004-02-28-04:30,23
2004-02-28-05:00,24
2004-02-28-06:00,29
2004-02-28-06:30,29
2004-02-28-07:00,31
2004-02-28-07:30,32
2004-02-28-08:30,32
2004-02-28-09:00,32
2004-02-28-09:30,33
2004-02-28-10:00,33
2004-02-28-11:00,32
2004-02-28-11:30,32
2004-02-28-12:00,32
2004-02-28-12:30,30
2004-02-28-13:00,29
2004-02-28-13:30,29
2004-02-28-14:00,28
2004-02-28-14:30,28
2004-02-28-15:00,27
2004-02-28-15:30,26
2004-02-28-16:00,25
2004-02-28-16:30,24
2004-02-28-17:00,25
2004-02-28-17:30,23
2004-02-28-18:00,23
2004-02-28-18:30,23
2004-02-28-19:00,23
2004-02-28-19:30,23
2004-02-28-20:00,22
2004-02-28-20:30,22
2004-02-28-21:00,22
2004-02-28-21:30,22
2004-02-28-22:00,20
2004-02-28-23:00,20
2004-02-28-23:30,18
2004-02-29-00:00,18
2004-02-29-00:30,16
2004-02-29-01:00,17
2004-02-29-02:00,16
2004-02-29-03:00,17
2004-02-29-04:30,23
2004-02-29-05:00,24
2004-02-29-05:30,27
2004-02-29-06:00,28
2004-02-29-06:30,28
2004-02-29-07:00,30
2004-02-29-08:00,30
2004-02-29-08:30,30
2004-02-29-09:00,31
2004-02-29-09:30,31
2004-02-29-10:00,30
2004-02-29-10:30,30
2004-02-29-11:30,29
2004-02-29-12:00,29
2004-02-29-12:30,28
2004-02-29-13:00,26
2004-02-29-13:30,26
2004-02-29-14:00,25
2004-02-29-14:30,24
2004-02-29-15:00,25
2004-02-29-15:30,24
2004-02-29-16:00,24
2004-02-29-16:30,23
2004-02-29-17:00,22
2004-02-29-17:30,22
2004-02-29-18:00,22
2004-02-29-18:30,22
2004-02-29-19:00,21
2004-02-29-19:30,21
2004-02-29-20:00,21
2004-02-29-20:30,21
2004-02-29-21:00,21
2004-02-29-21:30,20
2004-02-29-22:00,19
2004-02-29-22:30,18
2004-02-29-23:00,17
2004-02-29-23:30,15
2004-03-01-00:00,14
2004-03-01-00:30,13
2004-03-01-01:00,13
2004-03-01-02:00,13
2004-03-01-02:30,14
2004-03-01-03:00,16
2004-03-01-04:00,20
2004-03-01-04:30,23
2004-03-01-05:00,24
2004-03-01-05:30,25
2004-03-01-06:00,26
2004-03-01-06:30,28
2004-03-01-07:00,28
2004-03-01-07:30,28
2004-03-01-08:00,28
2004-03-01-08:30,28
2004-03-01-09:00,28
2004-03-01-09:30,29
2004-03-01-10:00,29
2004-03-01-10:30,29
2004-03-01-11:00,28
2004-03-01-11:30,28
2004-03-01-12:00,27
2004-03-01-12:30,26
2004-03-01-13:00,25
2004-03-01-13:30,25
2004-03-01-14:00,22
2004-03-01-14:30,21
2004-03-01-15:00,21
2004-03-01-15:30,20
2004-03-01-16:00,19
2004-03-01-16:30,18
2004-03-01-17:00,18
2004-03-01-17:30,17
2004-03-01-18:30,16
2004-03-01-19:00,16
2004-03-01-19:30,15
2004-03-01-20:00,15
2004-03-01-20:30,15
2004-03-01-21:00,15
2004-03-01-22:00,15
2004-03-01-22:30,15
2004-03-01-23:00,14
2004-03-01-23:30,14
2004-03-02-00:30,13
2004-03-02-01:00,12
2004-03-02-02:00,11
2004-03-02-02:30,13
2004-03-02-03:00,13
2004-03-02-03:30,19
2004-03-02-04:00,21
2004-03-02-04:30,23
2004-03-02-05:00,24
2004-03-02-05:30,25
2004-03-02-06:00,26
2004-03-02-06:30,27
2004-03-02-07:00,27
2004-03-02-08:00,28
2004-03-02-08:30,28
2004-03-02-09:30,29
2004-03-02-10:00,29
2004-03-02-10:30,29
2004-03-02-11:00,28
2004-03-02-11:30,28
2004-03-02-12:00,27
2004-03-02-12:30,26
2004-03-02-13:00,25
2004-03-02-13:30,23
2004-03-02-14:00,22
2004-03-02-14:30,20
2004-03-02-15:00,20
2004-03-02-15:30,22
2004-03-02-16:00,22
2004-03-02-16:30,21
2004-03-02-17:00,21
2004-03-02-17:30,19
2004-03-02-18:00,18
2004-03-02-18:30,18
2004-03-02-19:30,17
2004-03-02-20:00,16
2004-03-02-20:30,15
2004-03-02-21:00,15
2004-03-02-21:30,14
2004-03-02-22:00,14
2004-03-02-22:30,14
2004-03-02-23:00,13
2004-03-02-23:30,13
2004-03-03-00:00,13
2004-03-03-00:30,13
2004-03-03-01:00,13
2004-03-03-01:30,12
2004-03-03-02:00,12
2004-03-03-02:30,14
2004-03-03-03:00,15
2004-03-03-03:30,18
2004-03-03-04:00,21
2004-03-03-05:00,25
2004-03-03-05:30,26
2004-03-03-06:00,26
2004-03-03-06:30,28
2004-03-03-07:00,28
2004-03-03-07:30,29
2004-03-03-07:51,29
2004-03-03-08:30,30
2004-03-03-09:00,29
2004-03-03-09:30,29
2004-03-03-10:00,29
2004-03-03-10:30,29
2004-03-03-11:00,29
2004-03-03-11:30,28
2004-03-03-12:00,28
2004-03-03-12:30,27
2004-03-03-13:30,23
2004-03-03-14:00,23
2004-03-03-14:30,22
2004-03-03-15:00,21
2004-03-03-15:30,21
2004-03-03-16:00,21
2004-03-03-16:30,20
2004-03-03-17:00,19
2004-03-03-17:30,19
2004-03-03-18:00,19
2004-03-03-18:30,19
2004-03-03-19:00,17
2004-03-03-19:30,17
2004-03-03-20:00,17
2004-03-03-20:30,16
2004-03-03-21:30,15
2004-03-03-23:30,14
2004-03-04-00:00,13
2004-03-04-00:30,13
2004-03-04-01:00,13
2004-03-04-01:30,13
2004-03-04-02:00,13
2004-03-04-02:30,15
2004-03-04-03:00,17
2004-03-04-03:30,18
2004-03-04-04:00,20
2004-03-04-04:30,22
2004-03-04-05:00,24
2004-03-04-05:30,25
2004-03-04-06:30,28
2004-03-04-07:00,28
2004-03-04-07:30,29
2004-03-04-08:00,30
2004-03-04-09:00,31
2004-03-04-09:30,31
2004-03-04-10:00,31
2004-03-04-10:30,31
2004-03-04-11:00,31
2004-03-04-11:30,30
2004-03-04-12:00,29
2004-03-04-12:30,28
2004-03-04-13:00,28
2004-03-04-13:30,27
2004-03-04-14:00,25
2004-03-04-14:30,25
2004-03-04-15:00,25
2004-03-04-15:30,24
2004-03-04-16:30,22
2004-03-04-17:00,21
2004-03-04-17:30,21
2004-03-04-18:00,19
2004-03-04-18:30,18
2004-03-04-19:00,18
2004-03-04-19:30,17
2004-03-04-20:00,18
2004-03-04-20:30,18
2004-03-04-21:00,18
2004-03-04-21:30,16
2004-03-04-22:00,16
2004-03-04-22:30,15
2004-03-04-23:00,15
2004-03-04-23:30,15
2004-03-05-00:00,15
2004-03-05-00:30,15
2004-03-05-01:00,15
2004-03-05-01:30,14
2004-03-05-02:00,16
2004-03-05-02:30,17
2004-03-05-03:00,17
2004-03-05-03:30,21
2004-03-05-04:00,23
2004-03-05-04:30,24
2004-03-05-05:30,28
2004-03-05-06:30,29
2004-03-05-07:30,31
2004-03-05-08:00,31
2004-03-05-08:30,31
2004-03-05-09:30,31
2004-03-05-10:00,30
2004-03-05-10:30,30
2004-03-05-11:00,31
2004-03-05-11:30,30
2004-03-05-12:00,29
2004-03-05-12:30,29
2004-03-05-13:00,27
2004-03-05-13:30,25
2004-03-05-14:00,25
2004-03-05-14:30,24
2004-03-05-15:00,22
2004-03-05-16:00,22
2004-03-05-16:30,21
2004-03-05-17:00,21
2004-03-05-17:30,21
2004-03-05-18:00,21
2004-03-05-18:30,22
2004-03-05-19:00,20
2004-03-05-19:30,20
2004-03-05-20:00,21
2004-03-05-20:30,20
2004-03-05-21:00,19
2004-03-05-21:30,17
2004-03-05-22:30,16
2004-03-05-23:00,15
2004-03-06-00:00,16
2004-03-06-00:30,15
2004-03-06-01:00,16
2004-03-06-01:30,16
2004-03-06-02:00,17
2004-03-06-02:30,18
2004-03-06-03:00,19
2004-03-06-03:30,21
2004-03-06-04:00,22
2004-03-06-04:30,24
2004-03-06-05:00,24
2004-03-06-05:30,26
2004-03-06-06:00,27
2004-03-06-06:30,27
2004-03-06-07:30,29
2004-03-06-08:00,30
2004-03-06-08:30,29
2004-03-06-09:00,30
2004-03-06-09:30,30
2004-03-06-10:00,30
2004-03-06-10:30,30
2004-03-06-11:00,30
2004-03-06-12:00,29
2004-03-06-12:30,28
2004-03-06-13:00,25
2004-03-06-13:30,25
2004-03-06-14:00,25
2004-03-06-14:30,24
2004-03-06-15:00,23
2004-03-06-15:30,22
2004-03-06-16:00,21
2004-03-06-16:30,21
2004-03-06-17:00,20
2004-03-06-17:30,20
2004-03-06-18:00,20
2004-03-06-19:00,19
2004-03-06-19:30,19
2004-03-06-20:00,19
2004-03-06-20:30,18
2004-03-06-21:00,18
2004-03-06-21:30,18
2004-03-06-22:30,16
2004-03-06-23:00,16
2004-03-06-23:30,15
2004-03-07-00:00,15
2004-03-07-00:30,16
2004-03-07-01:00,16
2004-03-07-01:30,16
2004-03-07-02:00,17
2004-03-07-03:00,19
2004-03-07-03:30,22
2004-03-07-04:00,24
2004-03-07-04:30,25
2004-03-07-05:00,26
2004-03-07-06:00,29
2004-03-07-06:30,29
2004-03-07-07:30,30
2004-03-07-08:00,31
2004-03-07-08:30,31
2004-03-07-09:00,31
2004-03-07-09:30,32
2004-03-07-10:00,32
2004-03-07-10:30,32
2004-03-07-11:00,31
2004-03-07-11:30,31
2004-03-07-12:00,30
2004-03-07-12:30,29
2004-03-07-13:00,28
2004-03-07-13:30,26
2004-03-07-14:00,24
2004-03-07-14:30,25
2004-03-07-15:00,25
2004-03-07-15:30,24
2004-03-07-16:00,24
2004-03-07-16:30,25
2004-03-07-17:00,23
2004-03-07-17:30,23
2004-03-07-18:00,22
2004-03-07-18:30,22
2004-03-07-19:00,22
2004-03-07-19:30,21
2004-03-07-20:00,21
2004-03-07-20:30,21
2004-03-07-21:00,18
2004-03-07-21:30,17
2004-03-07-22:00,19
2004-03-07-22:30,19
2004-03-07-23:00,18
2004-03-07-23:30,18
2004-03-08-00:00,17
2004-03-08-00:30,17
2004-03-08-01:00,18
2004-03-08-01:30,19
2004-03-08-02:00,19
2004-03-08-02:30,19
2004-03-08-03:00,21
2004-03-08-03:30,23
2004-03-08-04:00,24
2004-03-08-04:30,25
2004-03-08-05:30,27
2004-03-08-06:00,28
2004-03-08-06:30,29
2004-03-08-07:00,29
2004-03-08-07:30,29
2004-03-08-08:00,29
2004-03-08-08:30,30
2004-03-08-09:00,30
2004-03-08-09:30,30
2004-03-08-10:30,30
2004-03-08-11:30,29
2004-03-08-12:00,29
2004-03-08-12:30,28
2004-03-08-13:00,27
2004-03-08-13:30,26
2004-03-08-14:00,25
2004-03-08-14:30,25
2004-03-08-15:00,24
2004-03-08-15:30,24
2004-03-08-16:00,24
2004-03-08-17:00,23
2004-03-08-17:30,23
2004-03-08-18:00,23
2004-03-08-18:30,22
2004-03-08-19:00,22
2004-03-08-19:30,22
2004-03-08-20:00,22
2004-03-08-20:30,21
2004-03-08-21:00,21
2004-03-08-21:30,20
2004-03-08-22:00,20
2004-03-08-22:30,20
2004-03-08-23:00,19
2004-03-08-23:30,19
2004-03-09-00:00,19
2004-03-09-01:00,18
2004-03-09-01:30,18
2004-03-09-02:00,19
2004-03-09-03:00,22
2004-03-09-03:30,23
2004-03-09-04:00,24
2004-03-09-04:30,25
2004-03-09-05:00,25
2004-03-09-05:30,25
2004-03-09-06:00,26
2004-03-09-06:30,27
2004-03-09-07:00,28
2004-03-09-07:30,29
2004-03-09-08:00,29
2004-03-09-08:30,30
2004-03-09-09:00,30
2004-03-09-09:30,30
2004-03-09-10:00,30
2004-03-09-10:30,30
2004-03-09-11:00,30
2004-03-09-11:30,29
2004-03-09-12:00,29
2004-03-09-12:30,28
2004-03-09-13:00,27
2004-03-09-13:30,26
2004-03-09-14:00,26
2004-03-09-14:30,25
2004-03-09-15:00,24
2004-03-09-15:30,24
2004-03-09-16:00,23
2004-03-09-16:30,23
2004-03-09-17:00,23
2004-03-09-17:30,23
2004-03-09-18:00,23
2004-03-09-18:30,23
2004-03-09-19:00,22
2004-03-09-19:30,22
2004-03-09-20:00,22
2004-03-09-20:30,21
2004-03-09-21:00,20
2004-03-09-21:30,20
2004-03-09-22:00,20
2004-03-09-22:30,20
2004-03-09-23:00,21
2004-03-10-00:00,20
2004-03-10-00:30,19
2004-03-10-01:00,20
2004-03-10-01:30,19
2004-03-10-02:00,20
2004-03-10-02:30,22
2004-03-10-03:00,23
2004-03-10-03:30,24
2004-03-10-04:30,27
2004-03-10-05:30,29
2004-03-10-06:00,30
2004-03-10-06:30,30
2004-03-10-07:30,31
2004-03-10-08:00,31
2004-03-10-08:30,31
2004-03-10-09:00,31
2004-03-10-10:30,32
2004-03-10-11:00,32
2004-03-10-11:30,31
2004-03-10-12:00,29.5
2004-03-10-13:00,28
2004-03-10-13:30,27
2004-03-10-14:00,26
2004-03-10-15:00,25
2004-03-10-15:30,25
2004-03-10-16:00,24
2004-03-10-16:30,24
2004-03-10-17:00,24
2004-03-10-17:30,24
2004-03-10-18:00,24
2004-03-10-18:30,23
2004-03-10-19:00,23
2004-03-10-19:30,23
2004-03-10-20:00,22
2004-03-10-20:30,22
2004-03-10-21:00,22
2004-03-10-21:30,21
2004-03-10-22:00,21
2004-03-10-22:30,20
2004-03-10-23:00,20
2004-03-10-23:30,20
2004-03-11-00:00,20
2004-03-11-00:30,20
2004-03-11-01:00,20
2004-03-11-01:30,21
2004-03-11-02:00,21
2004-03-11-03:00,24
2004-03-11-05:21,28
2004-03-11-06:00,30
2004-03-11-06:30,30
2004-03-11-07:00,30
2004-03-11-07:30,31
2004-03-11-08:00,32
2004-03-11-08:30,32
2004-03-11-09:30,33
2004-03-11-10:00,33
2004-03-11-11:00,32
2004-03-11-11:30,31
2004-03-11-12:30,30
2004-03-11-13:00,29
2004-03-11-13:30,28
2004-03-11-14:00,27
2004-03-11-14:30,27
2004-03-11-15:00,27
2004-03-11-16:00,26
2004-03-11-16:30,26
2004-03-11-17:00,27
2004-03-11-17:30,26
2004-03-11-18:00,24
2004-03-11-18:30,23
2004-03-11-19:00,23
2004-03-11-20:00,24
2004-03-11-20:30,23
2004-03-11-21:00,22
2004-03-11-21:30,23
2004-03-11-22:00,22
2004-03-11-22:30,21
2004-03-11-23:00,21
2004-03-11-23:30,21
2004-03-12-00:00,22
2004-03-12-00:30,21
2004-03-12-01:00,20
2004-03-12-01:30,21
2004-03-12-02:00,22
2004-03-12-02:30,23
2004-03-12-03:00,24
2004-03-12-03:30,26
2004-03-12-04:00,28
2004-03-12-04:30,29
2004-03-12-05:00,29
2004-03-12-05:30,30
2004-03-12-06:00,31
2004-03-12-06:30,31
2004-03-12-07:00,32
2004-03-12-07:30,32
2004-03-12-08:00,32
2004-03-12-08:30,33
2004-03-12-09:00,33
2004-03-12-09:30,34
2004-03-12-10:00,34
2004-03-12-10:30,33
2004-03-12-11:00,33
2004-03-12-11:30,32
2004-03-12-12:00,32
2004-03-12-12:30,31
2004-03-12-13:00,30
2004-03-12-13:30,30
2004-03-12-14:00,29
2004-03-12-14:30,28
2004-03-12-15:00,28
2004-03-12-16:00,27
2004-03-12-16:30,27
2004-03-12-17:00,27
2004-03-12-17:30,26
2004-03-12-18:00,25
2004-03-12-18:30,24
2004-03-12-19:00,24
2004-03-12-19:30,24
2004-03-12-20:00,24
2004-03-12-20:30,23
2004-03-12-21:00,22
2004-03-12-21:30,20
2004-03-12-22:00,20
2004-03-12-23:00,19
2004-03-12-23:30,19
2004-03-13-00:00,19
2004-03-13-00:30,19
2004-03-13-01:00,18
2004-03-13-01:30,18
2004-03-13-02:30,20
2004-03-13-03:00,21
2004-03-13-04:00,25
2004-03-13-04:30,26
2004-03-13-05:00,27
2004-03-13-05:30,29
2004-03-13-06:00,21
2004-03-13-06:30,31
2004-03-13-07:00,32
2004-03-13-07:30,33
2004-03-13-08:00,33
2004-03-13-08:30,34
2004-03-13-09:30,34
2004-03-13-10:00,34
2004-03-13-10:30,34
2004-03-13-11:00,34
2004-03-13-11:30,34
2004-03-13-12:00,33
2004-03-13-12:30,32
2004-03-13-13:00,32
2004-03-13-13:30,31
2004-03-13-14:00,30
2004-03-13-14:30,29
2004-03-13-15:00,29
2004-03-13-16:00,28
2004-03-13-16:30,28
2004-03-13-17:00,27
2004-03-13-17:30,27
2004-03-13-18:00,27
2004-03-13-18:30,27
2004-03-13-19:00,26
2004-03-13-19:30,25
2004-03-13-20:00,24
2004-03-13-20:30,23
2004-03-13-21:00,22
2004-03-13-21:30,21
2004-03-13-22:30,20
2004-03-13-23:00,20
2004-03-13-23:30,19
2004-03-14-00:00,19
2004-03-14-00:30,19
2004-03-14-01:00,20
2004-03-14-01:30,20
2004-03-14-02:00,21
2004-03-14-02:30,22
2004-03-14-03:00,23
2004-03-14-03:30,25
2004-03-14-04:00,26
2004-03-14-04:30,28
2004-03-14-05:00,28
2004-03-14-05:30,30
2004-03-14-06:30,32
2004-03-14-07:00,33
2004-03-14-07:30,34
2004-03-14-08:00,34
2004-03-14-08:30,34
2004-03-14-09:00,35
2004-03-14-09:30,35
2004-03-14-10:00,35
2004-03-14-10:30,35
2004-03-14-11:00,35
2004-03-14-11:30,34
2004-03-14-12:00,34
2004-03-14-12:30,34
2004-03-14-13:00,32
2004-03-14-13:30,31
2004-03-14-14:00,30
2004-03-14-14:21,29
2004-03-14-15:00,28
2004-03-14-15:30,27
2004-03-14-16:00,26
2004-03-14-16:30,25
2004-03-14-17:00,25
2004-03-14-17:30,24
2004-03-14-18:00,24
2004-03-14-18:30,24
2004-03-14-19:00,24
2004-03-14-19:30,23
2004-03-14-20:00,23
2004-03-14-20:30,22
2004-03-14-21:30,20
2004-03-14-22:00,20
2004-03-14-22:30,20
2004-03-14-23:30,19
2004-03-15-00:00,19
2004-03-15-00:30,19
2004-03-15-01:00,19
2004-03-15-01:30,19
2004-03-15-02:30,21
2004-03-15-04:00,27
2004-03-15-04:03,28
2004-03-15-04:30,28
2004-03-15-05:00,30
2004-03-15-05:30,31
2004-03-15-06:00,32
2004-03-15-06:30,33
2004-03-15-07:00,34
2004-03-15-07:30,34
2004-03-15-08:00,35
2004-03-15-09:00,35
2004-03-15-09:30,36
2004-03-15-10:00,36
2004-03-15-10:30,36
2004-03-15-11:00,35
2004-03-15-11:30,35
2004-03-15-12:00,34
2004-03-15-12:30,33
2004-03-15-13:00,32
2004-03-15-13:30,31
2004-03-15-14:00,30
2004-03-15-15:00,27
2004-03-15-15:30,26
2004-03-15-16:00,26
2004-03-15-16:30,26
2004-03-15-17:00,25
2004-03-15-17:30,25
2004-03-15-18:00,24
2004-03-15-19:00,23
2004-03-15-19:30,23
2004-03-15-20:00,23
2004-03-15-20:30,23
2004-03-15-21:30,22
2004-03-15-22:00,21
2004-03-15-22:30,21
2004-03-15-23:00,21
2004-03-15-23:30,21
2004-03-16-00:00,21
2004-03-16-00:30,21
2004-03-16-01:00,20
2004-03-16-02:00,21
2004-03-16-02:30,22
2004-03-16-03:00,24
2004-03-16-03:30,27
2004-03-16-04:00,28
2004-03-16-04:30,30
2004-03-16-05:00,32
2004-03-16-06:00,33
2004-03-16-09:00,34.5
2004-03-16-09:30,36
2004-03-16-10:00,36
2004-03-16-10:30,36
2004-03-16-11:00,35
2004-03-16-11:30,35
2004-03-16-12:00,35
2004-03-16-12:30,33
2004-03-16-13:00,32
2004-03-16-13:30,30
2004-03-16-14:00,29
2004-03-16-14:30,29
2004-03-16-15:00,28
2004-03-16-15:30,27
2004-03-16-16:00,26
2004-03-16-16:30,25
2004-03-16-17:00,25
2004-03-16-17:30,25
2004-03-16-18:00,26
2004-03-16-19:00,26
2004-03-16-19:30,26
2004-03-16-20:00,26
2004-03-16-20:30,26
2004-03-16-21:00,24
2004-03-16-21:30,21
2004-03-16-22:30,20
2004-03-16-23:30,20
2004-03-17-00:00,19
2004-03-17-00:30,19
2004-03-17-01:00,19
2004-03-17-02:00,19
2004-03-17-02:30,20
2004-03-17-03:00,21
2004-03-17-03:30,24
2004-03-17-04:00,27
2004-03-17-04:30,29
2004-03-17-05:00,31
2004-03-17-05:21,32
2004-03-17-06:00,33
2004-03-17-06:30,34
2004-03-17-07:00,36
2004-03-17-07:30,37
2004-03-17-08:00,37
2004-03-17-08:30,38
2004-03-17-09:30,38
2004-03-17-10:00,38
2004-03-17-10:30,38
2004-03-17-11:00,37
2004-03-17-11:30,37
2004-03-17-12:00,37
2004-03-17-12:30,36
2004-03-17-13:00,34
2004-03-17-13:30,33
2004-03-17-14:00,33
2004-03-17-14:30,33
2004-03-17-15:00,33
2004-03-17-15:30,33
2004-03-17-16:00,32
2004-03-17-16:30,29
2004-03-17-17:00,28
2004-03-17-17:30,27
2004-03-17-18:00,26
2004-03-17-19:00,25
2004-03-17-19:30,25
2004-03-17-20:00,25
2004-03-17-20:30,24
2004-03-17-21:00,24
2004-03-17-21:30,23
2004-03-17-22:00,23
2004-03-17-22:30,23
2004-03-17-23:00,22
2004-03-17-23:30,21
2004-03-18-00:00,20
2004-03-18-00:30,21
2004-03-18-01:00,22
2004-03-18-01:30,21
2004-03-18-02:00,22
2004-03-18-02:30,24
2004-03-18-03:00,26
2004-03-18-03:30,28
2004-03-18-04:00,29
2004-03-18-04:30,31
2004-03-18-05:00,33
2004-03-18-05:30,34
2004-03-18-06:00,34
2004-03-18-06:30,35
2004-03-18-07:00,35
2004-03-18-07:21,36
2004-03-18-08:00,37
2004-03-18-08:30,37
2004-03-18-09:00,39
2004-03-18-09:30,37
2004-03-18-10:00,37
2004-03-18-10:30,37
2004-03-18-11:00,36
2004-03-18-11:30,36
2004-03-18-12:00,35
2004-03-18-12:30,34
2004-03-18-13:00,32
2004-03-18-13:30,31
2004-03-18-14:00,30
2004-03-18-14:30,29
2004-03-18-15:00,29
2004-03-18-15:30,28
2004-03-18-16:00,28
2004-03-18-16:30,28
2004-03-18-17:00,27
2004-03-18-17:30,27
2004-03-18-18:00,28
2004-03-18-18:30,27
2004-03-18-19:00,26
2004-03-18-19:30,25
2004-03-18-20:00,24
2004-03-18-20:30,24
2004-03-18-21:00,23
2004-03-18-21:30,23
2004-03-18-22:00,23
2004-03-18-22:30,22
2004-03-18-23:30,22
2004-03-19-00:00,21
2004-03-19-00:30,21
2004-03-19-01:30,21
2004-03-19-02:00,21
2004-03-19-03:00,24
2004-03-19-03:30,26
2004-03-19-04:00,27
2004-03-19-04:30,29
2004-03-19-05:00,31
2004-03-19-05:30,32
2004-03-19-06:00,34
2004-03-19-06:21,35
2004-03-19-07:00,36
2004-03-19-07:30,37
2004-03-19-08:30,37
2004-03-19-09:00,37
2004-03-19-09:30,37
2004-03-19-10:00,36
2004-03-19-10:30,36
2004-03-19-11:00,36
2004-03-19-11:30,35
2004-03-19-12:00,34
2004-03-19-12:30,33
2004-03-19-13:00,32
2004-03-19-13:30,31
2004-03-19-14:00,30
2004-03-19-14:30,30
2004-03-19-15:00,30
2004-03-19-15:30,30
2004-03-19-16:00,29
2004-03-19-16:30,29
2004-03-19-17:30,29
2004-03-19-18:00,29
2004-03-19-18:30,29
2004-03-19-19:00,28
2004-03-19-19:30,27
2004-03-19-20:00,27
2004-03-19-20:30,26
2004-03-19-21:00,26
2004-03-19-21:30,26
2004-03-19-22:00,25
2004-03-19-22:30,23
2004-03-19-23:00,21
2004-03-19-23:30,20
2004-03-20-00:00,19
2004-03-20-00:30,19
2004-03-20-01:00,19
2004-03-20-01:30,19
2004-03-20-02:00,20
2004-03-20-02:30,22
2004-03-20-03:00,24
2004-03-20-03:30,26
2004-03-20-04:00,28
2004-03-20-05:00,31
2004-03-20-06:00,34
2004-03-20-06:30,34
2004-03-20-07:00,35
2004-03-20-07:30,35
2004-03-20-08:00,35
2004-03-20-08:30,35
2004-03-20-09:00,36
2004-03-20-09:30,36
2004-03-20-10:00,36
2004-03-20-10:30,36
2004-03-20-11:00,36
2004-03-20-11:30,35
2004-03-20-12:00,34
2004-03-20-13:00,32
2004-03-20-13:30,31
2004-03-20-14:00,29
2004-03-20-14:30,30
2004-03-20-15:00,30
2004-03-20-15:30,30
2004-03-20-16:00,30
2004-03-20-17:00,28
2004-03-20-17:30,28
2004-03-20-18:00,27
2004-03-20-18:30,27
2004-03-20-19:00,24
2004-03-20-19:30,24
2004-03-20-20:00,23
2004-03-20-20:30,23
2004-03-20-21:00,23
2004-03-20-21:30,23
2004-03-20-22:00,22
2004-03-20-22:30,22
2004-03-20-23:00,23
2004-03-20-23:30,22
2004-03-21-00:00,22
2004-03-21-00:30,22
2004-03-21-01:00,22
2004-03-21-01:30,21
2004-03-21-02:00,23
2004-03-21-02:30,25
2004-03-21-03:00,26
2004-03-21-03:30,29
2004-03-21-04:00,30
2004-03-21-04:30,32
2004-03-21-05:00,33
2004-03-21-05:30,34
2004-03-21-06:00,36
2004-03-21-06:30,36
2004-03-21-07:00,37
2004-03-21-07:30,38
2004-03-21-08:00,38
2004-03-21-08:30,39
2004-03-21-09:30,39
2004-03-21-10:00,39
2004-03-21-10:30,39
2004-03-21-11:00,39
2004-03-21-11:30,39
2004-03-21-12:00,38
2004-03-21-12:30,37
2004-03-21-13:00,35
2004-03-21-13:30,34
2004-03-21-14:00,33
2004-03-21-14:30,34
2004-03-21-15:00,32
2004-03-21-15:30,31
2004-03-21-16:00,30
2004-03-21-16:30,30
2004-03-21-17:00,30
2004-03-21-17:30,29
2004-03-21-18:00,29
2004-03-21-18:30,29
2004-03-21-19:30,28
2004-03-21-20:00,27
2004-03-21-20:30,27
2004-03-21-21:00,27
2004-03-21-21:30,26
2004-03-21-22:00,26
2004-03-21-22:30,26
2004-03-21-23:00,27
2004-03-21-23:30,25
2004-03-22-00:00,25
2004-03-22-00:30,26
2004-03-22-01:00,26
2004-03-22-01:30,26
2004-03-22-02:00,27
2004-03-22-02:30,29
2004-03-22-03:00,30
2004-03-22-03:30,32
2004-03-22-04:30,34
2004-03-22-05:00,35
2004-03-22-05:30,36
2004-03-22-06:00,37
2004-03-22-06:30,37
2004-03-22-07:00,38
2004-03-22-07:30,39
2004-03-22-08:30,40
2004-03-22-09:30,40
2004-03-22-10:00,40
2004-03-22-10:30,40
2004-03-22-11:00,40
2004-03-22-12:00,39
2004-03-22-12:30,37
2004-03-22-13:00,36
2004-03-22-13:30,36
2004-03-22-14:30,35
2004-03-22-15:00,34
2004-03-22-15:30,33
2004-03-22-16:30,32
2004-03-22-17:00,31
2004-03-22-17:30,30
2004-03-22-18:00,30
2004-03-22-18:30,29
2004-03-22-19:00,28
2004-03-22-19:30,27
2004-03-22-20:00,26
2004-03-22-20:30,26
2004-03-22-21:30,27
2004-03-22-22:00,27
2004-03-22-23:00,26
2004-03-22-23:30,25
2004-03-23-00:00,24
2004-03-23-00:30,24
2004-03-23-02:00,27
2004-03-23-02:30,28
2004-03-23-03:00,29
2004-03-23-03:30,30.5
2004-03-23-04:00,32
2004-03-23-04:30,33
2004-03-23-05:00,34
2004-03-23-05:30,35
2004-03-23-06:30,36
2004-03-23-07:00,37
2004-03-23-07:30,37
2004-03-23-08:00,37
2004-03-23-08:30,37
2004-03-23-09:00,37
2004-03-23-09:30,38
2004-03-23-10:00,37
2004-03-23-10:30,37
2004-03-23-11:00,37
2004-03-23-11:30,36
2004-03-23-12:00,35
2004-03-23-12:30,34
2004-03-23-13:00,33
2004-03-23-13:30,33
2004-03-23-14:00,32
2004-03-23-14:30,32
2004-03-23-15:00,31
2004-03-23-15:30,31
2004-03-23-16:00,29
2004-03-23-16:30,29
2004-03-23-17:00,28
2004-03-23-17:30,29
2004-03-23-18:00,29
2004-03-23-18:30,28
2004-03-23-19:00,28
2004-03-23-20:30,27
2004-03-23-21:00,27
2004-03-23-21:30,27
2004-03-23-22:00,27
2004-03-23-22:30,27
2004-03-23-23:00,26
2004-03-23-23:30,26
2004-03-24-00:00,23
2004-03-24-00:30,21
2004-03-24-01:00,20
2004-03-24-01:30,20
2004-03-24-02:00,20
2004-03-24-02:30,21
2004-03-24-04:00,26
2004-03-24-04:30,29
2004-03-24-05:00,31
2004-03-24-05:30,32
2004-03-24-06:00,32
2004-03-24-06:30,33
2004-03-24-07:00,33
2004-03-24-07:30,34
2004-03-24-08:00,35
2004-03-24-08:30,35
2004-03-24-09:00,35
2004-03-24-09:30,35
2004-03-24-10:00,35
2004-03-24-11:00,35
2004-03-24-11:30,34
2004-03-24-12:00,33
2004-03-24-12:30,33
2004-03-24-13:00,30
2004-03-24-13:30,30
2004-03-24-14:00,30
2004-03-24-14:30,30
2004-03-24-15:00,28
2004-03-24-15:30,28
2004-03-24-16:30,29
2004-03-24-17:00,29
2004-03-24-17:30,26
2004-03-24-18:00,26
2004-03-24-18:30,25
2004-03-24-19:00,25
2004-03-24-19:30,25
2004-03-24-20:00,25
2004-03-24-20:30,24
2004-03-24-20:51,24
2004-03-24-21:30,24
2004-03-24-22:00,23
2004-03-24-22:30,23
2004-03-24-23:00,23
2004-03-24-23:30,22
2004-03-25-00:00,20
2004-03-25-00:30,19
2004-03-25-01:00,19
2004-03-25-01:30,20
2004-03-25-02:00,20
2004-03-25-02:30,21
2004-03-25-03:30,26
2004-03-25-04:00,28
2004-03-25-04:30,27
2004-03-25-05:00,29
2004-03-25-05:30,30
2004-03-25-06:00,32
2004-03-25-06:30,33
2004-03-25-07:00,34
2004-03-25-07:30,34
2004-03-25-08:00,35
2004-03-25-08:30,35
2004-03-25-09:30,35
2004-03-25-10:00,35
2004-03-25-10:30,35
2004-03-25-11:00,35
2004-03-25-11:30,35
2004-03-25-12:00,34
2004-03-25-12:30,34
2004-03-25-13:00,32
2004-03-25-13:30,31
2004-03-25-14:30,30
2004-03-25-15:00,30
2004-03-25-15:30,29
2004-03-25-16:00,29
2004-03-25-16:30,28
2004-03-25-17:00,28
2004-03-25-17:30,27
2004-03-25-18:00,27
2004-03-25-18:30,27
2004-03-25-19:00,26
2004-03-25-19:30,26
2004-03-25-20:00,26
2004-03-25-20:30,25
2004-03-25-21:00,25
2004-03-25-21:30,25
2004-03-25-22:00,24
2004-03-25-22:30,24
2004-03-25-23:00,23
2004-03-26-00:00,19
2004-03-26-00:30,18
2004-03-26-01:00,18
2004-03-26-01:30,18
2004-03-26-02:00,19
2004-03-26-02:30,20
2004-03-26-03:30,25
2004-03-26-04:00,27
2004-03-26-04:30,29
2004-03-26-05:00,30
2004-03-26-05:30,32
2004-03-26-06:00,32
2004-03-26-06:30,33
2004-03-26-07:00,33
2004-03-26-07:30,34
2004-03-26-08:00,34
2004-03-26-08:30,34
2004-03-26-09:00,34
2004-03-26-09:30,34
2004-03-26-10:00,34
2004-03-26-10:30,34
2004-03-26-11:00,34
2004-03-26-11:30,34
2004-03-26-12:00,33
2004-03-26-12:30,32
2004-03-26-13:00,32
2004-03-26-13:30,31
2004-03-26-14:00,30
2004-03-26-14:30,30
2004-03-26-15:00,30
2004-03-26-15:30,29
2004-03-26-16:00,29
2004-03-26-17:00,28
2004-03-26-17:30,27
2004-03-26-18:00,27
2004-03-26-18:30,26
2004-03-26-19:00,26
2004-03-26-19:30,26
2004-03-26-20:00,24
2004-03-26-20:30,24
2004-03-26-21:00,24
2004-03-26-21:30,24
2004-03-26-22:00,24
2004-03-26-22:30,23
2004-03-26-23:00,23
2004-03-26-23:30,23
2004-03-27-00:00,22
2004-03-27-00:30,19
2004-03-27-01:00,19
2004-03-27-01:30,19
2004-03-27-02:00,20
2004-03-27-02:30,22
2004-03-27-03:00,23
2004-03-27-03:30,26
2004-03-27-04:00,27
2004-03-27-05:00,30
2004-03-27-05:30,31
2004-03-27-06:00,31
2004-03-27-06:30,33
2004-03-27-07:00,34
2004-03-27-07:30,34
2004-03-27-08:00,34
2004-03-27-09:00,35
2004-03-27-09:30,35
2004-03-27-10:00,35
2004-03-27-11:00,34
2004-03-27-11:30,34
2004-03-27-12:00,33
2004-03-27-12:30,32
2004-03-27-13:00,31
2004-03-27-13:30,31
2004-03-27-14:00,31
2004-03-27-15:00,29
2004-03-27-15:30,29
2004-03-27-16:00,29
2004-03-27-16:30,28
2004-03-27-17:00,28
2004-03-27-17:30,27
2004-03-27-18:00,26
2004-03-27-18:30,24
2004-03-27-19:00,25
2004-03-27-19:30,24
2004-03-27-20:00,22
2004-03-27-20:30,23
2004-03-27-21:00,22
2004-03-27-21:30,21
2004-03-27-22:00,20
2004-03-27-22:30,20
2004-03-27-23:00,19
2004-03-28-00:00,19
2004-03-28-00:30,19
2004-03-28-01:00,19
2004-03-28-01:30,19
2004-03-28-02:00,20
2004-03-28-02:30,21
2004-03-28-03:00,23
2004-03-28-03:30,23
2004-03-28-04:00,26
2004-03-28-04:30,26
2004-03-28-05:00,28
2004-03-28-05:30,30
2004-03-28-06:30,31
2004-03-28-07:00,32
2004-03-28-07:30,33
2004-03-28-08:00,33
2004-03-28-09:00,34
2004-03-28-09:30,34
2004-03-28-10:00,34
2004-03-28-10:30,34
2004-03-28-11:00,34
2004-03-28-11:30,34
2004-03-28-12:00,34
2004-03-28-12:30,32
2004-03-28-13:00,31
2004-03-28-13:30,29
2004-03-28-14:00,29
2004-03-28-14:30,29
2004-03-28-15:00,28
2004-03-28-15:30,28
2004-03-28-16:00,29
2004-03-28-17:00,27
2004-03-28-17:30,27
2004-03-28-18:00,26
2004-03-28-18:30,26
2004-03-28-19:00,25
2004-03-28-19:30,25
2004-03-28-20:00,24
2004-03-28-20:30,23
2004-03-28-21:00,23
2004-03-28-21:30,22
2004-03-28-22:00,22
2004-03-28-22:30,21
2004-03-28-23:00,20
2004-03-28-23:30,20
2004-03-29-00:00,20
2004-03-29-00:30,20
2004-03-29-01:00,19
2004-03-29-01:30,19
2004-03-29-02:00,20
2004-03-29-03:00,24
2004-03-29-03:30,26
2004-03-29-04:00,27
2004-03-29-04:30,29
2004-03-29-05:00,31
2004-03-29-05:30,32
2004-03-29-06:30,33
2004-03-29-07:00,35
2004-03-29-07:30,35
2004-03-29-08:30,36
2004-03-29-09:00,36
2004-03-29-09:30,36
2004-03-29-10:00,36
2004-03-29-10:30,35
2004-03-29-11:00,35
2004-03-29-11:30,35
2004-03-29-12:00,35
2004-03-29-12:30,34
2004-03-29-13:00,33
2004-03-29-13:30,31
2004-03-29-14:00,32
2004-03-29-14:30,30
2004-03-29-15:00,30
2004-03-29-15:30,30
2004-03-29-16:00,28
2004-03-29-16:30,28
2004-03-29-17:00,26
2004-03-29-17:30,25
2004-03-29-18:00,26
2004-03-29-18:30,24
2004-03-29-19:00,23
2004-03-29-19:30,23
2004-03-29-20:00,24
2004-03-29-20:30,23
2004-03-29-21:00,22
2004-03-29-21:30,22
2004-03-29-22:00,22
2004-03-29-22:30,22
2004-03-29-23:00,21
2004-03-29-23:30,20
2004-03-30-00:00,20
2004-03-30-00:30,20
2004-03-30-01:00,21
2004-03-30-01:30,20
2004-03-30-02:00,22
2004-03-30-02:30,24
2004-03-30-03:00,26
2004-03-30-03:30,28
2004-03-30-04:00,29
2004-03-30-04:30,30
2004-03-30-05:30,33
2004-03-30-06:00,35
2004-03-30-06:30,35
2004-03-30-07:00,37
2004-03-30-07:30,36
2004-03-30-08:30,37
2004-03-30-09:00,37
2004-03-30-09:30,37
2004-03-30-10:00,37
2004-03-30-10:30,38
2004-03-30-11:00,37
2004-03-30-11:30,37
2004-03-30-12:00,37
2004-03-30-12:30,38
2004-03-30-13:00,35
2004-03-30-13:30,33
2004-03-30-14:00,32
2004-03-30-14:30,31
2004-03-30-15:00,31
2004-03-30-15:30,29
2004-03-30-16:00,27
2004-03-30-17:30,28
2004-03-30-18:00,24
2004-03-30-19:00,24
2004-03-30-19:30,24
2004-03-30-20:00,24
2004-03-30-20:30,24
2004-03-30-21:00,23
2004-03-30-21:30,22
2004-03-30-22:00,22
2004-03-30-22:30,22
2004-03-30-23:00,22
2004-03-30-23:30,22
2004-03-31-00:00,22
2004-03-31-00:30,21
2004-03-31-01:00,21
2004-03-31-01:30,21
2004-03-31-02:00,22
2004-03-31-02:30,24
2004-03-31-03:00,26
2004-03-31-03:30,28
2004-03-31-04:00,30
2004-03-31-04:30,32
2004-03-31-05:00,33
2004-03-31-05:30,34
2004-03-31-06:00,35
2004-03-31-06:30,36
2004-03-31-07:00,36
2004-03-31-07:30,36
2004-03-31-08:00,37
2004-03-31-08:30,37
2004-03-31-09:00,37
2004-03-31-09:30,38
2004-03-31-10:00,38
2004-03-31-10:30,38
2004-03-31-11:00,38
2004-03-31-11:30,37
2004-03-31-12:00,37
2004-03-31-12:30,36
2004-03-31-13:00,35
2004-03-31-13:30,34
2004-03-31-14:00,33
2004-03-31-14:30,33
2004-03-31-15:00,32
2004-03-31-15:30,31
2004-03-31-16:00,30
2004-03-31-16:30,29
2004-03-31-17:00,29
2004-03-31-17:30,28
2004-03-31-18:00,27
2004-03-31-18:30,25
2004-03-31-19:00,25
2004-03-31-19:30,25
2004-03-31-20:00,24
2004-03-31-20:30,24
2004-03-31-21:00,23
2004-03-31-21:30,23
2004-03-31-22:00,23
2004-03-31-22:30,23
2004-03-31-23:00,29
2004-03-31-23:30,23
2004-04-01-00:00,23
2004-04-01-00:30,23
2004-04-01-01:00,22
2004-04-01-01:30,23
2004-04-01-02:00,23
2004-04-01-02:30,25
2004-04-01-03:00,27
2004-04-01-03:30,29
2004-04-01-04:00,30
2004-04-01-04:30,31
2004-04-01-05:00,33
2004-04-01-05:30,35
2004-04-01-06:00,37
2004-04-01-06:30,37
2004-04-01-07:00,37
2004-04-01-07:21,37
2004-04-01-08:00,37
2004-04-01-08:30,38
2004-04-01-09:00,39
2004-04-01-09:30,38
2004-04-01-10:00,38
2004-04-01-10:30,38
2004-04-01-11:00,38
2004-04-01-11:30,38
2004-04-01-12:00,37
2004-04-01-12:30,36
2004-04-01-13:00,35
2004-04-01-13:30,34
2004-04-01-14:00,33
2004-04-01-14:30,32
2004-04-01-15:00,31
2004-04-01-15:30,31
2004-04-01-16:30,32
2004-04-01-17:00,30
2004-04-01-17:30,30
2004-04-01-18:00,28
2004-04-01-18:30,28
2004-04-01-19:30,27
2004-04-01-20:00,27
2004-04-01-20:30,26
2004-04-01-21:00,26
2004-04-01-21:30,25
2004-04-01-22:00,25
2004-04-01-22:30,25
2004-04-01-23:00,24
2004-04-01-23:30,23
2004-04-02-00:00,24
2004-04-02-00:30,23
2004-04-02-01:00,23
2004-04-02-01:30,23
2004-04-02-02:00,23
2004-04-02-02:30,25
2004-04-02-03:00,28
2004-04-02-03:30,30
2004-04-02-04:00,30
2004-04-02-04:30,32
2004-04-02-05:00,33
2004-04-02-05:30,33
2004-04-02-06:00,35
2004-04-02-06:30,37
2004-04-02-07:30,38
2004-04-02-08:00,38
2004-04-02-08:30,38
2004-04-02-09:30,38
2004-04-02-10:00,39
2004-04-02-10:30,38
2004-04-02-11:00,38
2004-04-02-11:30,38
2004-04-02-12:00,37
2004-04-02-12:30,37
2004-04-02-13:00,35
2004-04-02-13:30,35
2004-04-02-14:00,35
2004-04-02-14:30,33
2004-04-02-15:00,33
2004-04-02-15:30,33
2004-04-02-16:00,33
2004-04-02-16:30,31
2004-04-02-18:00,28
2004-04-02-18:30,28
2004-04-02-19:30,28
2004-04-02-20:00,27
2004-04-02-20:30,26
2004-04-02-21:00,26
2004-04-02-21:30,26
2004-04-02-22:00,25
2004-04-02-22:30,24
2004-04-02-23:00,24
2004-04-02-23:30,24
2004-04-03-00:00,25
2004-04-03-00:30,24
2004-04-03-01:00,25
2004-04-03-02:00,25
2004-04-03-02:30,27
2004-04-03-03:00,29
2004-04-03-03:30,30
2004-04-03-04:00,31
2004-04-03-04:30,33
2004-04-03-05:00,34
2004-04-03-05:30,35
2004-04-03-06:00,37
2004-04-03-06:30,37
2004-04-03-07:00,37
2004-04-03-07:30,38
2004-04-03-08:30,39
2004-04-03-09:00,39
2004-04-03-09:30,39
2004-04-03-10:00,39
2004-04-03-10:30,39
2004-04-03-11:00,39
2004-04-03-11:30,39
2004-04-03-12:00,38
2004-04-03-12:30,37
2004-04-03-13:30,36
2004-04-03-14:00,35
2004-04-03-14:30,35
2004-04-03-15:00,34
2004-04-03-15:30,34
2004-04-03-16:00,33
2004-04-03-16:30,33
2004-04-03-17:00,29
2004-04-03-17:30,29
2004-04-03-18:00,28
2004-04-03-18:30,28
2004-04-03-19:00,28
2004-04-03-19:30,28
2004-04-03-20:00,27
2004-04-03-20:30,27
2004-04-03-21:00,26
2004-04-03-21:30,26
2004-04-03-22:00,25
2004-04-03-22:30,24
2004-04-03-23:00,24
2004-04-03-23:30,24
2004-04-04-00:00,23
2004-04-04-00:30,24
2004-04-04-01:00,24
2004-04-04-01:30,24
2004-04-04-02:00,25
2004-04-04-02:30,26
2004-04-04-03:00,28
2004-04-04-03:30,29
2004-04-04-04:00,32
2004-04-04-04:30,33
2004-04-04-05:00,34
2004-04-04-05:30,35
2004-04-04-06:00,36
2004-04-04-06:30,37
2004-04-04-07:00,38
2004-04-04-07:30,38
2004-04-04-08:00,39
2004-04-04-08:30,39
2004-04-04-09:00,39
2004-04-04-09:30,39
2004-04-04-10:00,38
2004-04-04-10:30,38
2004-04-04-11:00,38
2004-04-04-11:30,38
2004-04-04-12:00,37
2004-04-04-12:30,37
2004-04-04-13:00,36
2004-04-04-13:30,35
2004-04-04-14:00,35
2004-04-04-14:30,34
2004-04-04-15:00,34
2004-04-04-15:30,33
2004-04-04-16:30,33
2004-04-04-17:00,33
2004-04-04-17:30,33
2004-04-04-18:00,31
2004-04-04-18:30,29
2004-04-04-19:00,29
2004-04-04-19:30,28
2004-04-04-20:30,29
2004-04-04-21:00,29
2004-04-04-21:30,30
2004-04-04-22:00,29
2004-04-04-22:30,29
2004-04-04-23:00,27
2004-04-04-23:30,26
2004-04-05-00:00,26
2004-04-05-00:30,25
2004-04-05-01:00,25
2004-04-05-01:30,25
2004-04-05-02:00,26
2004-04-05-02:30,28
2004-04-05-03:00,29
2004-04-05-03:30,30
2004-04-05-04:00,32
2004-04-05-04:30,33
2004-04-05-05:00,35
2004-04-05-05:30,35
2004-04-05-06:00,36
2004-04-05-06:30,37
2004-04-05-07:00,37
2004-04-05-07:30,37
2004-04-05-08:00,38
2004-04-05-08:30,38
2004-04-05-09:00,39
2004-04-05-09:30,39
2004-04-05-10:00,39
2004-04-05-11:00,38
2004-04-05-11:30,38
2004-04-05-12:00,38
2004-04-05-13:30,35
2004-04-05-14:00,35
2004-04-05-15:00,34
2004-04-05-15:30,32
2004-04-05-16:00,32
2004-04-05-16:30,31
2004-04-05-17:00,31
2004-04-05-17:30,31
2004-04-05-18:00,31
2004-04-05-18:30,31
2004-04-05-19:00,31
2004-04-05-19:30,30
2004-04-05-20:00,30
2004-04-05-20:30,29
2004-04-05-21:00,28
2004-04-05-21:30,28
2004-04-05-22:00,27
2004-04-05-22:30,26
2004-04-05-23:00,26
2004-04-05-23:30,26
2004-04-06-00:00,27
2004-04-06-00:30,27
2004-04-06-01:30,26
2004-04-06-02:00,27
2004-04-06-02:30,29
2004-04-06-03:00,31
2004-04-06-03:30,33
2004-04-06-04:00,34
2004-04-06-04:30,35
2004-04-06-05:00,36
2004-04-06-05:30,37
2004-04-06-06:30,38
2004-04-06-07:00,38
2004-04-06-07:30,38
2004-04-06-08:00,38
2004-04-06-08:30,38
2004-04-06-09:00,38
2004-04-06-09:30,39
2004-04-06-10:00,38
2004-04-06-10:30,39
2004-04-06-11:00,38
2004-04-06-11:30,38
2004-04-06-12:00,38
2004-04-06-12:30,35
2004-04-06-13:30,35
2004-04-06-14:00,34
2004-04-06-14:30,34
2004-04-06-15:00,34
2004-04-06-15:30,32
2004-04-06-16:00,32
2004-04-06-16:30,31
2004-04-06-17:00,31
2004-04-06-17:30,30
2004-04-06-18:00,29
2004-04-06-18:30,29
2004-04-06-19:00,29
2004-04-06-19:30,29
2004-04-06-20:00,28
2004-04-06-20:30,27
2004-04-06-21:00,27
2004-04-06-21:30,28
2004-04-06-22:00,27
2004-04-06-22:30,26
2004-04-06-23:00,25
2004-04-06-23:30,25
2004-04-07-00:00,25
2004-04-07-00:30,25
2004-04-07-01:00,25
2004-04-07-01:30,26
2004-04-07-02:00,28
2004-04-07-02:30,30
2004-04-07-03:00,31
2004-04-07-03:30,32
2004-04-07-04:00,33
2004-04-07-04:30,35
2004-04-07-05:00,36
2004-04-07-05:30,38
2004-04-07-06:00,38
2004-04-07-06:30,38
2004-04-07-07:00,39
2004-04-07-07:30,41
2004-04-07-08:00,40
2004-04-07-08:30,41
2004-04-07-09:00,41
2004-04-07-09:30,40
2004-04-07-10:00,40
2004-04-07-10:30,40
2004-04-07-11:00,41
2004-04-07-11:30,40
2004-04-07-12:00,40
2004-04-07-12:30,38
2004-04-07-13:00,37
2004-04-07-13:30,37
2004-04-07-14:00,36
2004-04-07-15:00,34
2004-04-07-15:30,33
2004-04-07-16:00,33
2004-04-07-16:30,33
2004-04-07-17:00,33
2004-04-07-17:30,33
2004-04-07-18:00,33
2004-04-07-18:30,33
2004-04-07-19:00,32
2004-04-07-19:30,33
2004-04-07-20:00,31
2004-04-07-20:30,31
2004-04-07-21:00,32
2004-04-07-21:30,32
2004-04-07-22:00,32
2004-04-07-22:30,30
2004-04-07-23:00,30
2004-04-08-00:00,30
2004-04-08-00:30,30
2004-04-08-01:00,30
2004-04-08-02:00,29
2004-04-08-02:30,29
2004-04-08-03:00,29
2004-04-08-03:30,29
2004-04-08-04:00,31
2004-04-08-04:30,32
2004-04-08-05:00,32
2004-04-08-05:30,33
2004-04-08-06:00,34
2004-04-08-06:30,35
2004-04-08-07:00,35
2004-04-08-07:30,34
2004-04-08-08:00,34
2004-04-08-08:30,34
2004-04-08-09:00,35
2004-04-08-09:30,35
2004-04-08-10:00,36
2004-04-08-10:30,36
2004-04-08-11:30,36
2004-04-08-12:00,36
2004-04-08-12:30,35
2004-04-08-13:00,35
2004-04-08-13:30,34
2004-04-08-14:00,33
2004-04-08-14:30,32
2004-04-08-15:00,32
2004-04-08-15:30,31
2004-04-08-16:00,31
2004-04-08-16:30,31
2004-04-08-17:00,31
2004-04-08-17:30,31
2004-04-08-18:00,30
2004-04-08-18:30,30
2004-04-08-19:00,30
2004-04-08-19:30,30
2004-04-08-20:00,30
2004-04-08-20:30,30
2004-04-08-21:00,30
2004-04-08-21:30,29
2004-04-08-22:00,28
2004-04-08-22:30,27
2004-04-08-23:00,27
2004-04-08-23:30,28
2004-04-09-00:00,27
2004-04-09-00:30,28
2004-04-09-01:00,27
2004-04-09-01:30,28
2004-04-09-02:00,30
2004-04-09-02:30,31
2004-04-09-03:30,33
2004-04-09-04:00,34
2004-04-09-04:30,35
2004-04-09-05:00,35
2004-04-09-05:30,37
2004-04-09-06:00,37
2004-04-09-06:30,37
2004-04-09-07:00,38
2004-04-09-07:30,39
2004-04-09-08:00,39
2004-04-09-08:30,39
2004-04-09-09:00,39
2004-04-09-09:30,39
2004-04-09-11:00,31
2004-04-09-11:30,31
2004-04-09-12:00,31
2004-04-09-12:30,30
2004-04-09-13:00,31
2004-04-09-13:30,30
2004-04-09-14:00,30
2004-04-09-14:30,29
2004-04-09-15:30,30
2004-04-09-16:00,30
2004-04-09-16:30,30
2004-04-09-17:00,30
2004-04-09-17:30,29
2004-04-09-18:00,28
2004-04-09-18:30,28
2004-04-09-19:00,27
2004-04-09-19:30,27
2004-04-09-20:00,26
2004-04-09-20:30,26
2004-04-09-21:00,26
2004-04-09-21:30,26
2004-04-09-22:30,25
2004-04-09-23:00,26
2004-04-09-23:30,24
2004-04-10-00:30,24
2004-04-10-01:00,24
2004-04-10-01:30,25
2004-04-10-02:00,26
2004-04-10-02:30,28
2004-04-10-03:00,30
2004-04-10-03:30,32
2004-04-10-04:00,34
2004-04-10-04:30,34
2004-04-10-05:00,36
2004-04-10-05:30,36
2004-04-10-06:00,37
2004-04-10-06:30,38
2004-04-10-07:00,39
2004-04-10-07:30,39
2004-04-10-08:00,39
2004-04-10-08:30,39
2004-04-10-09:00,39
2004-04-10-09:30,40
2004-04-10-10:00,40
2004-04-10-10:30,40
2004-04-10-11:00,40
2004-04-10-11:30,40
2004-04-10-12:00,39
2004-04-10-12:30,39
2004-04-10-13:00,39
2004-04-10-13:30,39
2004-04-10-14:00,39
2004-04-10-14:30,34
2004-04-10-15:00,33
2004-04-10-15:30,33
2004-04-10-16:00,33
2004-04-10-16:30,33
2004-04-10-17:00,33
2004-04-10-17:30,31
2004-04-10-18:00,31
2004-04-10-18:30,31
2004-04-10-19:00,31
2004-04-10-19:30,29
2004-04-10-20:00,29
2004-04-10-20:30,29
2004-04-10-21:00,28
2004-04-10-21:30,29
2004-04-10-22:00,28
2004-04-10-22:30,27
2004-04-10-23:00,27
2004-04-10-23:30,26
2004-04-11-00:00,26
2004-04-11-00:30,26
2004-04-11-01:00,26
2004-04-11-01:30,27
2004-04-11-02:00,27
2004-04-11-02:30,29
2004-04-11-03:00,30
2004-04-11-03:30,32
2004-04-11-04:00,33
2004-04-11-05:00,36
2004-04-11-05:30,37
2004-04-11-06:00,39
2004-04-11-07:00,40
2004-04-11-07:30,40
2004-04-11-08:00,41
2004-04-11-08:30,41
2004-04-11-09:00,40
2004-04-11-09:30,40
2004-04-11-10:00,40
2004-04-11-10:30,40
2004-04-11-11:00,40
2004-04-11-11:30,40
2004-04-11-12:00,39
2004-04-11-12:30,39
2004-04-11-13:00,38
2004-04-11-13:30,36
2004-04-11-14:00,36
2004-04-11-14:21,36
2004-04-11-15:00,33
2004-04-11-15:30,33
2004-04-11-16:00,33
2004-04-11-16:30,33
2004-04-11-17:00,31
2004-04-11-17:30,30
2004-04-11-18:00,29
2004-04-11-18:30,29
2004-04-11-19:00,28
2004-04-11-19:30,28
2004-04-11-20:00,27
2004-04-11-20:30,27
2004-04-11-21:30,26
2004-04-11-22:00,26
2004-04-11-22:30,25
2004-04-11-23:00,25
2004-04-11-23:30,25
2004-04-12-00:00,24
2004-04-12-00:30,24
2004-04-12-01:00,24
2004-04-12-01:30,25
2004-04-12-02:00,26
2004-04-12-02:30,27
2004-04-12-03:00,29
2004-04-12-03:30,30
2004-04-12-04:00,32
2004-04-12-04:30,34
2004-04-12-05:00,36
2004-04-12-05:30,38
2004-04-12-06:00,38
2004-04-12-06:30,38
2004-04-12-07:00,39
2004-04-12-07:30,40
2004-04-12-08:00,40
2004-04-12-08:30,41
2004-04-12-09:00,41
2004-04-12-09:30,41
2004-04-12-10:00,41
2004-04-12-10:30,41
2004-04-12-11:00,41
2004-04-12-11:30,41
2004-04-12-12:00,41
2004-04-12-12:30,40
2004-04-12-13:30,38
2004-04-12-14:00,36
2004-04-12-14:30,36
2004-04-12-15:00,33
2004-04-12-15:30,32
2004-04-12-16:00,33
2004-04-12-16:30,33
2004-04-12-17:00,32
2004-04-12-18:00,31
2004-04-12-18:30,30
2004-04-12-19:30,30
2004-04-12-20:00,28
2004-04-12-20:30,28
2004-04-12-21:00,29
2004-04-12-22:00,28
2004-04-12-22:30,27
2004-04-12-23:00,28
2004-04-12-23:30,27
2004-04-13-00:00,27
2004-04-13-00:30,27
2004-04-13-01:00,28
2004-04-13-01:30,27
2004-04-13-02:00,29
2004-04-13-02:30,30
2004-04-13-03:00,30
2004-04-13-04:00,33
2004-04-13-04:30,34
2004-04-13-05:00,35
2004-04-13-05:30,37
2004-04-13-06:00,38
2004-04-13-06:30,39
2004-04-13-07:00,41
2004-04-13-07:30,41
2004-04-13-08:00,41
2004-04-13-08:30,41
2004-04-13-09:00,42
2004-04-13-09:30,42
2004-04-13-10:00,42
2004-04-13-10:30,42
2004-04-13-11:00,42
2004-04-13-11:30,41
2004-04-13-12:00,41
2004-04-13-12:30,40
2004-04-13-13:30,38
2004-04-13-14:00,34
2004-04-13-14:30,37
2004-04-13-15:00,36.5
2004-04-13-15:30,36
2004-04-13-16:00,36
2004-04-13-16:30,35
2004-04-13-17:00,34
2004-04-13-17:30,34
2004-04-13-18:00,33
2004-04-13-18:30,33
2004-04-13-19:00,33
2004-04-13-19:30,32
2004-04-13-20:00,31
2004-04-13-20:30,30
2004-04-13-21:00,30
2004-04-13-21:30,30
2004-04-13-21:51,30
2004-04-13-22:30,28
2004-04-13-23:00,28
2004-04-13-23:30,27
2004-04-14-00:00,26
2004-04-14-00:30,26
2004-04-14-01:00,26
2004-04-14-01:30,26
2004-04-14-02:00,27
2004-04-14-02:30,28
2004-04-14-03:00,30
2004-04-14-03:30,31
2004-04-14-04:00,33
2004-04-14-04:30,35
2004-04-14-05:00,37
2004-04-14-05:30,37
2004-04-14-06:00,39
2004-04-14-07:00,40
2004-04-14-07:30,40
2004-04-14-08:00,40
2004-04-14-08:30,41
2004-04-14-10:30,41
2004-04-14-11:00,41
2004-04-14-11:30,41
2004-04-14-12:00,41
2004-04-14-12:30,39
2004-04-14-13:00,38
2004-04-14-13:30,38
2004-04-14-14:30,35
2004-04-14-15:00,34
2004-04-14-16:00,34
2004-04-14-16:30,34
2004-04-14-17:00,33
2004-04-14-17:30,32
2004-04-14-18:00,32
2004-04-14-18:30,32
2004-04-14-19:00,31
2004-04-14-19:30,30
2004-04-14-20:00,30
2004-04-14-20:30,29
2004-04-14-21:00,28
2004-04-14-21:30,28
2004-04-14-22:00,27
2004-04-14-22:30,26
2004-04-14-23:00,26
2004-04-14-23:30,26
2004-04-15-00:00,26
2004-04-15-00:30,25
2004-04-15-01:00,26
2004-04-15-01:30,26
2004-04-15-02:00,26
2004-04-15-02:30,27
2004-04-15-03:00,29
2004-04-15-03:30,30
2004-04-15-04:00,32
2004-04-15-04:30,34
2004-04-15-05:00,35
2004-04-15-05:30,37
2004-04-15-06:00,38
2004-04-15-06:30,40
2004-04-15-07:30,40
2004-04-15-08:00,40
2004-04-15-08:30,41
2004-04-15-09:00,40
2004-04-15-09:30,41
2004-04-15-10:00,40
2004-04-15-10:30,40
2004-04-15-11:00,40
2004-04-15-11:30,40
2004-04-15-12:00,40
2004-04-15-12:30,39
2004-04-15-13:00,39
2004-04-15-13:30,39
2004-04-15-14:00,37
2004-04-15-15:00,36
2004-04-15-15:30,35
2004-04-15-16:00,34
2004-04-15-16:30,33
2004-04-15-17:00,33
2004-04-15-17:30,32
2004-04-15-18:00,30
2004-04-15-18:30,31
2004-04-15-19:00,30
2004-04-15-19:30,29
2004-04-15-20:00,28
2004-04-15-20:30,28
2004-04-15-21:00,28
2004-04-15-21:30,28
2004-04-15-22:00,27
2004-04-15-22:30,27
2004-04-15-23:00,26
2004-04-15-23:30,26
2004-04-16-00:00,26
2004-04-16-00:30,25
2004-04-16-01:00,26
2004-04-16-01:30,26
2004-04-16-02:00,27
2004-04-16-02:30,29
2004-04-16-03:00,31
2004-04-16-03:30,32
2004-04-16-04:00,33
2004-04-16-04:30,36
2004-04-16-05:00,37
2004-04-16-05:30,38
2004-04-16-06:00,39
2004-04-16-07:00,40
2004-04-16-07:30,41
2004-04-16-08:00,41
2004-04-16-08:30,42
2004-04-16-09:00,42
2004-04-16-09:30,43
2004-04-16-10:00,43
2004-04-16-10:30,43
2004-04-16-11:00,43
2004-04-16-11:30,42
2004-04-16-12:00,42
2004-04-16-12:30,42
2004-04-16-13:00,41
2004-04-16-13:30,40
2004-04-16-14:30,37
2004-04-16-15:00,37
2004-04-16-15:30,36
2004-04-16-16:00,36
2004-04-16-16:30,35
2004-04-16-17:00,34
2004-04-16-17:30,35
2004-04-16-18:00,34
2004-04-16-18:30,33
2004-04-16-19:00,33
2004-04-16-19:30,33
2004-04-16-20:00,33
2004-04-16-20:30,33
2004-04-16-21:00,33
2004-04-16-21:30,33
2004-04-16-22:00,34
2004-04-16-22:30,34
2004-04-16-23:00,34
2004-04-16-23:30,33
2004-04-17-00:00,34
2004-04-17-00:30,33
2004-04-17-01:00,33
2004-04-17-01:30,32
2004-04-17-02:00,34
2004-04-17-02:30,34
2004-04-17-03:00,34
2004-04-17-03:30,35
2004-04-17-04:00,35
2004-04-17-04:30,36
2004-04-17-05:00,37
2004-04-17-05:30,37
2004-04-17-06:00,37
2004-04-17-06:30,39
2004-04-17-07:00,39
2004-04-17-07:30,39
2004-04-17-08:00,40
2004-04-17-08:30,40
2004-04-17-09:00,41
2004-04-17-09:30,41
2004-04-17-10:00,40
2004-04-17-10:30,40
2004-04-17-11:00,39
2004-04-17-11:30,39
2004-04-17-12:00,38
2004-04-17-12:30,38
2004-04-17-13:00,37
2004-04-17-14:00,37
2004-04-17-14:30,37
2004-04-17-15:00,36
2004-04-17-15:30,36
2004-04-17-16:00,35
2004-04-17-16:30,35
2004-04-17-17:00,34
2004-04-17-17:30,34
2004-04-17-18:00,33
2004-04-17-18:30,33
2004-04-17-19:00,33
2004-04-17-20:00,32
2004-04-17-20:30,32
2004-04-17-21:00,31
2004-04-17-21:30,30
2004-04-17-22:00,28
2004-04-17-22:30,28
2004-04-17-23:00,27
2004-04-17-23:30,28
2004-04-18-00:00,27
2004-04-18-00:30,27
2004-04-18-01:00,27
2004-04-18-01:30,27
2004-04-18-02:00,28
2004-04-18-02:30,29
2004-04-18-03:00,29
2004-04-18-03:30,31
2004-04-18-04:00,32
2004-04-18-04:30,33
2004-04-18-05:00,34
2004-04-18-05:30,35
2004-04-18-06:00,36
2004-04-18-06:30,36
2004-04-18-07:00,37
2004-04-18-07:30,37
2004-04-18-08:00,38
2004-04-18-08:30,38
2004-04-18-09:00,38
2004-04-18-09:30,39
2004-04-18-10:00,39
2004-04-18-10:30,39
2004-04-18-11:00,39
2004-04-18-11:30,39
2004-04-18-12:30,38
2004-04-18-13:00,37
2004-04-18-13:30,37
2004-04-18-14:00,36
2004-04-18-14:30,35
2004-04-18-15:00,34
2004-04-18-15:30,33
2004-04-18-16:00,34
2004-04-18-16:30,33
2004-04-18-17:00,32
2004-04-18-17:30,32
2004-04-18-18:00,32
2004-04-18-18:30,31
2004-04-18-19:00,30
2004-04-18-19:30,30
2004-04-18-20:00,29
2004-04-18-20:30,29
2004-04-18-21:00,29
2004-04-18-22:00,28
2004-04-18-22:30,27
2004-04-18-23:00,27
2004-04-18-23:30,27
2004-04-19-00:00,27
2004-04-19-01:00,26
2004-04-19-01:30,27
2004-04-19-02:00,28
2004-04-19-02:30,29
2004-04-19-03:00,31
2004-04-19-03:30,32
2004-04-19-04:00,34
2004-04-19-04:30,35
2004-04-19-05:00,37
2004-04-19-05:30,37
2004-04-19-06:00,37
2004-04-19-06:30,38
2004-04-19-07:00,40
2004-04-19-07:30,40
2004-04-19-08:00,40
2004-04-19-08:30,40
2004-04-19-09:00,40
2004-04-19-09:30,41
2004-04-19-10:00,40
2004-04-19-10:30,41
2004-04-19-11:00,41
2004-04-19-11:30,40
2004-04-19-12:00,40
2004-04-19-12:30,39
2004-04-19-13:00,39
2004-04-19-13:30,39
2004-04-19-14:30,34
2004-04-19-15:00,35
2004-04-19-16:00,34
2004-04-19-16:30,32
2004-04-19-17:00,32
2004-04-19-17:30,32
2004-04-19-18:00,32
2004-04-19-18:30,33
2004-04-19-19:00,33
2004-04-19-19:30,36
2004-04-19-20:30,31
2004-04-19-21:00,31
2004-04-19-21:30,31
2004-04-19-22:00,30
2004-04-19-22:30,29
2004-04-19-23:00,29
2004-04-19-23:30,30
2004-04-20-00:00,28
2004-04-20-00:30,29
2004-04-20-01:00,29
2004-04-20-01:30,28
2004-04-20-02:00,29
2004-04-20-02:30,29
2004-04-20-03:00,30
2004-04-20-03:30,31
2004-04-20-04:00,32
2004-04-20-04:30,33
2004-04-20-05:00,35
2004-04-20-05:30,35
2004-04-20-06:00,36
2004-04-20-06:30,37
2004-04-20-07:00,38
2004-04-20-07:30,39
2004-04-20-08:00,40
2004-04-20-08:30,40
2004-04-20-09:00,40
2004-04-20-09:30,41
2004-04-20-10:00,41
2004-04-20-10:30,41
2004-04-20-11:00,41
2004-04-20-11:30,40
2004-04-20-12:00,40
2004-04-20-12:30,39
2004-04-20-13:00,38
2004-04-20-13:30,37
2004-04-20-14:00,36
2004-04-20-14:30,36
2004-04-20-15:00,35
2004-04-20-15:30,34
2004-04-20-16:00,34
2004-04-20-16:30,34
2004-04-20-17:00,33
2004-04-20-17:30,33
2004-04-20-18:00,32
2004-04-20-18:30,32
2004-04-20-19:00,31
2004-04-20-19:30,31
2004-04-20-20:00,31
2004-04-20-20:30,31
2004-04-20-21:00,31
2004-04-20-21:30,30
2004-04-20-22:00,30
2004-04-20-23:00,31
2004-04-20-23:30,31
2004-04-21-00:00,31
2004-04-21-00:30,30
2004-04-21-01:00,30
2004-04-21-01:30,31
2004-04-21-02:30,32
2004-04-21-03:00,34
2004-04-21-04:00,35
2004-04-21-04:30,35
2004-04-21-05:00,37
2004-04-21-05:30,38
2004-04-21-06:00,39
2004-04-21-06:30,40
2004-04-21-07:00,40
2004-04-21-07:30,41
2004-04-21-08:00,41
2004-04-21-08:30,41
2004-04-21-09:00,41
2004-04-21-09:30,41
2004-04-21-10:00,41
2004-04-21-10:30,41
2004-04-21-11:00,41
2004-04-21-11:30,42
2004-04-21-12:00,42
2004-04-21-13:30,37
2004-04-21-14:30,32
2004-04-21-15:00,32
2004-04-21-15:30,32
2004-04-21-16:00,32
2004-04-21-16:30,32
2004-04-21-17:00,30
2004-04-21-17:30,30
2004-04-21-18:00,30
2004-04-21-18:30,30
2004-04-21-19:00,30
2004-04-21-19:30,29
2004-04-21-20:00,29
2004-04-21-20:30,29
2004-04-21-21:00,30
2004-04-21-21:30,29
2004-04-21-22:00,29
2004-04-21-22:30,29
2004-04-21-23:00,28
2004-04-22-00:00,28
2004-04-22-00:30,28
2004-04-22-01:00,29
2004-04-22-01:30,29
2004-04-22-02:00,30
2004-04-22-03:00,29
2004-04-22-03:30,30
2004-04-22-04:00,31
2004-04-22-04:30,32
2004-04-22-05:00,33
2004-04-22-05:30,33
2004-04-22-06:00,33
2004-04-22-06:30,34
2004-04-22-07:00,35
2004-04-22-07:30,35
2004-04-22-08:00,35
2004-04-22-08:30,35
2004-04-22-09:00,35
2004-04-22-09:30,35
2004-04-22-10:00,36
2004-04-22-10:30,36
2004-04-22-11:00,36
2004-04-22-11:30,36
2004-04-22-12:00,30
2004-04-22-12:30,28
2004-04-22-13:00,26
2004-04-22-13:30,25
2004-04-22-14:00,24
2004-04-22-14:30,24
2004-04-22-15:00,24
2004-04-22-15:30,24
2004-04-22-16:00,24
2004-04-22-16:30,24
2004-04-22-17:00,24
2004-04-22-17:30,24
2004-04-22-18:00,24
2004-04-22-18:30,24
2004-04-22-19:00,24
2004-04-22-19:30,24
2004-04-22-20:00,24
2004-04-22-20:30,24
2004-04-22-21:00,24
2004-04-22-21:30,24
2004-04-22-22:00,23
2004-04-22-22:30,23
2004-04-22-23:00,24
2004-04-22-23:30,24
2004-04-23-00:00,24
2004-04-23-00:30,23
2004-04-23-01:00,23
2004-04-23-01:30,23
2004-04-23-02:00,25
2004-04-23-02:30,26
2004-04-23-03:00,27
2004-04-23-04:00,28
2004-04-23-04:30,28
2004-04-23-05:00,29
2004-04-23-05:30,29
2004-04-23-06:00,30
2004-04-23-06:30,30
2004-04-23-07:00,31
2004-04-23-07:30,32
2004-04-23-08:00,32
2004-04-23-08:30,32
2004-04-23-09:00,33
2004-04-23-09:30,33
2004-04-23-10:00,33
2004-04-23-10:30,33
2004-04-23-11:00,33
2004-04-23-11:30,33
2004-04-23-12:30,33
2004-04-23-13:00,32
2004-04-23-13:30,31
2004-04-23-14:30,30
2004-04-23-15:00,30
2004-04-23-15:30,29
2004-04-23-16:00,28
2004-04-23-16:30,28
2004-04-23-17:00,28
2004-04-23-17:30,27
2004-04-23-18:00,27
2004-04-23-18:30,27
2004-04-23-19:00,27
2004-04-23-20:00,27
2004-04-23-20:30,27
2004-04-23-21:00,26
2004-04-23-21:30,26
2004-04-23-22:00,26
2004-04-23-22:30,25
2004-04-23-23:00,25
2004-04-23-23:30,25
2004-04-24-00:00,25
2004-04-24-00:30,25
2004-04-24-01:00,26
2004-04-24-01:30,23
2004-04-24-02:00,21
2004-04-24-02:30,20
2004-04-24-03:00,22
2004-04-24-03:30,22
2004-04-24-04:30,25
2004-04-24-05:00,26
2004-04-24-05:30,27
2004-04-24-06:00,28
2004-04-24-07:00,30
2004-04-24-07:30,30
2004-04-24-08:00,31
2004-04-24-08:30,31
2004-04-24-09:00,31
2004-04-24-09:30,31
2004-04-24-10:00,31
2004-04-24-10:30,31
2004-04-24-11:00,31
2004-04-24-11:30,31
2004-04-24-12:00,30
2004-04-24-12:30,30
2004-04-24-13:00,29
2004-04-24-13:30,28
2004-04-24-14:00,27
2004-04-24-14:30,27
2004-04-24-15:00,27
2004-04-24-15:30,26
2004-04-24-16:30,25
2004-04-24-17:00,25
2004-04-24-17:30,25
2004-04-24-18:00,25
2004-04-24-18:30,24
2004-04-24-19:00,24
2004-04-24-19:30,24
2004-04-24-20:00,23
2004-04-24-20:30,23
2004-04-24-21:00,23
2004-04-24-21:30,23
2004-04-24-22:00,22
2004-04-24-22:30,22
2004-04-24-23:00,21
2004-04-24-23:30,21
2004-04-25-00:00,21
2004-04-25-00:30,22
2004-04-25-01:00,22
2004-04-25-01:30,23
2004-04-25-02:30,26
2004-04-25-03:30,28
2004-04-25-04:00,30
2004-04-25-04:30,30
2004-04-25-05:00,30
2004-04-25-05:30,31
2004-04-25-06:00,32
2004-04-25-06:30,32
2004-04-25-07:00,32
2004-04-25-07:30,33
2004-04-25-08:00,33
2004-04-25-08:30,33
2004-04-25-09:00,33
2004-04-25-09:30,34
2004-04-25-10:00,34
2004-04-25-10:30,34
2004-04-25-11:00,34
2004-04-25-11:30,34
2004-04-25-12:00,34
2004-04-25-12:30,34
2004-04-25-13:00,32
2004-04-25-13:30,32
2004-04-25-14:00,31
2004-04-25-15:00,29
2004-04-25-16:00,29
2004-04-25-16:30,29
2004-04-25-17:00,28
2004-04-25-17:30,28
2004-04-25-18:00,27
2004-04-25-18:30,27
2004-04-25-19:00,26
2004-04-25-19:30,26
2004-04-25-20:00,26
2004-04-25-20:30,25
2004-04-25-21:00,25
2004-04-25-21:30,25
2004-04-25-22:00,25
2004-04-25-22:30,25
2004-04-25-23:00,25
2004-04-25-23:30,25
2004-04-26-00:00,24
2004-04-26-00:30,24
2004-04-26-01:00,24
2004-04-26-01:30,26
2004-04-26-02:00,26
2004-04-26-02:30,27
2004-04-26-03:30,28
2004-04-26-04:00,31
2004-04-26-04:30,31
2004-04-26-05:00,33
2004-04-26-05:30,33
2004-04-26-06:00,33
2004-04-26-06:30,33
2004-04-26-07:00,33
2004-04-26-07:30,34
2004-04-26-08:30,35
2004-04-26-09:00,35
2004-04-26-09:30,35
2004-04-26-10:00,36
2004-04-26-10:30,36
2004-04-26-11:00,35
2004-04-26-11:30,35
2004-04-26-12:00,35
2004-04-26-12:30,34
2004-04-26-13:00,34
2004-04-26-13:30,33
2004-04-26-14:30,32
2004-04-26-15:00,31
2004-04-26-15:30,30
2004-04-26-16:00,30
2004-04-26-16:30,30
2004-04-26-17:00,29
2004-04-26-17:30,29
2004-04-26-18:00,29
2004-04-26-18:30,28
2004-04-26-19:00,28
2004-04-26-19:30,28
2004-04-26-20:00,27
2004-04-26-20:30,28
2004-04-26-21:00,27
2004-04-26-21:30,27
2004-04-26-22:00,27
2004-04-26-22:30,27
2004-04-26-23:00,27
2004-04-26-23:30,27
2004-04-27-00:00,27
2004-04-27-00:30,27
2004-04-27-01:00,27
2004-04-27-01:30,28
2004-04-27-02:00,28
2004-04-27-02:30,29
2004-04-27-03:00,31
2004-04-27-03:30,32
2004-04-27-04:00,32
2004-04-27-04:30,33
2004-04-27-05:30,34
2004-04-27-06:00,35
2004-04-27-06:30,36
2004-04-27-07:00,37
2004-04-27-07:30,36
2004-04-27-08:00,37
2004-04-27-08:30,37
2004-04-27-09:00,38
2004-04-27-09:30,38
2004-04-27-10:00,38
2004-04-27-10:30,38
2004-04-27-11:00,38
2004-04-27-11:30,38
2004-04-27-12:00,38
2004-04-27-12:30,37
2004-04-27-13:00,36
2004-04-27-13:30,35
2004-04-27-14:00,34
2004-04-27-14:30,34
2004-04-27-15:00,33
2004-04-27-15:30,33
2004-04-27-16:00,33
2004-04-27-16:30,32
2004-04-27-17:00,32
2004-04-27-17:30,31
2004-04-27-18:00,31
2004-04-27-18:30,31
2004-04-27-19:00,30
2004-04-27-19:30,30
2004-04-27-20:00,30
2004-04-27-20:30,29
2004-04-27-21:00,29
2004-04-27-21:30,29
2004-04-27-22:00,30
2004-04-27-23:30,29
2004-04-28-00:00,29
2004-04-28-00:30,29
2004-04-28-01:00,29
2004-04-28-01:30,29
2004-04-28-02:00,28
2004-04-28-02:30,29
2004-04-28-03:30,31
2004-04-28-04:00,28
2004-04-28-04:30,30
2004-04-28-06:00,33
2004-04-28-06:30,34
2004-04-28-07:00,34
2004-04-28-07:30,35
2004-04-28-08:00,37
2004-04-28-08:30,37
2004-04-28-09:00,37
2004-04-28-09:30,37
2004-04-28-10:00,37
2004-04-28-10:30,37
2004-04-28-11:00,37
2004-04-28-12:30,36
2004-04-28-13:00,36
2004-04-28-13:30,35
2004-04-28-14:00,35
2004-04-28-15:00,34
2004-04-28-15:30,33
2004-04-28-16:00,33
2004-04-28-16:30,32
2004-04-28-17:00,32
2004-04-28-17:30,32
2004-04-28-18:00,31
2004-04-28-18:30,31
2004-04-28-19:00,30
2004-04-28-19:30,30
2004-04-28-20:00,30
2004-04-28-20:30,30
2004-04-28-21:00,30
2004-04-28-21:30,29
2004-04-28-22:00,28
2004-04-28-22:30,28
2004-04-28-23:00,28
2004-04-28-23:30,28
2004-04-29-00:00,27
2004-04-29-00:30,27
2004-04-29-01:00,27
2004-04-29-01:30,27
2004-04-29-02:00,27
2004-04-29-02:30,28
2004-04-29-03:00,28
2004-04-29-03:30,29
2004-04-29-04:00,30
2004-04-29-04:30,30
2004-04-29-05:00,31
2004-04-29-05:30,32
2004-04-29-06:00,32
2004-04-29-06:30,34
2004-04-29-07:00,35
2004-04-29-07:30,35
2004-04-29-08:00,36
2004-04-29-08:30,35
2004-04-29-09:00,36
2004-04-29-09:30,36
2004-04-29-10:00,37
2004-04-29-10:30,37
2004-04-29-11:00,37
2004-04-29-11:30,36
2004-04-29-12:00,36
2004-04-29-12:30,36
2004-04-29-13:00,35
2004-04-29-13:30,34
2004-04-29-14:00,33
2004-04-29-14:30,33
2004-04-29-15:00,32
2004-04-29-15:30,32
2004-04-29-16:00,31
2004-04-29-16:30,31
2004-04-29-17:00,30
2004-04-29-17:30,29
2004-04-29-18:00,30
2004-04-29-19:30,21
2004-04-29-19:51,19
2004-04-29-20:30,20
2004-04-29-21:00,20
2004-04-29-21:30,20
2004-04-29-22:00,20
2004-04-29-22:30,21
2004-04-29-23:00,21
2004-04-30-00:00,21
2004-04-30-00:30,21
2004-04-30-01:00,21
2004-04-30-01:30,21
2004-04-30-02:00,22
2004-04-30-02:30,22
2004-04-30-03:30,21
2004-04-30-04:00,22
2004-04-30-04:30,24
2004-04-30-05:00,26
2004-04-30-05:30,28
2004-04-30-06:00,28
2004-04-30-06:30,28
2004-04-30-07:00,28
2004-04-30-07:30,29
2004-04-30-08:00,29
2004-04-30-08:30,29
2004-04-30-09:00,29
2004-04-30-09:30,25
2004-04-30-10:00,20
2004-04-30-11:00,21
2004-04-30-12:00,22
2004-04-30-12:30,22
2004-04-30-13:00,20
2004-04-30-14:30,21
2004-04-30-15:00,21
2004-04-30-15:30,21
2004-04-30-16:30,18
2004-04-30-17:30,19
2004-04-30-18:00,19
2004-04-30-18:30,19
2004-04-30-19:00,19
2004-04-30-19:30,19
2004-04-30-20:00,19
2004-04-30-20:30,19
2004-04-30-21:00,20
2004-04-30-21:30,20
2004-04-30-22:00,19
2004-04-30-22:30,19
2004-04-30-23:00,19
2004-04-30-23:30,19
2004-05-01-00:00,19
2004-05-01-00:30,19
2004-05-01-01:00,19
2004-05-01-01:30,20
2004-05-01-02:30,22
2004-05-01-03:00,22
2004-05-01-03:30,23
2004-05-01-04:00,24
2004-05-01-04:30,25
2004-05-01-05:00,25
2004-05-01-05:30,26
2004-05-01-06:00,28
2004-05-01-06:30,29
2004-05-01-07:00,30
2004-05-01-07:30,31
2004-05-01-08:00,30
2004-05-01-08:30,31
2004-05-01-09:00,30
2004-05-01-09:30,31
2004-05-01-10:00,31
2004-05-01-10:30,31
2004-05-01-11:00,31
2004-05-01-11:30,31
2004-05-01-12:00,30
2004-05-01-12:30,30
2004-05-01-13:30,29
2004-05-01-14:00,29
2004-05-01-14:30,28
2004-05-01-15:00,28
2004-05-01-15:30,27
2004-05-01-16:00,27
2004-05-01-16:30,27
2004-05-01-17:00,27
2004-05-01-17:30,26
2004-05-01-18:00,26
2004-05-01-18:30,26
2004-05-01-19:00,26
2004-05-01-19:30,26
2004-05-01-20:00,25
2004-05-01-20:30,24
2004-05-01-21:00,24
2004-05-01-21:30,25
2004-05-01-22:00,23
2004-05-01-22:30,23
2004-05-01-23:00,24
2004-05-01-23:30,23
2004-05-02-00:00,23
2004-05-02-00:30,24
2004-05-02-01:00,24
2004-05-02-01:30,25
2004-05-02-02:00,26
2004-05-02-02:30,27
2004-05-02-03:00,28
2004-05-02-03:30,28
2004-05-02-04:00,29
2004-05-02-04:30,29
2004-05-02-05:00,30
2004-05-02-05:30,30
2004-05-02-06:00,32
2004-05-02-06:30,31
2004-05-02-07:00,32
2004-05-02-07:30,32
2004-05-02-08:00,32
2004-05-02-08:30,33
2004-05-02-09:00,33
2004-05-02-09:30,33
2004-05-02-10:00,33
2004-05-02-10:30,33
2004-05-02-11:00,33
2004-05-02-11:30,33
2004-05-02-12:00,33
2004-05-02-12:30,32
2004-05-02-13:00,31
2004-05-02-13:30,31
2004-05-02-14:00,30
2004-05-02-14:30,30
2004-05-02-15:00,29
2004-05-02-15:30,29
2004-05-02-16:00,28
2004-05-02-16:30,28
2004-05-02-17:00,28
2004-05-02-17:30,27
2004-05-02-18:00,27
2004-05-02-18:30,27
2004-05-02-19:00,26
2004-05-02-19:30,26
2004-05-02-20:00,26
2004-05-02-20:30,25
2004-05-02-21:00,23
2004-05-02-21:30,22.5
2004-05-02-22:00,22
2004-05-02-22:30,21
2004-05-02-23:00,21
2004-05-02-23:30,21
2004-05-03-00:00,20
2004-05-03-01:00,21
2004-05-03-01:30,21
2004-05-03-02:00,24
2004-05-03-02:30,24
2004-05-03-03:00,25
2004-05-03-03:30,27
2004-05-03-04:00,28
2004-05-03-04:30,29
2004-05-03-05:00,30
2004-05-03-05:30,30
2004-05-03-06:30,32
2004-05-03-07:00,32
2004-05-03-07:30,32
2004-05-03-08:00,34
2004-05-03-08:30,34
2004-05-03-09:00,34
2004-05-03-09:30,34
2004-05-03-11:00,34
2004-05-03-11:30,34
2004-05-03-12:00,34
2004-05-03-12:30,34
2004-05-03-13:00,33
2004-05-03-13:30,33
2004-05-03-14:00,32
2004-05-03-14:30,31
2004-05-03-15:00,31
2004-05-03-15:30,30
2004-05-03-16:00,30
2004-05-03-16:30,30
2004-05-03-17:00,29
2004-05-03-17:30,29
2004-05-03-18:00,28
2004-05-03-18:30,28
2004-05-03-19:00,27
2004-05-03-19:30,26
2004-05-03-20:00,26
2004-05-03-20:30,26
2004-05-03-21:00,26
2004-05-03-21:30,25
2004-05-03-22:00,25
2004-05-03-22:30,24
2004-05-03-23:00,24
2004-05-03-23:30,24
2004-05-04-00:00,24
2004-05-04-01:00,24
2004-05-04-01:30,24
2004-05-04-02:00,25
2004-05-04-02:30,27
2004-05-04-03:00,28
2004-05-04-03:30,30
2004-05-04-04:30,32
2004-05-04-05:00,33
2004-05-04-06:00,34
2004-05-04-06:30,34
2004-05-04-07:00,35
2004-05-04-07:30,36
2004-05-04-08:00,36
2004-05-04-08:30,36
2004-05-04-09:00,37
2004-05-04-09:30,37
2004-05-04-10:00,37
2004-05-04-10:30,37
2004-05-04-11:00,38
2004-05-04-11:30,37
2004-05-04-12:00,37
2004-05-04-12:30,36
2004-05-04-13:00,36
2004-05-04-13:30,35
2004-05-04-14:00,35
2004-05-04-14:30,33
2004-05-04-15:00,32
2004-05-04-15:30,32
2004-05-04-16:00,32
2004-05-04-16:30,31
2004-05-04-17:00,30
2004-05-04-17:30,29
2004-05-04-18:00,28
2004-05-04-18:30,29
2004-05-04-19:00,28
2004-05-04-19:30,29
2004-05-04-20:00,28
2004-05-04-20:30,27
2004-05-04-21:00,27
2004-05-04-21:30,27
2004-05-04-22:00,27
2004-05-04-22:30,26
2004-05-04-23:00,25
2004-05-04-23:30,25
2004-05-05-00:00,25
2004-05-05-00:30,24
2004-05-05-01:00,26
2004-05-05-01:30,26
2004-05-05-02:00,28
2004-05-05-02:30,29
2004-05-05-03:00,31
2004-05-05-03:30,31
2004-05-05-04:30,34
2004-05-05-05:00,34
2004-05-05-05:30,36
2004-05-05-06:00,36
2004-05-05-06:30,37
2004-05-05-07:00,37
2004-05-05-07:30,38
2004-05-05-08:00,37
2004-05-05-08:30,38
2004-05-05-09:00,38
2004-05-05-09:30,38
2004-05-05-10:00,38
2004-05-05-10:30,39
2004-05-05-11:00,39
2004-05-05-11:30,38
2004-05-05-12:00,37
2004-05-05-12:30,37
2004-05-05-13:00,37
2004-05-05-13:30,36
2004-05-05-14:00,35
2004-05-05-14:30,34
2004-05-05-15:00,33
2004-05-05-15:30,33
2004-05-05-16:00,33
2004-05-05-16:30,32
2004-05-05-17:00,31
2004-05-05-17:30,29
2004-05-05-18:00,28
2004-05-05-19:00,27
2004-05-05-19:30,27
2004-05-05-20:00,27
2004-05-05-21:00,27
2004-05-05-21:30,27
2004-05-05-22:00,26
2004-05-05-22:30,25
2004-05-05-23:00,24
2004-05-05-23:30,24
2004-05-06-00:00,24
2004-05-06-00:30,25
2004-05-06-01:00,25
2004-05-06-01:30,26
2004-05-06-02:00,27
2004-05-06-02:30,29
2004-05-06-03:00,30
2004-05-06-03:30,31
2004-05-06-04:00,32
2004-05-06-04:30,34
2004-05-06-05:30,37
2004-05-06-06:30,37
2004-05-06-07:00,38
2004-05-06-07:30,39
2004-05-06-08:00,39
2004-05-06-08:30,40
2004-05-06-09:00,40
2004-05-06-09:30,40
2004-05-06-10:00,41
2004-05-06-10:30,41
2004-05-06-11:30,40
2004-05-06-12:00,40
2004-05-06-12:30,39
2004-05-06-13:00,38
2004-05-06-13:30,37
2004-05-06-14:00,35
2004-05-06-14:30,35
2004-05-06-15:00,34
2004-05-06-15:30,34
2004-05-06-16:00,33
2004-05-06-16:30,32
2004-05-06-17:30,33
2004-05-06-18:00,32
2004-05-06-18:30,31
2004-05-06-19:00,31
2004-05-06-19:30,30
2004-05-06-20:00,30
2004-05-06-20:30,29
2004-05-06-21:00,27
2004-05-06-21:30,28
2004-05-06-22:30,28
2004-05-06-23:00,28
2004-05-06-23:30,28
2004-05-07-00:00,28
2004-05-07-00:30,28
2004-05-07-01:00,28
2004-05-07-01:30,29
2004-05-07-02:00,31
2004-05-07-03:00,33
2004-05-07-03:30,34
2004-05-07-04:00,35
2004-05-07-04:30,36
2004-05-07-05:00,37
2004-05-07-05:30,37
2004-05-07-06:00,37
2004-05-07-06:30,38
2004-05-07-07:00,39
2004-05-07-07:30,40
2004-05-07-08:00,40
2004-05-07-08:30,40
2004-05-07-09:00,40
2004-05-07-09:30,41
2004-05-07-10:00,41
2004-05-07-10:30,41
2004-05-07-11:00,40
2004-05-07-11:30,40
2004-05-07-12:00,40
2004-05-07-12:30,39
2004-05-07-13:00,37
2004-05-07-13:30,37
2004-05-07-14:00,35
2004-05-07-14:30,35
2004-05-07-15:00,34
2004-05-07-15:30,33
2004-05-07-16:00,32
2004-05-07-16:30,32
2004-05-07-17:30,31
2004-05-07-18:00,31
2004-05-07-18:30,30
2004-05-07-19:00,30
2004-05-07-19:30,20
2004-05-07-20:00,20
2004-05-07-20:30,29
2004-05-07-21:00,29
2004-05-07-21:30,29
2004-05-07-22:00,29
2004-05-07-22:30,29
2004-05-07-23:00,28
2004-05-07-23:30,28
2004-05-08-00:00,27
2004-05-08-00:30,28
2004-05-08-01:00,29
2004-05-08-01:30,30
2004-05-08-02:00,31
2004-05-08-02:30,33
2004-05-08-03:00,35
2004-05-08-03:30,35
2004-05-08-04:00,36
2004-05-08-04:30,37
2004-05-08-05:00,37
2004-05-08-05:30,38
2004-05-08-06:00,39
2004-05-08-06:30,40
2004-05-08-07:00,40
2004-05-08-07:30,41
2004-05-08-08:00,41
2004-05-08-08:30,41
2004-05-08-09:00,41
2004-05-08-09:30,42
2004-05-08-10:00,42
2004-05-08-10:30,42
2004-05-08-11:00,41
2004-05-08-11:30,41
2004-05-08-12:00,41
2004-05-08-12:30,40
2004-05-08-13:00,39
2004-05-08-13:30,39
2004-05-08-14:00,37
2004-05-08-14:30,37
2004-05-08-15:00,37
2004-05-08-15:30,36
2004-05-08-16:00,35
2004-05-08-16:30,35
2004-05-08-17:00,34
2004-05-08-17:30,33
2004-05-08-18:00,32
2004-05-08-18:30,32
2004-05-08-19:00,32
2004-05-08-19:30,31
2004-05-08-20:00,32
2004-05-08-20:30,30
2004-05-08-21:00,31
2004-05-08-21:30,31
2004-05-08-22:00,30
2004-05-08-22:30,30
2004-05-08-23:00,30
2004-05-08-23:30,30
2004-05-09-00:00,30
2004-05-09-01:00,32
2004-05-09-01:30,32
2004-05-09-02:00,33
2004-05-09-02:30,24
2004-05-09-03:00,36
2004-05-09-03:30,37
2004-05-09-04:00,38
2004-05-09-05:00,38
2004-05-09-05:30,39
2004-05-09-06:00,39
2004-05-09-06:30,40
2004-05-09-07:30,40
2004-05-09-08:30,41
2004-05-09-09:30,41
2004-05-09-10:30,41
2004-05-09-11:00,41
2004-05-09-11:30,41
2004-05-09-12:00,42
2004-05-09-12:30,41
2004-05-09-13:00,40
2004-05-09-13:30,40
2004-05-09-14:30,38
2004-05-09-15:00,36
2004-05-09-15:30,36
2004-05-09-16:00,36
2004-05-09-16:30,36
2004-05-09-17:00,36
2004-05-09-17:30,36
2004-05-09-18:00,35
2004-05-09-18:30,35
2004-05-09-19:00,34
2004-05-09-19:30,35
2004-05-09-20:00,35
2004-05-09-20:30,34
2004-05-09-21:00,34
2004-05-09-21:30,34
2004-05-09-22:00,33
2004-05-09-22:30,33
2004-05-09-23:00,33
2004-05-09-23:30,30
2004-05-10-00:00,30
2004-05-10-00:30,30
2004-05-10-01:30,29
2004-05-10-02:00,30
2004-05-10-02:30,31
2004-05-10-03:00,32
2004-05-10-03:30,33
2004-05-10-04:00,35
2004-05-10-04:30,36
2004-05-10-05:00,38
2004-05-10-05:30,39
2004-05-10-06:30,41
2004-05-10-07:30,42
2004-05-10-08:00,42
2004-05-10-08:30,42
2004-05-10-09:00,42
2004-05-10-09:30,42
2004-05-10-10:00,43
2004-05-10-10:30,43
2004-05-10-11:30,43
2004-05-10-12:00,42
2004-05-10-12:30,42
2004-05-10-13:00,41
2004-05-10-13:30,40
2004-05-10-14:00,39
2004-05-10-14:30,37
2004-05-10-15:00,36
2004-05-10-15:30,35
2004-05-10-16:00,35
2004-05-10-16:30,34
2004-05-10-17:00,33
2004-05-10-17:30,32
2004-05-10-18:00,32
2004-05-10-18:30,32
2004-05-10-19:00,33
2004-05-10-19:30,33
2004-05-10-20:00,33
2004-05-10-20:30,33
2004-05-10-21:00,32
2004-05-10-21:30,30
2004-05-10-22:00,29
2004-05-10-22:30,28
2004-05-10-23:00,27
2004-05-10-23:30,28
2004-05-11-00:00,27
2004-05-11-00:30,27
2004-05-11-01:00,27
2004-05-11-01:30,28
2004-05-11-02:00,29
2004-05-11-02:30,31
2004-05-11-03:00,33
2004-05-11-03:30,35
2004-05-11-04:00,38
2004-05-11-04:30,38
2004-05-11-05:00,39
2004-05-11-05:30,40
2004-05-11-06:00,40
2004-05-11-06:30,41
2004-05-11-07:00,41
2004-05-11-07:30,42
2004-05-11-08:00,43
2004-05-11-08:30,43
2004-05-11-09:00,43
2004-05-11-09:30,44
2004-05-11-10:00,44
2004-05-11-10:30,43
2004-05-11-11:00,44
2004-05-11-11:30,43
2004-05-11-12:00,42
2004-05-11-12:30,42
2004-05-11-13:00,41
2004-05-11-13:30,41
2004-05-11-14:00,40
2004-05-11-14:30,39
2004-05-11-15:00,39
2004-05-11-15:30,38
2004-05-11-16:00,37
2004-05-11-16:30,37
2004-05-11-17:00,37
2004-05-11-17:30,37
2004-05-11-18:00,36
2004-05-11-18:30,36
2004-05-11-19:00,36
2004-05-11-20:00,35
2004-05-11-20:30,34
2004-05-11-21:00,34
2004-05-11-21:30,33
2004-05-11-22:00,33
2004-05-11-22:30,32
2004-05-11-23:00,32
2004-05-11-23:30,32
2004-05-12-00:00,33
2004-05-12-00:30,32
2004-05-12-01:00,33
2004-05-12-01:30,34
2004-05-12-02:30,35
2004-05-12-03:00,35
2004-05-12-04:00,35
2004-05-12-04:30,36
2004-05-12-05:00,36
2004-05-12-05:30,36
2004-05-12-06:00,36
2004-05-12-06:30,36
2004-05-12-07:00,36
2004-05-12-07:30,36
2004-05-12-08:00,37
2004-05-12-08:30,37
2004-05-12-10:00,38
2004-05-12-10:30,38
2004-05-12-11:00,33
2004-05-12-11:30,37
2004-05-12-12:00,35
2004-05-12-12:30,34
2004-05-12-13:00,33
2004-05-12-13:30,33
2004-05-12-14:00,34
2004-05-12-14:30,33
2004-05-12-15:00,33
2004-05-12-15:30,32
2004-05-12-16:00,32
2004-05-12-16:30,32
2004-05-12-17:00,32
2004-05-12-17:30,31
2004-05-12-18:00,31
2004-05-12-18:30,31
2004-05-12-19:00,30
2004-05-12-19:30,30
2004-05-12-20:00,30
2004-05-12-20:30,30
2004-05-12-21:00,30
2004-05-12-21:30,29
2004-05-12-22:30,29
2004-05-12-23:00,29
2004-05-12-23:30,29
2004-05-13-00:00,29
2004-05-13-01:00,29
2004-05-13-01:30,31
2004-05-13-02:00,31
2004-05-13-02:30,32
2004-05-13-03:00,34
2004-05-13-03:30,35
2004-05-13-04:30,37
2004-05-13-05:00,37
2004-05-13-05:30,38
2004-05-13-06:00,40
2004-05-13-06:30,39
2004-05-13-07:30,40
2004-05-13-08:00,41
2004-05-13-08:30,42
2004-05-13-09:00,42
2004-05-13-09:30,42
2004-05-13-10:30,41
2004-05-13-11:00,41
2004-05-13-11:30,42
2004-05-13-12:00,41
2004-05-13-12:30,41
2004-05-13-13:00,40
2004-05-13-13:30,40
2004-05-13-14:00,38
2004-05-13-14:30,37
2004-05-13-15:00,37
2004-05-13-16:00,36
2004-05-13-16:30,35
2004-05-13-17:00,35
2004-05-13-17:30,34
2004-05-13-18:00,34
2004-05-13-18:30,34
2004-05-13-19:00,34
2004-05-13-19:30,33
2004-05-13-20:00,33
2004-05-13-20:30,33
2004-05-13-21:00,32
2004-05-13-21:30,32
2004-05-13-22:00,32
2004-05-13-22:30,32
2004-05-13-23:00,31
2004-05-13-23:30,31
2004-05-14-00:00,31
2004-05-14-00:30,30
2004-05-14-01:00,32
2004-05-14-01:30,31
2004-05-14-02:00,32
2004-05-14-02:30,33
2004-05-14-03:00,35
2004-05-14-03:30,36
2004-05-14-04:00,37
2004-05-14-04:30,38
2004-05-14-05:00,38
2004-05-14-05:30,40
2004-05-14-06:00,40
2004-05-14-06:30,41
2004-05-14-07:00,42
2004-05-14-07:30,42
2004-05-14-08:00,42
2004-05-14-08:30,43
2004-05-14-09:30,44
2004-05-14-10:00,43
2004-05-14-10:30,43
2004-05-14-11:00,43
2004-05-14-11:30,43
2004-05-14-12:00,42
2004-05-14-12:30,41
2004-05-14-13:00,42
2004-05-14-13:30,41
2004-05-14-14:00,40
2004-05-14-14:30,39
2004-05-14-15:00,39
2004-05-14-15:30,38
2004-05-14-16:00,38
2004-05-14-16:30,37
2004-05-14-17:00,36
2004-05-14-17:30,36
2004-05-14-18:00,35
2004-05-14-18:30,34
2004-05-14-19:00,34
2004-05-14-19:30,33
2004-05-14-20:00,33
2004-05-14-20:30,33
2004-05-14-21:00,32
2004-05-14-21:30,32
2004-05-14-22:00,32
2004-05-14-22:30,32
2004-05-14-23:00,32
2004-05-14-23:30,31
2004-05-15-00:00,32
2004-05-15-00:30,31
2004-05-15-01:00,32
2004-05-15-01:30,32
2004-05-15-02:00,33
2004-05-15-02:30,34
2004-05-15-03:00,35
2004-05-15-03:30,36
2004-05-15-04:00,37
2004-05-15-04:30,38
2004-05-15-05:30,40
2004-05-15-06:00,40
2004-05-15-06:30,41
2004-05-15-07:00,41
2004-05-15-07:30,42
2004-05-15-08:30,43
2004-05-15-09:00,43
2004-05-15-09:30,43
2004-05-15-10:30,44
2004-05-15-11:00,44
2004-05-15-11:30,43
2004-05-15-12:00,43
2004-05-15-12:30,43
2004-05-15-13:00,42
2004-05-15-13:30,41
2004-05-15-14:00,40
2004-05-15-14:30,39
2004-05-15-15:30,37
2004-05-15-16:00,37
2004-05-15-16:30,37
2004-05-15-17:00,37
2004-05-15-18:00,35
2004-05-15-18:30,35
2004-05-15-19:00,34
2004-05-15-19:30,34
2004-05-15-20:00,34
2004-05-15-20:30,33
2004-05-15-21:00,33
2004-05-15-21:30,32
2004-05-15-22:00,33
2004-05-15-22:30,33
2004-05-15-23:00,33
2004-05-16-00:00,32
2004-05-16-00:30,32
2004-05-16-01:00,33
2004-05-16-01:30,33
2004-05-16-02:00,33
2004-05-16-02:30,35
2004-05-16-03:00,36
2004-05-16-03:30,38
2004-05-16-04:00,39
2004-05-16-04:30,39
2004-05-16-05:00,40
2004-05-16-05:30,41
2004-05-16-06:00,41
2004-05-16-06:30,42
2004-05-16-07:00,43
2004-05-16-08:00,44
2004-05-16-08:30,44
2004-05-16-09:00,44
2004-05-16-09:30,43
2004-05-16-10:00,44
2004-05-16-10:30,44
2004-05-16-11:00,44
2004-05-16-11:30,44
2004-05-16-12:00,43
2004-05-16-13:00,42
2004-05-16-13:30,41
2004-05-16-14:00,40
2004-05-16-14:30,40
2004-05-16-15:30,39
2004-05-16-16:00,38
2004-05-16-16:30,37
2004-05-16-17:00,37
2004-05-16-17:30,37
2004-05-16-18:00,37
2004-05-16-18:30,36
2004-05-16-19:00,35
2004-05-16-19:30,35
2004-05-16-20:00,34
2004-05-16-20:30,34
2004-05-16-21:00,34
2004-05-16-21:30,33
2004-05-16-22:30,32
2004-05-16-23:00,32
2004-05-16-23:30,31
2004-05-17-00:00,31
2004-05-17-00:30,31
2004-05-17-01:00,31
2004-05-17-01:30,33
2004-05-17-02:30,34
2004-05-17-03:00,36
2004-05-17-03:30,38
2004-05-17-04:00,39
2004-05-17-04:30,39
2004-05-17-05:00,41
2004-05-17-05:30,42
2004-05-17-06:00,43
2004-05-17-06:30,43
2004-05-17-07:00,44
2004-05-17-07:30,45
2004-05-17-08:00,45
2004-05-17-08:30,45
2004-05-17-09:00,45
2004-05-17-09:30,46
2004-05-17-10:00,46
2004-05-17-10:30,46
2004-05-17-11:00,46
2004-05-17-11:30,45
2004-05-17-12:00,45
2004-05-17-12:30,44
2004-05-17-13:00,43
2004-05-17-13:30,42
2004-05-17-14:00,42
2004-05-17-14:30,41
2004-05-17-15:00,40
2004-05-17-15:30,39
2004-05-17-16:00,38
2004-05-17-16:30,38
2004-05-17-17:00,37
2004-05-17-18:00,37
2004-05-17-18:30,36
2004-05-17-19:00,35
2004-05-17-19:30,34
2004-05-17-20:00,33
2004-05-17-20:30,33
2004-05-17-21:00,33
2004-05-17-21:30,32
2004-05-17-22:00,32
2004-05-17-22:30,31
2004-05-17-23:00,31
2004-05-17-23:30,31
2004-05-18-00:00,31
2004-05-18-00:30,30
2004-05-18-01:00,30
2004-05-18-01:30,31
2004-05-18-02:00,32
2004-05-18-02:30,34
2004-05-18-03:00,35
2004-05-18-03:30,36
2004-05-18-04:00,38
2004-05-18-04:30,39
2004-05-18-05:00,40
2004-05-18-05:30,41
2004-05-18-06:00,42
2004-05-18-06:30,42
2004-05-18-07:00,43
2004-05-18-07:30,44
2004-05-18-08:00,44
2004-05-18-08:30,44
2004-05-18-09:00,44
2004-05-18-09:30,44
2004-05-18-10:00,44
2004-05-18-10:30,44
2004-05-18-11:00,44
2004-05-18-11:30,44
2004-05-18-12:00,44
2004-05-18-12:30,43
2004-05-18-13:30,42
2004-05-18-14:00,41
2004-05-18-14:30,40
2004-05-18-15:00,38
2004-05-18-15:30,38
2004-05-18-16:00,36
2004-05-18-16:30,36
2004-05-18-17:00,35
2004-05-18-17:30,35
2004-05-18-18:00,37
2004-05-18-18:30,37
2004-05-18-19:00,37
2004-05-18-19:30,34
2004-05-18-20:00,34
2004-05-18-20:30,32
2004-05-18-21:00,32
2004-05-18-21:30,33
2004-05-18-22:00,33
2004-05-18-22:30,32
2004-05-18-23:00,32
2004-05-18-23:30,32
2004-05-19-00:00,33
2004-05-19-00:30,32
2004-05-19-01:00,33
2004-05-19-01:30,33
2004-05-19-02:00,33
2004-05-19-02:30,35
2004-05-19-03:00,37
2004-05-19-03:30,38
2004-05-19-04:00,39
2004-05-19-04:30,41
2004-05-19-05:00,41
2004-05-19-05:30,42
2004-05-19-06:00,42
2004-05-19-06:30,43
2004-05-19-07:00,44
2004-05-19-07:30,44
2004-05-19-08:00,45
2004-05-19-09:00,45
2004-05-19-09:30,45
2004-05-19-10:00,45
2004-05-19-10:30,45
2004-05-19-11:00,45
2004-05-19-11:30,45
2004-05-19-12:00,44
2004-05-19-12:30,44
2004-05-19-13:00,44
2004-05-19-13:30,43
2004-05-19-14:00,42
2004-05-19-14:30,42
2004-05-19-15:00,41
2004-05-19-15:30,41
2004-05-19-16:00,40
2004-05-19-16:30,39
2004-05-19-17:00,39
2004-05-19-17:30,38
2004-05-19-18:00,38
2004-05-19-18:30,37
2004-05-19-19:00,37
2004-05-19-19:30,37
2004-05-19-20:30,38
2004-05-19-21:00,38
2004-05-19-21:30,37
2004-05-19-22:00,37
2004-05-19-22:30,37
2004-05-19-23:00,36
2004-05-19-23:30,35
2004-05-20-00:00,35
2004-05-20-00:30,35
2004-05-20-01:00,35
2004-05-20-01:30,35
2004-05-20-02:00,35
2004-05-20-02:30,36
2004-05-20-03:00,36
2004-05-20-03:30,37
2004-05-20-04:00,37
2004-05-20-04:30,38
2004-05-20-05:00,39
2004-05-20-05:30,39
2004-05-20-06:00,40
2004-05-20-06:30,41
2004-05-20-07:00,41
2004-05-20-07:30,42
2004-05-20-08:30,43
2004-05-20-09:00,43
2004-05-20-09:30,43
2004-05-20-10:00,43
2004-05-20-10:30,44
2004-05-20-11:00,43
2004-05-20-11:30,43
2004-05-20-12:00,43
2004-05-20-12:30,43
2004-05-20-13:00,43
2004-05-20-13:30,43
2004-05-20-14:00,42
2004-05-20-14:30,42
2004-05-20-15:00,42
2004-05-20-15:30,42
2004-05-20-16:00,41
2004-05-20-16:30,40
2004-05-20-17:00,40
2004-05-20-17:30,40
2004-05-20-18:00,39
2004-05-20-19:00,38
2004-05-20-19:30,38
2004-05-20-20:00,38
2004-05-20-20:30,37
2004-05-20-21:00,36
2004-05-20-21:30,36
2004-05-20-22:00,36
2004-05-20-22:30,35
2004-05-20-23:00,35
2004-05-20-23:30,34
2004-05-21-00:00,34
2004-05-21-00:30,34
2004-05-21-01:00,34
2004-05-21-01:30,34
2004-05-21-02:00,34
2004-05-21-02:30,35
2004-05-21-03:00,35
2004-05-21-03:30,36
2004-05-21-04:00,37
2004-05-21-04:30,37
2004-05-21-05:00,39
2004-05-21-05:30,39
2004-05-21-06:00,40
2004-05-21-06:30,41
2004-05-21-07:00,42
2004-05-21-07:30,43
2004-05-21-08:00,44
2004-05-21-08:30,44
2004-05-21-09:00,44
2004-05-21-09:30,44
2004-05-21-10:00,44
2004-05-21-10:30,45
2004-05-21-11:00,45
2004-05-21-11:30,44
2004-05-21-12:00,44
2004-05-21-12:30,43
2004-05-21-13:00,43
2004-05-21-13:30,42
2004-05-21-14:00,41
2004-05-21-14:30,41
2004-05-21-15:00,41
2004-05-21-15:30,40
2004-05-21-16:00,40
2004-05-21-16:30,39
2004-05-21-17:00,38
2004-05-21-17:30,38
2004-05-21-18:00,38
2004-05-21-18:30,38
2004-05-21-19:00,38
2004-05-21-19:30,37
2004-05-21-20:00,37
2004-05-21-20:30,37
2004-05-21-20:51,37
2004-05-21-21:30,36
2004-05-21-22:00,35
2004-05-21-22:30,35
2004-05-21-23:00,34
2004-05-21-23:30,34
2004-05-22-00:00,33
2004-05-22-00:30,33
2004-05-22-01:00,33
2004-05-22-01:30,34
2004-05-22-02:00,34
2004-05-22-02:30,35
2004-05-22-03:00,36
2004-05-22-03:30,36
2004-05-22-04:00,37
2004-05-22-04:30,38
2004-05-22-05:00,39
2004-05-22-05:30,39
2004-05-22-06:00,39
2004-05-22-06:30,40
2004-05-22-07:00,41
2004-05-22-07:30,42
2004-05-22-08:00,42
2004-05-22-08:30,43
2004-05-22-09:00,42
2004-05-22-09:30,43
2004-05-22-10:00,43
2004-05-22-10:30,44
2004-05-22-11:00,44
2004-05-22-11:30,44
2004-05-22-12:00,44
2004-05-22-12:30,43
2004-05-22-13:00,43
2004-05-22-13:30,42
2004-05-22-14:00,41
2004-05-22-14:30,40
2004-05-22-15:00,38
2004-05-22-15:30,37
2004-05-22-16:30,36
2004-05-22-17:00,36
2004-05-22-17:30,35
2004-05-22-18:00,35
2004-05-22-18:30,34
2004-05-22-19:00,33
2004-05-22-19:30,33
2004-05-22-20:00,33
2004-05-22-20:30,32
2004-05-22-21:00,32
2004-05-22-22:00,31
2004-05-22-22:30,30
2004-05-22-23:00,30
2004-05-22-23:30,30
2004-05-23-00:00,29
2004-05-23-00:30,29
2004-05-23-01:00,29
2004-05-23-01:30,29
2004-05-23-02:00,29
2004-05-23-02:30,29
2004-05-23-03:00,29
2004-05-23-03:30,29
2004-05-23-04:00,30
2004-05-23-04:30,31
2004-05-23-05:00,32
2004-05-23-05:30,32
2004-05-23-06:00,34
2004-05-23-06:30,34
2004-05-23-07:00,35
2004-05-23-07:30,35
2004-05-23-08:00,35
2004-05-23-08:30,36
2004-05-23-09:00,37
2004-05-23-09:30,37
2004-05-23-10:00,37
2004-05-23-10:30,38
2004-05-23-11:00,37
2004-05-23-11:30,37
2004-05-23-12:00,37
2004-05-23-12:30,37
2004-05-23-13:00,36
2004-05-23-13:30,36
2004-05-23-14:00,36
2004-05-23-15:00,35
2004-05-23-15:30,35
2004-05-23-16:00,34
2004-05-23-16:30,33
2004-05-23-17:00,33
2004-05-23-17:30,33
2004-05-23-18:00,32
2004-05-23-19:00,26
2004-05-23-19:30,26
2004-05-23-20:00,26
2004-05-23-20:30,25
2004-05-23-21:00,25
2004-05-23-21:30,26
2004-05-23-22:00,25
2004-05-23-22:30,26
2004-05-23-23:00,26
2004-05-23-23:30,26
2004-05-24-00:00,26
2004-05-24-00:30,26
2004-05-24-01:00,26
2004-05-24-02:00,27
2004-05-24-02:30,27
2004-05-24-03:00,29
2004-05-24-03:30,29
2004-05-24-04:00,30
2004-05-24-04:30,30
2004-05-24-05:00,31
2004-05-24-05:30,32
2004-05-24-06:00,32
2004-05-24-06:30,33
2004-05-24-07:00,33
2004-05-24-07:30,34
2004-05-24-08:00,35
2004-05-24-08:30,35
2004-05-24-09:00,35
2004-05-24-09:30,36
2004-05-24-10:00,37
2004-05-24-10:30,37
2004-05-24-11:00,37
2004-05-24-11:30,37
2004-05-24-12:00,37
2004-05-24-12:30,37
2004-05-24-13:00,36
2004-05-24-13:30,36
2004-05-24-14:00,36
2004-05-24-14:30,35
2004-05-24-15:00,35
2004-05-24-15:30,34
2004-05-24-16:00,33
2004-05-24-16:30,33
2004-05-24-17:00,32
2004-05-24-17:30,32
2004-05-24-18:00,31
2004-05-24-18:30,31
2004-05-24-19:00,31
2004-05-24-19:30,31
2004-05-24-20:00,30
2004-05-24-20:30,30
2004-05-24-22:00,29
2004-05-24-22:30,29
2004-05-24-23:00,29
2004-05-24-23:30,29
2004-05-25-00:00,28
2004-05-25-00:30,29
2004-05-25-01:00,29
2004-05-25-01:30,29
2004-05-25-02:00,30
2004-05-25-02:30,30
2004-05-25-03:00,31
2004-05-25-03:30,33
2004-05-25-04:00,34
2004-05-25-04:30,34
2004-05-25-05:00,36
2004-05-25-05:30,37
2004-05-25-06:00,38
2004-05-25-06:30,39
2004-05-25-07:30,40
2004-05-25-08:00,40
2004-05-25-08:30,40
2004-05-25-09:00,40
2004-05-25-09:30,40
2004-05-25-11:30,26
2004-05-25-12:00,27
2004-05-25-12:30,29
2004-05-25-13:00,29
2004-05-25-13:30,31
2004-05-25-14:00,25
2004-05-25-15:00,25
2004-05-25-15:30,25
2004-05-25-16:00,26
2004-05-25-16:30,27
2004-05-25-17:30,27
2004-05-25-18:00,28
2004-05-25-18:30,28
2004-05-25-19:00,29
2004-05-25-19:30,28
2004-05-25-20:30,26
2004-05-25-21:00,26
2004-05-25-21:30,26
2004-05-25-22:30,27
2004-05-25-23:00,28
2004-05-25-23:30,29
2004-05-26-00:00,26
2004-05-26-00:30,25
2004-05-26-01:00,25
2004-05-26-01:30,27
2004-05-26-02:00,27
2004-05-26-02:30,28
2004-05-26-03:00,27
2004-05-26-03:30,29
2004-05-26-05:00,31
2004-05-26-05:30,31
2004-05-26-06:00,32
2004-05-26-06:30,33
2004-05-26-07:00,33
2004-05-26-07:30,34
2004-05-26-08:00,35
2004-05-26-08:30,35
2004-05-26-09:00,36
2004-05-26-09:30,37
2004-05-26-10:00,37
2004-05-26-10:30,36
2004-05-26-11:00,36
2004-05-26-11:30,36
2004-05-26-12:00,35
2004-05-26-12:30,35
2004-05-26-13:00,35
2004-05-26-13:30,34
2004-05-26-14:00,33
2004-05-26-14:30,33
2004-05-26-15:00,33
2004-05-26-15:30,32
2004-05-26-16:00,31
2004-05-26-16:30,32
2004-05-26-17:00,32
2004-05-26-17:30,32
2004-05-26-18:00,31
2004-05-26-18:30,31
2004-05-26-19:00,32
2004-05-26-19:30,31
2004-05-26-20:00,30
2004-05-26-20:30,31
2004-05-26-21:00,30
2004-05-26-21:30,29
2004-05-26-22:00,29
2004-05-26-22:30,29
2004-05-26-23:00,29
2004-05-26-23:30,29
2004-05-27-00:00,28
2004-05-27-00:30,28
2004-05-27-01:00,29
2004-05-27-01:30,29
2004-05-27-02:00,30
2004-05-27-02:30,31
2004-05-27-03:00,32
2004-05-27-03:30,33
2004-05-27-04:00,34
2004-05-27-04:30,35
2004-05-27-05:00,36
2004-05-27-06:00,28
2004-05-27-07:00,24
2004-05-27-09:00,26
2004-05-27-09:30,30
2004-05-27-10:30,31
2004-05-27-11:00,29.5
2004-05-27-11:30,28
2004-05-27-13:30,25
2004-05-27-14:00,27
2004-05-27-14:30,27
2004-05-27-15:00,27
2004-05-27-15:30,27
2004-05-27-16:00,27
2004-05-27-16:30,26
2004-05-27-17:00,26
2004-05-27-17:30,26
2004-05-27-18:00,26
2004-05-27-18:30,25
2004-05-27-19:00,25
2004-05-27-19:30,25
2004-05-27-20:00,24
2004-05-27-20:30,24
2004-05-27-21:00,24
2004-05-27-21:30,23
2004-05-27-22:00,23
2004-05-27-22:30,24
2004-05-27-23:00,24
2004-05-27-23:30,23
2004-05-28-00:00,23
2004-05-28-00:30,24
2004-05-28-01:00,25
2004-05-28-01:30,25
2004-05-28-02:00,25
2004-05-28-02:30,26
2004-05-28-03:00,27
2004-05-28-03:30,29
2004-05-28-04:00,30
2004-05-28-04:30,32
2004-05-28-05:00,32
2004-05-28-05:30,32
2004-05-28-06:00,34
2004-05-28-06:30,34
2004-05-28-07:00,35
2004-05-28-07:30,35
2004-05-28-08:00,35
2004-05-28-08:30,35
2004-05-28-09:00,36
2004-05-28-09:30,37
2004-05-28-10:00,36
2004-05-28-10:30,35
2004-05-28-11:00,35
2004-05-28-11:30,35
2004-05-28-12:00,35
2004-05-28-12:30,34
2004-05-28-13:00,34
2004-05-28-13:30,33
2004-05-28-14:00,33
2004-05-28-14:30,32
2004-05-28-15:00,31
2004-05-28-15:30,31
2004-05-28-16:00,31
2004-05-28-16:30,31
2004-05-28-17:00,31
2004-05-28-17:30,30
2004-05-28-18:00,30
2004-05-28-18:30,30
2004-05-28-19:00,29
2004-05-28-19:30,29
2004-05-28-20:00,29
2004-05-28-20:30,28
2004-05-28-21:00,28
2004-05-28-21:30,28
2004-05-28-22:00,28
2004-05-28-22:30,28
2004-05-28-23:00,28
2004-05-28-23:30,27
2004-05-29-00:00,27
2004-05-29-00:30,27
2004-05-29-01:30,28
2004-05-29-02:00,29
2004-05-29-02:30,30
2004-05-29-03:00,31
2004-05-29-03:30,32
2004-05-29-04:00,33
2004-05-29-04:30,34
2004-05-29-05:00,34
2004-05-29-05:30,35
2004-05-29-06:00,35
2004-05-29-06:30,36
2004-05-29-07:30,37
2004-05-29-08:00,38
2004-05-29-08:30,38
2004-05-29-09:00,38
2004-05-29-09:30,38
2004-05-29-10:00,38
2004-05-29-10:30,38
2004-05-29-11:00,39
2004-05-29-11:30,39
2004-05-29-12:00,39
2004-05-29-12:30,38
2004-05-29-13:00,38
2004-05-29-13:30,37
2004-05-29-14:30,35
2004-05-29-15:00,35
2004-05-29-15:30,35
2004-05-29-16:00,35
2004-05-29-16:30,33
2004-05-29-17:00,31
2004-05-29-17:30,31
2004-05-29-18:00,31
2004-05-29-18:30,31
2004-05-29-19:00,30
2004-05-29-19:30,32
2004-05-29-20:00,32
2004-05-29-20:30,30
2004-05-29-21:30,29
2004-05-29-22:00,28
2004-05-29-22:30,28
2004-05-29-23:00,29
2004-05-29-23:30,29
2004-05-30-00:00,28
2004-05-30-00:30,29
2004-05-30-01:00,29
2004-05-30-01:30,30
2004-05-30-02:00,31
2004-05-30-03:00,34
2004-05-30-03:30,35
2004-05-30-04:00,36
2004-05-30-04:30,37
2004-05-30-05:00,38
2004-05-30-05:30,38
2004-05-30-06:00,39
2004-05-30-06:30,40
2004-05-30-07:00,40
2004-05-30-07:30,41
2004-05-30-08:00,41
2004-05-30-09:00,42
2004-05-30-09:30,42
2004-05-30-10:00,42
2004-05-30-10:30,42
2004-05-30-11:00,43
2004-05-30-11:30,42
2004-05-30-12:00,42
2004-05-30-12:30,42
2004-05-30-13:00,40
2004-05-30-13:30,40
2004-05-30-14:00,38
2004-05-30-14:30,38
2004-05-30-15:00,36
2004-05-30-15:30,36
2004-05-30-16:00,35
2004-05-30-16:30,35
2004-05-30-17:00,35
2004-05-30-17:30,34
2004-05-30-18:00,34
2004-05-30-18:30,34
2004-05-30-19:00,33
2004-05-30-19:30,33
2004-05-30-20:00,32
2004-05-30-21:00,32
2004-05-30-21:30,32
2004-05-30-22:00,32
2004-05-30-22:30,32
2004-05-30-23:00,31
2004-05-30-23:30,31
2004-05-31-00:00,31
2004-05-31-00:30,32
2004-05-31-01:00,32
2004-05-31-01:30,33
2004-05-31-02:00,33
2004-05-31-02:30,34.5
2004-05-31-03:00,36
2004-05-31-03:30,36
2004-05-31-04:00,37
2004-05-31-04:30,38
2004-05-31-05:00,39
2004-05-31-05:30,40
2004-05-31-06:00,41
2004-05-31-06:30,42
2004-05-31-07:00,42
2004-05-31-07:30,42
2004-05-31-08:00,42
2004-05-31-08:30,42
2004-05-31-09:00,43
2004-05-31-09:30,43
2004-05-31-10:00,44
2004-05-31-10:30,44
2004-05-31-11:00,44
2004-05-31-11:30,43
2004-05-31-12:00,43
2004-05-31-12:30,42
2004-05-31-13:00,41
2004-05-31-13:30,40
2004-05-31-14:00,40
2004-05-31-14:30,38
2004-05-31-15:00,38
2004-05-31-15:30,37
2004-05-31-16:00,37
2004-05-31-16:30,38
2004-05-31-17:00,37
2004-05-31-17:30,36
2004-05-31-18:00,35
2004-05-31-18:30,35
2004-05-31-19:30,33
2004-05-31-20:00,34
2004-05-31-20:30,33
2004-05-31-21:00,33
2004-05-31-21:30,33
2004-05-31-22:00,32
2004-05-31-22:30,32
2004-05-31-23:00,32
2004-05-31-23:30,32
2004-06-01-00:00,31
2004-06-01-00:30,31
2004-06-01-01:00,31
2004-06-01-01:30,32
2004-06-01-02:00,34
2004-06-01-02:30,34
2004-06-01-03:00,36
2004-06-01-03:30,37
2004-06-01-04:00,38
2004-06-01-04:30,39
2004-06-01-05:00,39
2004-06-01-05:30,41
2004-06-01-06:30,41
2004-06-01-07:00,42
2004-06-01-07:30,43
2004-06-01-08:00,44
2004-06-01-08:30,44
2004-06-01-09:00,44
2004-06-01-09:30,45
2004-06-01-10:00,44
2004-06-01-11:00,44
2004-06-01-11:30,44
2004-06-01-12:00,43
2004-06-01-12:30,43
2004-06-01-14:00,33
2004-06-01-14:30,31
2004-06-01-15:00,32
2004-06-01-16:00,33
2004-06-01-16:30,33
2004-06-01-17:00,32
2004-06-01-17:30,32
2004-06-01-18:00,32
2004-06-01-18:30,32
2004-06-01-19:00,31
2004-06-01-19:30,31
2004-06-01-20:00,31
2004-06-01-20:30,31
2004-06-01-21:00,30
2004-06-01-21:30,30
2004-06-01-22:00,30
2004-06-01-22:30,30
2004-06-01-23:00,30
2004-06-01-23:30,30
2004-06-02-00:00,29
2004-06-02-00:30,29
2004-06-02-01:00,30
2004-06-02-01:30,31
2004-06-02-02:00,32
2004-06-02-02:30,33
2004-06-02-03:00,34
2004-06-02-04:00,34
2004-06-02-04:30,35
2004-06-02-05:00,36
2004-06-02-05:30,37
2004-06-02-06:00,37
2004-06-02-06:30,37
2004-06-02-07:00,34
2004-06-02-07:30,40
2004-06-02-08:00,40
2004-06-02-08:30,40
2004-06-02-09:00,40
2004-06-02-09:30,40
2004-06-02-10:00,39
2004-06-02-10:30,39
2004-06-02-11:00,39
2004-06-02-11:30,38
2004-06-02-13:30,37
2004-06-02-15:00,34
2004-06-02-15:30,35
2004-06-02-16:00,34
2004-06-02-16:30,33
2004-06-02-17:00,32
2004-06-02-17:30,32
2004-06-02-18:00,32
2004-06-02-18:30,33
2004-06-02-19:00,32
2004-06-02-19:30,32
2004-06-02-20:00,30
2004-06-02-20:30,30
2004-06-02-21:00,29
2004-06-02-21:30,29
2004-06-02-22:00,28
2004-06-02-22:30,28
2004-06-02-23:00,27
2004-06-02-23:30,27
2004-06-03-00:00,27
2004-06-03-00:30,29
2004-06-03-01:00,29
2004-06-03-01:30,30
2004-06-03-02:30,33
2004-06-03-03:00,33
2004-06-03-03:30,33
2004-06-03-04:00,36
2004-06-03-04:30,37
2004-06-03-05:00,38
2004-06-03-05:30,38
2004-06-03-06:00,40
2004-06-03-06:30,40
2004-06-03-07:00,40
2004-06-03-07:30,41
2004-06-03-08:30,41
2004-06-03-09:00,40
2004-06-03-09:30,41
2004-06-03-10:00,42
2004-06-03-10:30,42
2004-06-03-11:00,41
2004-06-03-11:30,42
2004-06-03-12:00,42
2004-06-03-12:30,42
2004-06-03-13:00,41
2004-06-03-13:30,41
2004-06-03-14:00,41
2004-06-03-14:30,40
2004-06-03-15:00,37
2004-06-03-16:30,37
2004-06-03-17:00,36
2004-06-03-17:30,36
2004-06-03-18:00,36
2004-06-03-18:30,35
2004-06-03-19:00,35
2004-06-03-19:30,35
2004-06-03-20:00,35
2004-06-03-20:30,33
2004-06-03-21:00,36
2004-06-03-21:30,35
2004-06-03-22:00,34
2004-06-03-22:30,33
2004-06-03-23:00,34
2004-06-04-00:00,33
2004-06-04-00:30,34
2004-06-04-01:00,34
2004-06-04-01:30,34
2004-06-04-02:00,35
2004-06-04-02:30,35
2004-06-04-03:00,35
2004-06-04-03:30,36
2004-06-04-04:00,36
2004-06-04-04:30,37
2004-06-04-05:00,38
2004-06-04-05:30,38
2004-06-04-06:00,38
2004-06-04-06:30,40
2004-06-04-07:00,40
2004-06-04-07:30,41
2004-06-04-08:00,41
2004-06-04-08:30,42
2004-06-04-09:00,42
2004-06-04-09:30,42
2004-06-04-10:00,43
2004-06-04-10:30,43
2004-06-04-11:00,42
2004-06-04-11:30,42
2004-06-04-12:00,42
2004-06-04-12:30,42
2004-06-04-13:00,41
2004-06-04-13:30,40.5
2004-06-04-14:00,40
2004-06-04-14:30,39
2004-06-04-15:00,38
2004-06-04-15:30,38
2004-06-04-16:00,37
2004-06-04-16:30,37
2004-06-04-17:00,37
2004-06-04-17:30,36
2004-06-04-18:00,36
2004-06-04-18:30,36
2004-06-04-19:00,33
2004-06-04-19:30,32
2004-06-04-20:00,32
2004-06-04-20:30,32
2004-06-04-21:00,33
2004-06-04-21:30,33
2004-06-04-22:30,33
2004-06-04-23:00,34
2004-06-04-23:30,36
2004-06-05-00:00,34
2004-06-05-01:00,27
2004-06-05-01:30,28
2004-06-05-02:00,28
2004-06-05-02:30,29
2004-06-05-03:00,30
2004-06-05-03:30,31
2004-06-05-04:00,33
2004-06-05-04:30,35
2004-06-05-05:00,35
2004-06-05-05:30,35
2004-06-05-06:00,35
2004-06-05-06:30,35
2004-06-05-07:00,36
2004-06-05-07:30,36
2004-06-05-08:00,38
2004-06-05-08:30,38
2004-06-05-09:00,39
2004-06-05-09:30,39
2004-06-05-10:00,39
2004-06-05-10:30,38
2004-06-05-11:00,37
2004-06-05-11:30,37
2004-06-05-12:00,37
2004-06-05-12:30,36
2004-06-05-13:00,35
2004-06-05-13:30,35
2004-06-05-14:30,34
2004-06-05-15:00,34
2004-06-05-15:30,33
2004-06-05-16:00,33
2004-06-05-16:30,33
2004-06-05-17:00,33
2004-06-05-17:30,33
2004-06-05-18:00,32
2004-06-05-18:30,32
2004-06-05-19:00,31
2004-06-05-19:30,32
2004-06-05-20:00,32
2004-06-05-20:30,32
2004-06-05-21:00,32
2004-06-05-21:30,31
2004-06-05-22:00,31
2004-06-05-22:30,30
2004-06-05-23:00,30
2004-06-05-23:30,29
2004-06-06-00:00,30
2004-06-06-00:30,29
2004-06-06-01:00,25
2004-06-06-01:30,23
2004-06-06-02:00,25
2004-06-06-02:30,26
2004-06-06-03:00,27
2004-06-06-03:30,29
2004-06-06-04:00,30
2004-06-06-04:30,31
2004-06-06-05:00,31
2004-06-06-05:30,31
2004-06-06-06:00,32
2004-06-06-06:30,33
2004-06-06-07:00,33
2004-06-06-07:30,33
2004-06-06-08:00,34
2004-06-06-08:30,34
2004-06-06-09:00,34
2004-06-06-09:30,34
2004-06-06-10:00,35
2004-06-06-10:30,35
2004-06-06-11:00,35
2004-06-06-11:30,35
2004-06-06-12:00,35
2004-06-06-12:30,35
2004-06-06-13:00,34
2004-06-06-13:30,34
2004-06-06-14:30,32
2004-06-06-15:00,32
2004-06-06-15:30,32
2004-06-06-16:00,32
2004-06-06-16:30,31
2004-06-06-17:00,31
2004-06-06-17:30,30
2004-06-06-18:00,30
2004-06-06-18:30,30
2004-06-06-19:00,30
2004-06-06-19:30,29
2004-06-06-20:00,29
2004-06-06-20:30,29
2004-06-06-21:00,29
2004-06-06-21:30,29
2004-06-06-22:00,29
2004-06-06-22:30,29
2004-06-06-23:00,29
2004-06-06-23:30,29
2004-06-07-00:00,30
2004-06-07-00:30,29
2004-06-07-01:00,28
2004-06-07-01:30,27
2004-06-07-02:30,28
2004-06-07-03:00,28
2004-06-07-03:30,29
2004-06-07-04:00,29
2004-06-07-04:30,30
2004-06-07-05:00,32
2004-06-07-05:30,33
2004-06-07-06:00,33
2004-06-07-06:30,34
2004-06-07-07:00,34
2004-06-07-07:30,36
2004-06-07-08:00,36
2004-06-07-08:30,36
2004-06-07-09:00,36
2004-06-07-09:30,36
2004-06-07-10:00,37
2004-06-07-10:30,37
2004-06-07-11:00,37
2004-06-07-11:30,37
2004-06-07-12:00,37
2004-06-07-12:30,37
2004-06-07-13:00,36
2004-06-07-13:30,36
2004-06-07-14:00,35
2004-06-07-14:30,35
2004-06-07-15:00,34
2004-06-07-15:30,33
2004-06-07-16:00,33
2004-06-07-16:30,32
2004-06-07-17:00,32
2004-06-07-17:30,31
2004-06-07-18:00,31
2004-06-07-18:30,31
2004-06-07-19:00,31
2004-06-07-19:30,30
2004-06-07-20:00,30
2004-06-07-20:30,30
2004-06-07-21:00,30
2004-06-07-21:30,30
2004-06-07-22:00,29.5
2004-06-07-22:30,29
2004-06-07-23:00,29
2004-06-07-23:30,29
2004-06-08-00:00,29
2004-06-08-00:30,29
2004-06-08-01:00,29
2004-06-08-01:30,29
2004-06-08-02:00,30
2004-06-08-02:30,31
2004-06-08-03:00,32
2004-06-08-03:30,32
2004-06-08-04:00,33
2004-06-08-04:30,34
2004-06-08-05:00,35
2004-06-08-05:30,36
2004-06-08-06:00,36
2004-06-08-06:30,37
2004-06-08-07:00,28
2004-06-08-07:30,26
2004-06-08-08:00,27
2004-06-08-08:30,26
2004-06-08-09:00,28
2004-06-08-09:30,30
2004-06-08-10:00,31
2004-06-08-10:30,31
2004-06-08-11:00,32
2004-06-08-11:30,31
2004-06-08-12:00,28
2004-06-08-12:30,25
2004-06-08-13:00,26
2004-06-08-13:30,26
2004-06-08-14:00,28
2004-06-08-14:30,27
2004-06-08-15:00,27
2004-06-08-15:30,27
2004-06-08-16:00,27
2004-06-08-16:30,27
2004-06-08-17:00,27
2004-06-08-17:30,27
2004-06-08-18:00,26
2004-06-08-18:30,26
2004-06-08-19:00,26
2004-06-08-19:30,26
2004-06-08-20:00,26
2004-06-08-20:30,26
2004-06-08-21:00,25
2004-06-08-21:30,25
2004-06-08-22:00,25
2004-06-08-22:30,25
2004-06-08-23:00,25
2004-06-08-23:30,25
2004-06-09-00:00,25
2004-06-09-00:30,26
2004-06-09-01:00,24
2004-06-09-01:30,25
2004-06-09-02:00,25
2004-06-09-02:30,25
2004-06-09-03:00,25
2004-06-09-03:30,25
2004-06-09-04:00,25
2004-06-09-04:30,26
2004-06-09-06:00,27
2004-06-09-06:30,27
2004-06-09-07:00,28
2004-06-09-07:30,29
2004-06-09-08:00,29
2004-06-09-08:30,30
2004-06-09-09:00,30
2004-06-09-10:30,30
2004-06-09-11:00,30
2004-06-09-11:30,30
2004-06-09-12:00,30
2004-06-09-12:30,31
2004-06-09-13:00,31
2004-06-09-13:30,30
2004-06-09-14:30,30
2004-06-09-15:00,29
2004-06-09-15:30,29
2004-06-09-16:00,28
2004-06-09-16:30,28
2004-06-09-17:30,27
2004-06-09-18:00,27
2004-06-09-18:30,27
2004-06-09-19:00,26
2004-06-09-19:30,26
2004-06-09-20:00,26
2004-06-09-20:30,26
2004-06-09-21:00,26
2004-06-09-21:30,26
2004-06-09-22:00,26
2004-06-09-22:30,26
2004-06-09-23:00,26
2004-06-09-23:30,26
2004-06-10-00:00,26
2004-06-10-00:30,26
2004-06-10-01:00,26
2004-06-10-01:30,27
2004-06-10-02:00,28
2004-06-10-02:30,30
2004-06-10-03:00,31
2004-06-10-04:00,33
2004-06-10-05:00,34
2004-06-10-05:30,35
2004-06-10-06:00,34
2004-06-10-06:30,35
2004-06-10-07:00,36
2004-06-10-07:30,35
2004-06-10-08:00,36
2004-06-10-08:30,36
2004-06-10-09:00,37
2004-06-10-09:30,37
2004-06-10-10:00,37
2004-06-10-10:30,37
2004-06-10-11:00,37
2004-06-10-11:30,37
2004-06-10-12:00,36
2004-06-10-12:30,37
2004-06-10-13:00,36
2004-06-10-14:00,35
2004-06-10-14:30,34
2004-06-10-15:00,34
2004-06-10-15:30,33
2004-06-10-16:00,33
2004-06-10-16:30,33
2004-06-10-17:00,33
2004-06-10-17:30,33
2004-06-10-18:00,31
2004-06-10-18:30,31
2004-06-10-19:00,31
2004-06-10-19:30,30
2004-06-10-20:00,30
2004-06-10-20:30,29
2004-06-10-21:00,30
2004-06-10-21:30,29
2004-06-10-22:00,29
2004-06-10-22:30,29
2004-06-10-23:00,28
2004-06-10-23:30,28
2004-06-11-00:00,28
2004-06-11-00:30,28
2004-06-11-01:00,29
2004-06-11-01:30,30
2004-06-11-02:00,30
2004-06-11-02:30,31
2004-06-11-03:30,33
2004-06-11-04:00,33
2004-06-11-04:30,34
2004-06-11-05:00,35
2004-06-11-05:30,35
2004-06-11-06:00,36
2004-06-11-06:30,37
2004-06-11-07:00,37
2004-06-11-07:30,38
2004-06-11-08:00,39
2004-06-11-08:30,39
2004-06-11-09:00,39
2004-06-11-09:30,39
2004-06-11-10:00,39
2004-06-11-10:30,39
2004-06-11-11:00,39
2004-06-11-11:30,38
2004-06-11-12:30,38
2004-06-11-13:00,37
2004-06-11-13:30,36.5
2004-06-11-14:00,36
2004-06-11-14:30,36
2004-06-11-15:00,35
2004-06-11-15:30,35
2004-06-11-16:00,34
2004-06-11-16:30,34
2004-06-11-17:00,33
2004-06-11-17:30,33
2004-06-11-18:00,33
2004-06-11-18:30,32
2004-06-11-19:00,32
2004-06-11-19:30,32
2004-06-11-20:00,32
2004-06-11-20:30,31
2004-06-11-21:30,31
2004-06-11-22:00,31
2004-06-11-22:30,31
2004-06-11-23:00,31
2004-06-11-23:30,31
2004-06-12-00:00,30
2004-06-12-00:30,29
2004-06-12-01:00,30
2004-06-12-01:30,31
2004-06-12-02:00,31
2004-06-12-02:30,33
2004-06-12-03:00,33
2004-06-12-03:30,33
2004-06-12-04:00,35
2004-06-12-04:30,36
2004-06-12-05:00,36
2004-06-12-05:30,36
2004-06-12-05:51,37
2004-06-12-06:30,37
2004-06-12-07:00,38
2004-06-12-07:30,38
2004-06-12-08:00,39
2004-06-12-08:30,38
2004-06-12-09:00,40
2004-06-12-09:30,40
2004-06-12-10:00,40
2004-06-12-10:30,40
2004-06-12-11:00,40
2004-06-12-11:30,40
2004-06-12-12:00,39
2004-06-12-12:30,39
2004-06-12-13:00,38
2004-06-12-13:30,38
2004-06-12-14:00,37
2004-06-12-14:30,35
2004-06-12-15:00,34
2004-06-12-15:30,34
2004-06-12-16:00,33
2004-06-12-16:30,33
2004-06-12-17:00,32
2004-06-12-17:30,32
2004-06-12-18:00,32
2004-06-12-18:30,32
2004-06-12-19:00,32
2004-06-12-19:30,31
2004-06-12-20:00,31
2004-06-12-20:30,30
2004-06-12-21:00,30
2004-06-12-21:30,30
2004-06-12-22:00,30
2004-06-12-22:30,29
2004-06-12-23:00,29
2004-06-12-23:30,29
2004-06-13-00:00,29
2004-06-13-00:30,29
2004-06-13-01:00,29
2004-06-13-01:30,30
2004-06-13-02:00,31
2004-06-13-02:30,32
2004-06-13-03:00,32
2004-06-13-03:30,33
2004-06-13-04:00,34
2004-06-13-04:30,34
2004-06-13-05:00,35
2004-06-13-05:30,35
2004-06-13-06:00,36
2004-06-13-06:30,36
2004-06-13-07:00,37
2004-06-13-07:30,37
2004-06-13-08:00,37
2004-06-13-08:30,38
2004-06-13-09:00,38
2004-06-13-09:30,38
2004-06-13-10:00,38
2004-06-13-10:30,38
2004-06-13-11:00,38
2004-06-13-11:30,38
2004-06-13-12:00,38
2004-06-13-12:30,38
2004-06-13-13:00,38
2004-06-13-13:30,37
2004-06-13-14:00,37
2004-06-13-14:30,36
2004-06-13-15:00,36
2004-06-13-15:30,35
2004-06-13-16:00,35
2004-06-13-16:30,35
2004-06-13-17:00,34
2004-06-13-17:30,34
2004-06-13-18:00,34
2004-06-13-18:30,33
2004-06-13-19:00,33
2004-06-13-19:30,33
2004-06-13-20:00,32
2004-06-13-20:30,32
2004-06-13-21:00,32
2004-06-13-21:30,31
2004-06-13-22:00,31
2004-06-13-22:30,31
2004-06-13-23:00,30
2004-06-13-23:30,30
2004-06-14-00:00,29
2004-06-14-00:30,29
2004-06-14-01:00,29
2004-06-14-01:30,30
2004-06-14-02:00,30
2004-06-14-02:30,31
2004-06-14-03:00,31
2004-06-14-03:30,32
2004-06-14-04:00,32
2004-06-14-04:30,33
2004-06-14-05:00,34
2004-06-14-05:30,35
2004-06-14-06:00,35
2004-06-14-06:30,36
2004-06-14-07:00,36
2004-06-14-07:30,37
2004-06-14-08:00,37
2004-06-14-08:30,37
2004-06-14-09:00,38
2004-06-14-09:30,37
2004-06-14-10:00,37
2004-06-14-10:30,37
2004-06-14-11:00,38
2004-06-14-11:30,38
2004-06-14-12:00,38
2004-06-14-12:30,37
2004-06-14-13:00,37
2004-06-14-13:30,36
2004-06-14-14:00,36
2004-06-14-14:30,36
2004-06-14-15:30,35
2004-06-14-16:00,34
2004-06-14-16:30,34
2004-06-14-17:00,34
2004-06-14-17:30,34
2004-06-14-18:00,34
2004-06-14-18:30,34
2004-06-14-19:00,33
2004-06-14-19:30,33
2004-06-14-20:00,33
2004-06-14-20:30,33
2004-06-14-21:00,32
2004-06-14-21:30,32
2004-06-14-22:00,32
2004-06-14-22:30,32
2004-06-14-23:00,31
2004-06-14-23:30,31
2004-06-15-00:00,31
2004-06-15-00:30,31
2004-06-15-01:00,31
2004-06-15-01:30,31
2004-06-15-02:00,31
2004-06-15-02:30,32
2004-06-15-03:00,33
2004-06-15-03:30,34
2004-06-15-04:00,34
2004-06-15-04:30,34
2004-06-15-05:00,35
2004-06-15-05:30,35
2004-06-15-06:00,36
2004-06-15-06:30,37
2004-06-15-07:00,37
2004-06-15-07:30,37
2004-06-15-08:00,37
2004-06-15-09:00,38
2004-06-15-09:30,38
2004-06-15-10:00,38
2004-06-15-10:30,38
2004-06-15-11:00,38
2004-06-15-11:30,38
2004-06-15-12:00,37
2004-06-15-12:30,37
2004-06-15-13:00,37
2004-06-15-13:30,37
2004-06-15-14:30,36
2004-06-15-15:30,35
2004-06-15-16:00,35
2004-06-15-16:30,34
2004-06-15-17:00,35
2004-06-15-17:30,35
2004-06-15-18:00,34
2004-06-15-18:30,34
2004-06-15-19:00,34
2004-06-15-19:30,34
2004-06-15-20:00,33
2004-06-15-20:30,34
2004-06-15-21:00,34
2004-06-15-21:30,33
2004-06-15-22:00,33
2004-06-15-22:30,33
2004-06-15-23:00,32
2004-06-15-23:30,32
2004-06-16-00:00,32
2004-06-16-00:30,32
2004-06-16-01:00,32
2004-06-16-01:30,32
2004-06-16-02:00,32
2004-06-16-02:30,32
2004-06-16-03:00,32
2004-06-16-03:30,32
2004-06-16-04:00,33
2004-06-16-04:30,34
2004-06-16-05:00,34
2004-06-16-05:30,35
2004-06-16-06:00,36
2004-06-16-06:30,36
2004-06-16-07:00,37
2004-06-16-08:00,37
2004-06-16-08:30,37
2004-06-16-09:00,38
2004-06-16-09:30,38
2004-06-16-10:00,38
2004-06-16-10:30,38
2004-06-16-11:00,37
2004-06-16-11:30,37
2004-06-16-12:00,37
2004-06-16-12:30,37
2004-06-16-13:00,36
2004-06-16-13:30,35
2004-06-16-14:00,35
2004-06-16-14:30,34
2004-06-16-15:00,34
2004-06-16-15:30,33
2004-06-16-16:00,33
2004-06-16-16:30,33
2004-06-16-17:00,33
2004-06-16-17:30,32
2004-06-16-18:00,32
2004-06-16-18:30,31
2004-06-16-19:00,31
2004-06-16-19:30,30
2004-06-16-20:00,30
2004-06-16-20:30,30
2004-06-16-21:00,29
2004-06-16-21:30,29
2004-06-16-22:00,29
2004-06-16-22:30,29
2004-06-16-23:00,28
2004-06-16-23:30,28
2004-06-17-00:00,28
2004-06-17-00:30,28
2004-06-17-01:00,29
2004-06-17-01:30,30
2004-06-17-02:00,30
2004-06-17-02:30,31
2004-06-17-03:00,32
2004-06-17-03:30,33
2004-06-17-04:00,33
2004-06-17-04:30,33
2004-06-17-05:00,34
2004-06-17-05:30,35
2004-06-17-06:00,36
2004-06-17-06:30,36
2004-06-17-07:00,36
2004-06-17-07:30,36
2004-06-17-08:00,36
2004-06-17-08:30,37
2004-06-17-09:00,37
2004-06-17-09:30,37
2004-06-17-10:00,37
2004-06-17-10:30,37
2004-06-17-11:00,37
2004-06-17-11:30,38
2004-06-17-12:00,37
2004-06-17-12:30,36
2004-06-17-13:00,36
2004-06-17-13:30,35
2004-06-17-14:00,35
2004-06-17-14:30,35
2004-06-17-15:00,34
2004-06-17-15:30,34
2004-06-17-16:00,33
2004-06-17-16:30,33
2004-06-17-17:00,33
2004-06-17-17:30,32
2004-06-17-18:00,32
2004-06-17-18:30,31
2004-06-17-19:00,31
2004-06-17-19:30,30
2004-06-17-20:00,30
2004-06-17-20:30,30
2004-06-17-21:00,30
2004-06-17-21:30,30
2004-06-17-22:00,30
2004-06-17-22:30,29
2004-06-17-23:00,29
2004-06-17-23:30,29
2004-06-18-00:00,29
2004-06-18-00:30,29
2004-06-18-01:00,28
2004-06-18-01:30,28
2004-06-18-02:00,29
2004-06-18-02:30,30
2004-06-18-03:00,31
2004-06-18-03:30,32
2004-06-18-04:00,32
2004-06-18-04:30,32
2004-06-18-05:00,33
2004-06-18-05:30,35
2004-06-18-06:00,36
2004-06-18-06:30,36
2004-06-18-07:00,35
2004-06-18-07:30,35
2004-06-18-08:00,35
2004-06-18-08:30,35
2004-06-18-09:00,35
2004-06-18-09:30,35
2004-06-18-10:00,35
2004-06-18-10:30,35
2004-06-18-11:00,35
2004-06-18-11:30,35
2004-06-18-12:00,34
2004-06-18-12:30,33
2004-06-18-13:00,33
2004-06-18-14:00,31.5
2004-06-18-14:30,31
2004-06-18-15:00,31
2004-06-18-15:30,30
2004-06-18-16:00,30
2004-06-18-16:30,30
2004-06-18-17:00,30
2004-06-18-17:30,30
2004-06-18-18:00,30
2004-06-19-15:00,29
2004-06-19-18:00,25
2004-06-19-21:00,26
2004-06-20-00:00,26
2004-06-20-03:00,28
2004-06-20-06:00,32
2004-06-20-09:00,35
2004-06-20-12:00,35
2004-06-20-15:00,32
2004-06-20-18:00,30
2004-06-20-21:00,29
2004-06-21-00:00,27
2004-06-21-03:00,28
2004-06-21-06:00,33
2004-06-21-09:00,35
2004-06-21-12:00,36
2004-06-21-15:00,32
2004-06-21-18:00,31
2004-06-21-21:00,29
2004-06-22-00:00,26
2004-06-22-03:00,29
2004-06-22-06:00,31
2004-06-22-09:00,34
2004-06-22-12:00,30
2004-06-22-15:00,30
2004-06-22-18:00,29
2004-06-22-21:00,28
2004-06-23-00:00,29
2004-06-23-03:00,31
2004-06-23-06:00,33
2004-06-23-09:00,35
2004-06-23-12:00,36
2004-06-23-15:00,34
2004-06-23-18:00,32
2004-06-23-21:00,31
2004-06-24-00:00,31
2004-06-24-06:00,33
2004-06-24-09:00,32
2004-06-24-12:00,34
2004-06-24-15:00,30
2004-06-24-18:00,29
2004-06-24-21:00,28
2004-06-25-00:00,25
2004-06-25-03:00,27
2004-06-25-06:00,29
2004-06-25-09:00,31
2004-06-25-12:00,32
2004-06-25-15:00,29
2004-06-25-18:00,28
2004-06-25-21:00,26
2004-06-26-00:00,26
2004-06-26-03:00,29
2004-06-26-06:00,33
2004-06-26-09:00,35
2004-06-26-12:00,34
2004-06-26-15:00,31
2004-06-26-18:00,29
2004-06-26-21:00,27
2004-06-27-00:00,23
2004-06-27-03:00,29
2004-06-27-06:00,33
2004-06-27-09:00,35
2004-06-27-12:00,35
2004-06-27-15:00,30
2004-06-27-18:00,29
2004-06-27-21:00,28
2004-06-28-00:00,27
2004-06-28-03:00,30
2004-06-28-06:00,35
2004-06-28-09:00,37
2004-06-28-12:00,37
2004-06-28-15:00,34
2004-06-28-18:00,31
2004-06-28-21:00,30
2004-06-29-00:00,27
2004-06-29-03:00,32
2004-06-29-06:00,37
2004-06-29-09:00,39
2004-06-29-12:00,39
2004-06-29-15:00,34
2004-06-29-18:00,31
2004-06-29-21:00,30
2004-06-30-00:00,31
2004-06-30-03:00,35
2004-06-30-06:00,38
2004-06-30-09:00,40
2004-06-30-12:00,40
2004-06-30-15:00,36
2004-06-30-18:00,33
2004-06-30-21:00,31
2004-07-01-00:00,30
2004-07-01-03:00,34
2004-07-01-06:00,38
2004-07-01-09:00,41
2004-07-01-12:00,41
2004-07-01-15:00,36
2004-07-01-18:00,33
2004-07-01-21:00,32
2004-07-02-00:00,31
2004-07-02-03:00,35
2004-07-02-06:00,38
2004-07-02-09:00,40
2004-07-02-12:00,40
2004-07-02-15:00,37
2004-07-02-18:00,35
2004-07-02-21:00,33
2004-07-03-00:00,32
2004-07-03-03:00,33
2004-07-03-06:00,38
2004-07-03-12:00,38
2004-07-03-15:00,29
2004-07-03-18:00,30
2004-07-03-21:00,30
2004-07-04-00:00,28
2004-07-04-03:00,30
2004-07-04-06:00,34
2004-07-04-09:00,36
2004-07-04-12:00,37
2004-07-04-15:00,34
2004-07-04-18:00,33
2004-07-04-21:00,31
2004-07-05-00:00,30
2004-07-05-03:00,31
2004-07-05-06:00,35
2004-07-05-09:00,27
2004-07-05-12:00,30
2004-07-05-15:00,29
2004-07-05-18:00,29
2004-07-05-21:00,28
2004-07-06-00:00,28
2004-07-06-03:00,30
2004-07-06-06:00,34
2004-07-06-09:00,35
2004-07-06-12:00,35
2004-07-06-15:00,30
2004-07-06-18:00,29
2004-07-06-21:00,28
2004-07-07-00:00,28
2004-07-07-03:00,30
2004-07-07-06:00,35
2004-07-07-09:00,37
2004-07-07-12:00,35
2004-07-07-15:00,31
2004-07-07-18:00,31
2004-07-07-21:00,30
2004-07-08-00:00,30
2004-07-08-03:00,32
2004-07-08-06:00,34
2004-07-08-09:00,35
2004-07-08-12:00,36
2004-07-08-15:00,33
2004-07-08-18:00,32
2004-07-08-21:00,31
2004-07-09-00:00,31
2004-07-09-03:00,31
2004-07-09-06:00,34
2004-07-09-09:00,36
2004-07-09-12:00,34.5
2004-07-09-15:00,33
2004-07-09-18:00,31
2004-07-09-21:00,30
2004-07-10-00:00,31
2004-07-10-03:00,32
2004-07-10-06:00,35
2004-07-10-09:00,37
2004-07-10-12:00,38
2004-07-10-15:00,36
2004-07-10-18:00,34
2004-07-10-21:00,33
2004-07-11-00:00,31
2004-07-11-03:00,33
2004-07-11-06:00,36
2004-07-11-09:00,38
2004-07-11-12:00,31
2004-07-11-15:00,30
2004-07-11-18:00,30
2004-07-11-21:00,30
2004-07-12-00:00,29
2004-07-12-03:00,30
2004-07-12-06:00,36
2004-07-12-09:00,38
2004-07-12-12:00,36
2004-07-12-15:00,33
2004-07-12-18:00,32
2004-07-12-21:00,31
2004-07-13-00:00,31
2004-07-13-03:00,32
2004-07-13-06:00,36
2004-07-13-09:00,38
2004-07-13-12:00,38
2004-07-13-15:00,35
2004-07-13-18:00,33
2004-07-13-21:00,30
2004-07-14-00:00,29
2004-07-14-03:00,33
2004-07-14-06:00,36
2004-07-14-09:00,37
2004-07-14-12:00,37
2004-07-14-15:00,34
2004-07-14-18:00,32
2004-07-15-00:00,30
2004-07-15-03:00,32
2004-07-15-06:00,36
2004-07-15-09:00,37
2004-07-15-12:00,37
2004-07-15-15:00,32
2004-07-15-18:00,30
2004-07-15-21:00,29
2004-07-16-00:00,27
2004-07-16-03:00,31
2004-07-16-06:00,35
2004-07-16-09:00,36
2004-07-16-12:00,36
2004-07-16-15:00,33
2004-07-16-18:00,31
2004-07-16-21:00,30
2004-07-17-00:00,28
2004-07-17-03:00,30
2004-07-17-06:00,36
2004-07-17-09:00,37
2004-07-17-12:00,28
2004-07-17-15:00,29
2004-07-17-18:00,29
2004-07-17-21:00,28
2004-07-18-00:00,28
2004-07-18-03:00,31
2004-07-18-06:00,35
2004-07-18-09:00,37
2004-07-18-12:00,36
2004-07-18-15:00,34
2004-07-18-18:00,33
2004-07-18-21:00,32
2004-07-19-00:00,29
2004-07-19-03:00,31
2004-07-19-06:00,36
2004-07-19-09:00,38
2004-07-19-12:00,35
2004-07-19-15:00,33
2004-07-19-18:00,31
2004-07-19-21:00,31
2004-07-20-00:00,29
2004-07-20-03:00,33
2004-07-20-06:00,37
2004-07-20-09:00,37
2004-07-20-12:00,38
2004-07-20-15:00,34
2004-07-20-18:00,32
2004-07-20-21:00,31
2004-07-21-00:00,29
2004-07-21-03:00,31
2004-07-21-06:00,36
2004-07-21-09:00,38
2004-07-21-12:00,38
2004-07-21-15:00,34
2004-07-21-18:00,32
2004-07-21-21:00,30
2004-07-22-00:00,29
2004-07-22-03:00,33
2004-07-22-06:00,37
2004-07-22-09:00,39
2004-07-22-12:00,38
2004-07-22-15:00,35
2004-07-22-18:00,33
2004-07-22-21:00,32
2004-07-23-00:00,31
2004-07-23-03:00,31
2004-07-23-06:00,34
2004-07-23-09:00,37
2004-07-23-12:00,37
2004-07-23-15:00,33
2004-07-23-18:00,32
2004-07-23-21:00,31
2004-07-24-00:00,30
2004-07-24-03:00,32
2004-07-24-06:00,35
2004-07-24-09:00,39
2004-07-24-12:00,36
2004-07-24-15:00,33
2004-07-24-18:00,31
2004-07-24-21:00,30
2004-07-25-00:00,29
2004-07-25-03:00,30
2004-07-25-06:00,38
2004-07-25-09:00,37
2004-07-25-12:00,36
2004-07-25-18:00,30
2004-07-25-21:00,29
2004-07-26-00:00,28
2004-07-26-03:00,30
2004-07-26-06:00,35
2004-07-26-09:00,35
2004-07-26-12:00,31
2004-07-26-15:00,29
2004-07-26-18:00,28
2004-07-26-21:00,27
2004-07-27-00:00,26
2004-07-27-03:00,30
2004-07-27-06:00,33
2004-07-27-09:00,35
2004-07-27-12:00,34
2004-07-27-15:00,31
2004-07-27-18:00,30
2004-07-27-21:00,29
2004-07-28-00:00,28
2004-07-28-03:00,28
2004-07-28-06:00,33
2004-07-28-09:00,36
2004-07-28-12:00,36
2004-07-28-15:00,30
2004-07-28-18:00,29
2004-07-28-21:00,28
2004-07-29-00:00,27
2004-07-29-03:00,28
2004-07-29-06:00,32
2004-07-29-09:00,34
2004-07-29-12:00,33
2004-07-29-15:00,31
2004-07-29-18:00,29
2004-07-29-21:00,29
2004-07-30-00:00,28
2004-07-30-03:00,30
2004-07-30-06:00,34
2004-07-30-09:00,36
2004-07-30-12:00,36
2004-07-30-15:00,32
2004-07-30-18:00,31
2004-07-30-21:00,30
2004-07-31-00:00,29
2004-07-31-03:00,30
2004-07-31-06:00,34
2004-07-31-09:00,36
2004-07-31-12:00,35
2004-07-31-15:00,32
2004-07-31-18:00,31
2004-07-31-21:00,30
2004-08-01-00:00,29
2004-08-01-03:00,30
2004-08-01-06:00,34
2004-08-01-09:00,36
2004-08-01-12:00,35
2004-08-01-15:00,30
2004-08-01-18:00,29
2004-08-01-21:00,27
2004-08-02-00:00,26
2004-08-02-03:00,27
2004-08-02-06:00,30
2004-08-02-09:00,31
2004-08-02-12:00,27
2004-08-02-15:00,26
2004-08-02-18:00,26
2004-08-02-21:00,27
2004-08-03-00:00,27
2004-08-03-03:00,28
2004-08-03-06:00,31
2004-08-03-09:00,26
2004-08-03-12:00,28
2004-08-03-15:00,28
2004-08-03-18:00,28
2004-08-03-21:00,27
2004-08-04-00:00,27
2004-08-04-06:00,33
2004-08-04-09:00,35
2004-08-04-12:00,35
2004-08-04-15:00,32
2004-08-04-18:00,31
2004-08-04-21:00,30
2004-08-05-00:00,29
2004-08-05-03:00,30
2004-08-05-06:00,34
2004-08-05-09:00,36
2004-08-05-12:00,35
2004-08-05-15:00,32
2004-08-05-18:00,30
2004-08-05-21:00,29
2004-08-06-00:00,28
2004-08-06-03:00,30
2004-08-06-06:00,32
2004-08-06-09:00,32
2004-08-06-12:00,33
2004-08-06-15:00,31
2004-08-06-18:00,30
2004-08-06-21:00,29
2004-08-07-00:00,29
2004-08-07-03:00,31
2004-08-07-06:00,34
2004-08-07-09:00,35
2004-08-07-12:00,35
2004-08-07-15:00,32
2004-08-07-18:00,30
2004-08-07-21:00,30
2004-08-08-00:00,28
2004-08-08-03:00,29
2004-08-08-06:00,31
2004-08-08-09:00,34
2004-08-08-12:00,31
2004-08-08-15:00,30
2004-08-08-18:00,29
2004-08-08-21:00,28
2004-08-09-00:00,28
2004-08-09-03:00,26
2004-08-09-06:00,28
2004-08-09-09:00,29
2004-08-09-12:00,31
2004-08-09-15:00,29
2004-08-09-18:00,29
2004-08-09-21:00,26
2004-08-10-00:00,26
2004-08-10-03:00,27
2004-08-10-06:00,30
2004-08-10-09:00,31
2004-08-10-12:00,31
2004-08-10-15:00,28
2004-08-10-18:00,27
2004-08-10-21:00,27
2004-08-11-00:00,27
2004-08-11-03:00,26
2004-08-11-06:00,31
2004-08-11-09:00,33
2004-08-11-12:00,30
2004-08-11-15:00,29
2004-08-11-18:00,28
2004-08-11-21:00,28
2004-08-12-00:00,27
2004-08-12-03:00,29
2004-08-12-06:00,33
2004-08-12-09:00,31
2004-08-12-12:00,29
2004-08-12-15:00,28
2004-08-12-18:00,28
2004-08-12-21:00,27
2004-08-13-00:00,27
2004-08-13-03:00,28
2004-08-13-06:00,33
2004-08-13-09:00,28
2004-08-13-12:00,32
2004-08-13-15:00,30
2004-08-13-18:00,29
2004-08-13-20:00,28
2004-08-13-20:30,28
2004-08-13-21:00,28
2004-08-13-21:30,28
2004-08-13-22:00,28
2004-08-13-22:30,28
2004-08-13-23:00,28
2004-08-13-23:30,28
2004-08-14-00:00,28
2004-08-14-00:30,29
2004-08-14-01:00,29
2004-08-14-01:30,29
2004-08-14-02:00,30
2004-08-14-02:30,31
2004-08-14-03:00,31
2004-08-14-03:30,31
2004-08-14-04:00,32
2004-08-14-04:30,33
2004-08-14-05:00,31
2004-08-14-05:30,32
2004-08-14-06:00,33
2004-08-14-06:30,33
2004-08-14-07:00,33
2004-08-14-07:30,34
2004-08-14-08:00,34
2004-08-14-08:30,35
2004-08-14-09:00,35
2004-08-14-09:30,34
2004-08-14-10:00,33
2004-08-14-11:00,31
2004-08-14-11:30,31
2004-08-14-12:00,31
2004-08-14-12:30,31
2004-08-14-13:00,31
2004-08-14-14:00,31
2004-08-14-14:30,31
2004-08-14-15:00,31
2004-08-14-15:30,31
2004-08-14-16:00,30
2004-08-14-16:30,30
2004-08-14-17:00,30
2004-08-14-17:30,30
2004-08-14-18:00,29
2004-08-14-21:00,28
2004-08-15-00:00,28
2004-08-15-03:00,30
2004-08-15-06:00,34
2004-08-15-09:00,34
2004-08-15-15:00,31
2004-08-15-18:00,30
2004-08-15-21:00,29
2004-08-16-00:00,29
2004-08-16-03:00,30
2004-08-16-06:00,33
2004-08-16-09:00,34
2004-08-16-12:00,31
2004-08-16-15:00,27
2004-08-16-18:00,28
2004-08-16-21:00,27
2004-08-17-00:00,28
2004-08-17-03:00,29
2004-08-17-06:00,32
2004-08-17-09:00,29
2004-08-17-12:00,28
2004-08-17-15:00,28
2004-08-17-18:00,28
2004-08-17-21:00,27
2004-08-18-00:00,27
2004-08-18-03:00,28
2004-08-18-06:00,31
2004-08-18-09:00,27
2004-08-18-12:00,29
2004-08-18-15:00,28
2004-08-18-18:00,28
2004-08-18-21:00,27
2004-08-19-00:00,27
2004-08-19-03:00,29
2004-08-19-06:00,31
2004-08-19-09:00,34
2004-08-19-12:00,31
2004-08-19-15:00,28
2004-08-19-18:00,28
2004-08-19-21:00,27
2004-08-20-00:00,27
2004-08-20-03:00,29
2004-08-20-06:00,32
2004-08-20-09:00,34
2004-08-20-12:00,34
2004-08-20-15:00,31
2004-08-20-18:00,29
2004-08-20-21:00,25
2004-08-21-00:00,26
2004-08-21-03:00,25
2004-08-21-06:00,29
2004-08-21-09:00,33
2004-08-21-12:00,33
2004-08-21-15:00,30
2004-08-21-18:00,29
2004-08-21-21:00,29
2004-08-22-00:00,28
2004-08-22-03:00,28
2004-08-22-06:00,29
2004-08-22-09:00,32
2004-08-22-12:00,27
2004-08-22-15:00,26
2004-08-22-18:00,27
2004-08-22-21:00,26
2004-08-23-00:00,26
2004-08-23-03:00,27
2004-08-23-06:00,28
2004-08-23-09:00,29
2004-08-23-12:00,27
2004-08-23-15:00,25
2004-08-23-18:00,25
2004-08-23-21:00,25
2004-08-24-00:00,25
2004-08-24-03:00,25
2004-08-24-06:00,27
2004-08-24-09:00,28
2004-08-24-12:00,28
2004-08-24-15:00,27
2004-08-24-18:00,26
2004-08-24-21:00,26
2004-08-25-00:00,26
2004-08-25-03:00,26
2004-08-25-06:00,26
2004-08-25-09:00,27
2004-08-25-12:00,26
2004-08-25-15:00,25
2004-08-25-18:00,26
2004-08-25-21:00,25
2004-08-26-00:00,25
2004-08-26-03:00,26
2004-08-26-06:00,31
2004-08-26-09:00,32
2004-08-26-12:00,32
2004-08-26-15:00,29
2004-08-26-18:00,29
2004-08-26-21:00,28
2004-08-27-00:00,27
2004-08-27-03:00,29
2004-08-27-06:00,32
2004-08-27-09:00,33
2004-08-27-12:00,33
2004-08-27-15:00,31
2004-08-27-18:00,30
2004-08-27-21:00,29
2004-08-28-00:00,26
2004-08-28-03:00,28
2004-08-28-06:00,32
2004-08-28-09:00,34
2004-08-28-12:00,35
2004-08-28-15:00,31
2004-08-28-18:00,30
2004-08-28-21:00,29
2004-08-29-00:00,27
2004-08-29-03:00,28
2004-08-29-06:00,32
2004-08-29-09:00,35
2004-08-29-12:00,35
2004-08-29-15:00,32
2004-08-29-18:00,31
2004-08-29-21:00,29
2004-08-30-00:00,28
2004-08-30-03:00,28
2004-08-30-06:00,32
2004-08-30-09:00,35
2004-08-30-12:00,34
2004-08-30-15:00,31
2004-08-30-18:00,30
2004-08-30-21:00,29
2004-08-31-00:00,27
2004-08-31-03:00,28
2004-08-31-06:00,32
2004-08-31-09:00,35
2004-08-31-12:00,34
2004-08-31-15:00,31
2004-08-31-18:00,30
2004-08-31-21:00,29
2004-09-01-00:00,27
2004-09-01-03:00,28
2004-09-01-06:00,33
2004-09-01-09:00,35
2004-09-01-12:00,34
2004-09-01-15:00,30
2004-09-01-18:00,29
2004-09-01-21:00,28
2004-09-02-00:00,26
2004-09-02-03:00,28
2004-09-02-06:00,33
2004-09-02-09:00,35
2004-09-02-12:00,34
2004-09-02-15:00,31
2004-09-02-18:00,29
2004-09-02-21:00,28
2004-09-03-00:00,27
2004-09-03-03:00,29
2004-09-03-06:00,34
2004-09-03-09:00,36
2004-09-03-12:00,34
2004-09-03-15:00,31
2004-09-03-18:00,29
2004-09-03-21:00,28
2004-09-04-00:00,27
2004-09-04-03:00,29
2004-09-04-06:00,34
2004-09-04-09:00,36
2004-09-04-12:00,35
2004-09-04-15:00,30
2004-09-04-18:00,29
2004-09-04-21:00,28
2004-09-05-00:00,26
2004-09-05-03:00,29
2004-09-05-06:00,34
2004-09-05-09:00,36
2004-09-05-12:00,35
2004-09-05-15:00,30
2004-09-05-18:00,27
2004-09-05-21:00,27
2004-09-06-00:00,26
2004-09-06-03:00,28
2004-09-06-06:00,34
2004-09-06-09:00,37
2004-09-06-12:00,35
2004-09-06-15:00,31
2004-09-06-18:00,28
2004-09-06-21:00,27
2004-09-07-00:00,26
2004-09-07-03:00,29
2004-09-07-06:00,34
2004-09-07-09:00,36
2004-09-07-12:00,35
2004-09-07-15:00,31
2004-09-07-18:00,28
2004-09-07-18:30,28
2004-09-07-19:00,28
2004-09-07-19:30,28
2004-09-07-20:00,28
2004-09-07-20:30,27
2004-09-07-21:00,27
2004-09-07-21:30,28
2004-09-07-22:00,28
2004-09-07-22:30,28
2004-09-07-23:00,27
2004-09-07-23:30,27
2004-09-08-00:00,27
2004-09-08-00:30,27
2004-09-08-01:00,27
2004-09-08-01:30,27
2004-09-08-02:00,29
2004-09-08-02:30,29
2004-09-08-03:00,30
2004-09-08-03:30,31
2004-09-08-04:00,32
2004-09-08-04:30,33
2004-09-08-05:00,33
2004-09-08-05:30,34
2004-09-08-06:00,36
2004-09-08-07:00,37
2004-09-08-07:30,37
2004-09-08-08:00,38
2004-09-08-08:30,38
2004-09-08-09:00,38
2004-09-08-09:30,38
2004-09-08-10:00,38
2004-09-08-10:30,38
2004-09-08-11:00,38
2004-09-08-11:30,38
2004-09-08-12:00,38
2004-09-08-12:30,37
2004-09-08-13:00,37
2004-09-08-13:30,34
2004-09-08-14:00,34
2004-09-08-14:30,34
2004-09-08-15:00,34
2004-09-08-15:30,34
2004-09-08-16:00,33
2004-09-08-16:30,33
2004-09-08-17:00,32
2004-09-08-17:30,31
2004-09-08-18:00,31
2004-09-08-21:00,28
2004-09-09-00:00,27
2004-09-09-03:00,30
2004-09-09-06:00,35
2004-09-09-09:00,37
2004-09-09-12:00,37
2004-09-09-15:00,33
2004-09-09-21:00,29
2004-09-10-00:00,27
2004-09-10-03:00,29
2004-09-10-06:00,34
2004-09-10-09:00,35
2004-09-10-12:00,34
2004-09-10-15:00,31
2004-09-10-18:00,30
2004-09-10-21:00,29
2004-09-11-00:00,28
2004-09-11-03:00,29
2004-09-11-06:00,31
2004-09-11-09:00,34
2004-09-11-12:00,33
2004-09-11-18:00,29
2004-09-11-21:00,28
2004-09-12-00:00,27
2004-09-12-03:00,30
2004-09-12-06:00,34
2004-09-12-09:00,36
2004-09-12-12:00,34
2004-09-12-15:00,31
2004-09-12-18:00,30
2004-09-12-21:00,29
2004-09-13-00:00,27
2004-09-13-03:00,30
2004-09-13-06:00,35
2004-09-13-09:00,37
2004-09-13-12:00,35
2004-09-13-15:00,31
2004-09-13-18:00,30
2004-09-13-21:00,29
2004-09-14-00:00,28
2004-09-14-03:00,30
2004-09-14-06:00,35
2004-09-14-09:00,37
2004-09-14-12:00,35
2004-09-14-15:00,32
2004-09-14-18:00,28
2004-09-14-21:00,27
2004-09-15-00:00,25
2004-09-15-03:00,25
2004-09-15-06:00,27
2004-09-15-09:00,30
2004-09-15-12:00,29
2004-09-15-15:00,27
2004-09-15-18:00,26
2004-09-15-18:30,26
2004-09-15-19:00,27
2004-09-15-19:30,27
2004-09-15-20:30,26
2004-09-15-21:30,26
2004-09-15-22:00,27
2004-09-15-22:30,26
2004-09-15-23:30,26
2004-09-16-00:00,26
2004-09-16-00:30,26
2004-09-16-01:30,26
2004-09-16-02:00,26
2004-09-16-02:30,27
2004-09-16-03:00,26
2004-09-16-03:30,27
2004-09-16-04:00,27
2004-09-16-04:30,28
2004-09-16-05:00,29
2004-09-16-05:30,29
2004-09-16-06:00,29
2004-09-16-06:30,30
2004-09-16-07:00,30
2004-09-16-07:30,30
2004-09-16-08:00,31
2004-09-16-08:30,32
2004-09-16-09:30,32
2004-09-16-10:00,32
2004-09-16-10:30,31
2004-09-16-11:00,32
2004-09-16-11:30,32
2004-09-16-12:00,31
2004-09-16-12:30,31
2004-09-16-13:00,31
2004-09-16-13:30,31
2004-09-16-14:00,30
2004-09-16-14:30,30
2004-09-16-15:00,29
2004-09-16-16:00,29
2004-09-16-17:00,29
2004-09-16-17:30,28
2004-09-16-18:00,28
2004-09-16-21:00,27
2004-09-17-00:00,26
2004-09-17-03:00,27
2004-09-17-06:00,32
2004-09-17-09:00,33
2004-09-17-12:00,33
2004-09-17-15:00,29
2004-09-17-18:00,28
2004-09-17-21:00,27
2004-09-18-00:00,25
2004-09-18-03:00,28
2004-09-18-06:00,33
2004-09-18-09:00,34
2004-09-18-12:00,33
2004-09-18-15:00,30
2004-09-18-18:00,28
2004-09-18-21:00,27
2004-09-19-00:00,27
2004-09-19-03:00,29
2004-09-19-06:00,33
2004-09-19-09:00,34
2004-09-19-12:00,34
2004-09-19-15:00,29
2004-09-19-18:00,27
2004-09-19-21:00,27
2004-09-20-00:00,26
2004-09-20-03:00,28
2004-09-20-06:00,34
2004-09-20-09:00,35
2004-09-20-12:00,34
2004-09-20-15:00,30
2004-09-20-18:00,29
2004-09-20-21:00,28
2004-09-21-00:00,27
2004-09-21-03:00,29
2004-09-21-06:00,32
2004-09-21-09:00,33
2004-09-21-12:00,31
2004-09-21-15:00,27
2004-09-21-18:00,25
2004-09-21-21:00,25
2004-09-22-00:00,25
2004-09-22-03:00,27
2004-09-22-06:00,31
2004-09-22-09:00,31
2004-09-22-12:00,27
2004-09-22-15:00,25
2004-09-22-18:00,24
2004-09-22-21:00,23
2004-09-23-00:00,23
2004-09-23-03:00,24
2004-09-23-06:00,30
2004-09-23-09:00,32
2004-09-23-12:00,31
2004-09-23-15:00,28
2004-09-23-18:00,26
2004-09-23-21:00,25
2004-09-24-00:00,23
2004-09-24-03:00,26
2004-09-24-06:00,32
2004-09-24-09:00,34
2004-09-24-12:00,33
2004-09-24-15:00,27
2004-09-24-18:00,26
2004-09-24-21:00,24
2004-09-25-00:00,22
2004-09-25-03:00,26
2004-09-25-06:00,33
2004-09-25-09:00,35
2004-09-25-12:00,34
2004-09-25-15:00,27
2004-09-25-18:00,24
2004-09-25-21:00,24
2004-09-26-00:00,23
2004-09-26-03:00,26
2004-09-26-06:00,33
2004-09-26-09:00,35
2004-09-26-12:00,33
2004-09-26-15:00,27
2004-09-26-18:00,26
2004-09-26-21:00,25
2004-09-27-00:00,24
2004-09-27-03:00,26
2004-09-27-06:00,33
2004-09-27-09:00,35
2004-09-27-12:00,34
2004-09-27-15:00,29
2004-09-27-18:00,25
2004-09-27-21:00,24
2004-09-28-00:00,24
2004-09-28-03:00,27
2004-09-28-12:00,34
2004-09-28-15:00,28
2004-09-28-18:00,26
2004-09-28-21:00,25
2004-09-29-00:00,24
2004-09-29-03:00,27
2004-09-29-06:00,32
2004-09-29-09:00,33
2004-09-29-12:00,31
2004-09-29-18:00,26
2004-09-29-21:00,25
2004-09-30-00:00,25
2004-09-30-03:00,27
2004-09-30-06:00,32
2004-09-30-09:00,35
2004-09-30-12:00,33
2004-09-30-15:00,28
2004-09-30-18:00,26
2004-09-30-21:00,25
2004-10-01-00:00,25
2004-10-01-03:00,27
2004-10-01-06:00,33
2004-10-01-09:00,36
2004-10-01-12:00,33
2004-10-01-15:00,29
2004-10-01-18:00,27
2004-10-01-21:00,26
2004-10-02-00:00,27
2004-10-02-03:00,28
2004-10-02-06:00,33
2004-10-02-09:00,35
2004-10-02-12:00,32
2004-10-02-15:00,30
2004-10-02-18:00,23
2004-10-02-21:00,23
2004-10-03-00:00,23
2004-10-03-03:00,24
2004-10-03-06:00,28
2004-10-03-09:00,30
2004-10-03-12:00,29
2004-10-03-15:00,27
2004-10-03-18:00,27
2004-10-03-21:00,26
2004-10-04-00:00,25
2004-10-04-03:00,26
2004-10-04-06:00,29
2004-10-04-09:00,31
2004-10-04-12:00,30
2004-10-04-15:00,27
2004-10-04-18:00,26
2004-10-04-21:00,25
2004-10-05-00:00,25
2004-10-05-03:00,26
2004-10-05-06:00,31
2004-10-05-09:00,31
2004-10-05-12:00,30
2004-10-05-15:00,26
2004-10-05-18:00,24
2004-10-05-21:00,24
2004-10-06-00:00,21
2004-10-06-03:00,24
2004-10-06-06:00,31
2004-10-06-12:00,31
2004-10-06-15:00,25
2004-10-06-18:00,24
2004-10-06-21:00,24
2004-10-07-00:00,22
2004-10-07-03:00,24
2004-10-07-06:00,31
2004-10-07-09:00,33
2004-10-07-12:00,31
2004-10-07-15:00,26
2004-10-07-18:00,24
2004-10-07-21:00,23
2004-10-08-00:00,22
2004-10-08-03:00,26
2004-10-08-06:00,32
2004-10-08-09:00,35
2004-10-08-12:00,33
2004-10-08-15:00,26
2004-10-08-18:00,24
2004-10-08-21:00,24
2004-10-09-00:00,22
2004-10-09-03:00,25
2004-10-09-06:00,32
2004-10-09-09:00,32
2004-10-09-12:00,31
2004-10-09-15:00,27
2004-10-09-18:00,25
2004-10-09-21:00,24
2004-10-10-00:00,24
2004-10-10-03:00,25
2004-10-10-06:00,31
2004-10-10-09:00,23
2004-10-10-12:00,23
2004-10-10-15:00,22
2004-10-10-18:00,22
2004-10-10-21:00,22
2004-10-11-00:00,22
2004-10-11-03:00,22
2004-10-11-06:00,24
2004-10-11-09:00,26
2004-10-11-12:00,26
2004-10-11-18:00,22
2004-10-11-21:00,21
2004-10-12-00:00,21
2004-10-12-03:00,22
2004-10-12-06:00,26
2004-10-12-09:00,27
2004-10-12-12:00,26
2004-10-12-15:00,22
2004-10-12-18:00,20
2004-10-12-21:00,20
2004-10-13-00:00,18
2004-10-13-03:00,20
2004-10-13-06:00,26
2004-10-13-09:00,28
2004-10-13-12:00,26
2004-10-13-15:00,22
2004-10-13-18:00,20
2004-10-13-21:00,19
2004-10-14-00:00,18
2004-10-14-03:00,21
2004-10-14-06:00,26
2004-10-14-09:00,28
2004-10-14-12:00,26
2004-10-14-15:00,22
2004-10-14-18:00,20
2004-10-14-21:00,19
2004-10-15-00:00,18
2004-10-15-03:00,20
2004-10-15-06:00,27
2004-10-15-09:00,29
2004-10-15-12:00,27
2004-10-15-15:00,20
2004-10-15-18:00,19
2004-10-15-21:00,18
2004-10-16-00:00,18
2004-10-16-03:00,21
2004-10-16-06:00,27
2004-10-16-09:00,29
2004-10-16-12:00,28
2004-10-16-15:00,22
2004-10-16-18:00,20
2004-10-16-21:00,19
2004-10-17-00:00,18
2004-10-17-03:00,20
2004-10-17-06:00,29
2004-10-17-09:00,31
2004-10-17-12:00,29
2004-10-17-15:00,23
2004-10-17-18:00,21
2004-10-17-21:00,19
2004-10-18-00:00,18
2004-10-18-03:00,20
2004-10-18-06:00,30
2004-10-18-09:00,32
2004-10-18-12:00,30
2004-10-18-15:00,24
2004-10-18-18:00,21
2004-10-18-21:00,20
2004-10-19-00:00,20
2004-10-19-03:00,22
2004-10-19-06:00,31
2004-10-19-09:00,33
2004-10-19-12:00,31
2004-10-19-15:00,24
2004-10-19-18:00,22
2004-10-19-21:00,21
2004-10-20-00:00,20
2004-10-20-03:00,22
2004-10-20-06:00,30
2004-10-20-09:00,33
2004-10-20-12:00,31
2004-10-20-15:00,25
2004-10-20-18:00,23
2004-10-20-21:00,22
2004-10-21-00:00,20
2004-10-21-03:00,22
2004-10-21-06:00,29
2004-10-21-09:00,32
2004-10-21-12:00,29
2004-10-21-15:00,23
2004-10-21-18:00,21
2004-10-21-21:00,20
2004-10-22-00:00,20
2004-10-22-03:00,21
2004-10-22-06:00,27
2004-10-22-09:00,30
2004-10-22-12:00,28
2004-10-22-15:00,22
2004-10-22-18:00,20
2004-10-22-21:00,19
2004-10-23-00:00,18
2004-10-23-03:00,19
2004-10-23-06:00,29
2004-10-23-09:00,30
2004-10-23-12:00,28
2004-10-23-15:00,21
2004-10-23-18:00,19
2004-10-23-21:00,18
2004-10-24-00:00,17
2004-10-24-03:00,18
2004-10-24-06:00,27
2004-10-24-09:00,30
2004-10-24-12:00,27
2004-10-24-15:00,22
2004-10-24-18:00,19
2004-10-24-21:00,18
2004-10-25-00:00,17
2004-10-25-03:00,19
2004-10-25-06:00,28
2004-10-25-09:00,29
2004-10-25-12:00,28
2004-10-25-15:00,22
2004-10-25-18:00,20
2004-10-25-21:00,18
2004-10-26-00:00,17
2004-10-26-03:00,19
2004-10-26-06:00,27
2004-10-26-09:00,29
2004-10-26-12:00,28
2004-10-26-18:00,19
2004-10-26-21:00,19
2004-10-27-00:00,17
2004-10-27-03:00,19
2004-10-27-06:00,27
2004-10-27-09:00,29
2004-10-27-12:00,26
2004-10-27-15:00,21
2004-10-27-18:00,19
2004-10-27-21:00,18
2004-10-28-00:00,23
2004-10-28-03:00,28
2004-10-28-06:00,26
2004-10-28-12:00,26
2004-10-28-15:00,22
2004-10-28-18:00,18
2004-10-28-21:00,19
2004-10-29-00:00,18
2004-10-29-03:00,17
2004-10-29-06:00,24
2004-10-29-09:00,26
2004-10-29-12:00,25
2004-10-29-15:00,19
2004-10-29-18:00,16
2004-10-29-21:00,16
2004-10-30-00:00,15
2004-10-30-03:00,16
2004-10-30-06:00,25
2004-10-30-09:00,28
2004-10-30-12:00,25
2004-10-30-15:00,19
2004-10-30-18:00,17
2004-10-30-21:00,16
2004-10-31-00:00,16
2004-10-31-03:00,17
2004-10-31-06:00,25
2004-10-31-09:00,28
2004-10-31-12:00,26
2004-10-31-15:00,18
2004-10-31-18:00,16
2004-10-31-21:00,15
2004-11-01-00:00,13
2004-11-01-03:00,16
2004-11-01-06:00,25
2004-11-01-12:00,26
2004-11-01-15:00,18
2004-11-01-18:00,15
2004-11-01-21:00,15
2004-11-02-00:00,13
2004-11-02-03:00,16
2004-11-02-06:00,25
2004-11-02-09:00,28
2004-11-02-12:00,25
2004-11-02-15:00,17
2004-11-02-18:00,15
2004-11-02-21:00,14
2004-11-03-00:00,13
2004-11-03-03:00,17
2004-11-03-06:00,26
2004-11-03-09:00,28
2004-11-03-12:00,25
2004-11-03-15:00,18
2004-11-03-18:00,18
2004-11-03-21:00,17
2004-11-04-00:00,15
2004-11-04-03:00,17
2004-11-04-06:00,25
2004-11-04-09:00,28
2004-11-04-12:00,26
2004-11-04-15:00,18
2004-11-04-18:00,16
2004-11-04-21:00,15
2004-11-05-00:00,13
2004-11-05-03:00,14
2004-11-05-06:00,26
2004-11-05-09:00,28
2004-11-05-12:00,24
2004-11-05-15:00,18
2004-11-05-18:00,15
2004-11-05-21:00,15
2004-11-06-00:00,13
2004-11-06-03:00,14
2004-11-06-06:00,25
2004-11-06-09:00,27
2004-11-06-12:00,24
2004-11-06-15:00,18
2004-11-06-18:00,16
2004-11-06-21:00,14
2004-11-07-00:00,12
2004-11-07-03:00,14
2004-11-07-06:00,26
2004-11-07-09:00,27
2004-11-07-12:00,25
2004-11-07-15:00,16
2004-11-07-18:00,15
2004-11-07-21:00,15
2004-11-08-00:00,13
2004-11-08-03:00,15
2004-11-08-06:00,25
2004-11-08-09:00,28
2004-11-08-12:00,25
2004-11-08-15:00,17
2004-11-08-18:00,15
2004-11-08-21:00,14
2004-11-09-00:00,12
2004-11-09-03:00,15
2004-11-09-06:00,26
2004-11-09-09:00,28
2004-11-09-12:00,24
2004-11-09-15:00,17
2004-11-09-18:00,15
2004-11-09-21:00,14
2004-11-10-00:00,12
2004-11-10-06:00,26
2004-11-10-09:00,29
2004-11-10-12:00,25
2004-11-10-15:00,17
2004-11-10-18:00,14
2004-11-10-21:00,13
2004-11-11-00:00,11
2004-11-11-03:00,13
2004-11-11-06:00,26
2004-11-11-09:00,29
2004-11-11-12:00,25
2004-11-11-15:00,16
2004-11-11-18:00,14
2004-11-11-21:00,12
2004-11-12-00:00,12
2004-11-12-03:00,13
2004-11-12-06:00,27
2004-11-12-09:00,29
2004-11-12-12:00,26
2004-11-12-15:00,17
2004-11-12-18:00,15
2004-11-12-21:00,13
2004-11-13-00:00,12
2004-11-13-03:00,14
2004-11-13-06:00,26
2004-11-13-09:00,30
2004-11-13-12:00,25
2004-11-13-15:00,17
2004-11-13-18:00,15
2004-11-13-21:00,13
2004-11-14-00:00,13
2004-11-14-03:00,15
2004-11-14-06:00,25
2004-11-14-09:00,29
2004-11-14-12:00,26
2004-11-14-15:00,17
2004-11-14-18:00,16
2004-11-14-21:00,13
2004-11-15-00:00,13
2004-11-15-03:00,16
2004-11-15-06:00,24
2004-11-15-09:00,28
2004-11-15-12:00,25
2004-11-15-15:00,18
2004-11-15-18:00,16
2004-11-15-21:00,15
2004-11-16-00:00,14
2004-11-16-03:00,17
2004-11-16-06:00,25
2004-11-16-09:00,29
2004-11-16-12:00,26
2004-11-16-15:00,18
2004-11-16-18:00,16
2004-11-16-21:00,15
2004-11-17-03:00,16
2004-11-17-06:00,25
2004-11-17-09:00,28
2004-11-17-12:00,25
2004-11-17-15:00,21
2004-11-17-18:00,20
2004-11-17-21:00,20
2004-11-18-00:00,20
2004-11-18-03:00,19
2004-11-18-06:00,27
2004-11-18-09:00,30
2004-11-18-12:00,25
2004-11-18-18:00,16
2004-11-18-21:00,14
2004-11-19-00:00,13
2004-11-19-03:00,15
2004-11-19-06:00,25
2004-11-19-09:00,28
2004-11-19-12:00,26
2004-11-19-15:00,18
2004-11-19-18:00,16
2004-11-19-21:00,14
2004-11-20-00:00,13
2004-11-20-03:00,15
2004-11-20-06:00,25
2004-11-20-09:00,28
2004-11-20-12:00,24
2004-11-20-15:00,18
2004-11-20-18:00,16
2004-11-20-21:00,14
2004-11-21-00:00,14
2004-11-21-03:00,16
2004-11-21-06:00,26
2004-11-21-09:00,30
2004-11-21-12:00,25
2004-11-21-18:00,16
2004-11-21-21:00,16
2004-11-22-00:00,14
2004-11-22-03:00,15
2004-11-22-06:00,27
2004-11-22-12:00,26
2004-11-22-15:00,19
2004-11-22-18:00,15
2004-11-22-21:00,14
2004-11-23-00:00,14
2004-11-23-03:00,18
2004-11-23-06:00,26
2004-11-23-09:00,30
2004-11-23-12:00,26
2004-11-23-15:00,19
2004-11-23-18:00,18
2004-11-23-21:00,18
2004-11-24-00:00,17
2004-11-24-03:00,17
2004-11-24-06:00,21
2004-11-24-09:00,26
2004-11-24-12:00,24
2004-11-24-15:00,21
2004-11-24-18:00,19
2004-11-24-21:00,18
2004-11-25-00:00,17
2004-11-25-03:00,18
2004-11-25-06:00,24
2004-11-25-09:00,27
2004-11-25-12:00,25
2004-11-25-15:00,20
2004-11-25-18:00,20
2004-11-25-21:00,20
2004-11-26-00:00,19
2004-11-26-03:00,19
2004-11-26-06:00,24
2004-11-26-09:00,26
2004-11-26-12:00,24
2004-11-26-15:00,19
2004-11-26-18:00,18
2004-11-26-21:00,16
2004-11-27-00:00,15
2004-11-27-03:00,16
2004-11-27-06:00,23
2004-11-27-09:00,26
2004-11-27-12:00,23
2004-11-27-15:00,18
2004-11-27-18:00,16
2004-11-27-21:00,16
2004-11-28-00:00,14
2004-11-28-03:00,17
2004-11-28-06:00,22
2004-11-28-09:00,25
2004-11-28-12:00,22
2004-11-28-15:00,17
2004-11-28-18:00,14
2004-11-28-21:00,13
2004-11-29-00:00,12
2004-11-29-03:00,14
2004-11-29-06:00,22
2004-11-29-09:00,26
2004-11-29-12:00,24
2004-11-29-15:00,17
2004-11-29-18:00,15
2004-11-29-21:00,14
2004-11-30-00:00,13
2004-11-30-03:00,14
2004-11-30-06:00,24
2004-11-30-09:00,27
2004-11-30-12:00,22
2004-11-30-15:00,17
2004-11-30-18:00,15
2004-11-30-21:00,14
2004-12-01-00:00,14
2004-12-01-03:00,16
2004-12-01-06:00,24
2004-12-01-09:00,26
2004-12-01-12:00,22
2004-12-01-15:00,19
2004-12-01-18:00,17
2004-12-01-21:00,17
2004-12-02-00:00,14
2004-12-02-03:00,14
2004-12-02-06:00,24
2004-12-02-09:00,28
2004-12-02-12:00,24
2004-12-02-15:00,17
2004-12-02-18:00,15
2004-12-02-21:00,14
2004-12-03-00:00,13
2004-12-03-03:00,14
2004-12-03-06:00,24
2004-12-03-09:00,27
2004-12-03-12:00,22
2004-12-03-15:00,17
2004-12-03-18:00,14
2004-12-03-21:00,14
2004-12-04-00:00,13
2004-12-04-03:00,15
2004-12-04-06:00,22
2004-12-04-09:00,24
2004-12-04-12:00,21
2004-12-04-15:00,16
2004-12-04-18:00,16
2004-12-04-21:00,15
2004-12-05-00:00,15
2004-12-05-03:00,16
2004-12-05-06:00,22
2004-12-05-09:00,25
2004-12-05-12:00,23
2004-12-05-15:00,15
2004-12-05-18:00,12
2004-12-05-21:00,12
2004-12-06-00:00,10
2004-12-06-03:00,12
2004-12-06-06:00,21
2004-12-06-09:00,24
2004-12-06-12:00,21
2004-12-06-15:00,15
2004-12-06-18:00,12
2004-12-06-21:00,11
2004-12-07-00:00,9
2004-12-07-03:00,10
2004-12-07-06:00,23
2004-12-07-09:00,23
2004-12-07-12:00,19
2004-12-07-15:00,15
2004-12-07-18:00,13
2004-12-07-21:00,12
2004-12-08-00:00,10
2004-12-08-03:00,11
2004-12-08-06:00,21
2004-12-08-09:00,24
2004-12-08-12:00,20
2004-12-08-15:00,14
2004-12-08-18:00,11
2004-12-08-21:00,11
2004-12-09-00:00,10
2004-12-09-03:00,10
2004-12-09-06:00,20
2004-12-09-09:00,22
2004-12-09-12:00,20
2004-12-09-15:00,13
2004-12-09-18:00,11
2004-12-09-21:00,10
2004-12-10-00:00,8
2004-12-10-03:00,11
2004-12-10-06:00,20
2004-12-10-09:00,23
2004-12-10-12:00,20
2004-12-10-18:00,11
2004-12-10-21:00,10
2004-12-11-00:00,9
2004-12-11-03:00,10
2004-12-11-06:00,20
2004-12-11-09:00,25
2004-12-11-12:00,20
2004-12-11-15:00,16
2004-12-11-18:00,14
2004-12-11-21:00,13
2004-12-12-00:00,11
2004-12-12-03:00,11
2004-12-12-06:00,22
2004-12-12-09:00,24
2004-12-12-12:00,21
2004-12-12-15:00,15
2004-12-12-18:00,13
2004-12-12-21:00,12
2004-12-13-00:00,11
2004-12-13-03:00,11
2004-12-13-06:00,17
2004-12-13-09:00,22
2004-12-13-12:00,20
2004-12-13-15:00,14
2004-12-13-18:00,12
2004-12-13-21:00,11
2004-12-14-00:00,11
2004-12-14-03:00,11
2004-12-14-06:00,20
2004-12-14-09:00,20.5
2004-12-14-12:00,21
2004-12-14-15:00,16.5
2004-12-14-18:00,12
2004-12-14-21:00,11
2004-12-15-00:00,10
2004-12-15-03:00,12
2004-12-15-06:00,21
2004-12-15-09:00,24
2004-12-15-12:00,21
2004-12-15-15:00,16
2004-12-15-18:00,16
2004-12-15-21:00,12
2004-12-16-00:00,12
2004-12-16-03:00,13
2004-12-16-06:00,22
2004-12-16-09:00,25
2004-12-16-12:00,23
2004-12-16-15:00,16
2004-12-16-18:00,13
2004-12-17-00:00,10
2004-12-17-03:00,12
2004-12-17-06:00,21
2004-12-17-09:00,24
2004-12-17-12:00,22
2004-12-17-15:00,15
2004-12-17-18:00,13
2004-12-17-21:00,10
2004-12-18-00:00,10
2004-12-18-03:00,12
2004-12-18-06:00,17
2004-12-18-09:00,24
2004-12-18-12:00,22
2004-12-18-15:00,14
2004-12-18-18:00,12
2004-12-18-21:00,10
2004-12-19-00:00,9
2004-12-19-03:00,10
2004-12-19-06:00,20
2004-12-19-09:00,25
2004-12-19-12:00,22
2004-12-19-15:00,18
2004-12-19-18:00,17
2004-12-19-21:00,15
2004-12-20-00:00,13
2004-12-20-03:00,13
2004-12-20-06:00,16
2004-12-20-09:00,19
2004-12-20-12:00,17
2004-12-20-15:00,14
2004-12-20-18:00,15
2004-12-20-21:00,15
2004-12-21-00:00,15
2004-12-21-03:00,15
2004-12-21-06:00,16
2004-12-21-09:00,19
2004-12-21-12:00,16
2004-12-21-15:00,14
2004-12-21-18:00,13
2004-12-21-21:00,12
2004-12-22-00:00,13
2004-12-22-03:00,13
2004-12-22-06:00,16
2004-12-22-09:00,20
2004-12-22-12:00,16
2004-12-22-15:00,13
2004-12-22-18:00,13
2004-12-23-00:00,13
2004-12-23-03:00,14
2004-12-23-06:00,15
2004-12-23-09:00,19
2004-12-23-12:00,17
2004-12-23-15:00,14
2004-12-23-18:00,11
2004-12-23-21:00,10
2004-12-24-00:00,10
2004-12-24-03:00,10
2004-12-24-06:00,13
2004-12-24-09:00,18
2004-12-24-12:00,15
2004-12-24-15:00,13
2004-12-24-18:00,12
2004-12-24-21:00,12
2004-12-25-00:00,12
2004-12-25-03:00,12
2004-12-25-06:00,15
2004-12-25-09:00,17
2004-12-25-12:00,16
2004-12-25-15:00,13
2004-12-25-18:00,11
2004-12-25-21:00,11
2004-12-26-00:00,9
2004-12-26-03:00,9
2004-12-26-06:00,14
2004-12-26-09:00,18
2004-12-26-12:00,17
2004-12-26-15:00,11
2004-12-26-18:00,9
2004-12-26-21:00,8
2004-12-27-00:00,7
2004-12-27-03:00,8
2004-12-27-06:00,16
2004-12-27-09:00,20
2004-12-27-12:00,18
2004-12-27-15:00,11
2004-12-27-18:00,9
2004-12-27-21:00,8
2004-12-28-00:00,7
2004-12-28-03:00,8
2004-12-28-06:00,15
2004-12-28-09:00,20
2004-12-28-12:00,17
2004-12-28-15:00,11
2004-12-28-18:00,8
2004-12-28-21:00,6
2004-12-29-00:00,6
2004-12-29-03:00,6
2004-12-29-06:00,17
2004-12-29-09:00,21
2004-12-29-12:00,18
2004-12-29-15:00,14
2004-12-29-18:00,15
2004-12-29-21:00,14
2004-12-30-00:00,12
2004-12-30-03:00,13
2004-12-30-06:00,18
2004-12-30-09:00,20
2004-12-30-12:00,19
2004-12-30-15:00,17
2004-12-30-18:00,16
2004-12-30-21:00,15
2004-12-31-00:00,15
2004-12-31-03:00,16
2004-12-31-06:00,18
2004-12-31-09:00,19
2004-12-31-12:00,19
2004-12-31-15:00,17
2004-12-31-18:00,17
2004-12-31-21:00,16
2005-01-01-00:00,16
2005-01-01-03:00,14
2005-01-01-06:00,18
2005-01-01-09:00,22
2005-01-01-12:00,19
2005-01-01-15:00,15
2005-01-01-18:00,13
2005-01-01-21:00,12
2005-01-02-00:00,10
2005-01-02-03:00,9
2005-01-02-06:00,17
2005-01-02-09:00,20
2005-01-02-12:00,18
2005-01-02-15:00,13
2005-01-02-18:00,13
2005-01-02-21:00,13
2005-01-03-00:00,11
2005-01-03-03:00,11
2005-01-03-06:00,14
2005-01-03-09:00,15.5
2005-01-03-12:00,17
2005-01-03-15:00,13
2005-01-03-18:00,10
2005-01-03-21:00,9
2005-01-04-00:00,8
2005-01-04-03:00,9
2005-01-04-06:00,16
2005-01-04-09:00,20
2005-01-04-12:00,18
2005-01-04-15:00,12
2005-01-04-18:00,9
2005-01-04-21:00,9
2005-01-05-00:00,9
2005-01-05-03:00,10
2005-01-05-06:00,15
2005-01-05-09:00,19
2005-01-05-12:00,17
2005-01-05-15:00,12
2005-01-05-18:00,9
2005-01-05-21:00,8
2005-01-06-00:00,6
2005-01-06-03:00,8
2005-01-06-06:00,16
2005-01-06-09:00,19
2005-01-06-12:00,18
2005-01-06-15:00,13
2005-01-06-18:00,10
2005-01-06-21:00,9
2005-01-07-00:00,8
2005-01-07-03:00,9
2005-01-07-06:00,17
2005-01-07-09:00,20
2005-01-07-12:00,18
2005-01-07-15:00,13
2005-01-07-18:00,11
2005-01-07-21:00,9
2005-01-08-00:00,8
2005-01-08-03:00,10
2005-01-08-06:00,17
2005-01-08-09:00,21
2005-01-08-12:00,19
2005-01-08-15:00,12
2005-01-08-18:00,10
2005-01-08-21:00,9
2005-01-09-00:00,8
2005-01-09-03:00,8
2005-01-09-06:00,21
2005-01-09-09:00,24
2005-01-09-12:00,21
2005-01-09-15:00,14
2005-01-09-18:00,12
2005-01-09-21:00,11
2005-01-10-00:00,9
2005-01-10-03:00,10
2005-01-10-06:00,18
2005-01-10-09:00,21
2005-01-10-12:00,19
2005-01-10-15:00,13
2005-01-10-18:00,12
2005-01-10-21:00,11
2005-01-11-00:00,9
2005-01-11-03:00,9
2005-01-11-06:00,17
2005-01-11-09:00,20
2005-01-11-12:00,19
2005-01-11-15:00,12
2005-01-11-18:00,10
2005-01-11-21:00,9
2005-01-12-00:00,7
2005-01-12-03:00,9
2005-01-12-06:00,17
2005-01-12-09:00,20
2005-01-12-12:00,19
2005-01-12-15:00,11
2005-01-12-18:00,9
2005-01-12-21:00,9
2005-01-13-00:00,7
2005-01-13-03:00,9
2005-01-13-06:00,17
2005-01-13-09:00,21
2005-01-13-12:00,19
2005-01-13-15:00,14
2005-01-13-18:00,12
2005-01-13-21:00,10
2005-01-14-00:00,11
2005-01-14-03:00,12
2005-01-14-06:00,19
2005-01-14-09:00,22
2005-01-14-12:00,20
2005-01-14-15:00,14
2005-01-14-18:00,12
2005-01-14-21:00,11
2005-01-15-00:00,10
2005-01-15-03:00,12
2005-01-15-06:00,20
2005-01-15-09:00,22
2005-01-15-12:00,20
2005-01-15-15:00,13
2005-01-15-18:00,12
2005-01-15-21:00,11
2005-01-16-00:00,12
2005-01-16-03:00,13
2005-01-16-06:00,18
2005-01-16-09:00,21
2005-01-16-12:00,18
2005-01-16-15:00,14
2005-01-16-18:00,13
2005-01-16-21:00,12
2005-01-17-00:00,10
2005-01-17-03:00,11
2005-01-17-06:00,17
2005-01-17-09:00,20
2005-01-17-12:00,16
2005-01-17-15:00,14
2005-01-17-18:00,12
2005-01-17-21:00,10
2005-01-18-00:00,10
2005-01-18-03:00,10
2005-01-18-06:00,17
2005-01-18-09:00,19
2005-01-18-12:00,17
2005-01-18-15:00,10
2005-01-18-18:00,8
2005-01-18-21:00,7
2005-01-19-00:00,5
2005-01-19-03:00,7
2005-01-19-06:00,16
2005-01-19-09:00,19
2005-01-19-12:00,17
2005-01-19-15:00,11
2005-01-19-18:00,9
2005-01-19-21:00,7
2005-01-20-00:00,6
2005-01-20-03:00,7
2005-01-20-06:00,17
2005-01-20-09:00,19
2005-01-20-12:00,17
2005-01-20-15:00,14
2005-01-20-18:00,11
2005-01-20-21:00,10
2005-01-21-00:00,9
2005-01-21-03:00,10
2005-01-21-06:00,13
2005-01-21-09:00,16
2005-01-21-12:00,15
2005-01-21-15:00,14
2005-01-21-18:00,13
2005-01-21-21:00,11
2005-01-22-00:00,11
2005-01-22-03:00,11
2005-01-22-06:00,17
2005-01-22-09:00,17
2005-01-22-12:00,15
2005-01-22-15:00,13
2005-01-22-18:00,13
2005-01-22-21:00,12
2005-01-23-00:00,9
2005-01-23-03:00,7
2005-01-23-06:00,13
2005-01-23-09:00,15
2005-01-23-12:00,14
2005-01-23-15:00,10
2005-01-23-18:00,9
2005-01-23-21:00,8
2005-01-24-00:00,7
2005-01-24-03:00,8
2005-01-24-06:00,13
2005-01-24-09:00,14
2005-01-24-12:00,14
2005-01-24-15:00,12
2005-01-24-18:00,11
2005-01-24-21:00,11
2005-01-25-00:00,9
2005-01-25-03:00,9
2005-01-25-06:00,13
2005-01-25-09:00,15
2005-01-25-12:00,14
2005-01-25-15:00,12
2005-01-25-18:00,11
2005-01-25-21:00,10
2005-01-26-00:00,9
2005-01-26-03:00,8
2005-01-26-06:00,15
2005-01-26-09:00,19
2005-01-26-12:00,19
2005-01-26-15:00,12
2005-01-26-18:00,9
2005-01-26-21:00,9
2005-01-27-00:00,7
2005-01-27-03:00,7
2005-01-27-06:00,19
2005-01-27-09:00,21
2005-01-27-12:00,20
2005-01-27-15:00,16
2005-01-27-18:00,15
2005-01-27-21:00,14
2005-01-28-00:00,13
2005-01-28-03:00,13
2005-01-28-06:00,19
2005-01-28-09:00,22
2005-01-28-12:00,19
2005-01-28-15:00,15
2005-01-28-18:00,14
2005-01-28-21:00,13
2005-01-29-00:00,11
2005-01-29-03:00,10
2005-01-29-06:00,16
2005-01-29-09:00,20
2005-01-29-12:00,19
2005-01-29-15:00,15
2005-01-29-18:00,13
2005-01-29-21:00,11
2005-01-30-00:00,9
2005-01-30-03:00,10
2005-01-30-06:00,18
2005-01-30-09:00,20
2005-01-30-12:00,19
2005-01-30-15:00,15
2005-01-30-18:00,13
2005-01-30-21:00,12
2005-01-31-00:00,10
2005-01-31-03:00,10
2005-01-31-09:00,21
2005-01-31-12:00,20
2005-01-31-15:00,15
2005-01-31-18:00,13
2005-01-31-21:00,11
2005-02-01-00:00,9
2005-02-01-03:00,9
2005-02-01-06:00,16
2005-02-01-09:00,18
2005-02-01-12:00,17
2005-02-01-15:00,12
2005-02-01-18:00,10
2005-02-01-21:00,9
2005-02-02-00:00,8
2005-02-02-03:00,9
2005-02-02-06:00,17
2005-02-02-09:00,20
2005-02-02-12:00,18
2005-02-02-15:00,12
2005-02-02-18:00,10
2005-02-02-21:00,9
2005-02-03-00:00,7
2005-02-03-03:00,8
2005-02-03-06:00,16
2005-02-03-09:00,21
2005-02-03-12:00,20
2005-02-03-15:00,13
2005-02-03-18:00,11
2005-02-03-21:00,10
2005-02-04-00:00,8
2005-02-04-03:00,9
2005-02-04-06:00,20
2005-02-04-09:00,23
2005-02-04-12:00,21
2005-02-04-15:00,14
2005-02-04-18:00,12
2005-02-04-21:00,11
2005-02-05-00:00,9
2005-02-05-03:00,9
2005-02-05-06:00,20
2005-02-05-09:00,23
2005-02-05-12:00,20
2005-02-05-15:00,17
2005-02-05-18:00,15
2005-02-05-21:00,14
2005-02-06-00:00,13
2005-02-06-03:00,14
2005-02-06-06:00,16
2005-02-06-09:00,18
2005-02-06-12:00,17
2005-02-06-15:00,16
2005-02-06-18:00,15
2005-02-06-21:00,14
2005-02-07-00:00,14
2005-02-07-03:00,14
2005-02-07-06:00,16
2005-02-07-09:00,21
2005-02-07-12:00,20
2005-02-07-15:00,17
2005-02-07-18:00,16
2005-02-07-21:00,15
2005-02-08-00:00,15
2005-02-08-03:00,14
2005-02-08-06:00,20
2005-02-08-09:00,24
2005-02-08-12:00,22
2005-02-08-15:00,18
2005-02-08-18:00,16
2005-02-08-21:00,15
2005-02-09-00:00,14
2005-02-09-03:00,16
2005-02-09-06:00,22
2005-02-09-09:00,24
2005-02-09-12:00,22
2005-02-09-15:00,18
2005-02-09-18:00,17
2005-02-09-21:00,15
2005-02-10-00:00,14
2005-02-10-03:00,16
2005-02-10-06:00,22
2005-02-10-09:00,24
2005-02-10-12:00,23
2005-02-10-15:00,18
2005-02-10-18:00,16
2005-02-10-21:00,15
2005-02-11-00:00,15
2005-02-11-03:00,15
2005-02-11-06:00,24
2005-02-11-09:00,24.5
2005-02-11-12:00,25
2005-02-11-15:00,19
2005-02-11-18:00,17
2005-02-11-21:00,16
2005-02-12-00:00,15
2005-02-12-03:00,16
2005-02-12-06:00,24
2005-02-12-09:00,27
2005-02-12-12:00,27
2005-02-12-15:00,21
2005-02-12-18:00,19
2005-02-12-21:00,17
2005-02-13-00:00,17
2005-02-13-03:00,17
2005-02-13-06:00,21
2005-02-13-09:00,25
2005-02-13-12:00,23
2005-02-13-15:00,19
2005-02-13-18:00,18
2005-02-13-21:00,18
2005-02-14-00:00,17
2005-02-14-03:00,17
2005-02-14-06:00,20
2005-02-14-09:00,23
2005-02-14-12:00,21
2005-02-14-15:00,18
2005-02-14-18:00,17
2005-02-14-21:00,17
2005-02-15-00:00,15
2005-02-15-03:00,15
2005-02-15-06:00,19
2005-02-15-09:00,20
2005-02-15-12:00,21
2005-02-15-15:00,20
2005-02-15-18:00,18
2005-02-15-21:00,17
2005-02-16-00:00,14
2005-02-16-03:00,14
2005-02-16-06:00,19
2005-02-16-09:00,22
2005-02-16-12:00,22
2005-02-16-15:00,15
2005-02-16-18:00,13
2005-02-16-21:00,11
2005-02-17-00:00,10
2005-02-17-03:00,12
2005-02-17-06:00,20
2005-02-17-09:00,21
2005-02-17-12:00,19
2005-02-17-15:00,16
2005-02-17-18:00,15
2005-02-17-21:00,15
2005-02-18-00:00,13
2005-02-18-03:00,14
2005-02-18-06:00,21
2005-02-18-09:00,25
2005-02-18-12:00,24
2005-02-18-18:00,15
2005-02-18-21:00,14
2005-02-19-00:00,11
2005-02-19-03:00,12
2005-02-19-06:00,20
2005-02-19-12:00,21
2005-02-19-15:00,16
2005-02-19-18:00,14
2005-02-19-21:00,13
2005-02-20-00:00,11
2005-02-20-03:00,11
2005-02-20-06:00,18
2005-02-20-09:00,19
2005-02-20-12:00,17
2005-02-20-15:00,14
2005-02-20-18:00,12
2005-02-20-21:00,10
2005-02-21-00:00,8
2005-02-21-03:00,10
2005-02-21-06:00,16
2005-02-21-09:00,18
2005-02-21-12:00,17
2005-02-21-15:00,13
2005-02-21-18:00,11
2005-02-21-21:00,10
2005-02-22-00:00,9
2005-02-22-03:00,10
2005-02-22-06:00,17
2005-02-22-09:00,19
2005-02-22-12:00,18
2005-02-22-15:00,14
2005-02-22-18:00,12
2005-02-22-21:00,11
2005-02-23-00:00,10
2005-02-23-03:00,11
2005-02-23-06:00,20
2005-02-23-09:00,23
2005-02-23-12:00,22
2005-02-23-15:00,17
2005-02-23-18:00,15
2005-02-23-21:00,13
2005-02-24-00:00,11
2005-02-24-03:00,13
2005-02-24-06:00,22
2005-02-24-09:00,23
2005-02-24-12:00,21
2005-02-24-15:00,18
2005-02-24-18:00,16
2005-02-24-21:00,15
2005-02-25-00:00,13
2005-02-25-03:00,15
2005-02-25-06:00,22
2005-02-25-09:00,25
2005-02-25-12:00,23
2005-02-25-15:00,19
2005-02-25-18:00,16
2005-02-25-21:00,16
2005-02-26-00:00,14
2005-02-26-03:00,14
2005-02-26-06:00,23
2005-02-26-09:00,26
2005-02-26-12:00,24
2005-02-26-15:00,19
2005-02-26-18:00,17
2005-02-26-21:00,15
2005-02-27-00:00,14
2005-02-27-03:00,15
2005-02-27-06:00,24
2005-02-27-09:00,27
2005-02-27-12:00,25
2005-02-27-15:00,19
2005-02-27-18:00,17
2005-02-27-21:00,16
2005-02-28-00:00,14
2005-02-28-03:00,16
2005-02-28-06:00,25
2005-02-28-09:00,28
2005-02-28-12:00,26
2005-02-28-15:00,21
2005-02-28-18:00,18
2005-02-28-21:00,17
2005-03-01-00:00,15
2005-03-01-03:00,17
2005-03-01-06:00,25
2005-03-01-09:00,27
2005-03-01-12:00,25
2005-03-01-15:00,21
2005-03-01-18:00,19
2005-03-01-21:00,18
2005-03-02-00:00,15
2005-03-02-03:00,16
2005-03-02-06:00,25
2005-03-02-09:00,27
2005-03-02-15:00,22
2005-03-02-21:00,19
2005-03-03-00:00,17
2005-03-03-03:00,17
2005-03-03-06:00,27
2005-03-03-09:00,30
2005-03-03-12:00,30
2005-03-03-15:00,24
2005-03-03-18:00,22.5
2005-03-03-21:00,21
2005-03-04-00:00,20
2005-03-04-03:00,19
2005-03-04-06:00,26
2005-03-04-09:00,27
2005-03-04-12:00,24
2005-03-04-15:00,22
2005-03-04-18:00,21
2005-03-04-21:00,18
2005-03-05-00:00,17
2005-03-05-03:00,19
2005-03-05-06:00,27
2005-03-05-09:00,30
2005-03-05-12:00,28
2005-03-05-15:00,23
2005-03-05-18:00,21
2005-03-05-21:00,19
2005-03-06-00:00,18
2005-03-06-03:00,19
2005-03-06-06:00,28
2005-03-06-09:00,30
2005-03-06-12:00,27
2005-03-06-15:00,23
2005-03-06-18:00,20
2005-03-06-21:00,18
2005-03-07-00:00,17
2005-03-07-03:00,19
2005-03-07-06:00,27
2005-03-07-09:00,29
2005-03-07-12:00,28
2005-03-07-15:00,23
2005-03-07-18:00,22
2005-03-07-21:00,21
2005-03-08-00:00,18
2005-03-08-03:00,20
2005-03-08-06:00,29
2005-03-08-12:00,29
2005-03-08-15:00,25
2005-03-08-18:00,23
2005-03-08-21:00,21
2005-03-09-00:00,21
2005-03-09-03:00,20
2005-03-09-06:00,20
2005-03-09-09:00,23
2005-03-09-12:00,21
2005-03-09-15:00,19
2005-03-09-18:00,17
2005-03-09-21:00,17
2005-03-10-00:00,16
2005-03-10-03:00,15
2005-03-10-06:00,20
2005-03-10-12:00,24
2005-03-10-15:00,20
2005-03-10-18:00,18
2005-03-10-21:00,17
2005-03-11-00:00,16
2005-03-11-03:00,16
2005-03-11-06:00,22
2005-03-11-09:00,24
2005-03-11-12:00,24
2005-03-11-15:00,20
2005-03-11-18:00,18
2005-03-11-21:00,17
2005-03-12-00:00,16
2005-03-12-03:00,17
2005-03-12-06:00,25
2005-03-12-09:00,27
2005-03-12-12:00,27
2005-03-12-15:00,23.5
2005-03-12-18:00,20
2005-03-12-21:00,19
2005-03-13-00:00,15
2005-03-13-03:00,18
2005-03-13-06:00,26
2005-03-13-09:00,28
2005-03-13-12:00,27
2005-03-13-15:00,22
2005-03-13-18:00,20
2005-03-13-21:00,19
2005-03-14-00:00,18
2005-03-14-03:00,19
2005-03-14-06:00,27
2005-03-14-09:00,29
2005-03-14-12:00,29
2005-03-14-15:00,24
2005-03-14-18:00,21
2005-03-14-21:00,20
2005-03-15-00:00,19
2005-03-15-03:00,21
2005-03-15-06:00,29
2005-03-15-09:00,32
2005-03-15-12:00,31
2005-03-15-15:00,24
2005-03-15-18:00,22
2005-03-15-21:00,21
2005-03-16-00:00,20
2005-03-16-03:00,22
2005-03-16-06:00,30
2005-03-16-09:00,33
2005-03-16-12:00,32
2005-03-16-15:00,26
2005-03-16-18:00,23
2005-03-16-21:00,21
2005-03-17-00:00,20
2005-03-17-03:00,25
2005-03-17-06:00,32
2005-03-17-09:00,34
2005-03-17-12:00,32
2005-03-17-15:00,28
2005-03-17-18:00,24
2005-03-17-21:00,23
2005-03-18-00:00,22
2005-03-18-03:00,24
2005-03-18-06:00,28
2005-03-18-09:00,32
2005-03-18-12:00,32
2005-03-18-15:00,25
2005-03-18-18:00,23
2005-03-18-21:00,23
2005-03-19-00:00,20
2005-03-19-03:00,22
2005-03-19-06:00,31
2005-03-19-09:00,34
2005-03-19-12:00,33
2005-03-19-15:00,24
2005-03-19-18:00,23
2005-03-20-00:00,20
2005-03-20-03:00,20
2005-03-20-06:00,26
2005-03-20-09:00,32
2005-03-20-12:00,31
2005-03-20-15:00,25
2005-03-20-18:00,24
2005-03-20-21:00,23
2005-03-21-00:00,21
2005-03-21-03:00,21
2005-03-21-06:00,28
2005-03-21-09:00,30
2005-03-21-12:00,30
2005-03-21-15:00,23
2005-03-21-18:00,21
2005-03-21-21:00,20
2005-03-22-00:00,20
2005-03-22-03:00,21
2005-03-22-06:00,26
2005-03-22-09:00,29
2005-03-22-12:00,28
2005-03-22-15:00,24
2005-03-22-18:00,20
2005-03-22-21:00,19
2005-03-23-00:00,17
2005-03-23-03:00,19
2005-03-23-06:00,27
2005-03-23-09:00,30
2005-03-23-12:00,29
2005-03-23-15:00,24
2005-03-23-18:00,22
2005-03-23-21:00,21
2005-03-24-00:00,18
2005-03-24-03:00,20
2005-03-24-06:00,27
2005-03-24-09:00,28
2005-03-24-12:00,28
2005-03-24-15:00,23
2005-03-24-18:00,20
2005-03-24-21:00,19
2005-03-25-00:00,17
2005-03-25-03:00,21
2005-03-25-06:00,27
2005-03-25-09:00,30
2005-03-25-12:00,28
2005-03-25-15:00,24
2005-03-25-21:00,19
2005-03-26-00:00,19
2005-03-26-03:00,20
2005-03-26-06:00,28
2005-03-26-09:00,32
2005-03-26-12:00,31
2005-03-26-15:00,26
2005-03-26-18:00,25
2005-03-26-21:00,24
2005-03-27-00:00,20
2005-03-27-03:00,22
2005-03-27-06:00,31
2005-03-27-09:00,33
2005-03-27-12:00,32
2005-03-27-15:00,25
2005-03-27-18:00,23
2005-03-27-21:00,22
2005-03-28-00:00,20
2005-03-28-03:00,24
2005-03-28-06:00,31
2005-03-28-09:00,33
2005-03-28-12:00,32
2005-03-28-15:00,27
2005-03-28-18:00,24
2005-03-28-21:00,23
2005-03-29-00:00,19
2005-03-29-03:00,21
2005-03-29-06:00,30
2005-03-29-12:00,30
2005-03-29-15:00,26
2005-03-29-18:00,24
2005-03-29-21:00,22
2005-03-30-00:00,19
2005-03-30-03:00,22
2005-03-30-06:00,30
2005-03-30-09:00,31
2005-03-30-12:00,30
2005-03-30-15:00,25
2005-03-30-18:00,24
2005-03-31-00:00,20
2005-03-31-03:00,22
2005-03-31-06:00,29
2005-03-31-09:00,31
2005-03-31-12:00,30
2005-03-31-15:00,26
2005-03-31-18:00,23
2005-03-31-21:00,22
2005-04-01-00:00,18
2005-04-01-03:00,22
2005-04-01-06:00,29
2005-04-01-09:00,31
2005-04-01-12:00,31
2005-04-01-15:00,26
2005-04-01-18:00,23
2005-04-01-21:00,21
2005-04-02-00:00,16
2005-04-02-03:00,21
2005-04-02-06:00,30
2005-04-02-09:00,33
2005-04-02-12:00,32
2005-04-02-15:00,26
2005-04-02-18:00,21
2005-04-02-21:00,20
2005-04-03-00:00,18
2005-04-03-03:00,22
2005-04-03-06:00,31
2005-04-03-09:00,34
2005-04-03-12:00,33
2005-04-03-15:00,28
2005-04-03-18:00,24
2005-04-03-21:00,22
2005-04-04-00:00,19
2005-04-04-03:00,22
2005-04-04-06:00,32
2005-04-04-09:00,35
2005-04-04-12:00,35
2005-04-04-15:00,29
2005-04-04-18:00,24
2005-04-04-21:00,22
2005-04-05-00:00,19
2005-04-05-03:00,24
2005-04-05-06:00,35
2005-04-05-09:00,37
2005-04-05-12:00,37
2005-04-05-15:00,28
2005-04-05-18:00,25
2005-04-05-21:00,23
2005-04-06-00:00,22
2005-04-06-03:00,27
2005-04-06-06:00,36
2005-04-06-09:00,39
2005-04-06-12:00,38
2005-04-06-15:00,32
2005-04-06-18:00,29
2005-04-06-21:00,28
2005-04-07-00:00,26
2005-04-07-03:00,28
2005-04-07-06:00,34
2005-04-07-09:00,40
2005-04-07-12:00,38
2005-04-07-15:00,33
2005-04-07-18:00,29
2005-04-07-21:00,27
2005-04-08-00:00,26
2005-04-08-03:00,26
2005-04-08-06:00,33
2005-04-08-09:00,35
2005-04-08-12:00,33
2005-04-08-15:00,31
2005-04-08-18:00,27
2005-04-08-21:00,26
2005-04-09-00:00,21
2005-04-09-03:00,23
2005-04-09-06:00,31
2005-04-09-09:00,32
2005-04-09-12:00,31
2005-04-09-15:00,27
2005-04-09-18:00,24
2005-04-09-21:00,22
2005-04-10-00:00,19
2005-04-10-03:00,22
2005-04-10-06:00,27
2005-04-10-09:00,29
2005-04-10-12:00,29
2005-04-10-15:00,25
2005-04-10-18:00,24
2005-04-10-21:00,22
2005-04-11-00:00,19
2005-04-11-03:00,22
2005-04-11-06:00,28
2005-04-11-09:00,31
2005-04-11-12:00,30
2005-04-11-15:00,25
2005-04-11-18:00,22
2005-04-11-21:00,21
2005-04-12-00:00,18
2005-04-12-03:00,22
2005-04-12-06:00,29
2005-04-12-09:00,32
2005-04-12-12:00,32
2005-04-12-15:00,25
2005-04-12-18:00,23
2005-04-12-21:00,21
2005-04-13-00:00,19
2005-04-13-03:00,25
2005-04-13-06:00,33
2005-04-13-09:00,35
2005-04-13-12:00,35
2005-04-13-15:00,29
2005-04-13-18:00,26
2005-04-13-21:00,24
2005-04-14-00:00,19
2005-04-14-03:00,26
2005-04-14-06:00,35
2005-04-14-09:00,38
2005-04-14-12:00,37
2005-04-14-15:00,28
2005-04-14-18:00,24
2005-04-14-21:00,22
2005-04-15-00:00,21
2005-04-15-03:00,25
2005-04-15-06:00,37
2005-04-15-09:00,39
2005-04-15-12:00,37
2005-04-15-15:00,30
2005-04-15-18:00,27
2005-04-15-21:00,24
2005-04-16-00:00,23
2005-04-16-03:00,27
2005-04-16-06:00,36
2005-04-16-09:00,37
2005-04-16-12:00,35
2005-04-16-15:00,30
2005-04-16-18:00,29
2005-04-16-21:00,26
2005-04-17-00:00,22
2005-04-17-03:00,27
2005-04-17-06:00,34
2005-04-17-09:00,36
2005-04-17-12:00,35
2005-04-17-15:00,30
2005-04-17-18:00,27
2005-04-17-21:00,25
2005-04-18-00:00,20
2005-04-18-03:00,27
2005-04-18-06:00,35
2005-04-18-09:00,37
2005-04-18-12:00,36
2005-04-18-15:00,29
2005-04-18-18:00,24
2005-04-18-21:00,22
2005-04-19-00:00,20
2005-04-19-03:00,26
2005-04-19-06:00,36
2005-04-19-09:00,38
2005-04-19-12:00,38
2005-04-19-15:00,29
2005-04-19-18:00,25
2005-04-19-21:00,23
2005-04-20-00:00,21
2005-04-20-03:00,27
2005-04-20-06:00,37
2005-04-20-09:00,39
2005-04-20-12:00,37
2005-04-20-15:00,30
2005-04-20-18:00,25
2005-04-20-21:00,23
2005-04-21-00:00,21
2005-04-21-03:00,26
2005-04-21-06:00,37
2005-04-21-09:00,40
2005-04-21-12:00,39
2005-04-21-15:00,32
2005-04-21-18:00,26
2005-04-21-21:00,25
2005-04-22-00:00,23
2005-04-22-03:00,29
2005-04-22-06:00,36
2005-04-22-09:00,39
2005-04-22-12:00,37
2005-04-22-15:00,31
2005-04-22-18:00,29
2005-04-22-21:00,28
2005-04-23-00:00,27
2005-04-23-03:00,29
2005-04-23-06:00,37
2005-04-23-09:00,39
2005-04-23-12:00,38
2005-04-23-15:00,33
2005-04-23-18:00,31
2005-04-23-21:00,27
2005-04-24-00:00,26
2005-04-24-03:00,29
2005-04-24-06:00,34
2005-04-24-09:00,37
2005-04-24-12:00,36
2005-04-24-15:00,27
2005-04-24-18:00,25
2005-04-24-21:00,24
2005-04-25-00:00,25
2005-04-25-03:00,27
2005-04-25-06:00,34
2005-04-25-09:00,36
2005-04-25-12:00,36
2005-04-25-15:00,30
2005-04-25-18:00,28
2005-04-25-21:00,30
2005-04-26-00:00,24
2005-04-26-03:00,26
2005-04-26-06:00,29
2005-04-26-09:00,33
2005-04-26-12:00,34
2005-04-26-15:00,30
2005-04-26-18:00,27
2005-04-26-21:00,25
2005-04-27-00:00,23
2005-04-27-03:00,28
2005-04-27-06:00,35
2005-04-27-09:00,36
2005-04-27-12:00,34
2005-04-27-15:00,25
2005-04-27-18:00,24
2005-04-27-21:00,23
2005-04-28-00:00,22
2005-04-28-03:00,25
2005-04-28-06:00,30
2005-04-28-09:00,33
2005-04-28-12:00,34
2005-04-28-15:00,30
2005-04-28-18:00,26
2005-04-28-21:00,25
2005-04-29-00:00,22
2005-04-29-03:00,27
2005-04-29-06:00,32
2005-04-29-09:00,34
2005-04-29-12:00,33
2005-04-29-15:00,30
2005-04-29-18:00,26
2005-04-29-21:00,25
2005-04-30-00:00,23
2005-04-30-03:00,27
2005-04-30-06:00,33
2005-04-30-09:00,34
2005-04-30-12:00,34
2005-04-30-15:00,30
2005-04-30-18:00,27
2005-04-30-21:00,26
2005-05-01-00:00,23
2005-05-01-03:00,24
2005-05-01-06:00,31
2005-05-01-09:00,34
2005-05-01-12:00,33
2005-05-01-15:00,29
2005-05-01-18:00,27
2005-05-01-21:00,26
2005-05-02-00:00,25
2005-05-02-03:00,28
2005-05-02-06:00,24
2005-05-02-09:00,22
2005-05-02-12:00,32
2005-05-02-15:00,26
2005-05-02-18:00,25
2005-05-02-21:00,24
2005-05-03-00:00,22
2005-05-03-03:00,26
2005-05-03-06:00,31
2005-05-03-09:00,34
2005-05-03-12:00,33
2005-05-03-15:00,26
2005-05-03-18:00,26
2005-05-03-21:00,25
2005-05-04-00:00,24
2005-05-04-03:00,25
2005-05-04-06:00,31
2005-05-04-09:00,33
2005-05-04-12:00,28
2005-05-04-15:00,28
2005-05-04-18:00,24
2005-05-04-21:00,24
2005-05-05-00:00,24
2005-05-05-03:00,26
2005-05-05-06:00,36
2005-05-05-09:00,35
2005-05-05-12:00,34
2005-05-05-15:00,30
2005-05-05-18:00,26
2005-05-05-21:00,25
2005-05-06-00:00,24
2005-05-06-03:00,29
2005-05-06-06:00,35
2005-05-06-09:00,37
2005-05-06-12:00,38
2005-05-06-15:00,32
2005-05-06-18:00,28
2005-05-06-21:00,27
2005-05-07-00:00,26
2005-05-07-03:00,30
2005-05-07-06:00,36
2005-05-07-09:00,39
2005-05-07-12:00,38
2005-05-07-15:00,31
2005-05-07-18:00,28
2005-05-07-21:00,27
2005-05-08-00:00,26
2005-05-08-03:00,30
2005-05-08-06:00,34
2005-05-08-09:00,37
2005-05-08-12:00,38
2005-05-08-15:00,32
2005-05-08-18:00,29
2005-05-08-21:00,28
2005-05-09-00:00,27
2005-05-09-03:00,28
2005-05-09-06:00,35
2005-05-09-09:00,37
2005-05-09-12:00,37
2005-05-09-15:00,32
2005-05-09-18:00,30
2005-05-09-21:00,27
2005-05-10-00:00,25
2005-05-10-03:00,30
2005-05-10-06:00,34
2005-05-10-09:00,36
2005-05-10-12:00,35
2005-05-10-15:00,32
2005-05-10-18:00,26
2005-05-10-21:00,26
2005-05-11-00:00,22
2005-05-11-03:00,29
2005-05-11-06:00,35
2005-05-11-09:00,38
2005-05-11-12:00,38
2005-05-11-15:00,30
2005-05-11-18:00,26
2005-05-11-21:00,25
2005-05-12-00:00,24
2005-05-12-03:00,31
2005-05-12-06:00,37
2005-05-12-09:00,40
2005-05-12-12:00,40
2005-05-12-15:00,31
2005-05-12-18:00,28
2005-05-12-21:00,27
2005-05-13-00:00,25
2005-05-13-03:00,30
2005-05-13-06:00,38
2005-05-13-09:00,41
2005-05-13-12:00,37
2005-05-13-15:00,37
2005-05-13-18:00,32
2005-05-13-21:00,28
2005-05-14-00:00,25
2005-05-14-03:00,29
2005-05-14-06:00,37
2005-05-14-09:00,39
2005-05-14-12:00,38
2005-05-14-15:00,31
2005-05-14-18:00,28
2005-05-14-21:00,27
2005-05-15-00:00,23
2005-05-15-03:00,31
2005-05-15-06:00,38
2005-05-15-09:00,40
2005-05-15-12:00,39
2005-05-15-15:00,33
2005-05-15-18:00,27
2005-05-15-21:00,25
2005-05-16-00:00,23
2005-05-16-03:00,31
2005-05-16-06:00,39
2005-05-16-09:00,42
2005-05-16-12:00,41
2005-05-16-15:00,33
2005-05-16-18:00,30
2005-05-16-21:00,28
2005-05-17-00:00,28
2005-05-17-03:00,32
2005-05-17-06:00,39
2005-05-17-09:00,42
2005-05-17-12:00,41
2005-05-17-15:00,35
2005-05-17-18:00,32
2005-05-17-21:00,31
2005-05-18-00:00,33
2005-05-18-03:00,33
2005-05-18-06:00,39
2005-05-18-09:00,41
2005-05-18-12:00,41
2005-05-18-15:00,36
2005-05-18-18:00,33
2005-05-18-21:00,31
2005-05-19-00:00,28
2005-05-19-03:00,32
2005-05-19-06:00,38
2005-05-19-09:00,42
2005-05-19-12:00,41
2005-05-19-15:00,35
2005-05-19-18:00,33
2005-05-19-21:00,30
2005-05-20-00:00,27
2005-05-20-03:00,31
2005-05-20-06:00,39
2005-05-20-09:00,41
2005-05-20-12:00,41
2005-05-20-15:00,34
2005-05-20-18:00,30
2005-05-20-21:00,29
2005-05-21-00:00,27
2005-05-21-03:00,32
2005-05-21-06:00,38
2005-05-21-09:00,41
2005-05-21-12:00,41
2005-05-21-15:00,36
2005-05-21-18:00,30
2005-05-21-21:00,29
2005-05-22-00:00,26
2005-05-22-03:00,31
2005-05-22-06:00,38
2005-05-22-09:00,39
2005-05-22-12:00,38
2005-05-22-15:00,33
2005-05-22-18:00,30
2005-05-22-21:00,29
2005-05-23-00:00,27
2005-05-23-03:00,33
2005-05-23-06:00,38
2005-05-23-09:00,40
2005-05-23-12:00,38
2005-05-23-15:00,33
2005-05-23-18:00,29
2005-05-23-21:00,30
2005-05-24-00:00,29
2005-05-24-03:00,32
2005-05-24-06:00,39
2005-05-24-09:00,41
2005-05-24-12:00,40
2005-05-24-15:00,34
2005-05-24-18:00,29
2005-05-24-21:00,28
2005-05-25-00:00,25
2005-05-25-03:00,32
2005-05-25-06:00,39
2005-05-25-09:00,41
2005-05-25-12:00,40
2005-05-25-15:00,32
2005-05-25-18:00,28
2005-05-25-21:00,27
2005-05-26-00:00,27
2005-05-26-03:00,32
2005-05-26-06:00,39
2005-05-26-09:00,41
2005-05-26-12:00,38
2005-05-26-15:00,34
2005-05-26-18:00,33
2005-05-27-00:00,29
2005-05-27-03:00,31
2005-05-27-06:00,38
2005-05-27-09:00,40
2005-05-27-12:00,39
2005-05-27-15:00,35
2005-05-27-18:00,34
2005-05-27-21:00,29
2005-05-28-00:00,24
2005-05-28-03:00,33
2005-05-28-06:00,39
2005-05-28-09:00,40
2005-05-28-12:00,40
2005-05-28-18:00,28
2005-05-28-21:00,27
2005-05-29-00:00,28
2005-05-29-03:00,32
2005-05-29-06:00,38
2005-05-29-09:00,40
2005-05-29-12:00,39
2005-05-29-15:00,35
2005-05-29-18:00,33
2005-05-29-21:00,33
2005-05-30-00:00,29
2005-05-30-03:00,31
2005-05-30-06:00,35
2005-05-30-09:00,39
2005-05-30-12:00,39
2005-05-30-15:00,32
2005-05-30-18:00,32
2005-05-30-21:00,30
2005-05-31-00:00,27
2005-05-31-03:00,32
2005-05-31-06:00,38
2005-05-31-09:00,40
2005-05-31-12:00,39
2005-05-31-15:00,35
2005-05-31-18:00,33
2005-05-31-21:00,30
2005-06-01-00:00,29
2005-06-01-03:00,32
2005-06-01-06:00,38
2005-06-01-09:00,40
2005-06-01-12:00,40
2005-06-01-15:00,36
2005-06-01-18:00,32
2005-06-01-21:00,30
2005-06-02-00:00,27
2005-06-02-03:00,33
2005-06-02-06:00,39
2005-06-02-09:00,41
2005-06-02-12:00,35
2005-06-02-15:00,35
2005-06-02-18:00,33
2005-06-02-21:00,32
2005-06-03-00:00,30
2005-06-03-03:00,34
2005-06-03-06:00,40
2005-06-03-09:00,43
2005-06-03-12:00,42
2005-06-03-15:00,36
2005-06-03-18:00,34
2005-06-03-21:00,33
2005-06-04-00:00,31
2005-06-04-03:00,35
2005-06-04-06:00,41
2005-06-04-09:00,43
2005-06-04-12:00,42
2005-06-04-15:00,35
2005-06-04-18:00,31
2005-06-04-21:00,29
2005-06-05-00:00,28
2005-06-05-03:00,36
2005-06-05-06:00,42
2005-06-05-09:00,43
2005-06-05-12:00,33
2005-06-05-15:00,33
2005-06-05-18:00,31
2005-06-05-21:00,31
2005-06-06-00:00,30
2005-06-06-03:00,31
2005-06-06-06:00,35
2005-06-06-09:00,38
2005-06-06-12:00,39
2005-06-06-15:00,33
2005-06-06-18:00,23
2005-06-06-21:00,25
2005-06-07-00:00,24
2005-06-07-03:00,28
2005-06-07-06:00,34
2005-06-07-09:00,38
2005-06-07-12:00,38
2005-06-07-15:00,32
2005-06-07-18:00,30
2005-06-07-21:00,28
2005-06-08-00:00,28
2005-06-08-03:00,31
2005-06-08-06:00,35
2005-06-08-09:00,38
2005-06-08-12:00,38
2005-06-08-15:00,34
2005-06-08-18:00,33
2005-06-09-00:00,27
2005-06-09-03:00,30
2005-06-09-06:00,36
2005-06-09-09:00,39
2005-06-09-12:00,40
2005-06-09-15:00,36
2005-06-09-18:00,32
2005-06-09-21:00,28
2005-06-10-00:00,26
2005-06-10-03:00,29
2005-06-10-06:00,35
2005-06-10-09:00,39
2005-06-10-12:00,39
2005-06-10-15:00,34
2005-06-10-18:00,31
2005-06-10-21:00,30
2005-06-11-00:00,29
2005-06-11-03:00,33
2005-06-11-06:00,38
2005-06-11-09:00,41
2005-06-11-12:00,41
2005-06-11-15:00,35
2005-06-11-18:00,34
2005-06-11-21:00,33
2005-06-12-00:00,30
2005-06-12-03:00,32
2005-06-12-06:00,36
2005-06-12-09:00,39
2005-06-12-12:00,39
2005-06-12-15:00,35
2005-06-12-18:00,32
2005-06-12-21:00,30
2005-06-13-00:00,31
2005-06-13-03:00,32
2005-06-13-06:00,36
2005-06-13-09:00,40
2005-06-13-12:00,39
2005-06-13-15:00,35
2005-06-13-18:00,31
2005-06-13-21:00,32
2005-06-14-00:00,30
2005-06-14-03:00,32
2005-06-14-06:00,35
2005-06-14-09:00,39
2005-06-14-12:00,40
2005-06-14-15:00,35
2005-06-14-18:00,31
2005-06-14-21:00,30
2005-06-15-00:00,28
2005-06-15-03:00,33
2005-06-15-06:00,38
2005-06-15-09:00,40
2005-06-15-12:00,41
2005-06-15-15:00,36
2005-06-15-18:00,32
2005-06-15-21:00,30
2005-06-16-00:00,29
2005-06-16-03:00,35
2005-06-16-06:00,41
2005-06-16-09:00,43
2005-06-16-12:00,42
2005-06-16-15:00,37
2005-06-16-18:00,33
2005-06-16-21:00,32
2005-06-17-00:00,33
2005-06-17-03:00,35
2005-06-17-06:00,39
2005-06-17-09:00,43
2005-06-17-12:00,40
2005-06-17-15:00,36
2005-06-17-18:00,33
2005-06-18-00:00,29
2005-06-18-03:00,35
2005-06-18-06:00,40
2005-06-18-09:00,43
2005-06-18-12:00,43
2005-06-18-15:00,38
2005-06-18-18:00,33
2005-06-18-21:00,32
2005-06-19-00:00,30
2005-06-19-03:00,35
2005-06-19-06:00,42
2005-06-19-09:00,44
2005-06-19-12:00,43
2005-06-19-15:00,37
2005-06-19-18:00,34
2005-06-19-21:00,32
2005-06-20-00:00,30
2005-06-20-03:00,36
2005-06-20-06:00,42
2005-06-20-09:00,44
2005-06-20-12:00,44
2005-06-20-15:00,38
2005-06-20-18:00,36
2005-06-20-21:00,34
2005-06-21-00:00,34
2005-06-21-03:00,33
2005-06-21-06:00,37
2005-06-21-09:00,41
2005-06-21-12:00,41
2005-06-21-15:00,37
2005-06-21-18:00,34
2005-06-22-00:00,33
2005-06-22-03:00,36
2005-06-22-06:00,41
2005-06-22-09:00,43
2005-06-22-12:00,42
2005-06-22-15:00,35
2005-06-22-18:00,35
2005-06-22-21:00,33
2005-06-23-00:00,32
2005-06-23-03:00,33
2005-06-23-06:00,37
2005-06-23-09:00,40
2005-06-23-12:00,34
2005-06-23-15:00,30
2005-06-23-18:00,30
2005-06-23-21:00,30
2005-06-24-00:00,28
2005-06-24-03:00,29
2005-06-24-06:00,34
2005-06-24-09:00,37
2005-06-24-12:00,36
2005-06-24-15:00,35
2005-06-24-18:00,34
2005-06-24-21:00,32
2005-06-25-00:00,31
2005-06-25-03:00,33
2005-06-25-06:00,36
2005-06-25-09:00,41
2005-06-25-12:00,40
2005-06-25-15:00,35
2005-06-25-18:00,39
2005-06-25-21:00,32
2005-06-26-00:00,33
2005-06-26-03:00,29
2005-06-26-06:00,26
2005-06-26-09:00,27
2005-06-26-12:00,29
2005-06-26-15:00,28
2005-06-26-18:00,28
2005-06-26-21:00,28
2005-06-27-00:00,27
2005-06-27-03:00,28
2005-06-27-06:00,27
2005-06-27-09:00,29
2005-06-27-12:00,32
2005-06-27-15:00,30
2005-06-27-18:00,29
2005-06-27-21:00,29
2005-06-28-00:00,27
2005-06-28-03:00,30
2005-06-28-06:00,29
2005-06-28-09:00,29
2005-06-28-12:00,32
2005-06-28-15:00,30
2005-06-28-18:00,29
2005-06-28-21:00,29
2005-06-29-00:00,28
2005-06-29-03:00,30
2005-06-29-06:00,34
2005-06-29-09:00,28
2005-06-29-12:00,27
2005-06-29-15:00,28
2005-06-29-18:00,28
2005-06-29-21:00,28
2005-06-30-00:00,27
2005-06-30-03:00,28
2005-06-30-06:00,30
2005-06-30-09:00,33
2005-06-30-12:00,35
2005-06-30-15:00,32
2005-06-30-18:00,31
2005-06-30-21:00,30
2005-07-01-00:00,29
2005-07-01-03:00,31
2005-07-01-06:00,34
2005-07-01-09:00,36
2005-07-01-12:00,36
2005-07-01-15:00,33
2005-07-01-18:00,31
2005-07-01-21:00,29
2005-07-02-00:00,28
2005-07-02-03:00,29
2005-07-02-06:00,29
2005-07-02-09:00,34
2005-07-02-12:00,34
2005-07-02-15:00,32
2005-07-02-18:00,31
2005-07-02-21:00,30
2005-07-03-00:00,29
2005-07-03-03:00,31
2005-07-03-06:00,34
2005-07-03-09:00,34
2005-07-03-12:00,28
2005-07-03-15:00,29
2005-07-03-18:00,28
2005-07-03-21:00,27
2005-07-04-00:00,27
2005-07-04-03:00,28
2005-07-04-06:00,31
2005-07-04-09:00,33
2005-07-04-12:00,31
2005-07-04-15:00,28
2005-07-04-18:00,28
2005-07-04-21:00,27
2005-07-05-00:00,27
2005-07-05-03:00,27
2005-07-05-06:00,28
2005-07-05-09:00,28
2005-07-05-12:00,28
2005-07-05-15:00,27
2005-07-05-18:00,26
2005-07-05-21:00,26
2005-07-06-00:00,26
2005-07-06-03:00,27
2005-07-06-06:00,28
2005-07-06-09:00,26
2005-07-06-12:00,27
2005-07-06-15:00,26
2005-07-06-18:00,26
2005-07-06-21:00,26
2005-07-07-00:00,26
2005-07-07-03:00,26
2005-07-07-06:00,27
2005-07-07-09:00,27
2005-07-07-12:00,28
2005-07-07-15:00,28
2005-07-07-18:00,27
2005-07-07-21:00,27
2005-07-08-00:00,26
2005-07-08-03:00,28
2005-07-08-06:00,33
2005-07-08-09:00,35
2005-07-08-12:00,34
2005-07-08-15:00,32
2005-07-08-18:00,30
2005-07-08-21:00,30
2005-07-09-00:00,29
2005-07-09-03:00,31
2005-07-09-06:00,35
2005-07-09-09:00,37
2005-07-09-12:00,37
2005-07-09-15:00,34
2005-07-09-18:00,32
2005-07-09-21:00,31
2005-07-10-00:00,30
2005-07-10-03:00,32
2005-07-10-06:00,35
2005-07-10-09:00,37
2005-07-10-12:00,36
2005-07-10-15:00,33
2005-07-10-18:00,30
2005-07-10-21:00,29
2005-07-11-00:00,28
2005-07-11-03:00,28
2005-07-11-06:00,26
2005-07-11-09:00,27
2005-07-11-12:00,28
2005-07-11-15:00,27
2005-07-11-18:00,26
2005-07-11-21:00,25
2005-07-12-00:00,25
2005-07-12-03:00,25
2005-07-12-06:00,26
2005-07-12-09:00,29
2005-07-12-12:00,30
2005-07-12-15:00,29
2005-07-12-18:00,27
2005-07-12-21:00,27
2005-07-13-00:00,26
2005-07-13-06:00,30
2005-07-13-09:00,31
2005-07-13-12:00,29
2005-07-13-15:00,27
2005-07-13-18:00,27
2005-07-14-00:00,27
2005-07-14-03:00,28
2005-07-14-06:00,30
2005-07-14-09:00,28
2005-07-14-12:00,28
2005-07-14-15:00,28
2005-07-14-18:00,27
2005-07-14-21:00,27
2005-07-15-00:00,27
2005-07-15-03:00,28
2005-07-15-06:00,32
2005-07-15-09:00,29
2005-07-15-12:00,30
2005-07-15-15:00,29
2005-07-15-18:00,28
2005-07-15-21:00,27
2005-07-16-00:00,28
2005-07-16-03:00,28
2005-07-16-06:00,30
2005-07-16-09:00,33
2005-07-16-12:00,31
2005-07-16-15:00,29
2005-07-16-18:00,28
2005-07-16-21:00,28
2005-07-17-00:00,27
2005-07-17-03:00,29
2005-07-17-06:00,31
2005-07-17-09:00,32
2005-07-17-12:00,29
2005-07-17-15:00,29
2005-07-17-18:00,28
2005-07-17-21:00,28
2005-07-18-00:00,27
2005-07-18-03:00,28
2005-07-18-06:00,32
2005-07-18-09:00,34
2005-07-18-12:00,34
2005-07-18-15:00,27
2005-07-18-18:00,27
2005-07-18-21:00,27
2005-07-19-00:00,27
2005-07-19-03:00,29
2005-07-19-06:00,33
2005-07-19-09:00,35
2005-07-19-12:00,35
2005-07-19-15:00,32
2005-07-19-18:00,31
2005-07-19-21:00,31
2005-07-20-00:00,29
2005-07-20-03:00,30
2005-07-20-06:00,34
2005-07-20-09:00,36
2005-07-20-12:00,36
2005-07-20-15:00,33
2005-07-20-18:00,31
2005-07-20-21:00,30
2005-07-21-00:00,29
2005-07-21-03:00,31
2005-07-21-06:00,34
2005-07-21-09:00,36
2005-07-21-12:00,35
2005-07-21-15:00,33
2005-07-21-18:00,32
2005-07-21-21:00,24
2005-07-22-03:00,30
2005-07-22-06:00,34
2005-07-22-09:00,36
2005-07-22-12:00,36
2005-07-22-15:00,34
2005-07-22-18:00,28
2005-07-22-21:00,27
2005-07-23-00:00,27
2005-07-23-03:00,28
2005-07-23-06:00,31
2005-07-23-09:00,32
2005-07-23-12:00,33
2005-07-23-15:00,31
2005-07-23-18:00,30
2005-07-23-21:00,29
2005-07-24-00:00,28
2005-07-24-03:00,29
2005-07-24-06:00,33
2005-07-24-09:00,35
2005-07-24-12:00,35
2005-07-24-15:00,32
2005-07-24-18:00,31
2005-07-24-21:00,30
2005-07-25-00:00,29
2005-07-25-03:00,31
2005-07-25-06:00,35
2005-07-25-09:00,37
2005-07-25-12:00,35
2005-07-25-15:00,32
2005-07-25-18:00,31
2005-07-25-21:00,30
2005-07-26-00:00,29
2005-07-26-03:00,31
2005-07-26-06:00,33
2005-07-26-09:00,30
2005-07-26-12:00,30
2005-07-26-15:00,29
2005-07-26-18:00,29
2005-07-26-21:00,29
2005-07-27-00:00,28
2005-07-27-03:00,31
2005-07-27-06:00,34
2005-07-27-09:00,36
2005-07-27-12:00,35
2005-07-27-15:00,32
2005-07-27-18:00,31
2005-07-27-21:00,30
2005-07-28-00:00,29
2005-07-28-03:00,31
2005-07-28-06:00,34
2005-07-28-09:00,36
2005-07-28-12:00,36
2005-07-28-15:00,33
2005-07-28-18:00,31
2005-07-28-21:00,30
2005-07-29-00:00,28
2005-07-29-03:00,29
2005-07-29-06:00,33
2005-07-29-09:00,32
2005-07-29-12:00,32
2005-07-29-15:00,30
2005-07-29-18:00,29
2005-07-29-21:00,29
2005-07-30-00:00,28
2005-07-30-03:00,29
2005-07-30-06:00,33
2005-07-30-09:00,36
2005-07-30-12:00,30
2005-07-30-15:00,29
2005-07-30-18:00,29
2005-07-30-21:00,29
2005-07-31-00:00,28
2005-07-31-03:00,29
2005-07-31-06:00,34
2005-07-31-09:00,35
2005-07-31-12:00,32
2005-07-31-15:00,29
2005-07-31-18:00,29
2005-08-01-00:00,29
2005-08-01-03:00,32
2005-08-01-06:00,35
2005-08-01-09:00,36
2005-08-01-12:00,35
2005-08-01-15:00,32
2005-08-01-18:00,31
2005-08-01-21:00,30
2005-08-02-00:00,29
2005-08-02-03:00,31
2005-08-02-06:00,35
2005-08-02-09:00,36
2005-08-02-12:00,36
2005-08-02-15:00,32
2005-08-02-18:00,31
2005-08-02-21:00,30
2005-08-03-00:00,29
2005-08-03-03:00,31
2005-08-03-06:00,36
2005-08-03-09:00,37
2005-08-03-12:00,36
2005-08-03-15:00,34
2005-08-03-18:00,33
2005-08-03-21:00,32
2005-08-04-00:00,31
2005-08-04-03:00,32
2005-08-04-06:00,36
2005-08-04-09:00,37
2005-08-04-12:00,28
2005-08-04-15:00,29
2005-08-04-18:00,29
2005-08-04-21:00,29
2005-08-05-00:00,29
2005-08-05-03:00,30
2005-08-05-06:00,30
2005-08-05-09:00,31
2005-08-05-12:00,32
2005-08-05-15:00,27
2005-08-05-18:00,28
2005-08-05-21:00,28
2005-08-06-00:00,28
2005-08-06-03:00,25
2005-08-06-06:00,26
2005-08-06-09:00,29
2005-08-06-12:00,31
2005-08-06-15:00,29
2005-08-06-18:00,28
2005-08-06-21:00,28
2005-08-07-00:00,27
2005-08-07-03:00,29
2005-08-07-06:00,31
2005-08-07-09:00,32
2005-08-07-12:00,32
2005-08-07-15:00,31
2005-08-07-18:00,29
2005-08-07-21:00,28
2005-08-08-00:00,27
2005-08-08-03:00,29
2005-08-08-06:00,31
2005-08-08-09:00,34
2005-08-08-12:00,34
2005-08-08-15:00,31
2005-08-08-18:00,30
2005-08-08-21:00,29
2005-08-09-00:00,28
2005-08-09-03:00,29
2005-08-09-06:00,32
2005-08-09-09:00,35
2005-08-09-12:00,35
2005-08-09-15:00,32
2005-08-09-18:00,30
2005-08-09-21:00,29
2005-08-10-00:00,28
2005-08-10-03:00,30
2005-08-10-06:00,33
2005-08-10-09:00,35
2005-08-10-12:00,35
2005-08-10-15:00,31
2005-08-10-18:00,30
2005-08-10-21:00,30
2005-08-11-00:00,29
2005-08-11-03:00,29
2005-08-11-06:00,33
2005-08-11-09:00,35
2005-08-11-12:00,35
2005-08-11-15:00,33
2005-08-11-18:00,31
2005-08-11-21:00,30
2005-08-12-00:00,28
2005-08-12-03:00,30
2005-08-12-06:00,33
2005-08-12-09:00,36
2005-08-12-12:00,36
2005-08-12-15:00,33
2005-08-12-18:00,31
2005-08-12-21:00,31
2005-08-13-00:00,30
2005-08-13-03:00,30
2005-08-13-06:00,34
2005-08-13-09:00,36
2005-08-13-12:00,37
2005-08-13-15:00,33
2005-08-13-18:00,32
2005-08-13-21:00,31
2005-08-14-00:00,30
2005-08-14-03:00,31
2005-08-14-06:00,35
2005-08-14-09:00,37
2005-08-14-12:00,37
2005-08-14-15:00,34
2005-08-14-18:00,33
2005-08-14-21:00,32
2005-08-15-00:00,31
2005-08-15-03:00,31
2005-08-15-06:00,32
2005-08-15-09:00,33
2005-08-15-12:00,33
2005-08-15-15:00,31
2005-08-15-18:00,30
2005-08-15-21:00,29
2005-08-16-00:00,28
2005-08-16-03:00,30
2005-08-16-06:00,27
2005-08-16-09:00,32
2005-08-16-12:00,28
2005-08-16-15:00,29
2005-08-16-18:00,29
2005-08-16-21:00,28
2005-08-17-00:00,28
2005-08-17-03:00,29
2005-08-17-06:00,32
2005-08-17-09:00,31
2005-08-17-12:00,31
2005-08-17-15:00,30
2005-08-17-18:00,29
2005-08-17-21:00,28
2005-08-18-00:00,28
2005-08-18-03:00,30
2005-08-18-06:00,32
2005-08-18-09:00,35
2005-08-18-12:00,34
2005-08-18-15:00,32
2005-08-18-18:00,31
2005-08-18-21:00,30
2005-08-19-00:00,30
2005-08-19-03:00,30
2005-08-19-06:00,35
2005-08-19-09:00,36
2005-08-19-12:00,36
2005-08-19-15:00,33
2005-08-19-18:00,31
2005-08-19-21:00,27
2005-08-20-00:00,26
2005-08-20-03:00,28
2005-08-20-06:00,33
2005-08-20-09:00,35
2005-08-20-12:00,36
2005-08-20-15:00,33
2005-08-20-18:00,30
2005-08-20-21:00,23
2005-08-21-00:00,26
2005-08-21-03:00,29
2005-08-21-06:00,33
2005-08-21-09:00,34
2005-08-21-12:00,34
2005-08-21-15:00,32
2005-08-21-18:00,31
2005-08-21-21:00,30
2005-08-22-00:00,29
2005-08-22-03:00,30
2005-08-22-06:00,32
2005-08-22-09:00,35
2005-08-22-12:00,35
2005-08-22-15:00,32
2005-08-22-18:00,31
2005-08-22-21:00,30
2005-08-23-00:00,29
2005-08-23-03:00,29
2005-08-23-06:00,33
2005-08-23-09:00,35
2005-08-23-12:00,35
2005-08-23-15:00,32
2005-08-23-18:00,31
2005-08-23-21:00,30
2005-08-24-00:00,28
2005-08-24-03:00,27
2005-08-24-06:00,33
2005-08-24-09:00,35
2005-08-24-12:00,35
2005-08-24-15:00,32
2005-08-24-18:00,30
2005-08-24-21:00,29
2005-08-25-00:00,27
2005-08-25-03:00,29
2005-08-25-06:00,33
2005-08-25-09:00,35
2005-08-25-12:00,35
2005-08-25-15:00,31
2005-08-25-18:00,30
2005-08-25-21:00,29
2005-08-26-00:00,27
2005-08-26-03:00,29
2005-08-26-06:00,33
2005-08-26-09:00,36
2005-08-26-12:00,36
2005-08-26-15:00,32
2005-08-26-18:00,31
2005-08-26-21:00,30
2005-08-27-00:00,28
2005-08-27-03:00,29
2005-08-27-06:00,34
2005-08-27-09:00,35
2005-08-27-12:00,36
2005-08-27-15:00,33
2005-08-27-18:00,31
2005-08-27-21:00,29
2005-08-28-00:00,28
2005-08-28-03:00,30
2005-08-28-06:00,34
2005-08-28-09:00,36
2005-08-28-12:00,35
2005-08-28-15:00,32
2005-08-28-18:00,30
2005-08-28-21:00,29
2005-08-29-00:00,28
2005-08-29-03:00,30
2005-08-29-06:00,35
2005-08-29-09:00,37
2005-08-29-12:00,36
2005-08-29-15:00,33
2005-08-29-18:00,31
2005-08-29-21:00,29
2005-08-30-00:00,28
2005-08-30-03:00,30
2005-08-30-06:00,35
2005-08-30-09:00,37
2005-08-30-12:00,35
2005-08-30-15:00,32
2005-08-30-18:00,30
2005-08-30-21:00,29
2005-08-31-00:00,28
2005-08-31-03:00,30
2005-08-31-06:00,35
2005-08-31-09:00,36
2005-08-31-12:00,36
2005-08-31-15:00,32
2005-08-31-18:00,30
2005-08-31-21:00,29
2005-09-01-00:00,28
2005-09-01-03:00,30
2005-09-01-06:00,35
2005-09-01-09:00,37
2005-09-01-12:00,36
2005-09-01-15:00,33
2005-09-01-18:00,30
2005-09-02-00:00,27
2005-09-02-03:00,30
2005-09-02-06:00,35
2005-09-02-09:00,37
2005-09-02-12:00,37
2005-09-02-15:00,33
2005-09-02-18:00,31
2005-09-02-21:00,29
2005-09-03-00:00,28
2005-09-03-03:00,31
2005-09-03-06:00,36
2005-09-03-09:00,38
2005-09-03-12:00,37
2005-09-03-15:00,33
2005-09-03-18:00,30
2005-09-03-21:00,29
2005-09-04-00:00,28
2005-09-04-03:00,30
2005-09-04-06:00,35
2005-09-04-09:00,37
2005-09-04-12:00,36
2005-09-04-15:00,33
2005-09-04-18:00,31
2005-09-04-21:00,29
2005-09-05-00:00,28
2005-09-05-03:00,29
2005-09-05-06:00,34
2005-09-05-09:00,36
2005-09-05-12:00,36
2005-09-05-15:00,32
2005-09-05-18:00,29
2005-09-05-21:00,28
2005-09-06-00:00,27
2005-09-06-03:00,29
2005-09-06-06:00,33
2005-09-06-09:00,36
2005-09-06-12:00,36
2005-09-06-15:00,32
2005-09-06-18:00,29
2005-09-06-21:00,28
2005-09-07-00:00,28
2005-09-07-03:00,29
2005-09-07-06:00,33
2005-09-07-09:00,35
2005-09-07-12:00,34
2005-09-07-15:00,31
2005-09-07-18:00,30
2005-09-07-21:00,29
2005-09-08-00:00,28
2005-09-08-03:00,30
2005-09-08-06:00,33
2005-09-08-09:00,35
2005-09-08-12:00,35
2005-09-08-15:00,32
2005-09-08-18:00,31
2005-09-08-21:00,30
2005-09-09-00:00,29
2005-09-09-03:00,31
2005-09-09-06:00,34
2005-09-09-09:00,36
2005-09-09-12:00,26
2005-09-09-15:00,26
2005-09-09-18:00,26
2005-09-09-21:00,27
2005-09-10-00:00,27
2005-09-10-03:00,28
2005-09-10-06:00,28
2005-09-10-09:00,29
2005-09-10-12:00,28
2005-09-10-15:00,26
2005-09-10-18:00,26
2005-09-10-21:00,26
2005-09-11-00:00,25
2005-09-11-03:00,28
2005-09-11-06:00,33
2005-09-11-09:00,35
2005-09-11-12:00,33
2005-09-11-15:00,29
2005-09-11-18:00,28
2005-09-11-21:00,27
2005-09-12-00:00,26
2005-09-12-03:00,29
2005-09-12-06:00,32
2005-09-12-09:00,29
2005-09-12-12:00,30
2005-09-12-15:00,25
2005-09-12-18:00,24
2005-09-12-21:00,24
2005-09-13-00:00,25
2005-09-13-03:00,26
2005-09-13-06:00,31
2005-09-13-09:00,34
2005-09-13-12:00,27
2005-09-13-15:00,26
2005-09-13-18:00,25
2005-09-13-21:00,26
2005-09-14-00:00,26
2005-09-14-03:00,28
2005-09-14-06:00,32
2005-09-14-09:00,30
2005-09-14-12:00,30
2005-09-14-15:00,26
2005-09-14-18:00,27
2005-09-14-21:00,25
2005-09-15-00:00,24
2005-09-15-03:00,25
2005-09-15-06:00,28
2005-09-15-09:00,30
2005-09-15-12:00,25
2005-09-15-15:00,26
2005-09-15-18:00,25
2005-09-15-21:00,25
2005-09-16-00:00,26
2005-09-16-03:00,25
2005-09-16-06:00,22
2005-09-16-09:00,22
2005-09-16-12:00,22
2005-09-16-15:00,22
2005-09-16-18:00,22
2005-09-16-21:00,22
2005-09-17-00:00,22
2005-09-17-03:00,23
2005-09-17-06:00,25
2005-09-17-09:00,25
2005-09-17-12:00,25
2005-09-17-15:00,23
2005-09-17-18:00,23
2005-09-17-21:00,23
2005-09-18-00:00,23
2005-09-18-03:00,24
2005-09-18-06:00,28
2005-09-18-09:00,31
2005-09-18-12:00,31
2005-09-18-15:00,28
2005-09-18-18:00,27
2005-09-18-21:00,26
2005-09-19-00:00,24
2005-09-19-03:00,26
2005-09-19-06:00,31
2005-09-19-09:00,33
2005-09-19-12:00,32
2005-09-19-15:00,29
2005-09-19-18:00,28
2005-09-19-21:00,27
2005-09-20-00:00,26
2005-09-20-03:00,27
2005-09-20-06:00,32
2005-09-20-09:00,33
2005-09-20-12:00,34
2005-09-20-15:00,30
2005-09-20-18:00,27
2005-09-20-21:00,26
2005-09-21-00:00,26
2005-09-21-03:00,29
2005-09-21-06:00,34
2005-09-21-09:00,35
2005-09-21-12:00,34
2005-09-21-15:00,31
2005-09-21-18:00,29
2005-09-21-21:00,29
2005-09-22-00:00,27
2005-09-22-03:00,28
2005-09-22-06:00,30
2005-09-22-09:00,33
2005-09-22-12:00,32
2005-09-22-15:00,29
2005-09-22-18:00,28
2005-09-22-21:00,27
2005-09-23-00:00,27
2005-09-23-03:00,28
2005-09-23-06:00,32
2005-09-23-09:00,33
2005-09-23-12:00,30
2005-09-23-15:00,29
2005-09-23-18:00,28
2005-09-23-21:00,26
2005-09-24-00:00,26
2005-09-24-03:00,26
2005-09-24-06:00,25
2005-09-24-09:00,24
2005-09-24-12:00,24
2005-09-24-15:00,24
2005-09-24-18:00,24
2005-09-24-21:00,23
2005-09-25-00:00,22
2005-09-25-03:00,23
2005-09-25-06:00,26
2005-09-25-09:00,28
2005-09-25-12:00,29
2005-09-25-15:00,26
2005-09-25-18:00,25
2005-09-25-21:00,24
2005-09-26-00:00,24
2005-09-26-03:00,26
2005-09-26-06:00,30
2005-09-26-09:00,32
2005-09-26-12:00,32
2005-09-26-15:00,28
2005-09-26-18:00,27
2005-09-26-21:00,25
2005-09-27-00:00,25
2005-09-27-03:00,26
2005-09-27-06:00,31
2005-09-27-09:00,33
2005-09-27-12:00,32
2005-09-27-15:00,29
2005-09-27-18:00,28
2005-09-27-21:00,26
2005-09-28-00:00,26
2005-09-28-03:00,27
2005-09-28-06:00,32
2005-09-28-09:00,33
2005-09-28-12:00,32
2005-09-28-15:00,28
2005-09-28-18:00,26
2005-09-28-21:00,25
2005-09-29-00:00,24
2005-09-29-03:00,26
2005-09-29-06:00,31
2005-09-29-09:00,33
2005-09-29-12:00,32
2005-09-29-15:00,27
2005-09-29-18:00,26
2005-09-29-21:00,25
2005-09-30-00:00,25
2005-09-30-03:00,27
2005-09-30-06:00,32
2005-09-30-09:00,34
2005-09-30-12:00,32
2005-09-30-15:00,28
2005-09-30-18:00,26
2005-09-30-21:00,25
2005-10-01-00:00,24
2005-10-01-03:00,26
2005-10-01-06:00,32
2005-10-01-09:00,34
2005-10-01-12:00,32
2005-10-01-15:00,27
2005-10-01-18:00,24
2005-10-02-00:00,23
2005-10-02-03:00,27
2005-10-02-06:00,31
2005-10-02-09:00,34
2005-10-02-12:00,32
2005-10-02-15:00,26
2005-10-02-18:00,24
2005-10-02-21:00,24
2005-10-03-00:00,22
2005-10-03-03:00,25
2005-10-03-06:00,30
2005-10-03-09:00,33
2005-10-03-12:00,33
2005-10-03-15:00,26
2005-10-03-18:00,24
2005-10-03-21:00,23
2005-10-04-00:00,23
2005-10-04-03:00,26
2005-10-04-06:00,32
2005-10-04-09:00,34
2005-10-04-12:00,33
2005-10-04-15:00,26
2005-10-04-18:00,23
2005-10-04-21:00,22
2005-10-05-00:00,22
2005-10-05-03:00,24
2005-10-05-06:00,32
2005-10-05-09:00,35
2005-10-05-12:00,33
2005-10-05-15:00,27
2005-10-05-18:00,25
2005-10-05-21:00,25
2005-10-06-00:00,23
2005-10-06-03:00,24
2005-10-06-06:00,32
2005-10-06-09:00,34
2005-10-06-12:00,32
2005-10-06-15:00,27
2005-10-06-18:00,25
2005-10-06-21:00,24
2005-10-07-00:00,25
2005-10-07-03:00,26
2005-10-07-06:00,33
2005-10-07-09:00,35
2005-10-07-12:00,33
2005-10-07-15:00,26
2005-10-07-18:00,24
2005-10-07-21:00,23
2005-10-08-00:00,22
2005-10-08-03:00,25
2005-10-08-06:00,32
2005-10-08-09:00,34
2005-10-08-12:00,33
2005-10-08-15:00,25
2005-10-08-18:00,24
2005-10-08-21:00,22
2005-10-09-00:00,21
2005-10-09-03:00,25
2005-10-09-06:00,32
2005-10-09-09:00,35
2005-10-09-12:00,33
2005-10-09-15:00,26
2005-10-09-18:00,23
2005-10-09-21:00,28
2005-10-10-00:00,22
2005-10-10-03:00,24
2005-10-10-06:00,32
2005-10-10-09:00,34
2005-10-10-12:00,32
2005-10-10-15:00,26
2005-10-10-18:00,23
2005-10-10-21:00,22
2005-10-11-00:00,22
2005-10-11-03:00,23
2005-10-11-06:00,32
2005-10-11-09:00,35
2005-10-11-12:00,33
2005-10-11-15:00,28
2005-10-11-18:00,24
2005-10-11-21:00,22
2005-10-12-00:00,22
2005-10-12-03:00,24
2005-10-12-06:00,30
2005-10-12-09:00,33
2005-10-12-12:00,32
2005-10-12-15:00,26
2005-10-12-18:00,23
2005-10-12-21:00,21
2005-10-13-00:00,20
2005-10-13-03:00,22
2005-10-13-06:00,31
2005-10-13-09:00,33
2005-10-13-12:00,30
2005-10-13-15:00,26
2005-10-13-18:00,24
2005-10-13-21:00,22
2005-10-14-00:00,21
2005-10-14-03:00,23
2005-10-14-06:00,32
2005-10-14-09:00,33
2005-10-14-12:00,31
2005-10-14-15:00,25
2005-10-14-18:00,23
2005-10-14-21:00,21
2005-10-15-00:00,21
2005-10-15-03:00,23
2005-10-15-06:00,32
2005-10-15-09:00,33
2005-10-15-12:00,31
2005-10-15-15:00,24
2005-10-15-18:00,22
2005-10-15-21:00,21
2005-10-16-00:00,20
2005-10-16-03:00,22
2005-10-16-06:00,31
2005-10-16-09:00,33
2005-10-16-12:00,31
2005-10-16-15:00,24
2005-10-16-18:00,22
2005-10-16-21:00,21
2005-10-17-00:00,20
2005-10-17-03:00,22
2005-10-17-06:00,31
2005-10-17-09:00,33
2005-10-17-12:00,30
2005-10-17-15:00,23
2005-10-17-18:00,22
2005-10-17-21:00,20
2005-10-18-00:00,19
2005-10-18-03:00,22
2005-10-18-06:00,32
2005-10-18-09:00,33
2005-10-18-12:00,31
2005-10-18-15:00,23
2005-10-18-18:00,21
2005-10-18-21:00,20
2005-10-19-00:00,19
2005-10-19-03:00,22
2005-10-19-06:00,29
2005-10-19-09:00,31
2005-10-19-12:00,30
2005-10-19-15:00,23
2005-10-19-18:00,20
2005-10-19-21:00,20
2005-10-20-00:00,21
2005-10-20-03:00,22
2005-10-20-06:00,28
2005-10-20-09:00,30
2005-10-20-12:00,29
2005-10-20-15:00,23
2005-10-20-18:00,20
2005-10-20-21:00,19
2005-10-21-00:00,18
2005-10-21-03:00,20
2005-10-21-06:00,28
2005-10-21-09:00,28
2005-10-21-12:00,27
2005-10-21-15:00,22
2005-10-21-18:00,21
2005-10-21-21:00,20
2005-10-22-00:00,19
2005-10-22-03:00,19
2005-10-22-06:00,28
2005-10-22-09:00,30
2005-10-22-12:00,28
2005-10-22-15:00,22
2005-10-22-18:00,19
2005-10-22-21:00,17
2005-10-23-00:00,17
2005-10-23-03:00,18
2005-10-23-06:00,29
2005-10-23-09:00,31
2005-10-23-12:00,28
2005-10-23-15:00,21
2005-10-23-18:00,19
2005-10-23-21:00,18
2005-10-24-00:00,17
2005-10-24-03:00,19
2005-10-24-06:00,28
2005-10-24-09:00,31
2005-10-24-12:00,28
2005-10-24-15:00,22
2005-10-24-18:00,19
2005-10-24-21:00,18
2005-10-25-00:00,17
2005-10-25-06:00,30
2005-10-25-09:00,32
2005-10-25-12:00,30
2005-10-25-15:00,22
2005-10-25-18:00,19
2005-10-25-21:00,18
2005-10-26-00:00,16
2005-10-26-03:00,17
2005-10-26-06:00,30
2005-10-26-12:00,30
2005-10-26-15:00,21
2005-10-26-18:00,19
2005-10-26-21:00,17
2005-10-27-00:00,16
2005-10-27-03:00,19
2005-10-27-06:00,28
2005-10-27-09:00,32
2005-10-27-12:00,29
2005-10-27-15:00,21
2005-10-27-18:00,19
2005-10-27-21:00,17
2005-10-28-00:00,17
2005-10-28-03:00,22
2005-10-28-06:00,27
2005-10-28-09:00,30
2005-10-28-12:00,26
2005-10-28-15:00,20
2005-10-28-18:00,18
2005-10-28-21:00,17
2005-10-29-00:00,15
2005-10-29-03:00,18
2005-10-29-06:00,27
2005-10-29-09:00,30
2005-10-29-12:00,27
2005-10-29-15:00,18
2005-10-29-18:00,17
2005-10-29-21:00,16
2005-10-30-00:00,16
2005-10-30-03:00,17
2005-10-30-06:00,28
2005-10-30-09:00,30
2005-10-30-12:00,26
2005-10-30-15:00,20
2005-10-30-18:00,17
2005-10-30-21:00,17
2005-10-31-00:00,15
2005-10-31-03:00,17
2005-10-31-06:00,28
2005-10-31-09:00,31
2005-10-31-12:00,27
2005-10-31-15:00,19
2005-10-31-18:00,17
2005-10-31-21:00,16
2005-11-01-00:00,14
2005-11-01-03:00,17
2005-11-01-06:00,28
2005-11-01-09:00,31
2005-11-01-12:00,28
2005-11-01-15:00,19
2005-11-01-18:00,17
2005-11-01-21:00,16
2005-11-02-00:00,15
2005-11-02-03:00,17
2005-11-02-06:00,28
2005-11-02-09:00,30
2005-11-02-12:00,27
2005-11-02-15:00,25
2005-11-02-18:00,23
2005-11-02-21:00,22
2005-11-03-00:00,21
2005-11-03-03:00,22
2005-11-03-06:00,28
2005-11-03-09:00,30
2005-11-03-12:00,26
2005-11-03-15:00,22
2005-11-03-18:00,22
2005-11-04-00:00,17
2005-11-04-03:00,17
2005-11-04-06:00,27
2005-11-04-09:00,28
2005-11-04-12:00,26
2005-11-04-15:00,18
2005-11-04-18:00,16
2005-11-04-21:00,16
2005-11-05-00:00,14
2005-11-05-03:00,17
2005-11-05-06:00,24
2005-11-05-09:00,27
2005-11-05-12:00,25
2005-11-05-15:00,17
2005-11-05-18:00,16
2005-11-05-21:00,15
2005-11-06-00:00,14
2005-11-06-03:00,16
2005-11-06-06:00,25
2005-11-06-09:00,28
2005-11-06-12:00,25
2005-11-06-15:00,18
2005-11-06-18:00,16
2005-11-06-21:00,15
2005-11-07-00:00,14
2005-11-07-03:00,16
2005-11-07-06:00,25
2005-11-07-09:00,27
2005-11-07-12:00,25
2005-11-07-15:00,18
2005-11-07-18:00,16
2005-11-07-21:00,15
2005-11-08-00:00,14
2005-11-08-03:00,16
2005-11-08-06:00,24
2005-11-08-09:00,27
2005-11-08-12:00,25
2005-11-08-15:00,18
2005-11-08-18:00,15
2005-11-08-21:00,14
2005-11-09-00:00,13
2005-11-09-03:00,16
2005-11-09-06:00,26
2005-11-09-09:00,28
2005-11-09-12:00,25
2005-11-09-15:00,19
2005-11-09-18:00,16
2005-11-09-21:00,14
2005-11-10-00:00,14
2005-11-10-03:00,17
2005-11-10-06:00,25
2005-11-10-09:00,28
2005-11-10-12:00,26
2005-11-10-15:00,19
2005-11-10-18:00,16
2005-11-10-21:00,15
2005-11-11-00:00,15
2005-11-11-03:00,16
2005-11-11-06:00,27
2005-11-11-09:00,31
2005-11-11-12:00,26
2005-11-11-15:00,18
2005-11-11-18:00,16
2005-11-11-21:00,15
2005-11-12-00:00,14
2005-11-12-03:00,16
2005-11-12-06:00,26
2005-11-12-09:00,30
2005-11-12-12:00,26
2005-11-12-15:00,19
2005-11-12-18:00,19
2005-11-12-21:00,17
2005-11-13-00:00,17
2005-11-13-03:00,19
2005-11-13-06:00,28
2005-11-13-09:00,30
2005-11-13-12:00,27
2005-11-13-18:00,21
2005-11-13-21:00,18
2005-11-14-00:00,18
2005-11-14-03:00,19
2005-11-14-06:00,27
2005-11-14-09:00,29
2005-11-14-12:00,26
2005-11-14-15:00,18
2005-11-14-18:00,16
2005-11-14-21:00,15
2005-11-15-00:00,15
2005-11-15-03:00,17
2005-11-15-06:00,27
2005-11-15-09:00,28
2005-11-15-12:00,26
2005-11-15-15:00,21
2005-11-15-18:00,19
2005-11-15-21:00,18
2005-11-16-00:00,15
2005-11-16-03:00,16
2005-11-16-06:00,25
2005-11-16-09:00,28
2005-11-16-12:00,25
2005-11-16-15:00,20
2005-11-16-18:00,19
2005-11-17-00:00,13
2005-11-17-03:00,16
2005-11-17-06:00,25
2005-11-17-09:00,27
2005-11-17-12:00,24
2005-11-17-18:00,15
2005-11-17-21:00,15
2005-11-18-00:00,13
2005-11-18-03:00,15
2005-11-18-06:00,24
2005-11-18-09:00,27
2005-11-18-12:00,24
2005-11-18-15:00,15
2005-11-18-18:00,13
2005-11-18-21:00,12
2005-11-19-00:00,10
2005-11-19-03:00,11
2005-11-19-06:00,26
2005-11-19-09:00,28
2005-11-19-12:00,24
2005-11-19-15:00,16
2005-11-19-18:00,13
2005-11-19-21:00,11
2005-11-20-00:00,10
2005-11-20-03:00,12
2005-11-20-06:00,26
2005-11-20-09:00,28
2005-11-20-12:00,25
2005-11-20-15:00,16
2005-11-20-18:00,14
2005-11-20-21:00,13
2005-11-21-00:00,12
2005-11-21-03:00,14
2005-11-21-06:00,25
2005-11-21-09:00,28
2005-11-21-12:00,23
2005-11-21-15:00,17
2005-11-21-18:00,15
2005-11-21-21:00,13
2005-11-22-00:00,13
2005-11-22-03:00,14
2005-11-22-06:00,28
2005-11-22-09:00,30
2005-11-22-12:00,26
2005-11-22-15:00,18
2005-11-22-18:00,16
2005-11-22-21:00,14
2005-11-23-00:00,13
2005-11-23-03:00,13
2005-11-23-06:00,26
2005-11-23-09:00,28
2005-11-23-12:00,24
2005-11-23-15:00,17
2005-11-23-18:00,14
2005-11-23-21:00,13
2005-11-24-00:00,11
2005-11-24-03:00,13
2005-11-24-06:00,26
2005-11-24-09:00,28
2005-11-24-12:00,23
2005-11-24-15:00,16
2005-11-24-18:00,14
2005-11-24-21:00,12
2005-11-25-00:00,11
2005-11-25-03:00,14
2005-11-25-06:00,26
2005-11-25-09:00,28
2005-11-25-12:00,22
2005-11-25-15:00,15
2005-11-25-18:00,13
2005-11-25-21:00,12
2005-11-26-00:00,11
2005-11-26-03:00,12
2005-11-26-06:00,25
2005-11-26-09:00,27
2005-11-26-12:00,23
2005-11-26-15:00,16
2005-11-26-18:00,14
2005-11-26-21:00,13
2005-11-27-00:00,12
2005-11-27-03:00,12
2005-11-27-06:00,24
2005-11-27-09:00,27
2005-11-27-12:00,23
2005-11-27-15:00,16
2005-11-27-18:00,14
2005-11-27-21:00,13
2005-11-28-00:00,12
2005-11-28-03:00,12
2005-11-28-06:00,24
2005-11-28-09:00,27
2005-11-28-12:00,23
2005-11-28-15:00,16
2005-11-28-18:00,15
2005-11-28-21:00,13
2005-11-29-00:00,13
2005-11-29-03:00,14
2005-11-29-06:00,24
2005-11-29-09:00,26
2005-11-29-12:00,22
2005-11-29-15:00,17
2005-11-29-18:00,16
2005-11-29-21:00,15
2005-11-30-00:00,13
2005-11-30-03:00,12
2005-11-30-06:00,21
2005-11-30-09:00,23
2005-11-30-12:00,20
2005-11-30-15:00,15
2005-11-30-18:00,12
2005-11-30-21:00,11
2005-12-01-00:00,8
2005-12-01-03:00,9
2005-12-01-06:00,20
2005-12-01-09:00,21
2005-12-01-12:00,18
2005-12-01-15:00,11
2005-12-01-18:00,9
2005-12-01-21:00,7
2005-12-02-00:00,6
2005-12-02-03:00,7
2005-12-02-06:00,20
2005-12-02-09:00,21
2005-12-02-12:00,19
2005-12-02-15:00,10
2005-12-02-18:00,9
2005-12-02-21:00,6
2005-12-03-00:00,6
2005-12-03-03:00,9
2005-12-03-06:00,19
2005-12-03-09:00,21
2005-12-03-12:00,17
2005-12-03-15:00,10
2005-12-03-18:00,8
2005-12-03-21:00,7
2005-12-04-00:00,7
2005-12-04-03:00,8
2005-12-04-06:00,19
2005-12-04-09:00,22
2005-12-04-12:00,19
2005-12-04-18:00,14
2005-12-04-21:00,13
2005-12-05-00:00,11
2005-12-05-03:00,11
2005-12-05-06:00,21
2005-12-05-09:00,24
2005-12-05-12:00,21
2005-12-05-15:00,14
2005-12-05-18:00,11
2005-12-05-21:00,9
2005-12-06-00:00,8
2005-12-06-03:00,11
2005-12-06-06:00,22
2005-12-06-09:00,25
2005-12-06-12:00,20
2005-12-06-15:00,12
2005-12-06-18:00,11
2005-12-06-18:30,14
2005-12-06-19:30,13
2005-12-06-20:00,13
2005-12-06-20:30,13
2005-12-06-21:00,13
2005-12-06-21:30,12
2005-12-06-22:00,12
2005-12-06-22:30,11
2005-12-06-23:00,12
2005-12-06-23:30,12
2005-12-07-00:00,10
2005-12-07-00:30,9
2005-12-07-01:00,10
2005-12-07-01:30,10
2005-12-07-02:00,11
2005-12-07-02:30,11
2005-12-07-03:00,13
2005-12-07-03:30,14
2005-12-07-04:00,16
2005-12-07-04:30,17
2005-12-07-05:00,19
2005-12-07-07:00,24
2005-12-07-07:30,24
2005-12-07-08:00,25
2005-12-07-08:30,25
2005-12-07-09:30,26
2005-12-07-10:00,25
2005-12-07-10:30,25
2005-12-07-11:00,25
2005-12-07-11:30,24
2005-12-07-12:30,19
2005-12-07-13:00,19
2005-12-07-13:30,16
2005-12-07-14:00,16
2005-12-07-14:30,16
2005-12-07-15:00,16
2005-12-07-16:00,15
2005-12-07-18:00,15
2005-12-07-21:00,9
2005-12-08-00:00,8
2005-12-08-03:00,10
2005-12-08-06:00,20
2005-12-08-09:00,24
2005-12-08-12:00,19
2005-12-08-15:00,13
2005-12-08-18:00,10
2005-12-08-21:00,9
2005-12-09-00:00,8
2005-12-09-03:00,11
2005-12-09-06:00,21
2005-12-09-09:00,24
2005-12-09-12:00,20
2005-12-09-15:00,13
2005-12-09-18:00,10
2005-12-09-21:00,9
2005-12-10-00:00,8
2005-12-10-03:00,10
2005-12-10-06:00,22
2005-12-10-09:00,25
2005-12-10-12:00,20
2005-12-10-15:00,13
2005-12-10-18:00,11
2005-12-10-21:00,9
2005-12-11-00:00,6
2005-12-11-03:00,8
2005-12-11-06:00,19
2005-12-11-09:00,22
2005-12-11-12:00,18
2005-12-11-15:00,10
2005-12-11-18:00,8
2005-12-11-21:00,7
2005-12-12-00:00,5
2005-12-12-03:00,5
2005-12-12-06:00,21
2005-12-12-09:00,22
2005-12-12-12:00,18
2005-12-12-15:00,11
2005-12-12-18:00,8
2005-12-12-21:00,7
2005-12-13-00:00,5
2005-12-13-03:00,8
2005-12-13-06:00,18
2005-12-13-09:00,21
2005-12-13-12:00,17
2005-12-13-15:00,11
2005-12-13-18:00,8
2005-12-13-21:00,8
2005-12-14-00:00,7
2005-12-14-03:00,9
2005-12-14-06:00,18
2005-12-14-09:00,21
2005-12-14-12:00,18
2005-12-14-15:00,10
2005-12-14-18:00,7
2005-12-14-21:00,6
2005-12-15-00:00,5
2005-12-15-03:00,6
2005-12-15-06:00,18
2005-12-15-09:00,21
2005-12-15-12:00,18
2005-12-15-15:00,11
2005-12-15-18:00,9
2005-12-15-21:00,8
2005-12-16-00:00,7
2005-12-16-03:00,7
2005-12-16-06:00,19
2005-12-16-09:00,23
2005-12-16-12:00,18
2005-12-16-15:00,12
2005-12-16-18:00,10
2005-12-16-21:00,9
2005-12-17-00:00,8
2005-12-17-03:00,9
2005-12-17-06:00,19
2005-12-17-09:00,22
2005-12-17-12:00,18
2005-12-17-15:00,13
2005-12-17-18:00,10
2005-12-17-21:00,8
2005-12-18-00:00,7
2005-12-18-03:00,8
2005-12-18-06:00,18
2005-12-18-09:00,21
2005-12-18-12:00,18
2005-12-18-15:00,10
2005-12-18-18:00,8
2005-12-18-21:00,7
2005-12-19-00:00,5
2005-12-19-03:00,5
2005-12-19-06:00,17
2005-12-19-09:00,20
2005-12-19-12:00,16
2005-12-19-18:00,8
2005-12-19-21:00,7
2005-12-20-00:00,5
2005-12-20-03:00,6
2005-12-20-06:00,18
2005-12-20-09:00,22
2005-12-20-12:00,18
2005-12-20-15:00,11
2005-12-20-18:00,9
2005-12-20-21:00,8
2005-12-21-00:00,7
2005-12-21-03:00,8
2005-12-21-06:00,19
2005-12-21-09:00,23
2005-12-21-12:00,18
2005-12-21-15:00,12
2005-12-21-18:00,9
2005-12-21-21:00,9
2005-12-22-00:00,7
2005-12-22-03:00,8
2005-12-22-06:00,20
2005-12-22-09:00,22
2005-12-22-12:00,21
2005-12-22-15:00,14
2005-12-22-18:00,12
2005-12-22-21:00,10
2005-12-23-00:00,10
2005-12-23-03:00,10
2005-12-23-06:00,13
2005-12-23-09:00,15
2005-12-23-12:00,13
2005-12-23-15:00,10
2005-12-23-18:00,10
2005-12-23-21:00,10
2005-12-24-00:00,9
2005-12-24-03:00,8
2005-12-24-06:00,13
2005-12-24-09:00,18
2005-12-24-12:00,16
2005-12-24-15:00,12
2005-12-24-18:00,11
2005-12-24-21:00,10
2005-12-25-00:00,9
2005-12-25-03:00,8
2005-12-25-06:00,16
2005-12-25-09:00,17
2005-12-25-12:00,18
2005-12-25-15:00,13
2005-12-25-18:00,11
2005-12-25-21:00,10
2005-12-26-00:00,8
2005-12-26-03:00,9
2005-12-26-06:00,18
2005-12-26-09:00,21
2005-12-26-12:00,19
2005-12-26-15:00,11
2005-12-26-18:00,9
2005-12-26-21:00,8
2005-12-27-00:00,9
2005-12-27-03:00,9
2005-12-27-06:00,21
2005-12-27-09:00,23
2005-12-27-12:00,19
2005-12-27-15:00,14
2005-12-27-18:00,11
2005-12-27-21:00,10
2005-12-28-00:00,9
2005-12-28-03:00,9
2005-12-28-06:00,21
2005-12-28-09:00,24
2005-12-28-12:00,20
2005-12-28-18:00,11
2005-12-28-21:00,10
2005-12-29-00:00,8
2005-12-29-03:00,7
2005-12-29-06:00,19
2005-12-29-09:00,24
2005-12-29-12:00,20
2005-12-29-15:00,12
2005-12-29-18:00,9
2005-12-29-21:00,8
2005-12-30-00:00,7
2005-12-30-03:00,7
2005-12-30-06:00,19
2005-12-30-09:00,22
2005-12-30-12:00,16.5
2005-12-30-15:00,11
2005-12-30-18:00,9
2005-12-30-21:00,9
2005-12-31-00:00,7
2005-12-31-03:00,7
2005-12-31-06:00,19
2005-12-31-09:00,23
2005-12-31-12:00,21
2005-12-31-15:00,12
2005-12-31-18:00,10
2005-12-31-21:00,9
2006-01-01-00:00,7
2006-01-01-03:00,8
2006-01-01-06:00,21
2006-01-01-09:00,24
2006-01-01-12:00,22
2006-01-01-15:00,14
2006-01-01-18:00,12
2006-01-02-00:00,13
2006-01-02-03:00,13
2006-01-02-06:00,21
2006-01-02-09:00,23
2006-01-02-12:00,20
2006-01-02-15:00,18
2006-01-02-18:00,17
2006-01-02-21:00,17
2006-01-03-00:00,14
2006-01-03-03:00,13
2006-01-03-06:00,14
2006-01-03-09:00,15
2006-01-03-12:00,15
2006-01-03-18:00,11
2006-01-03-21:00,10
2006-01-04-00:00,8
2006-01-04-03:00,7
2006-01-04-06:00,15
2006-01-04-09:00,17
2006-01-04-12:00,16
2006-01-04-15:00,11
2006-01-04-18:00,8
2006-01-04-21:00,7
2006-01-05-00:00,7
2006-01-05-03:00,7
2006-01-05-06:00,13
2006-01-05-12:00,15
2006-01-05-15:00,10
2006-01-05-18:00,7
2006-01-05-21:00,7
2006-01-06-00:00,6
2006-01-06-03:00,6
2006-01-06-06:00,15
2006-01-06-09:00,18
2006-01-06-12:00,16
2006-01-06-15:00,11
2006-01-06-18:00,9
2006-01-06-21:00,8
2006-01-07-00:00,6
2006-01-07-03:00,6
2006-01-07-06:00,15
2006-01-07-09:00,18
2006-01-07-12:00,16
2006-01-07-15:00,8
2006-01-07-21:00,3
2006-01-08-00:00,1
2006-01-08-03:00,5
2006-01-08-06:00,15
2006-01-08-09:00,17
2006-01-08-12:00,15
2006-01-08-15:00,7
2006-01-08-18:00,4
2006-01-08-21:00,3
2006-01-09-00:00,3
2006-01-09-03:00,5
2006-01-09-06:00,14
2006-01-09-09:00,18
2006-01-09-12:00,17
2006-01-09-15:00,10
2006-01-09-18:00,8
2006-01-09-21:00,6
2006-01-10-00:00,5
2006-01-10-03:00,7
2006-01-10-06:00,17
2006-01-10-09:00,19
2006-01-10-12:00,18
2006-01-10-15:00,9
2006-01-10-18:00,6
2006-01-10-21:00,6
2006-01-11-00:00,6
2006-01-11-03:00,7
2006-01-11-06:00,16
2006-01-11-09:00,21
2006-01-11-12:00,20
2006-01-11-15:00,11
2006-01-11-18:00,9
2006-01-11-21:00,8
2006-01-12-00:00,6
2006-01-12-03:00,6
2006-01-12-06:00,19
2006-01-12-09:00,23
2006-01-12-12:00,22
2006-01-12-15:00,12
2006-01-12-18:00,9
2006-01-12-21:00,8
2006-01-13-00:00,8
2006-01-13-03:00,10
2006-01-13-06:00,20
2006-01-13-09:00,24
2006-01-13-12:00,21
2006-01-13-15:00,13
2006-01-13-18:00,10
2006-01-13-21:00,9
2006-01-14-00:00,8
2006-01-14-03:00,12
2006-01-14-06:00,15
2006-01-14-09:00,24
2006-01-14-12:00,21
2006-01-14-15:00,14
2006-01-14-18:00,12
2006-01-14-21:00,11
2006-01-15-00:00,12
2006-01-15-03:00,13
2006-01-15-06:00,22
2006-01-15-09:00,26
2006-01-15-12:00,23
2006-01-15-15:00,17
2006-01-15-18:00,16
2006-01-15-21:00,14
2006-01-16-00:00,13
2006-01-16-03:00,13
2006-01-16-06:00,22
2006-01-16-09:00,26
2006-01-16-12:00,24
2006-01-16-15:00,17
2006-01-16-18:00,15
2006-01-16-21:00,14
2006-01-17-00:00,14
2006-01-17-03:00,15
2006-01-17-06:00,22
2006-01-17-09:00,26
2006-01-17-12:00,25
2006-01-17-15:00,20
2006-01-17-18:00,18
2006-01-17-21:00,17
2006-01-18-00:00,16
2006-01-18-03:00,15
2006-01-18-06:00,24
2006-01-18-09:00,26
2006-01-18-12:00,23
2006-01-18-15:00,19
2006-01-18-18:00,18
2006-01-18-21:00,16
2006-01-19-00:00,14
2006-01-19-03:00,12
2006-01-19-06:00,18
2006-01-19-09:00,22
2006-01-19-12:00,21
2006-01-19-15:00,14
2006-01-19-18:00,12
2006-01-19-21:00,10
2006-01-20-00:00,9
2006-01-20-03:00,10
2006-01-20-06:00,21
2006-01-20-09:00,24
2006-01-20-12:00,21
2006-01-20-15:00,14
2006-01-20-18:00,12
2006-01-20-21:00,13
2006-01-21-00:00,11
2006-01-21-03:00,11
2006-01-21-06:00,19
2006-01-21-09:00,21
2006-01-21-18:00,14
2006-01-21-21:00,13
2006-01-22-00:00,10
2006-01-22-03:00,9
2006-01-22-06:00,18
2006-01-22-09:00,19
2006-01-22-12:00,17
2006-01-22-15:00,11
2006-01-22-18:00,8
2006-01-22-21:00,6
2006-01-23-00:00,6
2006-01-23-03:00,7
2006-01-23-06:00,17
2006-01-23-09:00,19
2006-01-23-12:00,18
2006-01-23-15:00,12
2006-01-23-18:00,9
2006-01-23-21:00,9
2006-01-24-00:00,8
2006-01-24-03:00,8
2006-01-24-06:00,18
2006-01-24-09:00,21
2006-01-24-12:00,18
2006-01-24-15:00,13
2006-01-24-18:00,10
2006-01-24-21:00,10
2006-01-25-00:00,9
2006-01-25-03:00,9
2006-01-25-06:00,18
2006-01-25-09:00,21
2006-01-25-12:00,16
2006-01-25-15:00,11
2006-01-25-18:00,9
2006-01-26-00:00,6
2006-01-26-03:00,8
2006-01-26-06:00,18
2006-01-26-09:00,22
2006-01-26-12:00,19
2006-01-26-15:00,13
2006-01-26-18:00,9
2006-01-26-21:00,8
2006-01-27-00:00,7
2006-01-27-03:00,9
2006-01-27-06:00,18
2006-01-27-09:00,22
2006-01-27-12:00,20
2006-01-27-15:00,14
2006-01-27-18:00,11
2006-01-27-21:00,9
2006-01-28-00:00,8
2006-01-28-03:00,10
2006-01-28-06:00,20
2006-01-28-09:00,22
2006-01-28-12:00,21
2006-01-28-15:00,13
2006-01-28-18:00,10
2006-01-28-21:00,9
2006-01-29-00:00,8
2006-01-29-03:00,9
2006-01-29-06:00,24
2006-01-29-12:00,24
2006-01-29-15:00,15
2006-01-29-18:00,13
2006-01-29-21:00,11
2006-01-30-00:00,10
2006-01-30-03:00,11
2006-01-30-06:00,23
2006-01-30-09:00,26
2006-01-30-12:00,24
2006-01-30-15:00,15
2006-01-30-18:00,12
2006-01-30-21:00,11
2006-01-31-00:00,9
2006-01-31-03:00,10
2006-01-31-06:00,25
2006-01-31-09:00,28
2006-01-31-12:00,25
2006-01-31-15:00,15
2006-01-31-18:00,13
2006-01-31-21:00,11
2006-02-01-00:00,11
2006-02-01-03:00,11
2006-02-01-06:00,24
2006-02-01-09:00,24
2006-02-01-12:00,24
2006-02-01-15:00,19
2006-02-01-18:00,17
2006-02-01-21:00,16
2006-02-02-00:00,15
2006-02-02-03:00,14
2006-02-02-06:00,21
2006-02-02-09:00,26
2006-02-02-12:00,24
2006-02-02-15:00,18
2006-02-02-18:00,16
2006-02-02-21:00,14
2006-02-03-00:00,13
2006-02-03-03:00,15
2006-02-03-06:00,22
2006-02-03-09:00,26
2006-02-03-12:00,25
2006-02-03-15:00,19
2006-02-03-18:00,17
2006-02-03-21:00,15
2006-02-04-00:00,13
2006-02-04-03:00,13
2006-02-04-06:00,23
2006-02-04-09:00,26
2006-02-04-12:00,25
2006-02-04-15:00,19
2006-02-04-18:00,17
2006-02-04-21:00,15
2006-02-05-00:00,13
2006-02-05-03:00,13
2006-02-05-06:00,23
2006-02-05-09:00,27
2006-02-05-12:00,26
2006-02-05-15:00,16
2006-02-05-18:00,13
2006-02-05-21:00,11.5
2006-02-06-00:00,10
2006-02-06-03:00,11
2006-02-06-06:00,25
2006-02-06-09:00,28
2006-02-06-12:00,26
2006-02-06-15:00,17
2006-02-06-18:00,15
2006-02-06-21:00,14
2006-02-07-00:00,11
2006-02-07-03:00,11
2006-02-07-06:00,26
2006-02-07-09:00,29
2006-02-07-12:00,27
2006-02-07-15:00,19
2006-02-07-18:00,16
2006-02-07-21:00,15
2006-02-08-00:00,13
2006-02-08-03:00,13
2006-02-08-06:00,26
2006-02-08-09:00,29
2006-02-08-12:00,26
2006-02-08-18:00,15
2006-02-08-21:00,14
2006-02-09-00:00,12
2006-02-09-03:00,13
2006-02-09-06:00,25
2006-02-09-09:00,29
2006-02-09-12:00,27
2006-02-09-15:00,19
2006-02-09-18:00,16
2006-02-09-21:00,14
2006-02-10-00:00,13
2006-02-10-03:00,14
2006-02-10-06:00,23
2006-02-10-09:00,27
2006-02-10-12:00,25
2006-02-10-15:00,19
2006-02-10-18:00,16
2006-02-10-21:00,15
2006-02-11-00:00,13
2006-02-11-03:00,14
2006-02-11-06:00,25
2006-02-11-09:00,28
2006-02-11-12:00,26
2006-02-11-15:00,19
2006-02-11-18:00,15
2006-02-11-21:00,14
2006-02-12-00:00,13
2006-02-12-03:00,14
2006-02-12-06:00,26
2006-02-12-09:00,30
2006-02-12-12:00,29
2006-02-12-15:00,19
2006-02-12-18:00,16
2006-02-12-21:00,15
2006-02-13-00:00,14
2006-02-13-03:00,15
2006-02-13-06:00,26
2006-02-13-09:00,30
2006-02-13-12:00,28
2006-02-13-15:00,21
2006-02-13-18:00,19
2006-02-14-00:00,16
2006-02-14-03:00,17
2006-02-14-06:00,27
2006-02-14-09:00,30
2006-02-14-12:00,28
2006-02-14-15:00,22
2006-02-14-18:00,20
2006-02-14-21:00,18
2006-02-15-00:00,18
2006-02-15-03:00,22
2006-02-15-06:00,25
2006-02-15-09:00,27
2006-02-15-12:00,27
2006-02-15-15:00,20
2006-02-15-18:00,18
2006-02-15-21:00,17
2006-02-16-00:00,16
2006-02-16-03:00,16
2006-02-16-06:00,26
2006-02-16-09:00,29
2006-02-16-12:00,28
2006-02-16-15:00,22
2006-02-16-18:00,19
2006-02-16-21:00,17
2006-02-17-00:00,18
2006-02-17-03:00,18
2006-02-17-06:00,27
2006-02-17-09:00,28
2006-02-17-12:00,27
2006-02-17-15:00,23
2006-02-17-18:00,21
2006-02-17-21:00,19
2006-02-18-00:00,18
2006-02-18-03:00,18
2006-02-18-06:00,26
2006-02-18-09:00,28
2006-02-18-12:00,26
2006-02-18-15:00,22
2006-02-18-18:00,20
2006-02-18-21:00,18
2006-02-19-00:00,17
2006-02-19-03:00,18
2006-02-19-06:00,26
2006-02-19-09:00,30
2006-02-19-12:00,28
2006-02-19-15:00,23
2006-02-19-18:00,20
2006-02-19-21:00,19
2006-02-20-00:00,18
2006-02-20-03:00,20
2006-02-20-06:00,29
2006-02-20-09:00,33
2006-02-20-12:00,30
2006-02-20-15:00,24
2006-02-20-18:00,20
2006-02-20-21:00,18
2006-02-21-00:00,17
2006-02-21-03:00,18
2006-02-21-06:00,28
2006-02-21-09:00,32
2006-02-21-12:00,29
2006-02-21-15:00,23
2006-02-21-18:00,18
2006-02-21-21:00,19
2006-02-22-00:00,19
2006-02-22-03:00,18
2006-02-22-06:00,28
2006-02-22-09:00,32
2006-02-22-12:00,31
2006-02-22-15:00,22
2006-02-22-18:00,19
2006-02-22-21:00,18
2006-02-23-00:00,16
2006-02-23-03:00,18
2006-02-23-06:00,28
2006-02-23-09:00,33
2006-02-23-12:00,30
2006-02-23-15:00,25
2006-02-23-18:00,22
2006-02-23-21:00,19
2006-02-24-00:00,18
2006-02-24-03:00,18
2006-02-24-06:00,29
2006-02-24-09:00,31
2006-02-24-12:00,30
2006-02-24-15:00,22
2006-02-24-18:00,19
2006-02-25-00:00,16
2006-02-25-03:00,18
2006-02-25-06:00,30
2006-02-25-09:00,33
2006-02-25-12:00,32
2006-02-25-15:00,23
2006-02-25-18:00,20
2006-02-25-21:00,20
2006-02-26-00:00,18
2006-02-26-03:00,21
2006-02-26-06:00,28
2006-02-26-09:00,28
2006-02-26-12:00,25
2006-02-26-15:00,22
2006-02-26-18:00,20
2006-02-26-21:00,19
2006-02-27-00:00,16
2006-02-27-03:00,17
2006-02-27-06:00,27
2006-02-28-09:00,26
2006-02-28-12:00,26
2006-02-28-15:00,20
2006-02-28-18:00,18
2006-02-28-21:00,16
2006-03-01-00:00,14
2006-03-01-03:00,15
2006-03-01-06:00,25
2006-03-01-09:00,28
2006-03-01-12:00,27
2006-03-01-15:00,19
2006-03-01-18:00,15
2006-03-01-21:00,13
2006-03-02-00:00,11
2006-03-02-03:00,15
2006-03-02-06:00,27
2006-03-02-09:00,30
2006-03-02-12:00,28
2006-03-02-15:00,20
2006-03-02-18:00,17
2006-03-02-21:00,15
2006-03-03-00:00,13
2006-03-03-03:00,15
2006-03-03-06:00,27
2006-03-03-09:00,30
2006-03-03-12:00,29
2006-03-03-15:00,20
2006-03-03-18:00,18
2006-03-03-21:00,15
2006-03-04-00:00,13
2006-03-04-03:00,15
2006-03-04-06:00,27
2006-03-04-09:00,32
2006-03-04-12:00,29
2006-03-04-15:00,22
2006-03-04-18:00,18
2006-03-04-21:00,15
2006-03-05-00:00,14
2006-03-05-03:00,17
2006-03-05-06:00,28
2006-03-05-09:00,32
2006-03-05-12:00,30
2006-03-05-15:00,22
2006-03-05-18:00,18
2006-03-05-21:00,17
2006-03-06-00:00,16
2006-03-06-03:00,18
2006-03-06-06:00,31
2006-03-06-09:00,32
2006-03-06-12:00,31
2006-03-06-15:00,24
2006-03-06-18:00,21
2006-03-06-21:00,20
2006-03-07-00:00,17
2006-03-07-03:00,19
2006-03-07-06:00,27
2006-03-07-09:00,30
2006-03-07-12:00,30
2006-03-07-15:00,24
2006-03-07-18:00,20
2006-03-08-00:00,17
2006-03-08-03:00,18
2006-03-08-06:00,31
2006-03-08-09:00,33
2006-03-08-12:00,31
2006-03-08-15:00,21
2006-03-08-18:00,21
2006-03-08-21:00,20
2006-03-09-00:00,20
2006-03-09-03:00,21
2006-03-09-06:00,27
2006-03-09-09:00,29
2006-03-09-12:00,27
2006-03-09-15:00,24
2006-03-09-18:00,23
2006-03-09-21:00,21
2006-03-10-00:00,21
2006-03-10-03:00,21
2006-03-10-06:00,22
2006-03-10-09:00,20
2006-03-10-12:00,20
2006-03-10-15:00,19
2006-03-10-18:00,19
2006-03-10-21:00,16
2006-03-11-00:00,16
2006-03-11-03:00,18
2006-03-11-06:00,22
2006-03-11-09:00,23
2006-03-11-12:00,21
2006-03-11-15:00,20
2006-03-11-18:00,19
2006-03-11-21:00,18
2006-03-12-00:00,17
2006-03-12-03:00,18
2006-03-12-06:00,22
2006-03-12-09:00,24
2006-03-12-12:00,24
2006-03-12-15:00,20
2006-03-12-18:00,18
2006-03-12-21:00,17
2006-03-13-00:00,16
2006-03-13-03:00,19
2006-03-13-06:00,24
2006-03-13-09:00,27
2006-03-13-12:00,26
2006-03-13-15:00,21
2006-03-13-18:00,21
2006-03-13-21:00,20
2006-03-14-00:00,20
2006-03-14-03:00,18
2006-03-14-06:00,17
2006-03-14-09:00,22
2006-03-14-12:00,20
2006-03-14-15:00,17
2006-03-14-18:00,18
2006-03-14-21:00,17
2006-03-15-00:00,14
2006-03-15-03:00,16
2006-03-15-06:00,21
2006-03-15-09:00,26
2006-03-15-12:00,25
2006-03-15-15:00,21
2006-03-15-21:00,17
2006-03-16-00:00,16
2006-03-16-03:00,18
2006-03-16-06:00,25
2006-03-16-09:00,27
2006-03-16-12:00,26
2006-03-16-15:00,22
2006-03-16-18:00,19
2006-03-16-21:00,17
2006-03-17-00:00,15
2006-03-17-03:00,17
2006-03-17-06:00,24
2006-03-17-09:00,26
2006-03-17-12:00,26
2006-03-17-15:00,21
2006-03-17-18:00,19
2006-03-17-21:00,17
2006-03-18-00:00,16
2006-03-18-03:00,19
2006-03-18-06:00,24
2006-03-18-09:00,28
2006-03-18-12:00,27
2006-03-18-15:00,21
2006-03-18-18:00,18
2006-03-18-21:00,17
2006-03-19-00:00,15
2006-03-19-03:00,18
2006-03-19-06:00,26
2006-03-19-09:00,29
2006-03-19-12:00,29
2006-03-19-15:00,22
2006-03-19-18:00,20
2006-03-19-21:00,18
2006-03-20-00:00,16
2006-03-20-03:00,20
2006-03-20-06:00,29
2006-03-20-09:00,31
2006-03-20-12:00,29
2006-03-20-15:00,25
2006-03-20-18:00,24
2006-03-20-21:00,21
2006-03-21-00:00,19
2006-03-21-03:00,18
2006-03-21-06:00,25
2006-03-21-09:00,29
2006-03-21-12:00,29
2006-03-21-15:00,24
2006-03-21-18:00,21
2006-03-22-00:00,18
2006-03-22-03:00,21
2006-03-22-06:00,27
2006-03-22-09:00,30
2006-03-22-12:00,29
2006-03-22-15:00,23
2006-03-22-18:00,20
2006-03-22-21:00,18
2006-03-23-00:00,16
2006-03-23-03:00,21
2006-03-23-06:00,29
2006-03-23-09:00,32
2006-03-23-12:00,32
2006-03-23-15:00,25
2006-03-23-18:00,22
2006-03-23-21:00,20
2006-03-24-00:00,18
2006-03-24-03:00,21
2006-03-24-06:00,32
2006-03-24-09:00,35
2006-03-24-12:00,34
2006-03-24-18:00,25
2006-03-24-21:00,23
2006-03-25-00:00,20
2006-03-25-03:00,22
2006-03-25-06:00,29
2006-03-25-09:00,31
2006-03-25-12:00,32
2006-03-25-15:00,26
2006-03-25-18:00,24
2006-03-25-21:00,23
2006-03-26-00:00,22
2006-03-26-03:00,23
2006-03-26-06:00,29
2006-03-26-09:00,31
2006-03-26-12:00,28
2006-03-26-15:00,24
2006-03-26-18:00,21
2006-03-26-21:00,20
2006-03-27-00:00,17
2006-03-27-03:00,19
2006-03-27-06:00,25
2006-03-27-09:00,29
2006-03-27-12:00,28
2006-03-27-15:00,23
2006-03-27-18:00,20
2006-03-27-21:00,19
2006-03-28-00:00,16
2006-03-28-03:00,19
2006-03-28-06:00,27
2006-03-28-09:00,28
2006-03-28-12:00,28
2006-03-28-15:00,23
2006-03-28-18:00,20
2006-03-28-21:00,18
2006-03-29-00:00,17
2006-03-29-03:00,21
2006-03-29-06:00,28
2006-03-29-09:00,31
2006-03-29-12:00,30
2006-03-29-15:00,23
2006-03-29-18:00,22
2006-03-29-21:00,19
2006-03-30-00:00,18
2006-03-30-03:00,21
2006-03-30-06:00,29
2006-03-30-09:00,31
2006-03-30-12:00,31
2006-03-30-15:00,26
2006-03-30-18:00,23
2006-03-30-21:00,21
2006-03-31-00:00,17
2006-03-31-03:00,23
2006-03-31-06:00,30
2006-03-31-09:00,34
2006-03-31-12:00,32
2006-03-31-15:00,27
2006-03-31-18:00,21
2006-03-31-21:00,23
2006-04-01-00:00,19
2006-04-01-03:00,24
2006-04-01-06:00,34
2006-04-01-09:00,37
2006-04-01-12:00,36
2006-04-01-15:00,26
2006-04-01-18:00,23
2006-04-01-21:00,21
2006-04-02-00:00,18
2006-04-02-03:00,23
2006-04-02-06:00,35
2006-04-02-09:00,37
2006-04-02-12:00,36
2006-04-02-15:00,28
2006-04-02-18:00,26
2006-04-02-21:00,22
2006-04-03-00:00,20
2006-04-03-03:00,24
2006-04-03-06:00,33
2006-04-03-09:00,35
2006-04-03-12:00,33
2006-04-03-15:00,28
2006-04-03-18:00,25
2006-04-04-00:00,20
2006-04-04-03:00,24
2006-04-04-06:00,32
2006-04-04-09:00,36
2006-04-04-12:00,31
2006-04-04-15:00,28
2006-04-04-18:00,26
2006-04-04-21:00,24
2006-04-05-00:00,22
2006-04-05-03:00,25
2006-04-05-06:00,33
2006-04-05-09:00,37
2006-04-05-12:00,36
2006-04-05-15:00,30
2006-04-05-18:00,26
2006-04-05-21:00,23
2006-04-06-00:00,22
2006-04-06-03:00,25
2006-04-06-06:00,34
2006-04-06-09:00,38
2006-04-06-12:00,37
2006-04-06-15:00,29
2006-04-06-18:00,25
2006-04-06-21:00,23
2006-04-07-00:00,22
2006-04-07-03:00,27
2006-04-07-06:00,36
2006-04-07-09:00,38
2006-04-07-12:00,38
2006-04-07-15:00,28
2006-04-07-18:00,25
2006-04-07-21:00,22
2006-04-08-00:00,21
2006-04-08-03:00,25
2006-04-08-06:00,37
2006-04-08-09:00,39
2006-04-08-12:00,39
2006-04-08-15:00,29
2006-04-08-18:00,26
2006-04-08-21:00,24
2006-04-09-00:00,24
2006-04-09-03:00,29
2006-04-09-06:00,37
2006-04-09-09:00,40
2006-04-09-12:00,39
2006-04-09-15:00,36
2006-04-09-18:00,32
2006-04-09-21:00,30
2006-04-10-00:00,28
2006-04-10-03:00,28
2006-04-10-06:00,33
2006-04-10-09:00,35
2006-04-10-12:00,35
2006-04-10-15:00,29
2006-04-10-18:00,28
2006-04-10-21:00,26
2006-04-11-00:00,24
2006-04-11-03:00,26
2006-04-11-06:00,33
2006-04-11-09:00,36
2006-04-11-15:00,27
2006-04-11-18:00,25
2006-04-11-21:00,23
2006-04-12-00:00,21
2006-04-12-06:00,32
2006-04-12-09:00,35
2006-04-12-12:00,34
2006-04-12-15:00,27
2006-04-12-18:00,22
2006-04-12-21:00,21
2006-04-13-00:00,21
2006-04-13-03:00,24
2006-04-13-06:00,31
2006-04-13-09:00,34
2006-04-13-12:00,34
2006-04-13-15:00,25
2006-04-13-18:00,23
2006-04-13-21:00,21
2006-04-14-00:00,17
2006-04-14-03:00,25
2006-04-14-06:00,34
2006-04-14-09:00,36
2006-04-14-12:00,35
2006-04-14-15:00,28
2006-04-14-18:00,23
2006-04-14-21:00,21
2006-04-15-00:00,19
2006-04-15-03:00,23
2006-04-15-06:00,37
2006-04-15-09:00,39
2006-04-15-12:00,36
2006-04-15-15:00,31
2006-04-15-18:00,28
2006-04-15-21:00,26
2006-04-16-00:00,23
2006-04-16-03:00,27
2006-04-16-06:00,36
2006-04-16-09:00,38
2006-04-16-12:00,37
2006-04-16-15:00,29
2006-04-16-18:00,26
2006-04-16-21:00,23
2006-04-17-00:00,22
2006-04-17-03:00,25
2006-04-17-06:00,31
2006-04-17-09:00,31
2006-04-17-12:00,31
2006-04-17-15:00,27
2006-04-17-18:00,24
2006-04-17-21:00,22
2006-04-18-00:00,20
2006-04-18-03:00,23
2006-04-18-06:00,29
2006-04-18-09:00,32
2006-04-18-12:00,31
2006-04-18-15:00,28
2006-04-18-18:00,26
2006-04-18-21:00,24
2006-04-19-00:00,22
2006-04-19-03:00,24
2006-04-19-06:00,30
2006-04-19-09:00,33
2006-04-19-12:00,32
2006-04-19-15:00,26
2006-04-19-18:00,23
2006-04-19-21:00,21
2006-04-20-00:00,20
2006-04-20-03:00,24
2006-04-20-06:00,31
2006-04-20-09:00,34
2006-04-20-12:00,34
2006-04-20-15:00,30
2006-04-20-18:00,26
2006-04-20-21:00,25
2006-04-21-00:00,25
2006-04-21-03:00,28
2006-04-21-06:00,33
2006-04-21-12:00,33
2006-04-21-18:00,25
2006-04-21-21:00,23
2006-04-22-00:00,22
2006-04-22-03:00,28
2006-04-22-06:00,35
2006-04-22-09:00,37
2006-04-22-12:00,36
2006-04-22-15:00,29
2006-04-22-18:00,26
2006-04-22-21:00,25
2006-04-23-00:00,25
2006-04-23-03:00,30
2006-04-23-06:00,36
2006-04-23-09:00,38
2006-04-23-12:00,36
2006-04-23-15:00,32
2006-04-23-18:00,24
2006-04-23-21:00,23
2006-04-24-00:00,23
2006-04-24-03:00,27
2006-04-24-06:00,35
2006-04-24-09:00,38
2006-04-24-12:00,36
2006-04-24-15:00,31
2006-04-24-18:00,27
2006-04-24-21:00,24
2006-04-25-00:00,22
2006-04-25-03:00,27
2006-04-25-06:00,38
2006-04-25-09:00,40
2006-04-25-12:00,39
2006-04-25-15:00,31
2006-04-25-18:00,30
2006-04-25-21:00,31
2006-04-26-00:00,29
2006-04-26-03:00,29
2006-04-26-06:00,37
2006-04-26-09:00,40
2006-04-26-12:00,40
2006-04-26-15:00,32
2006-04-26-18:00,29
2006-04-26-21:00,27
2006-04-27-00:00,30
2006-04-27-03:00,32
2006-04-27-06:00,37
2006-04-27-09:00,41
2006-04-27-12:00,40
2006-04-27-15:00,32
2006-04-27-18:00,30
2006-04-27-21:00,28
2006-04-28-00:00,30
2006-04-28-03:00,31
2006-04-28-06:00,38
2006-04-28-09:00,39
2006-04-28-12:00,39
2006-04-28-15:00,34
2006-04-28-18:00,30
2006-04-28-21:00,21
2006-04-29-00:00,29
2006-04-29-03:00,30
2006-04-29-06:00,37
2006-04-29-09:00,41
2006-04-29-12:00,39
2006-04-29-15:00,34
2006-04-29-18:00,34
2006-04-29-21:00,30
2006-04-30-00:00,31
2006-04-30-03:00,30
2006-04-30-06:00,34
2006-04-30-09:00,38
2006-04-30-12:00,38
2006-04-30-15:00,33
2006-04-30-18:00,31
2006-04-30-21:00,29
2006-05-01-00:00,26
2006-05-01-03:00,31
2006-05-01-06:00,38
2006-05-01-09:00,41
2006-05-01-12:00,40
2006-05-01-15:00,33
2006-05-01-18:00,34
2006-05-01-21:00,32
2006-05-02-00:00,30
2006-05-02-03:00,31
2006-05-02-06:00,35
2006-05-02-09:00,39
2006-05-02-12:00,38
2006-05-02-15:00,33
2006-05-02-18:00,31
2006-05-02-21:00,30
2006-05-03-00:00,24
2006-05-03-03:00,29
2006-05-03-06:00,36
2006-05-03-09:00,39
2006-05-03-12:00,38
2006-05-03-15:00,33
2006-05-03-18:00,30
2006-05-03-21:00,28
2006-05-04-00:00,24
2006-05-04-03:00,29
2006-05-04-06:00,38
2006-05-04-09:00,40
2006-05-04-12:00,39
2006-05-04-15:00,32
2006-05-04-18:00,29
2006-05-04-21:00,27
2006-05-05-00:00,26
2006-05-05-03:00,31
2006-05-05-06:00,41
2006-05-05-09:00,43
2006-05-05-12:00,42
2006-05-05-15:00,34
2006-05-05-18:00,31
2006-05-05-21:00,29
2006-05-06-00:00,27
2006-05-06-03:00,31
2006-05-06-06:00,41
2006-05-06-09:00,44
2006-05-06-12:00,43
2006-05-06-15:00,34
2006-05-06-18:00,31
2006-05-06-21:00,29
2006-05-07-00:00,28
2006-05-07-03:00,33
2006-05-07-06:00,40
2006-05-07-09:00,44
2006-05-07-12:00,43
2006-05-07-15:00,35
2006-05-07-18:00,34
2006-05-07-21:00,30
2006-05-08-00:00,29
2006-05-08-03:00,32
2006-05-08-06:00,37
2006-05-08-09:00,40
2006-05-08-12:00,40
2006-05-08-15:00,36
2006-05-08-18:00,34
2006-05-08-21:00,29
2006-05-09-00:00,27
2006-05-09-03:00,31
2006-05-09-06:00,36
2006-05-09-09:00,39
2006-05-09-12:00,39
2006-05-09-15:00,35
2006-05-09-18:00,32
2006-05-09-21:00,31
2006-05-10-00:00,30
2006-05-10-03:00,32
2006-05-10-06:00,37
2006-05-10-09:00,40
2006-05-10-12:00,40
2006-05-10-15:00,35
2006-05-10-18:00,32
2006-05-10-21:00,30
2006-05-11-00:00,29
2006-05-11-03:00,30
2006-05-11-06:00,35
2006-05-11-09:00,38
2006-05-11-12:00,39
2006-05-11-15:00,35
2006-05-11-18:00,32
2006-05-11-21:00,31
2006-05-12-00:00,29
2006-05-12-03:00,30
2006-05-12-06:00,36
2006-05-12-09:00,40
2006-05-12-12:00,40
2006-05-12-15:00,35
2006-05-12-18:00,31
2006-05-12-21:00,29
2006-05-13-00:00,28
2006-05-13-03:00,30
2006-05-13-06:00,36
2006-05-13-09:00,40
2006-05-13-12:00,40
2006-05-13-15:00,35
2006-05-13-18:00,32
2006-05-13-21:00,31
2006-05-14-00:00,28
2006-05-14-03:00,29
2006-05-14-06:00,34
2006-05-14-09:00,38
2006-05-14-12:00,39
2006-05-14-15:00,35
2006-05-14-18:00,32
2006-05-14-21:00,25
2006-05-15-00:00,26
2006-05-15-03:00,29
2006-05-15-06:00,35
2006-05-15-09:00,37
2006-05-15-12:00,37
2006-05-15-15:00,33
2006-05-15-18:00,32
2006-05-15-21:00,31
2006-05-16-00:00,28
2006-05-16-03:00,29
2006-05-16-06:00,34
2006-05-16-09:00,37
2006-05-16-12:00,37
2006-05-16-15:00,34
2006-05-16-18:00,31
2006-05-16-21:00,30
2006-05-17-00:00,28
2006-05-17-03:00,27
2006-05-17-06:00,33
2006-05-17-09:00,35
2006-05-17-12:00,35
2006-05-17-15:00,31
2006-05-17-18:00,29
2006-05-17-21:00,28
2006-05-18-00:00,26
2006-05-18-03:00,30
2006-05-18-06:00,36
2006-05-18-09:00,38
2006-05-18-12:00,38
2006-05-18-15:00,35
2006-05-18-18:00,31
2006-05-18-21:00,29
2006-05-19-00:00,29
2006-05-19-03:00,27
2006-05-19-06:00,31
2006-05-19-09:00,37
2006-05-19-12:00,36
2006-05-19-15:00,25
2006-05-19-18:00,29
2006-05-19-21:00,26
2006-05-20-00:00,26
2006-05-20-03:00,29
2006-05-20-06:00,33
2006-05-20-09:00,38
2006-05-20-12:00,36
2006-05-20-15:00,23
2006-05-20-18:00,25
2006-05-20-21:00,26
2006-05-21-00:00,25
2006-05-21-03:00,29
2006-05-21-06:00,34
2006-05-21-09:00,37
2006-05-21-12:00,35
2006-05-21-15:00,30
2006-05-21-18:00,28
2006-05-21-21:00,27
2006-05-22-00:00,26
2006-05-22-03:00,29
2006-05-22-06:00,33
2006-05-22-09:00,35
2006-05-22-12:00,34
2006-05-22-15:00,31
2006-05-22-18:00,29
2006-05-22-21:00,28
2006-05-23-00:00,23
2006-05-23-03:00,26
2006-05-23-06:00,32
2006-05-23-09:00,34
2006-05-23-12:00,34
2006-05-23-15:00,31
2006-05-23-18:00,29
2006-05-23-21:00,29
2006-05-24-00:00,28
2006-05-24-03:00,31
2006-05-24-06:00,37
2006-05-24-09:00,39
2006-05-24-12:00,39
2006-05-24-15:00,35
2006-05-24-18:00,34
2006-05-24-21:00,32
2006-05-25-00:00,31
2006-05-25-03:00,31
2006-05-25-06:00,37
2006-05-25-09:00,39
2006-05-25-12:00,38
2006-05-25-15:00,35
2006-05-25-18:00,33
2006-05-25-21:00,32
2006-05-26-00:00,31
2006-05-26-03:00,33
2006-05-26-06:00,38
2006-05-26-09:00,40
2006-05-26-12:00,40
2006-05-26-15:00,35
2006-05-26-18:00,33
2006-05-26-21:00,32
2006-05-27-00:00,30
2006-05-27-03:00,32
2006-05-27-06:00,36
2006-05-27-09:00,39
2006-05-27-12:00,39
2006-05-27-15:00,34
2006-05-27-18:00,31
2006-05-27-21:00,30
2006-05-28-00:00,29
2006-05-28-03:00,31
2006-05-28-06:00,36
2006-05-28-09:00,39
2006-05-28-12:00,38
2006-05-28-15:00,35
2006-05-28-18:00,32
2006-05-28-21:00,30
2006-05-29-00:00,28
2006-05-29-03:00,31
2006-05-29-06:00,36
2006-05-29-09:00,38
2006-05-29-12:00,37
2006-05-29-15:00,34
2006-05-29-18:00,32
2006-05-29-21:00,30
2006-05-30-00:00,29
2006-05-30-03:00,32
2006-05-30-06:00,37
2006-05-30-09:00,40
2006-05-30-12:00,38
2006-05-30-15:00,35
2006-05-30-18:00,34
2006-05-30-21:00,32
2006-05-31-00:00,31
2006-05-31-03:00,34
2006-05-31-06:00,38
2006-05-31-09:00,41
2006-05-31-12:00,41
2006-05-31-15:00,29
2006-05-31-18:00,30
2006-05-31-21:00,29
2006-06-01-00:00,29
2006-06-01-03:00,31
2006-06-01-06:00,36
2006-06-01-09:00,40
2006-06-01-12:00,38
2006-06-01-15:00,35
2006-06-01-18:00,33
2006-06-01-21:00,32
2006-06-02-00:00,31
2006-06-02-03:00,31
2006-06-02-06:00,28
2006-06-02-12:00,30
2006-06-02-15:00,30
2006-06-02-18:00,28
2006-06-02-21:00,27
2006-06-03-00:00,26
2006-06-03-03:00,25
2006-06-03-06:00,28
2006-06-03-09:00,31
2006-06-03-12:00,29
2006-06-03-15:00,26
2006-06-03-18:00,25
2006-06-04-00:00,25
2006-06-04-03:00,28
2006-06-04-06:00,32
2006-06-04-09:00,35
2006-06-04-12:00,34
2006-06-04-15:00,31
2006-06-04-18:00,29
2006-06-04-21:00,28
2006-06-05-00:00,27
2006-06-05-03:00,29
2006-06-05-06:00,34
2006-06-05-09:00,37
2006-06-05-12:00,38
2006-06-05-15:00,34
2006-06-05-18:00,31
2006-06-05-21:00,31
2006-06-06-00:00,29
2006-06-06-03:00,32
2006-06-06-06:00,36
2006-06-06-09:00,39
2006-06-06-12:00,39
2006-06-06-15:00,33
2006-06-06-18:00,31
2006-06-06-21:00,30
2006-06-07-00:00,28
2006-06-07-03:00,32
2006-06-07-06:00,37
2006-06-07-09:00,39
2006-06-07-12:00,39
2006-06-07-15:00,35
2006-06-07-18:00,33
2006-06-07-21:00,31
2006-06-08-00:00,29
2006-06-08-03:00,33
2006-06-08-06:00,39
2006-06-08-09:00,40
2006-06-08-12:00,40
2006-06-08-18:00,31
2006-06-08-21:00,30
2006-06-09-00:00,28
2006-06-09-03:00,32
2006-06-09-06:00,39
2006-06-09-09:00,41
2006-06-09-12:00,41
2006-06-09-15:00,35
2006-06-09-18:00,31
2006-06-09-21:00,30
2006-06-10-00:00,30
2006-06-10-03:00,34
2006-06-10-06:00,39
2006-06-10-09:00,43
2006-06-10-12:00,42
2006-06-10-15:00,35
2006-06-10-18:00,31
2006-06-10-21:00,31
2006-06-11-00:00,32
2006-06-11-03:00,35
2006-06-11-06:00,40
2006-06-11-09:00,43
2006-06-11-12:00,42
2006-06-11-15:00,36
2006-06-11-18:00,35
2006-06-11-21:00,34
2006-06-12-00:00,32
2006-06-12-03:00,35
2006-06-12-06:00,38
2006-06-12-09:00,40
2006-06-12-12:00,40
2006-06-12-15:00,35
2006-06-12-18:00,33
2006-06-12-21:00,32
2006-06-13-00:00,30
2006-06-13-03:00,32
2006-06-13-06:00,33
2006-06-13-09:00,35
2006-06-13-12:00,36
2006-06-13-15:00,35
2006-06-13-18:00,30
2006-06-13-21:00,29
2006-06-14-00:00,28
2006-06-14-03:00,31
2006-06-14-06:00,36
2006-06-14-09:00,38
2006-06-14-12:00,38
2006-06-14-15:00,34
2006-06-14-18:00,32
2006-06-14-21:00,28
2006-06-15-00:00,28
2006-06-15-03:00,32
2006-06-15-06:00,38
2006-06-15-09:00,40
2006-06-15-12:00,29
2006-06-15-15:00,28
2006-06-15-18:00,27
2006-06-16-00:00,28
2006-06-16-03:00,31
2006-06-16-06:00,36
2006-06-16-09:00,38
2006-06-16-12:00,24
2006-06-16-15:00,27
2006-06-16-18:00,26
2006-06-16-21:00,26
2006-06-17-00:00,24
2006-06-17-03:00,26
2006-06-17-06:00,30
2006-06-17-09:00,33
2006-06-17-12:00,33
2006-06-17-18:00,29
2006-06-17-21:00,27
2006-06-18-00:00,27
2006-06-18-03:00,29
2006-06-18-06:00,34
2006-06-18-09:00,37
2006-06-18-12:00,38
2006-06-18-15:00,32
2006-06-18-18:00,30
2006-06-18-21:00,28
2006-06-19-00:00,27
2006-06-19-03:00,28
2006-06-19-06:00,35
2006-06-19-09:00,37
2006-06-19-12:00,36
2006-06-19-15:00,31
2006-06-19-18:00,25
2006-06-19-21:00,24
2006-06-20-00:00,25
2006-06-20-03:00,29
2006-06-20-06:00,35
2006-06-20-12:00,26
2006-06-20-15:00,27
2006-06-20-18:00,27
2006-06-20-21:00,26
2006-06-21-00:00,24
2006-06-21-03:00,27
2006-06-21-06:00,35
2006-06-21-09:00,38
2006-06-21-12:00,38
2006-06-21-15:00,33
2006-06-21-18:00,30
2006-06-21-21:00,29
2006-06-22-00:00,28
2006-06-22-03:00,31
2006-06-22-06:00,37
2006-06-22-09:00,39
2006-06-22-12:00,37
2006-06-22-15:00,34
2006-06-22-18:00,31
2006-06-22-21:00,29
2006-06-23-00:00,30
2006-06-23-03:00,33
2006-06-23-06:00,37
2006-06-23-09:00,39
2006-06-23-12:00,39
2006-06-23-15:00,35
2006-06-23-18:00,33
2006-06-23-21:00,33
2006-06-24-00:00,31
2006-06-24-03:00,35
2006-06-24-06:00,36
2006-06-24-09:00,29
2006-06-24-12:00,32
2006-06-24-15:00,30
2006-06-24-18:00,28
2006-06-24-21:00,28
2006-06-25-00:00,28
2006-06-25-03:00,31
2006-06-25-06:00,32
2006-06-25-12:00,32
2006-06-25-15:00,31
2006-06-25-18:00,29
2006-06-25-21:00,29
2006-06-26-00:00,28
2006-06-26-03:00,30
2006-06-26-06:00,35
2006-06-26-09:00,35
2006-06-26-12:00,36
2006-06-26-15:00,32
2006-06-26-18:00,31
2006-06-26-21:00,30
2006-06-27-00:00,28
2006-06-27-03:00,25
2006-06-27-06:00,26
2006-06-27-09:00,32
2006-06-27-12:00,33
2006-06-27-15:00,30
2006-06-27-18:00,30
2006-06-27-21:00,29
2006-06-28-00:00,28
2006-06-28-03:00,31
2006-06-28-06:00,34
2006-06-28-09:00,33
2006-06-28-12:00,34
2006-06-28-15:00,30
2006-06-28-18:00,29
2006-06-28-21:00,28
2006-06-29-00:00,28
2006-06-29-03:00,29
2006-06-29-06:00,33
2006-06-29-09:00,35
2006-06-29-12:00,34
2006-06-29-15:00,30
2006-06-29-18:00,29
2006-06-29-21:00,29
2006-06-30-00:00,29
2006-06-30-03:00,30
2006-06-30-06:00,33
2006-06-30-09:00,35
2006-06-30-12:00,34
2006-06-30-15:00,31
2006-06-30-18:00,31
2006-06-30-21:00,30
2006-07-01-00:00,29
2006-07-01-03:00,30
2006-07-01-06:00,35
2006-07-01-09:00,36
2006-07-01-12:00,37
2006-07-01-15:00,33
2006-07-01-18:00,31
2006-07-01-21:00,31
2006-07-02-00:00,29
2006-07-02-03:00,33
2006-07-02-06:00,36
2006-07-02-09:00,38
2006-07-02-12:00,38
2006-07-02-15:00,35
2006-07-02-18:00,33
2006-07-02-21:00,32
2006-07-03-00:00,30
2006-07-03-03:00,32
2006-07-03-06:00,36
2006-07-03-09:00,38
2006-07-03-12:00,39
2006-07-03-15:00,35
2006-07-03-18:00,34
2006-07-03-21:00,33
2006-07-04-00:00,32
2006-07-04-03:00,35
2006-07-04-06:00,38
2006-07-04-09:00,39
2006-07-04-12:00,38
2006-07-04-15:00,30
2006-07-04-18:00,34
2006-07-04-21:00,32
2006-07-05-00:00,30
2006-07-05-03:00,33
2006-07-05-06:00,35
2006-07-05-09:00,37
2006-07-05-12:00,37
2006-07-05-15:00,35
2006-07-05-18:00,33
2006-07-05-21:00,31
2006-07-06-00:00,29
2006-07-06-03:00,32
2006-07-06-06:00,34
2006-07-06-09:00,37
2006-07-06-12:00,37
2006-07-06-15:00,35
2006-07-06-18:00,33
2006-07-06-21:00,32
2006-07-07-00:00,30
2006-07-07-03:00,33
2006-07-07-06:00,37
2006-07-07-09:00,39
2006-07-07-12:00,40
2006-07-07-15:00,36
2006-07-07-18:00,35
2006-07-07-21:00,34
2006-07-08-00:00,33
2006-07-08-03:00,34
2006-07-08-06:00,36
2006-07-08-09:00,38
2006-07-08-12:00,36
2006-07-08-15:00,34
2006-07-08-18:00,35
2006-07-08-21:00,34
2006-07-09-00:00,32
2006-07-09-03:00,31
2006-07-09-06:00,28
2006-07-09-09:00,28
2006-07-09-12:00,29
2006-07-09-15:00,28
2006-07-09-18:00,28
2006-07-09-21:00,26
2006-07-10-00:00,26
2006-07-10-03:00,28
2006-07-10-06:00,30
2006-07-10-09:00,29
2006-07-10-12:00,27
2006-07-10-15:00,28
2006-07-10-18:00,27
2006-07-10-21:00,27
2006-07-11-00:00,27
2006-07-11-03:00,28
2006-07-11-09:00,28.5
2006-07-11-12:00,29
2006-07-11-15:00,28
2006-07-11-18:00,28
2006-07-11-21:00,28
2006-07-12-00:00,27
2006-07-12-03:00,26
2006-07-12-06:00,27
2006-07-12-09:00,28
2006-07-12-12:00,29
2006-07-12-15:00,28
2006-07-12-18:00,27
2006-07-12-21:00,27
2006-07-13-00:00,27
2006-07-13-03:00,28
2006-07-13-06:00,32
2006-07-13-09:00,33
2006-07-13-12:00,34
2006-07-13-15:00,31
2006-07-13-18:00,30
2006-07-13-21:00,30
2006-07-14-00:00,28
2006-07-14-03:00,31
2006-07-14-06:00,33
2006-07-14-09:00,35
2006-07-14-12:00,34
2006-07-14-15:00,33
2006-07-14-18:00,33
2006-07-14-21:00,31
2006-07-15-00:00,29
2006-07-15-03:00,30
2006-07-15-06:00,33
2006-07-15-09:00,36
2006-07-15-12:00,35
2006-07-15-15:00,32
2006-07-15-18:00,30
2006-07-15-21:00,29
2006-07-16-00:00,29
2006-07-16-03:00,31
2006-07-16-06:00,34
2006-07-16-09:00,36
2006-07-16-12:00,35
2006-07-16-15:00,33
2006-07-16-18:00,31
2006-07-16-21:00,30
2006-07-17-00:00,29
2006-07-17-03:00,30
2006-07-17-06:00,34
2006-07-17-09:00,30
2006-07-17-12:00,35
2006-07-17-15:00,32
2006-07-17-18:00,31
2006-07-17-21:00,30
2006-07-18-00:00,30
2006-07-18-03:00,29
2006-07-18-06:00,27
2006-07-18-09:00,30
2006-07-18-12:00,33
2006-07-18-15:00,29
2006-07-18-18:00,29
2006-07-18-21:00,28
2006-07-19-00:00,27
2006-07-19-03:00,29
2006-07-19-06:00,32
2006-07-19-09:00,27
2006-07-19-12:00,28
2006-07-19-15:00,28
2006-07-19-18:00,28
2006-07-19-21:00,28
2006-07-20-00:00,27
2006-07-20-03:00,28
2006-07-20-06:00,31
2006-07-20-09:00,30
2006-07-20-12:00,31
2006-07-20-15:00,30
2006-07-20-18:00,29
2006-07-20-21:00,28
2006-07-21-00:00,28
2006-07-21-03:00,29
2006-07-21-06:00,34
2006-07-21-09:00,34
2006-07-21-12:00,35
2006-07-21-15:00,32
2006-07-21-18:00,30
2006-07-21-21:00,30
2006-07-22-00:00,29
2006-07-22-03:00,31
2006-07-22-06:00,33
2006-07-22-09:00,35
2006-07-22-12:00,34
2006-07-22-15:00,32
2006-07-22-18:00,31
2006-07-22-21:00,30
2006-07-23-00:00,28
2006-07-23-03:00,30
2006-07-23-06:00,33
2006-07-23-09:00,34
2006-07-23-12:00,32
2006-07-23-15:00,31
2006-07-23-18:00,30
2006-07-23-21:00,30
2006-07-24-00:00,29
2006-07-24-03:00,30
2006-07-24-06:00,33
2006-07-24-09:00,34
2006-07-24-12:00,34
2006-07-24-15:00,31
2006-07-24-18:00,30
2006-07-24-21:00,29
2006-07-25-00:00,29
2006-07-25-03:00,30
2006-07-25-06:00,34
2006-07-25-09:00,29
2006-07-25-12:00,29
2006-07-25-15:00,29
2006-07-25-18:00,28
2006-07-25-21:00,28
2006-07-26-00:00,27
2006-07-26-03:00,28
2006-07-26-06:00,26
2006-07-26-09:00,27
2006-07-26-12:00,27
2006-07-26-15:00,25
2006-07-26-18:00,25
2006-07-26-21:00,25
2006-07-27-00:00,26
2006-07-27-03:00,26
2006-07-27-06:00,28
2006-07-27-09:00,27
2006-07-27-12:00,27
2006-07-27-15:00,27
2006-07-27-18:00,26
2006-07-27-21:00,26
2006-07-28-00:00,26
2006-07-28-03:00,27
2006-07-28-06:00,31
2006-07-28-09:00,32
2006-07-28-12:00,31
2006-07-28-15:00,29
2006-07-28-18:00,27
2006-07-28-21:00,26
2006-07-29-00:00,26
2006-07-29-03:00,28
2006-07-29-06:00,31
2006-07-29-09:00,33
2006-07-29-12:00,33
2006-07-29-15:00,29
2006-07-29-18:00,29
2006-07-29-21:00,29
2006-07-30-00:00,28
2006-07-30-03:00,30
2006-07-30-06:00,34
2006-07-30-09:00,34
2006-07-30-12:00,35
2006-07-30-15:00,31
2006-07-30-18:00,30
2006-07-30-21:00,29
2006-07-31-00:00,28
2006-07-31-03:00,29
2006-07-31-06:00,34
2006-07-31-09:00,35
2006-07-31-12:00,35
2006-07-31-15:00,32
2006-07-31-18:00,27
2006-07-31-21:00,27
2006-08-01-00:00,27
2006-08-01-03:00,28
2006-08-01-06:00,32
2006-08-01-09:00,33
2006-08-01-12:00,32
2006-08-01-15:00,30
2006-08-01-18:00,28
2006-08-01-21:00,28
2006-08-02-00:00,27
2006-08-02-03:00,28
2006-08-02-06:00,32
2006-08-02-09:00,33
2006-08-02-12:00,34
2006-08-02-15:00,31
2006-08-02-18:00,29
2006-08-02-21:00,28
2006-08-03-00:00,28
2006-08-03-03:00,29
2006-08-03-06:00,30
2006-08-03-09:00,30
2006-08-03-12:00,31
2006-08-03-18:00,28
2006-08-03-21:00,28
2006-08-04-00:00,27
2006-08-04-06:00,33
2006-08-04-09:00,35
2006-08-04-12:00,34
2006-08-04-15:00,29
2006-08-04-18:00,29
2006-08-05-00:00,27
2006-08-05-03:00,30
2006-08-05-06:00,33
2006-08-05-09:00,34
2006-08-05-12:00,33
2006-08-05-15:00,30
2006-08-05-18:00,29
2006-08-05-21:00,28
2006-08-06-00:00,27
2006-08-06-03:00,29
2006-08-06-06:00,33
2006-08-06-09:00,33
2006-08-06-12:00,34
2006-08-06-15:00,30
2006-08-06-18:00,29
2006-08-06-21:00,29
2006-08-07-00:00,27
2006-08-07-03:00,29
2006-08-07-06:00,33
2006-08-07-09:00,34
2006-08-07-12:00,33
2006-08-07-15:00,30
2006-08-07-18:00,29
2006-08-07-21:00,28
2006-08-08-00:00,27
2006-08-08-03:00,27
2006-08-08-06:00,27
2006-08-08-09:00,33
2006-08-08-12:00,31
2006-08-08-15:00,28
2006-08-08-18:00,28
2006-08-08-21:00,27
2006-08-09-00:00,27
2006-08-09-03:00,29
2006-08-09-06:00,33
2006-08-09-09:00,34
2006-08-09-12:00,35
2006-08-09-15:00,29
2006-08-09-18:00,29
2006-08-09-21:00,28
2006-08-10-00:00,27
2006-08-10-03:00,29
2006-08-10-06:00,35
2006-08-10-09:00,36
2006-08-10-12:00,36
2006-08-10-15:00,31
2006-08-10-18:00,29
2006-08-10-21:00,29
2006-08-11-00:00,26
2006-08-11-03:00,29
2006-08-11-06:00,34
2006-08-11-09:00,35
2006-08-11-12:00,36
2006-08-11-15:00,32
2006-08-11-18:00,30
2006-08-11-21:00,28
2006-08-12-00:00,28
2006-08-12-03:00,30
2006-08-12-06:00,35
2006-08-12-09:00,37
2006-08-12-12:00,36
2006-08-12-15:00,33
2006-08-12-18:00,31
2006-08-12-21:00,31
2006-08-13-00:00,29
2006-08-13-03:00,32
2006-08-13-06:00,36
2006-08-13-09:00,37
2006-08-13-12:00,34
2006-08-13-15:00,32
2006-08-13-18:00,30
2006-08-13-21:00,29
2006-08-14-00:00,30
2006-08-14-03:00,32
2006-08-14-06:00,29
2006-08-14-09:00,25
2006-08-14-12:00,28
2006-08-14-15:00,28
2006-08-14-18:00,27
2006-08-14-21:00,26
2006-08-15-00:00,26
2006-08-15-03:00,30
2006-08-15-06:00,34
2006-08-15-09:00,36
2006-08-15-12:00,33
2006-08-15-15:00,30
2006-08-15-18:00,29
2006-08-15-21:00,29
2006-08-16-00:00,28
2006-08-16-03:00,30
2006-08-16-06:00,35
2006-08-16-09:00,37
2006-08-16-12:00,33
2006-08-16-15:00,30
2006-08-16-18:00,30
2006-08-16-21:00,29
2006-08-17-00:00,29
2006-08-17-03:00,31
2006-08-17-06:00,37
2006-08-17-09:00,36
2006-08-17-12:00,36
2006-08-17-15:00,32
2006-08-17-18:00,30
2006-08-17-21:00,30
2006-08-18-00:00,30
2006-08-18-03:00,31
2006-08-18-06:00,34
2006-08-18-09:00,36
2006-08-18-12:00,36
2006-08-18-15:00,32
2006-08-18-18:00,31
2006-08-18-21:00,31
2006-08-19-00:00,29
2006-08-19-03:00,30
2006-08-19-06:00,33
2006-08-19-09:00,35
2006-08-19-12:00,32
2006-08-19-15:00,31
2006-08-19-18:00,28
2006-08-19-21:00,27
2006-08-20-00:00,26
2006-08-20-03:00,28
2006-08-20-06:00,32
2006-08-20-09:00,32
2006-08-20-12:00,33
2006-08-20-15:00,31
2006-08-20-18:00,30
2006-08-20-21:00,29
2006-08-21-00:00,28
2006-08-21-03:00,29
2006-08-21-06:00,33
2006-08-21-09:00,33
2006-08-21-12:00,33
2006-08-21-15:00,32
2006-08-21-18:00,30
2006-08-21-21:00,29
2006-08-22-00:00,28
2006-08-22-03:00,30
2006-08-22-06:00,33
2006-08-22-09:00,35
2006-08-22-12:00,32
2006-08-22-15:00,31
2006-08-22-18:00,29
2006-08-22-21:00,28
2006-08-23-00:00,27
2006-08-23-03:00,29
2006-08-23-06:00,32
2006-08-23-09:00,33
2006-08-23-12:00,29
2006-08-23-15:00,30
2006-08-23-18:00,29
2006-08-23-21:00,28
2006-08-24-00:00,28
2006-08-24-03:00,29
2006-08-24-06:00,33
2006-08-24-09:00,35
2006-08-24-12:00,35
2006-08-24-15:00,32
2006-08-24-18:00,30
2006-08-24-21:00,30
2006-08-25-00:00,29
2006-08-25-03:00,28
2006-08-25-06:00,32
2006-08-25-12:00,34
2006-08-25-15:00,32
2006-08-25-18:00,30
2006-08-25-21:00,29
2006-08-26-00:00,27
2006-08-26-03:00,28
2006-08-26-06:00,31
2006-08-26-09:00,34
2006-08-26-12:00,34
2006-08-26-15:00,32
2006-08-26-18:00,30
2006-08-26-21:00,29
2006-08-27-00:00,27
2006-08-27-03:00,28
2006-08-27-06:00,32
2006-08-27-09:00,34
2006-08-27-12:00,34
2006-08-27-15:00,32
2006-08-27-18:00,29
2006-08-28-00:00,26
2006-08-28-03:00,28
2006-08-28-06:00,32
2006-08-28-09:00,34
2006-08-28-12:00,34
2006-08-28-15:00,31
2006-08-28-18:00,30
2006-08-28-21:00,28
2006-08-29-00:00,27
2006-08-29-03:00,28
2006-08-29-06:00,34
2006-08-29-12:00,35
2006-08-29-15:00,32
2006-08-29-18:00,24
2006-08-29-21:00,25
2006-08-30-00:00,24
2006-08-30-03:00,27
2006-08-30-06:00,31
2006-08-30-09:00,33
2006-08-30-12:00,31
2006-08-30-15:00,27
2006-08-30-18:00,26
2006-08-30-21:00,26
2006-08-31-00:00,26
2006-08-31-03:00,29
2006-08-31-06:00,33
2006-08-31-09:00,33
2006-08-31-12:00,32
2006-08-31-15:00,30
2006-08-31-18:00,29
2006-08-31-21:00,28
2006-09-01-00:00,25
2006-09-01-03:00,26
2006-09-01-06:00,28
2006-09-01-09:00,28
2006-09-01-12:00,27
2006-09-01-15:00,25
2006-09-01-18:00,24
2006-09-01-21:00,24
2006-09-02-00:00,24
2006-09-02-03:00,24
2006-09-02-06:00,25
2006-09-02-09:00,29
2006-09-02-12:00,26
2006-09-02-15:00,25
2006-09-02-18:00,24
2006-09-02-21:00,24
2006-09-03-00:00,23
2006-09-03-03:00,24
2006-09-03-06:00,29
2006-09-03-09:00,32
2006-09-03-12:00,32
2006-09-03-15:00,29
2006-09-03-18:00,27
2006-09-03-21:00,26
2006-09-04-00:00,25
2006-09-04-03:00,26
2006-09-04-06:00,29
2006-09-04-09:00,32
2006-09-04-12:00,32
2006-09-04-15:00,29
2006-09-04-18:00,28
2006-09-04-21:00,27
2006-09-05-00:00,26
2006-09-05-03:00,28
2006-09-05-06:00,33
2006-09-05-09:00,34
2006-09-05-12:00,32
2006-09-05-15:00,30
2006-09-05-18:00,29
2006-09-05-21:00,28
2006-09-06-00:00,27
2006-09-06-03:00,29
2006-09-06-06:00,33
2006-09-06-09:00,35
2006-09-06-12:00,28
2006-09-06-15:00,29
2006-09-06-18:00,28
2006-09-06-21:00,27
2006-09-07-00:00,27
2006-09-07-03:00,29
2006-09-07-06:00,33
2006-09-07-09:00,34
2006-09-07-12:00,33
2006-09-07-15:00,31
2006-09-07-18:00,29
2006-09-07-21:00,28
2006-09-08-00:00,27
2006-09-08-03:00,28
2006-09-08-06:00,32
2006-09-08-09:00,34
2006-09-08-12:00,34
2006-09-08-15:00,30
2006-09-08-18:00,29
2006-09-08-21:00,28
2006-09-09-00:00,27
2006-09-09-03:00,29
2006-09-09-06:00,32
2006-09-09-09:00,34
2006-09-09-12:00,34
2006-09-09-15:00,30
2006-09-09-18:00,29
2006-09-09-21:00,28
2006-09-10-00:00,27
2006-09-10-03:00,29
2006-09-10-06:00,32
2006-09-10-09:00,34
2006-09-10-12:00,33
2006-09-10-15:00,30
2006-09-10-18:00,28
2006-09-10-21:00,28
2006-09-11-00:00,27
2006-09-11-03:00,29
2006-09-11-06:00,33
2006-09-11-09:00,36
2006-09-11-12:00,35
2006-09-11-15:00,31
2006-09-11-18:00,29
2006-09-11-21:00,28
2006-09-12-00:00,28
2006-09-12-03:00,29
2006-09-12-06:00,34
2006-09-12-09:00,35
2006-09-12-12:00,35
2006-09-12-15:00,31
2006-09-12-18:00,29
2006-09-12-21:00,28
2006-09-13-00:00,28
2006-09-13-03:00,28
2006-09-13-06:00,33
2006-09-13-09:00,35
2006-09-13-12:00,33
2006-09-13-15:00,31
2006-09-13-18:00,30
2006-09-13-21:00,28
2006-09-14-00:00,26
2006-09-14-03:00,24
2006-09-14-06:00,27
2006-09-14-09:00,29
2006-09-14-12:00,29
2006-09-14-15:00,27
2006-09-14-18:00,27
2006-09-14-21:00,26
2006-09-15-00:00,26
2006-09-15-03:00,26
2006-09-15-06:00,31
2006-09-15-09:00,32
2006-09-15-12:00,34
2006-09-15-15:00,29
2006-09-15-18:00,28
2006-09-15-21:00,27
2006-09-16-00:00,26
2006-09-16-03:00,29
2006-09-16-06:00,32
2006-09-16-09:00,34
2006-09-16-12:00,33
2006-09-16-15:00,30
2006-09-16-18:00,29
2006-09-16-21:00,28
2006-09-17-00:00,27
2006-09-17-03:00,29
2006-09-17-06:00,33
2006-09-17-09:00,35
2006-09-17-12:00,33
2006-09-17-15:00,30
2006-09-17-18:00,28
2006-09-17-21:00,28
2006-09-18-00:00,27
2006-09-18-06:00,35
2006-09-18-09:00,35
2006-09-18-12:00,35
2006-09-18-15:00,31
2006-09-18-18:00,30
2006-09-19-00:00,27
2006-09-19-03:00,29
2006-09-19-06:00,35
2006-09-19-09:00,37
2006-09-19-12:00,35
2006-09-19-15:00,32
2006-09-19-18:00,30
2006-09-19-21:00,30
2006-09-20-00:00,28
2006-09-20-03:00,30
2006-09-20-06:00,35
2006-09-20-09:00,37
2006-09-20-12:00,36
2006-09-20-15:00,32
2006-09-20-18:00,29
2006-09-20-21:00,28
2006-09-21-00:00,26
2006-09-21-03:00,27
2006-09-21-06:00,32
2006-09-21-09:00,35
2006-09-21-12:00,33
2006-09-21-15:00,31
2006-09-21-18:00,30
2006-09-21-21:00,28
2006-09-22-00:00,28
2006-09-22-03:00,28
2006-09-22-06:00,34
2006-09-22-09:00,35
2006-09-22-12:00,25
2006-09-22-15:00,25
2006-09-22-18:00,25
2006-09-22-21:00,24
2006-09-23-00:00,22
2006-09-23-03:00,24
2006-09-23-06:00,30
2006-09-23-09:00,33
2006-09-23-12:00,32
2006-09-23-15:00,27
2006-09-23-18:00,25
2006-09-23-21:00,24
2006-09-24-00:00,22
2006-09-24-03:00,25
2006-09-24-06:00,31
2006-09-24-09:00,33
2006-09-24-12:00,33
2006-09-24-15:00,27
2006-09-24-18:00,24
2006-09-25-00:00,22
2006-09-25-03:00,25
2006-09-25-06:00,31
2006-09-25-09:00,34
2006-09-25-12:00,33
2006-09-25-15:00,28
2006-09-25-18:00,24
2006-09-25-21:00,23
2006-09-26-00:00,22
2006-09-26-03:00,26
2006-09-26-06:00,32
2006-09-26-09:00,35
2006-09-26-12:00,33
2006-09-26-15:00,28
2006-09-26-18:00,25
2006-09-26-21:00,23
2006-09-27-00:00,24
2006-09-27-03:00,27
2006-09-27-06:00,32
2006-09-27-09:00,36
2006-09-27-12:00,34
2006-09-27-15:00,29
2006-09-27-18:00,26
2006-09-27-21:00,23
2006-09-28-00:00,24
2006-09-28-03:00,27
2006-09-28-06:00,33
2006-09-28-09:00,33
2006-09-28-12:00,33
2006-09-28-15:00,28
2006-09-28-18:00,25
2006-09-28-21:00,23
2006-09-29-00:00,22
2006-09-29-03:00,26
2006-09-29-06:00,32
2006-09-29-09:00,34
2006-09-29-12:00,33
2006-09-29-15:00,28
2006-09-29-18:00,26
2006-09-29-21:00,24
2006-09-30-00:00,23
2006-09-30-03:00,27
2006-09-30-06:00,33
2006-09-30-09:00,35
2006-09-30-15:00,30
2006-09-30-18:00,27
2006-09-30-21:00,26
2006-10-01-00:00,24
2006-10-01-03:00,26
2006-10-01-09:00,36
2006-10-01-12:00,34
2006-10-01-15:00,27
2006-10-01-18:00,25
2006-10-01-21:00,23
2006-10-02-00:00,23
2006-10-02-03:00,26
2006-10-02-06:00,33
2006-10-02-09:00,36
2006-10-02-12:00,33
2006-10-02-15:00,27
2006-10-02-18:00,25
2006-10-02-21:00,23
2006-10-03-00:00,22
2006-10-03-03:00,25
2006-10-03-06:00,33
2006-10-03-09:00,36
2006-10-03-12:00,34
2006-10-03-15:00,27
2006-10-03-18:00,25
2006-10-03-21:00,23
2006-10-04-00:00,23
2006-10-04-03:00,25
2006-10-04-06:00,34
2006-10-04-09:00,37
2006-10-04-12:00,34
2006-10-04-15:00,28
2006-10-04-18:00,25
2006-10-04-21:00,24
2006-10-05-00:00,23
2006-10-05-03:00,26
2006-10-05-06:00,34
2006-10-05-09:00,36
2006-10-05-12:00,34
2006-10-05-15:00,27
2006-10-05-18:00,25.5
2006-10-05-21:00,24
2006-10-06-00:00,26
2006-10-06-03:00,28
2006-10-06-06:00,34
2006-10-06-09:00,36
2006-10-06-12:00,35
2006-10-06-15:00,27
2006-10-06-18:00,25
2006-10-06-21:00,24
2006-10-07-00:00,25
2006-10-07-03:00,27
2006-10-07-06:00,33
2006-10-07-09:00,35
2006-10-07-12:00,34
2006-10-07-15:00,29
2006-10-07-18:00,27
2006-10-07-21:00,25
2006-10-08-00:00,25
2006-10-08-03:00,28
2006-10-08-06:00,33
2006-10-08-09:00,36
2006-10-08-12:00,34
2006-10-08-15:00,27
2006-10-08-18:00,25
2006-10-08-21:00,24
2006-10-09-00:00,25
2006-10-09-03:00,27
2006-10-09-09:00,35
2006-10-09-12:00,34
2006-10-09-15:00,27
2006-10-09-18:00,25
2006-10-09-21:00,25
2006-10-10-00:00,23
2006-10-10-03:00,26
2006-10-10-06:00,32
2006-10-10-09:00,35
2006-10-10-12:00,33
2006-10-10-15:00,28
2006-10-10-18:00,24
2006-10-10-21:00,24
2006-10-11-00:00,23
2006-10-11-03:00,26
2006-10-11-06:00,33
2006-10-11-09:00,35
2006-10-11-12:00,33
2006-10-11-15:00,27
2006-10-11-18:00,24
2006-10-11-21:00,24
2006-10-12-00:00,23
2006-10-12-03:00,26
2006-10-12-06:00,33
2006-10-12-09:00,35
2006-10-12-12:00,33
2006-10-12-15:00,27
2006-10-12-18:00,24
2006-10-12-21:00,23
2006-10-13-00:00,22
2006-10-13-03:00,26
2006-10-13-06:00,34
2006-10-13-09:00,35
2006-10-13-12:00,33
2006-10-13-15:00,27
2006-10-13-18:00,25
2006-10-13-21:00,24
2006-10-14-00:00,23
2006-10-14-03:00,25
2006-10-14-06:00,33
2006-10-14-09:00,35
2006-10-14-12:00,33
2006-10-14-15:00,29
2006-10-14-18:00,27
2006-10-14-21:00,25
2006-10-15-00:00,22
2006-10-15-03:00,23
2006-10-15-06:00,32
2006-10-15-09:00,34
2006-10-15-12:00,32
2006-10-15-15:00,27
2006-10-15-18:00,26
2006-10-15-21:00,25
2006-10-16-00:00,22
2006-10-16-03:00,25
2006-10-16-06:00,32
2006-10-16-09:00,33
2006-10-16-12:00,32
2006-10-16-15:00,25
2006-10-16-18:00,23
2006-10-16-21:00,23
2006-10-17-00:00,22
2006-10-17-03:00,24
2006-10-17-06:00,31
2006-10-17-12:00,31
2006-10-17-15:00,26
2006-10-17-18:00,24
2006-10-17-21:00,23
2006-10-18-00:00,22
2006-10-18-03:00,25
2006-10-18-06:00,33
2006-10-18-09:00,34
2006-10-18-12:00,32
2006-10-18-15:00,28
2006-10-18-18:00,27
2006-10-18-21:00,26
2006-10-19-00:00,25
2006-10-19-03:00,23
2006-10-19-06:00,27
2006-10-19-09:00,29
2006-10-19-12:00,24
2006-10-19-15:00,22
2006-10-19-18:00,22
2006-10-19-21:00,22
2006-10-20-00:00,21
2006-10-20-03:00,21
2006-10-20-06:00,25
2006-10-20-09:00,28
2006-10-20-12:00,27
2006-10-20-15:00,22
2006-10-20-18:00,21
2006-10-20-21:00,20
2006-10-21-00:00,18
2006-10-21-03:00,20
2006-10-21-06:00,27
2006-10-21-09:00,30
2006-10-21-12:00,28
2006-10-21-15:00,23
2006-10-21-18:00,22
2006-10-21-21:00,21
2006-10-22-00:00,21
2006-10-22-03:00,22
2006-10-22-06:00,27
2006-10-22-09:00,23
2006-10-22-12:00,24
2006-10-22-15:00,21
2006-10-22-18:00,20
2006-10-23-00:00,17
2006-10-23-03:00,20
2006-10-23-06:00,27
2006-10-23-09:00,30
2006-10-23-12:00,27
2006-10-23-15:00,22
2006-10-23-18:00,20
2006-10-23-21:00,18
2006-10-24-00:00,18
2006-10-24-03:00,20
2006-10-24-06:00,28
2006-10-24-09:00,29
2006-10-24-12:00,28
2006-10-24-15:00,21
2006-10-24-18:00,20
2006-10-24-21:00,19
2006-10-25-00:00,17
2006-10-25-03:00,19
2006-10-25-06:00,28
2006-10-25-09:00,30
2006-10-25-12:00,27
2006-10-25-15:00,22
2006-10-25-18:00,20
2006-10-25-21:00,19
2006-10-26-00:00,18
2006-10-26-03:00,20
2006-10-26-06:00,27
2006-10-26-09:00,30
2006-10-26-12:00,28
2006-10-26-15:00,22
2006-10-26-18:00,20
2006-10-26-21:00,19
2006-10-27-00:00,18
2006-10-27-03:00,20
2006-10-27-06:00,27
2006-10-27-09:00,30
2006-10-27-12:00,27
2006-10-27-15:00,22
2006-10-27-18:00,20
2006-10-27-21:00,19
2006-10-28-00:00,18
2006-10-28-03:00,21
2006-10-28-06:00,29
2006-10-28-09:00,31
2006-10-28-12:00,28
2006-10-28-15:00,23
2006-10-28-18:00,21
2006-10-28-21:00,20
2006-10-29-00:00,19
2006-10-29-03:00,21
2006-10-29-06:00,28
2006-10-29-09:00,31
2006-10-29-12:00,28
2006-10-29-15:00,22
2006-10-29-18:00,20
2006-10-29-21:00,19
2006-10-30-00:00,18
2006-10-30-03:00,19
2006-10-30-06:00,27
2006-10-30-09:00,29
2006-10-30-12:00,28
2006-10-30-15:00,21
2006-10-30-18:00,19
2006-10-30-21:00,18
2006-10-31-00:00,17
2006-10-31-03:00,18
2006-10-31-06:00,29
2006-10-31-09:00,30
2006-10-31-12:00,27
2006-10-31-15:00,22
2006-10-31-18:00,20
2006-10-31-21:00,19
2006-11-01-00:00,18
2006-11-01-03:00,20
2006-11-01-06:00,29
2006-11-01-09:00,30
2006-11-01-12:00,27
2006-11-01-15:00,22
2006-11-01-18:00,19
2006-11-01-21:00,18
2006-11-02-00:00,16
2006-11-02-03:00,19
2006-11-02-06:00,29
2006-11-02-09:00,31
2006-11-02-12:00,27
2006-11-02-15:00,21
2006-11-02-18:00,19
2006-11-02-21:00,18
2006-11-03-00:00,17
2006-11-03-03:00,19
2006-11-03-06:00,27
2006-11-03-09:00,30
2006-11-03-12:00,29
2006-11-03-15:00,21
2006-11-03-18:00,20
2006-11-03-21:00,18
2006-11-04-00:00,18
2006-11-04-03:00,19
2006-11-04-06:00,26
2006-11-04-09:00,29
2006-11-04-12:00,26
2006-11-04-15:00,21
2006-11-04-18:00,19
2006-11-05-00:00,17
2006-11-05-03:00,20
2006-11-05-06:00,27
2006-11-05-09:00,30
2006-11-05-12:00,27
2006-11-05-15:00,21
2006-11-05-18:00,18
2006-11-05-21:00,17
2006-11-06-00:00,16
2006-11-06-03:00,19
2006-11-06-06:00,28
2006-11-06-09:00,31
2006-11-06-12:00,27
2006-11-06-15:00,21
2006-11-06-18:00,19
2006-11-06-21:00,17
2006-11-07-00:00,16
2006-11-07-03:00,19
2006-11-07-06:00,29
2006-11-07-09:00,32
2006-11-07-12:00,28
2006-11-07-15:00,21
2006-11-07-18:00,18
2006-11-07-21:00,17
2006-11-08-00:00,17
2006-11-08-03:00,17
2006-11-08-06:00,28
2006-11-08-09:00,31
2006-11-08-12:00,27
2006-11-08-15:00,21
2006-11-08-18:00,20
2006-11-08-21:00,18
2006-11-09-00:00,17
2006-11-09-03:00,19
2006-11-09-06:00,28
2006-11-09-09:00,30
2006-11-09-12:00,28
2006-11-09-15:00,21
2006-11-09-18:00,19
2006-11-09-21:00,18
2006-11-10-00:00,16
2006-11-10-03:00,19
2006-11-10-06:00,28
2006-11-10-09:00,30
2006-11-10-12:00,27
2006-11-10-15:00,21
2006-11-10-18:00,19
2006-11-10-21:00,17
2006-11-11-00:00,16
2006-11-11-03:00,18
2006-11-11-06:00,28
2006-11-11-09:00,31
2006-11-11-12:00,27
2006-11-11-15:00,20
2006-11-11-18:00,19
2006-11-12-00:00,17
2006-11-12-03:00,18
2006-11-12-06:00,23
2006-11-12-09:00,28
2006-11-12-12:00,26
2006-11-12-15:00,20
2006-11-12-18:00,19
2006-11-12-21:00,18
2006-11-13-00:00,17
2006-11-13-03:00,18
2006-11-13-06:00,27
2006-11-13-09:00,29
2006-11-13-12:00,25
2006-11-13-15:00,20
2006-11-13-18:00,19
2006-11-13-21:00,18
2006-11-14-00:00,17
2006-11-14-03:00,17
2006-11-14-06:00,27
2006-11-14-12:00,26
2006-11-14-15:00,20
2006-11-14-18:00,18
2006-11-14-21:00,17
2006-11-15-00:00,15
2006-11-15-03:00,17
2006-11-15-06:00,27
2006-11-15-09:00,29
2006-11-15-12:00,26
2006-11-15-15:00,19
2006-11-15-18:00,18
2006-11-15-21:00,17
2006-11-16-00:00,15
2006-11-16-03:00,17
2006-11-16-06:00,25
2006-11-16-09:00,28
2006-11-16-12:00,25
2006-11-16-15:00,19
2006-11-16-18:00,18
2006-11-16-21:00,17
2006-11-17-00:00,14
2006-11-17-03:00,18
2006-11-17-06:00,26
2006-11-17-09:00,29
2006-11-17-12:00,25
2006-11-17-15:00,19
2006-11-17-18:00,18
2006-11-17-21:00,16
2006-11-18-00:00,16
2006-11-18-03:00,18
2006-11-18-06:00,28
2006-11-18-09:00,30
2006-11-18-12:00,26
2006-11-18-15:00,23
2006-11-18-18:00,19
2006-11-18-21:00,17
2006-11-19-00:00,16
2006-11-19-03:00,18
2006-11-19-09:00,27
2006-11-19-12:00,24
2006-11-19-15:00,22
2006-11-19-18:00,20
2006-11-19-21:00,20
2006-11-20-00:00,17
2006-11-20-03:00,19
2006-11-20-06:00,24
2006-11-20-09:00,27
2006-11-20-12:00,24
2006-11-20-15:00,19
2006-11-20-18:00,17
2006-11-20-21:00,16
2006-11-21-00:00,14
2006-11-21-03:00,16
2006-11-21-06:00,23
2006-11-21-12:00,26
2006-11-21-15:00,18
2006-11-21-18:00,16
2006-11-21-21:00,15
2006-11-22-00:00,14
2006-11-22-03:00,18
2006-11-22-06:00,26
2006-11-22-09:00,28
2006-11-22-12:00,24
2006-11-22-15:00,21
2006-11-22-18:00,20
2006-11-22-21:00,19
2006-11-23-00:00,17
2006-11-23-03:00,18
2006-11-23-06:00,24
2006-11-23-09:00,26
2006-11-23-12:00,24
2006-11-23-18:00,17
2006-11-23-21:00,16
2006-11-24-00:00,14
2006-11-24-03:00,15
2006-11-24-06:00,22
2006-11-24-09:00,24
2006-11-24-12:00,21
2006-11-24-15:00,15
2006-11-24-18:00,13
2006-11-24-21:00,11
2006-11-25-00:00,9
2006-11-25-03:00,13
2006-11-25-06:00,21
2006-11-25-09:00,24
2006-11-25-12:00,21
2006-11-25-15:00,14
2006-11-25-18:00,12
2006-11-25-21:00,10
2006-11-26-00:00,10
2006-11-26-03:00,12
2006-11-26-06:00,20
2006-11-26-09:00,24
2006-11-26-12:00,21
2006-11-26-15:00,13
2006-11-26-18:00,12
2006-11-26-21:00,10
2006-11-27-00:00,9
2006-11-27-03:00,12
2006-11-27-09:00,23
2006-11-27-12:00,20
2006-11-27-15:00,15
2006-11-27-18:00,13
2006-11-28-00:00,9
2006-11-28-03:00,10
2006-11-28-06:00,23
2006-11-28-09:00,25
2006-11-28-12:00,20
2006-11-28-15:00,13
2006-11-28-18:00,11
2006-11-28-21:00,10
2006-11-29-00:00,8
2006-11-29-03:00,10
2006-11-29-06:00,21
2006-11-29-09:00,25
2006-11-29-12:00,23
2006-11-29-15:00,13
2006-11-29-18:00,11
2006-11-29-21:00,11
2006-11-30-00:00,10
2006-11-30-03:00,12
2006-11-30-06:00,24
2006-11-30-09:00,26
2006-11-30-12:00,23
2006-11-30-15:00,15
2006-11-30-18:00,12
2006-11-30-21:00,11
2006-12-01-00:00,11
2006-12-01-03:00,14
2006-12-01-06:00,24
2006-12-01-09:00,26
2006-12-01-12:00,22
2006-12-01-15:00,16
2006-12-01-18:00,15
2006-12-01-21:00,14
2006-12-02-00:00,12
2006-12-02-03:00,14
2006-12-02-06:00,23
2006-12-02-09:00,24
2006-12-02-12:00,21
2006-12-02-15:00,15
2006-12-02-18:00,14
2006-12-02-21:00,14
2006-12-03-00:00,11
2006-12-03-03:00,13
2006-12-03-09:00,25
2006-12-03-12:00,22
2006-12-03-15:00,17
2006-12-03-18:00,16
2006-12-03-21:00,15
2006-12-04-00:00,15
2006-12-04-03:00,16
2006-12-04-06:00,23
2006-12-04-09:00,22
2006-12-04-12:00,20
2006-12-04-15:00,17
2006-12-04-18:00,16
2006-12-05-00:00,17
2006-12-05-03:00,17
2006-12-05-06:00,23
2006-12-05-09:00,25
2006-12-05-12:00,23
2006-12-05-15:00,18
2006-12-05-18:00,16
2006-12-05-21:00,16
2006-12-06-00:00,15
2006-12-06-03:00,16
2006-12-06-06:00,22
2006-12-06-09:00,26
2006-12-06-12:00,23
2006-12-06-15:00,18
2006-12-06-18:00,17
2006-12-06-21:00,17
2006-12-07-00:00,16
2006-12-07-03:00,16
2006-12-07-06:00,21
2006-12-07-09:00,22
2006-12-07-12:00,21
2006-12-07-15:00,17
2006-12-07-18:00,16
2006-12-07-21:00,16
2006-12-08-00:00,13
2006-12-08-03:00,13
2006-12-08-06:00,19
2006-12-08-09:00,20
2006-12-08-12:00,18
2006-12-08-15:00,12
2006-12-08-18:00,10
2006-12-08-21:00,8
2006-12-09-00:00,7
2006-12-09-03:00,8
2006-12-09-06:00,18
2006-12-09-09:00,20
2006-12-09-12:00,18
2006-12-09-15:00,11
2006-12-09-18:00,11
2006-12-09-21:00,10
2006-12-10-00:00,9
2006-12-10-03:00,11
2006-12-10-06:00,20
2006-12-10-09:00,22
2006-12-10-12:00,20
2006-12-10-15:00,16
2006-12-10-18:00,14
2006-12-10-21:00,14
2006-12-11-00:00,11
2006-12-11-03:00,11
2006-12-11-06:00,21
2006-12-11-09:00,23
2006-12-11-12:00,19
2006-12-11-15:00,13
2006-12-11-18:00,13
2006-12-11-21:00,12
2006-12-12-00:00,10
2006-12-12-03:00,10
2006-12-12-06:00,15
2006-12-12-09:00,19
2006-12-12-12:00,17
2006-12-12-15:00,12
2006-12-12-18:00,11
2006-12-12-21:00,11
2006-12-13-00:00,10
2006-12-13-03:00,9
2006-12-13-06:00,17
2006-12-13-09:00,20
2006-12-13-12:00,19
2006-12-13-15:00,13
2006-12-13-18:00,10
2006-12-13-21:00,10
2006-12-14-00:00,10
2006-12-14-03:00,11
2006-12-14-06:00,20
2006-12-14-09:00,24
2006-12-14-12:00,21
2006-12-14-15:00,17
2006-12-14-18:00,14
2006-12-14-21:00,13
2006-12-15-00:00,12
2006-12-15-03:00,13
2006-12-15-06:00,21
2006-12-15-09:00,24
2006-12-15-12:00,22
2006-12-15-15:00,14
2006-12-15-18:00,12
2006-12-15-21:00,11
2006-12-16-00:00,11
2006-12-16-03:00,11
2006-12-16-06:00,21
2006-12-16-09:00,24
2006-12-16-12:00,21
2006-12-16-15:00,15
2006-12-16-18:00,12
2006-12-16-21:00,11
2006-12-17-00:00,11
2006-12-17-03:00,12
2006-12-17-06:00,20
2006-12-17-09:00,24
2006-12-17-12:00,22
2006-12-17-15:00,13
2006-12-17-18:00,10
2006-12-17-21:00,10
2006-12-18-00:00,10
2006-12-18-03:00,10
2006-12-18-06:00,20
2006-12-18-09:00,23
2006-12-18-12:00,20
2006-12-18-18:00,10
2006-12-18-21:00,9
2006-12-19-00:00,8
2006-12-19-03:00,8
2006-12-19-06:00,21
2006-12-19-09:00,25
2006-12-19-12:00,21
2006-12-19-15:00,14
2006-12-19-18:00,12
2006-12-19-21:00,11
2006-12-20-00:00,11
2006-12-20-03:00,11
2006-12-20-06:00,20
2006-12-20-09:00,22
2006-12-20-12:00,20
2006-12-20-15:00,15
2006-12-20-18:00,12
2006-12-20-21:00,12
2006-12-21-00:00,10
2006-12-21-03:00,10
2006-12-21-06:00,21
2006-12-21-09:00,24
2006-12-21-12:00,22
2006-12-21-15:00,15
2006-12-21-18:00,12
2006-12-21-21:00,11
2006-12-22-00:00,10
2006-12-22-03:00,11
2006-12-22-06:00,19
2006-12-22-09:00,22
2006-12-22-12:00,20
2006-12-22-15:00,13
2006-12-22-18:00,12
2006-12-22-21:00,11
2006-12-23-00:00,10
2006-12-23-03:00,10
2006-12-23-06:00,17
2006-12-23-09:00,22
2006-12-23-12:00,20
2006-12-23-15:00,12
2006-12-23-18:00,10
2006-12-23-21:00,9
2006-12-24-00:00,7
2006-12-24-03:00,7
2006-12-24-06:00,19
2006-12-24-09:00,22
2006-12-24-12:00,19
2006-12-24-15:00,12
2006-12-24-18:00,10
2006-12-24-21:00,9
2006-12-25-00:00,8
2006-12-25-03:00,9
2006-12-25-06:00,19
2006-12-25-09:00,22
2006-12-25-12:00,20
2006-12-25-15:00,13
2006-12-25-18:00,11
2006-12-25-21:00,10
2006-12-26-00:00,9
2006-12-26-03:00,10
2006-12-26-06:00,18
2006-12-26-09:00,17
2006-12-26-12:00,15
2006-12-26-15:00,13
2006-12-26-18:00,13
2006-12-26-21:00,12
2006-12-27-00:00,12
2006-12-27-03:00,11
2006-12-27-06:00,17
2006-12-27-09:00,20
2006-12-27-12:00,18
2006-12-27-15:00,15
2006-12-27-18:00,14
2006-12-27-21:00,14
2006-12-28-00:00,11
2006-12-28-03:00,10
2006-12-28-06:00,17
2006-12-28-09:00,20
2006-12-28-12:00,18
2006-12-28-15:00,12
2006-12-28-18:00,9
2006-12-28-21:00,8
2006-12-29-00:00,6
2006-12-29-03:00,6
2006-12-29-06:00,18
2006-12-29-09:00,21
2006-12-29-12:00,17
2006-12-29-15:00,10
2006-12-29-18:00,8
2006-12-29-21:00,8
2006-12-30-00:00,6
2006-12-30-03:00,7
2006-12-30-06:00,19
2006-12-30-09:00,22
2006-12-30-12:00,19
2006-12-30-15:00,13
2006-12-30-18:00,11
2006-12-30-21:00,10
2006-12-31-00:00,9
2006-12-31-03:00,9
2006-12-31-09:00,21
2006-12-31-12:00,18
2006-12-31-15:00,13
2006-12-31-18:00,11
2007-01-01-00:00,11
2007-01-01-03:00,11
2007-01-01-06:00,12
2007-01-01-09:00,13
2007-01-01-12:00,14
2007-01-01-15:00,12
2007-01-01-18:00,10
2007-01-01-21:00,9
2007-01-02-00:00,10
2007-01-02-03:00,9
2007-01-02-06:00,10
2007-01-02-09:00,16
2007-01-02-12:00,15
2007-01-02-15:00,12
2007-01-02-18:00,10
2007-01-02-21:00,10
2007-01-03-00:00,7
2007-01-03-03:00,7
2007-01-03-06:00,16
2007-01-03-09:00,19
2007-01-03-12:00,17
2007-01-03-15:00,11
2007-01-03-18:00,11
2007-01-03-21:00,9
2007-01-04-00:00,8
2007-01-04-03:00,8
2007-01-04-06:00,17
2007-01-04-09:00,20
2007-01-04-12:00,18
2007-01-04-15:00,11
2007-01-04-18:00,9
2007-01-04-21:00,7
2007-01-05-00:00,5
2007-01-05-03:00,7
2007-01-05-06:00,16
2007-01-05-09:00,19
2007-01-05-12:00,17
2007-01-05-15:00,10
2007-01-05-18:00,7
2007-01-05-21:00,6
2007-01-06-00:00,7
2007-01-06-03:00,7
2007-01-06-06:00,16
2007-01-06-09:00,18
2007-01-06-12:00,17
2007-01-06-18:00,9
2007-01-06-21:00,8
2007-01-07-00:00,6
2007-01-07-03:00,6
2007-01-07-06:00,15
2007-01-07-09:00,17
2007-01-07-12:00,14
2007-01-07-15:00,8
2007-01-07-18:00,5
2007-01-07-21:00,4
2007-01-08-00:00,4
2007-01-08-03:00,6
2007-01-08-06:00,14
2007-01-08-09:00,16
2007-01-08-12:00,13
2007-01-08-15:00,9
2007-01-08-18:00,8
2007-01-08-21:00,7
2007-01-09-00:00,5
2007-01-09-03:00,4
2007-01-09-06:00,18
2007-01-09-09:00,20
2007-01-09-12:00,19
2007-01-09-15:00,11
2007-01-09-18:00,9
2007-01-09-21:00,8
2007-01-10-00:00,7
2007-01-10-03:00,7
2007-01-10-06:00,16
2007-01-10-09:00,19
2007-01-10-12:00,17
2007-01-10-15:00,11
2007-01-10-18:00,8
2007-01-10-21:00,7
2007-01-11-00:00,6
2007-01-11-03:00,6
2007-01-11-06:00,15
2007-01-11-09:00,18
2007-01-11-12:00,16
2007-01-11-15:00,9
2007-01-11-18:00,7
2007-01-11-21:00,6
2007-01-12-00:00,5
2007-01-12-03:00,6
2007-01-12-09:00,19
2007-01-12-12:00,17
2007-01-12-15:00,9
2007-01-12-18:00,7
2007-01-12-21:00,7
2007-01-13-00:00,5
2007-01-13-03:00,7
2007-01-13-06:00,17
2007-01-13-09:00,19
2007-01-13-12:00,16
2007-01-13-15:00,10
2007-01-13-18:00,10
2007-01-13-21:00,8
2007-01-14-00:00,8
2007-01-14-03:00,7
2007-01-14-06:00,16
2007-01-14-09:00,19
2007-01-14-12:00,17
2007-01-14-15:00,10
2007-01-14-18:00,9
2007-01-14-21:00,8
2007-01-15-00:00,6
2007-01-15-03:00,6
2007-01-15-06:00,18
2007-01-15-09:00,21
2007-01-15-12:00,19
2007-01-15-15:00,11
2007-01-15-18:00,8
2007-01-15-21:00,7
2007-01-16-00:00,6
2007-01-16-03:00,7
2007-01-16-06:00,17
2007-01-16-09:00,21
2007-01-16-12:00,19
2007-01-16-15:00,10
2007-01-16-18:00,8
2007-01-16-21:00,7
2007-01-17-00:00,6
2007-01-17-03:00,9
2007-01-17-06:00,18
2007-01-17-09:00,21
2007-01-17-12:00,19
2007-01-17-15:00,12
2007-01-17-18:00,11
2007-01-17-21:00,10
2007-01-18-00:00,9
2007-01-18-03:00,9
2007-01-18-06:00,19
2007-01-18-09:00,22
2007-01-18-12:00,20
2007-01-18-15:00,12
2007-01-18-18:00,10
2007-01-18-21:00,9
2007-01-19-00:00,7
2007-01-19-03:00,8
2007-01-19-06:00,20
2007-01-19-09:00,24
2007-01-19-12:00,21
2007-01-19-15:00,13
2007-01-19-18:00,11
2007-01-19-21:00,11
2007-01-20-00:00,10
2007-01-20-03:00,11
2007-01-20-06:00,18
2007-01-20-09:00,21
2007-01-20-12:00,19
2007-01-20-15:00,12
2007-01-20-18:00,10
2007-01-20-21:00,9
2007-01-21-00:00,9
2007-01-21-03:00,10
2007-01-21-06:00,17
2007-01-21-09:00,20
2007-01-21-12:00,18
2007-01-21-15:00,13
2007-01-21-18:00,10
2007-01-21-21:00,8
2007-01-22-00:00,8
2007-01-22-03:00,8
2007-01-22-06:00,17
2007-01-22-09:00,21
2007-01-22-12:00,19
2007-01-22-15:00,11
2007-01-22-18:00,8
2007-01-22-21:00,7
2007-01-23-00:00,8
2007-01-23-03:00,9
2007-01-23-06:00,18
2007-01-23-09:00,21
2007-01-23-12:00,19
2007-01-23-15:00,11
2007-01-23-18:00,9
2007-01-23-21:00,7
2007-01-24-00:00,6
2007-01-24-03:00,7
2007-01-24-06:00,18
2007-01-24-09:00,22
2007-01-24-12:00,20
2007-01-24-15:00,13
2007-01-24-18:00,12
2007-01-24-21:00,10
2007-01-25-00:00,10
2007-01-25-03:00,11
2007-01-25-06:00,20
2007-01-25-09:00,24
2007-01-25-12:00,22
2007-01-25-15:00,18
2007-01-25-18:00,16
2007-01-25-21:00,15
2007-01-26-00:00,11
2007-01-26-03:00,11
2007-01-26-06:00,22
2007-01-26-09:00,28
2007-01-26-12:00,25
2007-01-26-15:00,16
2007-01-26-18:00,14
2007-01-26-21:00,12
2007-01-27-00:00,10
2007-01-27-03:00,13
2007-01-27-06:00,20
2007-01-27-09:00,26
2007-01-27-12:00,24
2007-01-27-15:00,17
2007-01-27-18:00,15
2007-01-27-21:00,13
2007-01-28-00:00,13
2007-01-28-03:00,14
2007-01-28-06:00,21
2007-01-28-09:00,27
2007-01-28-12:00,25
2007-01-28-15:00,17
2007-01-28-18:00,15
2007-01-28-21:00,14
2007-01-29-00:00,13
2007-01-29-03:00,14
2007-01-29-06:00,23
2007-01-29-09:00,28
2007-01-29-12:00,25
2007-01-29-15:00,21
2007-01-29-18:00,18
2007-01-29-21:00,18
2007-01-30-00:00,17
2007-01-30-03:00,15
2007-01-30-06:00,24
2007-01-30-09:00,27
2007-01-30-12:00,23
2007-01-30-15:00,19
2007-01-30-18:00,15
2007-01-30-21:00,15
2007-01-31-00:00,14
2007-01-31-03:00,13
2007-01-31-06:00,23
2007-01-31-09:00,25
2007-01-31-12:00,24
2007-01-31-15:00,19
2007-01-31-18:00,16
2007-01-31-21:00,16
2007-02-01-00:00,14
2007-02-01-03:00,14
2007-02-01-06:00,22
2007-02-01-09:00,26
2007-02-01-12:00,24
2007-02-01-15:00,16
2007-02-01-18:00,13
2007-02-01-21:00,12
2007-02-02-00:00,10
2007-02-02-03:00,11
2007-02-02-06:00,23
2007-02-02-09:00,26
2007-02-02-12:00,24
2007-02-02-15:00,16
2007-02-02-18:00,13
2007-02-02-21:00,12
2007-02-03-00:00,11
2007-02-03-03:00,11
2007-02-03-06:00,22
2007-02-03-09:00,26
2007-02-03-12:00,23
2007-02-03-15:00,17
2007-02-03-18:00,16
2007-02-03-21:00,14
2007-02-04-00:00,12
2007-02-04-03:00,14
2007-02-04-06:00,22
2007-02-04-09:00,25
2007-02-04-12:00,24
2007-02-04-15:00,17
2007-02-04-18:00,17
2007-02-04-21:00,16
2007-02-05-00:00,14
2007-02-05-03:00,14
2007-02-05-06:00,22
2007-02-05-09:00,25
2007-02-05-12:00,24
2007-02-05-15:00,17
2007-02-05-18:00,15
2007-02-05-21:00,13
2007-02-06-00:00,13
2007-02-06-03:00,14
2007-02-06-06:00,24
2007-02-06-09:00,26
2007-02-06-12:00,25
2007-02-06-15:00,21
2007-02-06-18:00,20
2007-02-06-21:00,18
2007-02-07-00:00,17
2007-02-07-03:00,17
2007-02-07-06:00,19
2007-02-07-09:00,24
2007-02-07-12:00,19
2007-02-07-15:00,16
2007-02-07-18:00,15
2007-02-07-21:00,14
2007-02-08-00:00,12
2007-02-08-03:00,13
2007-02-08-06:00,20
2007-02-08-09:00,24
2007-02-08-12:00,21
2007-02-08-15:00,17
2007-02-08-18:00,15
2007-02-08-21:00,16
2007-02-09-00:00,16
2007-02-09-03:00,15
2007-02-09-06:00,18
2007-02-09-09:00,19
2007-02-09-12:00,18
2007-02-09-15:00,17
2007-02-09-18:00,17
2007-02-09-21:00,17
2007-02-10-00:00,17
2007-02-10-03:00,17
2007-02-10-06:00,17
2007-02-10-09:00,16
2007-02-10-12:00,16
2007-02-10-15:00,16
2007-02-10-18:00,16
2007-02-10-21:00,16
2007-02-11-00:00,15
2007-02-11-03:00,15
2007-02-11-06:00,17
2007-02-11-09:00,19
2007-02-11-12:00,17
2007-02-11-15:00,16
2007-02-11-21:00,15
2007-02-12-00:00,15
2007-02-12-03:00,15
2007-02-12-06:00,17
2007-02-12-09:00,20
2007-02-12-12:00,19
2007-02-12-15:00,16
2007-02-12-18:00,15
2007-02-12-21:00,14
2007-02-13-00:00,14
2007-02-13-03:00,12
2007-02-13-06:00,14
2007-02-13-09:00,21
2007-02-13-12:00,17
2007-02-13-15:00,14
2007-02-13-18:00,13
2007-02-13-21:00,12
2007-02-14-00:00,10
2007-02-14-03:00,11
2007-02-14-06:00,17
2007-02-14-09:00,21
2007-02-14-12:00,19
2007-02-14-15:00,14
2007-02-14-18:00,14
2007-02-14-21:00,13
2007-02-15-00:00,11
2007-02-15-03:00,12
2007-02-15-06:00,20
2007-02-15-09:00,22
2007-02-15-12:00,21
2007-02-15-15:00,17
2007-02-15-18:00,16
2007-02-15-21:00,14
2007-02-16-00:00,14
2007-02-16-03:00,15
2007-02-16-06:00,20
2007-02-16-09:00,21
2007-02-16-12:00,20
2007-02-16-15:00,15
2007-02-16-18:00,12
2007-02-16-21:00,11
2007-02-17-00:00,10
2007-02-17-03:00,11
2007-02-17-06:00,20
2007-02-17-09:00,22
2007-02-17-12:00,21
2007-02-17-15:00,15
2007-02-17-18:00,12
2007-02-17-21:00,11
2007-02-18-00:00,10
2007-02-18-03:00,11
2007-02-18-06:00,21
2007-02-18-09:00,24
2007-02-18-12:00,22
2007-02-18-15:00,16
2007-02-18-18:00,14
2007-02-18-21:00,13
2007-02-19-00:00,12
2007-02-19-03:00,13
2007-02-19-06:00,24
2007-02-19-09:00,24
2007-02-19-12:00,23
2007-02-19-15:00,18
2007-02-19-18:00,15
2007-02-19-21:00,14
2007-02-20-00:00,12
2007-02-20-03:00,11
2007-02-20-06:00,21
2007-02-20-09:00,24
2007-02-20-12:00,23
2007-02-20-15:00,19.5
2007-02-20-18:00,16
2007-02-20-21:00,14
2007-02-21-00:00,13
2007-02-21-03:00,14
2007-02-21-06:00,21
2007-02-21-09:00,26
2007-02-21-12:00,24
2007-02-21-15:00,18
2007-02-21-18:00,15
2007-02-21-21:00,14
2007-02-22-00:00,13
2007-02-22-03:00,15
2007-02-22-06:00,24
2007-02-22-09:00,27
2007-02-22-12:00,25
2007-02-22-15:00,20
2007-02-22-18:00,17
2007-02-22-21:00,16
2007-02-23-03:00,15
2007-02-23-06:00,23
2007-02-23-09:00,25
2007-02-23-12:00,24
2007-02-23-15:00,18
2007-02-23-18:00,14
2007-02-23-21:00,14
2007-02-24-00:00,12
2007-02-24-03:00,14
2007-02-24-06:00,24
2007-02-24-09:00,26
2007-02-24-12:00,25
2007-02-24-15:00,20
2007-02-24-18:00,18
2007-02-24-21:00,16
2007-02-25-00:00,16
2007-02-25-03:00,16
2007-02-25-06:00,22
2007-02-25-09:00,24
2007-02-25-12:00,21
2007-02-25-15:00,18
2007-02-25-18:00,16
2007-02-25-21:00,15
2007-02-26-00:00,14
2007-02-26-03:00,16
2007-02-26-06:00,24
2007-02-26-09:00,26
2007-02-26-12:00,23
2007-02-26-15:00,18
2007-02-26-18:00,15
2007-02-26-21:00,14
2007-02-27-00:00,13
2007-02-27-03:00,16
2007-02-27-06:00,24
2007-02-27-09:00,27
2007-02-27-12:00,27
2007-02-27-15:00,23
2007-02-27-18:00,20
2007-02-27-21:00,19
2007-02-28-00:00,18
2007-02-28-03:00,17
2007-02-28-06:00,21
2007-02-28-09:00,20
2007-02-28-12:00,22
2007-02-28-15:00,20
2007-02-28-18:00,16
2007-02-28-21:00,16
2007-03-01-00:00,16
2007-03-01-03:00,16
2007-03-01-06:00,19
2007-03-01-09:00,22
2007-03-01-12:00,20
2007-03-01-15:00,17
2007-03-01-18:00,15
2007-03-01-21:00,14
2007-03-02-00:00,14
2007-03-02-03:00,14
2007-03-02-06:00,20
2007-03-02-09:00,23
2007-03-02-12:00,21
2007-03-02-15:00,17
2007-03-02-18:00,13
2007-03-02-21:00,12
2007-03-03-00:00,11
2007-03-03-03:00,15
2007-03-03-06:00,21
2007-03-03-09:00,23
2007-03-03-12:00,22
2007-03-03-15:00,17
2007-03-03-18:00,15
2007-03-03-21:00,14
2007-03-04-00:00,14
2007-03-04-03:00,16
2007-03-04-06:00,24
2007-03-04-09:00,25
2007-03-04-12:00,24
2007-03-04-15:00,20
2007-03-04-18:00,18
2007-03-04-21:00,17
2007-03-05-00:00,15
2007-03-05-03:00,16
2007-03-05-06:00,25
2007-03-05-09:00,27
2007-03-05-12:00,25
2007-03-05-15:00,21
2007-03-05-18:00,18
2007-03-05-21:00,17
2007-03-06-00:00,14
2007-03-06-03:00,15
2007-03-06-06:00,22
2007-03-06-09:00,24
2007-03-06-12:00,24
2007-03-06-15:00,19
2007-03-06-18:00,16
2007-03-06-21:00,14
2007-03-07-00:00,13
2007-03-07-03:00,15
2007-03-07-06:00,23
2007-03-07-09:00,25
2007-03-07-12:00,24
2007-03-07-15:00,18
2007-03-07-18:00,15
2007-03-07-21:00,13
2007-03-08-00:00,13
2007-03-08-03:00,16
2007-03-08-06:00,24
2007-03-08-09:00,27
2007-03-08-12:00,26
2007-03-08-15:00,18
2007-03-08-18:00,15
2007-03-08-21:00,14
2007-03-09-00:00,13
2007-03-09-03:00,15
2007-03-09-06:00,25
2007-03-09-09:00,27
2007-03-09-12:00,26
2007-03-09-15:00,22
2007-03-09-18:00,21
2007-03-09-21:00,20
2007-03-10-00:00,19
2007-03-10-03:00,19
2007-03-10-06:00,27
2007-03-10-09:00,28
2007-03-10-12:00,26
2007-03-10-15:00,22
2007-03-10-18:00,18
2007-03-10-21:00,18
2007-03-11-00:00,15
2007-03-11-03:00,18
2007-03-11-06:00,27
2007-03-11-09:00,26
2007-03-11-15:00,22
2007-03-11-18:00,17
2007-03-11-21:00,17
2007-03-12-00:00,16
2007-03-12-03:00,17
2007-03-12-06:00,17
2007-03-12-09:00,21
2007-03-12-12:00,18
2007-03-12-15:00,18
2007-03-12-18:00,17
2007-03-12-21:00,16
2007-03-13-00:00,16
2007-03-13-03:00,16
2007-03-13-06:00,22
2007-03-13-09:00,23
2007-03-13-12:00,22
2007-03-13-15:00,18
2007-03-13-18:00,18
2007-03-13-21:00,18
2007-03-14-00:00,15
2007-03-14-03:00,16
2007-03-14-06:00,22
2007-03-14-12:00,22
2007-03-14-15:00,18
2007-03-14-18:00,15
2007-03-14-21:00,13
2007-03-15-00:00,12
2007-03-15-03:00,15
2007-03-15-06:00,21
2007-03-15-09:00,24
2007-03-15-12:00,22
2007-03-15-15:00,19
2007-03-15-18:00,17
2007-03-15-21:00,16
2007-03-16-00:00,15
2007-03-16-03:00,17
2007-03-16-06:00,23
2007-03-16-09:00,25
2007-03-16-12:00,24
2007-03-16-15:00,20
2007-03-16-18:00,19
2007-03-16-21:00,17
2007-03-17-00:00,16
2007-03-17-03:00,18
2007-03-17-06:00,24
2007-03-17-09:00,28
2007-03-17-12:00,27
2007-03-17-15:00,22
2007-03-17-18:00,20
2007-03-17-21:00,19
2007-03-18-00:00,16
2007-03-18-03:00,19
2007-03-18-06:00,27
2007-03-18-09:00,31
2007-03-18-12:00,30
2007-03-18-15:00,24
2007-03-18-18:00,22
2007-03-18-21:00,20
2007-03-19-00:00,17
2007-03-19-03:00,20
2007-03-19-06:00,29
2007-03-19-09:00,33
2007-03-19-12:00,31
2007-03-19-15:00,27
2007-03-19-18:00,27
2007-03-19-21:00,23
2007-03-20-00:00,22
2007-03-20-03:00,24
2007-03-20-06:00,31
2007-03-20-09:00,33
2007-03-20-12:00,25
2007-03-20-15:00,22
2007-03-20-18:00,21
2007-03-20-21:00,21
2007-03-21-00:00,20
2007-03-21-03:00,21
2007-03-21-06:00,28
2007-03-21-09:00,31
2007-03-21-12:00,27
2007-03-21-15:00,24
2007-03-21-18:00,22
2007-03-21-21:00,21
2007-03-22-00:00,19
2007-03-22-03:00,21
2007-03-22-06:00,25.5
2007-03-22-09:00,30
2007-03-22-12:00,27
2007-03-22-15:00,24
2007-03-22-18:00,22
2007-03-22-21:00,21
2007-03-23-00:00,18
2007-03-23-03:00,20
2007-03-23-06:00,26
2007-03-23-09:00,28
2007-03-23-12:00,27
2007-03-23-15:00,22
2007-03-23-18:00,20
2007-03-23-21:00,18
2007-03-24-00:00,16
2007-03-24-03:00,19
2007-03-24-06:00,27
2007-03-24-09:00,29
2007-03-24-12:00,28
2007-03-24-15:00,23
2007-03-24-18:00,19
2007-03-24-21:00,18
2007-03-25-00:00,16
2007-03-25-03:00,20
2007-03-25-06:00,28
2007-03-25-09:00,30
2007-03-25-12:00,28
2007-03-25-15:00,24
2007-03-25-18:00,22
2007-03-25-21:00,20
2007-03-26-00:00,17
2007-03-26-03:00,19
2007-03-26-06:00,27
2007-03-26-09:00,31
2007-03-26-12:00,30
2007-03-26-15:00,25
2007-03-26-18:00,23
2007-03-26-21:00,21
2007-03-27-00:00,17
2007-03-27-03:00,21
2007-03-27-06:00,29
2007-03-27-09:00,33
2007-03-27-12:00,32
2007-03-27-18:00,22
2007-03-27-21:00,20
2007-03-28-00:00,18
2007-03-28-03:00,22
2007-03-28-06:00,30
2007-03-28-09:00,34
2007-03-28-12:00,33
2007-03-28-15:00,26
2007-03-28-18:00,22
2007-03-28-21:00,20
2007-03-29-00:00,19
2007-03-29-03:00,23
2007-03-29-06:00,32
2007-03-29-09:00,35
2007-03-29-12:00,34
2007-03-29-15:00,26
2007-03-29-18:00,23
2007-03-29-21:00,22
2007-03-30-00:00,20
2007-03-30-03:00,24
2007-03-30-06:00,33
2007-03-30-09:00,36
2007-03-30-12:00,36
2007-03-30-15:00,28
2007-03-30-18:00,24
2007-03-30-21:00,22
2007-03-31-00:00,21
2007-03-31-03:00,24
2007-03-31-06:00,35
2007-03-31-09:00,38
2007-03-31-12:00,38
2007-03-31-15:00,29
2007-03-31-18:00,26
2007-04-01-00:00,22
2007-04-01-03:00,25
2007-04-01-06:00,34
2007-04-01-09:00,36
2007-04-01-12:00,36
2007-04-01-15:00,29
2007-04-01-18:00,25
2007-04-01-21:00,25
2007-04-02-00:00,23
2007-04-02-03:00,24
2007-04-02-06:00,30
2007-04-02-09:00,33
2007-04-02-12:00,31
2007-04-02-15:00,26
2007-04-02-18:00,25
2007-04-02-21:00,24
2007-04-03-00:00,20
2007-04-03-03:00,22
2007-04-03-06:00,30
2007-04-03-09:00,31
2007-04-03-12:00,31
2007-04-03-15:00,27
2007-04-03-18:00,24
2007-04-03-21:00,23
2007-04-04-00:00,20
2007-04-04-03:00,23
2007-04-04-06:00,31
2007-04-04-09:00,34
2007-04-04-12:00,33
2007-04-04-15:00,28
2007-04-04-18:00,25
2007-04-04-21:00,24
2007-04-05-00:00,20
2007-04-05-03:00,23
2007-04-05-06:00,32
2007-04-05-09:00,35
2007-04-05-12:00,35
2007-04-05-15:00,29
2007-04-05-18:00,27
2007-04-05-21:00,25
2007-04-06-00:00,21
2007-04-06-03:00,24
2007-04-06-06:00,33
2007-04-06-09:00,36
2007-04-06-12:00,35
2007-04-06-15:00,29
2007-04-06-18:00,29
2007-04-07-00:00,25
2007-04-07-03:00,26
2007-04-07-06:00,31
2007-04-07-09:00,33
2007-04-07-12:00,34
2007-04-07-15:00,27
2007-04-07-18:00,24
2007-04-07-21:00,22
2007-04-08-00:00,21
2007-04-08-03:00,25
2007-04-08-06:00,29
2007-04-08-09:00,34
2007-04-08-12:00,33
2007-04-08-15:00,27
2007-04-08-18:00,24
2007-04-08-21:00,22
2007-04-09-00:00,22
2007-04-09-03:00,25
2007-04-09-06:00,32
2007-04-09-09:00,35
2007-04-09-12:00,34
2007-04-09-15:00,30
2007-04-09-18:00,27
2007-04-09-21:00,25
2007-04-10-00:00,22
2007-04-10-03:00,25
2007-04-10-06:00,34
2007-04-10-09:00,37
2007-04-10-12:00,36
2007-04-10-15:00,28
2007-04-10-18:00,25
2007-04-10-21:00,24
2007-04-11-00:00,23
2007-04-11-03:00,27
2007-04-11-06:00,35
2007-04-11-09:00,38
2007-04-11-12:00,37
2007-04-11-15:00,31
2007-04-11-18:00,26
2007-04-11-21:00,23
2007-04-12-00:00,23
2007-04-12-03:00,28
2007-04-12-06:00,35
2007-04-12-09:00,38
2007-04-12-12:00,37
2007-04-12-15:00,30
2007-04-12-18:00,26
2007-04-12-21:00,23
2007-04-13-00:00,23
2007-04-13-03:00,27
2007-04-13-06:00,35
2007-04-13-09:00,39
2007-04-13-12:00,38
2007-04-13-15:00,30
2007-04-13-18:00,26
2007-04-13-21:00,23
2007-04-14-00:00,23
2007-04-14-03:00,27
2007-04-14-06:00,36
2007-04-14-09:00,38
2007-04-14-12:00,37
2007-04-14-15:00,30
2007-04-14-18:00,26
2007-04-14-21:00,27
2007-04-15-00:00,26
2007-04-15-03:00,28
2007-04-15-06:00,37
2007-04-15-09:00,39
2007-04-15-12:00,38
2007-04-15-15:00,31
2007-04-15-18:00,28
2007-04-15-21:00,27
2007-04-16-00:00,26
2007-04-16-03:00,30
2007-04-16-06:00,36
2007-04-16-09:00,37
2007-04-16-12:00,38
2007-04-16-15:00,32
2007-04-16-18:00,30
2007-04-16-21:00,28
2007-04-17-00:00,26
2007-04-17-03:00,29
2007-04-17-06:00,37
2007-04-17-09:00,40
2007-04-17-12:00,39
2007-04-17-15:00,33
2007-04-17-18:00,31
2007-04-17-21:00,30
2007-04-18-00:00,29
2007-04-18-03:00,28
2007-04-18-06:00,32
2007-04-18-09:00,34
2007-04-18-12:00,34
2007-04-18-15:00,30
2007-04-18-18:00,27
2007-04-18-21:00,27
2007-04-19-00:00,25
2007-04-19-03:00,27
2007-04-19-06:00,34
2007-04-19-09:00,37
2007-04-19-12:00,37
2007-04-19-15:00,31
2007-04-19-18:00,29
2007-04-19-21:00,27
2007-04-20-00:00,24
2007-04-20-03:00,29
2007-04-20-06:00,36
2007-04-20-09:00,38
2007-04-20-12:00,38
2007-04-20-15:00,31
2007-04-20-18:00,31
2007-04-20-21:00,27
2007-04-21-00:00,25
2007-04-21-03:00,28
2007-04-21-06:00,35
2007-04-21-09:00,38
2007-04-21-12:00,38
2007-04-21-15:00,31
2007-04-21-18:00,28
2007-04-21-21:00,26
2007-04-22-00:00,24
2007-04-22-03:00,28
2007-04-22-06:00,37
2007-04-22-09:00,40
2007-04-22-12:00,39
2007-04-22-15:00,31
2007-04-22-18:00,27
2007-04-22-21:00,27
2007-04-23-00:00,29
2007-04-23-03:00,32
2007-04-23-06:00,36
2007-04-23-09:00,39
2007-04-23-12:00,39
2007-04-23-15:00,33
2007-04-23-18:00,31
2007-04-23-21:00,29
2007-04-24-00:00,27
2007-04-24-03:00,30
2007-04-24-06:00,37
2007-04-24-09:00,40
2007-04-24-12:00,38
2007-04-24-15:00,32
2007-04-24-18:00,31
2007-04-24-21:00,27
2007-04-25-00:00,25
2007-04-25-03:00,30
2007-04-25-06:00,38
2007-04-25-09:00,40
2007-04-25-12:00,37
2007-04-25-15:00,31
2007-04-25-18:00,29
2007-04-25-21:00,28
2007-04-26-00:00,26
2007-04-26-03:00,28
2007-04-26-06:00,36
2007-04-26-09:00,38
2007-04-26-12:00,38
2007-04-26-15:00,30
2007-04-26-18:00,26
2007-04-26-21:00,25
2007-04-27-00:00,23
2007-04-27-03:00,30
2007-04-27-06:00,38
2007-04-27-09:00,40
2007-04-27-12:00,39
2007-04-27-18:00,28
2007-04-27-21:00,26
2007-04-28-00:00,24
2007-04-28-03:00,31
2007-04-28-06:00,40
2007-04-28-09:00,42
2007-04-28-12:00,41
2007-04-28-15:00,33
2007-04-28-18:00,28
2007-04-28-21:00,28
2007-04-29-00:00,25
2007-04-29-03:00,30
2007-04-29-06:00,38
2007-04-29-09:00,42
2007-04-29-12:00,39
2007-04-29-15:00,32
2007-04-29-18:00,29
2007-04-29-21:00,30
2007-04-30-00:00,30
2007-04-30-03:00,30
2007-04-30-06:00,37
2007-04-30-09:00,40
2007-04-30-12:00,39
2007-04-30-15:00,33
2007-04-30-18:00,30
2007-04-30-21:00,29
2007-05-01-00:00,28
2007-05-01-03:00,29
2007-05-01-06:00,36
2007-05-01-09:00,40
2007-05-01-12:00,39
2007-05-01-15:00,33
2007-05-01-18:00,31
2007-05-01-21:00,30
2007-05-02-00:00,28
2007-05-02-03:00,30
2007-05-02-06:00,30
2007-05-02-12:00,27
2007-05-02-15:00,26
2007-05-02-18:00,25
2007-05-02-21:00,25
2007-05-03-00:00,23
2007-05-03-03:00,27
2007-05-03-06:00,36
2007-05-03-09:00,39
2007-05-03-12:00,38
2007-05-03-15:00,32
2007-05-03-18:00,29
2007-05-03-21:00,28
2007-05-04-00:00,28
2007-05-04-03:00,30
2007-05-04-06:00,36
2007-05-04-09:00,32
2007-05-04-12:00,33
2007-05-04-15:00,29
2007-05-04-18:00,27
2007-05-04-21:00,26
2007-05-05-00:00,24
2007-05-05-03:00,28
2007-05-05-06:00,36
2007-05-05-09:00,38
2007-05-05-12:00,37
2007-05-05-15:00,32
2007-05-05-18:00,29
2007-05-05-21:00,28
2007-05-06-00:00,25
2007-05-06-03:00,30
2007-05-06-06:00,39
2007-05-06-09:00,40
2007-05-06-12:00,31
2007-05-06-15:00,28
2007-05-06-18:00,27
2007-05-06-21:00,26
2007-05-07-00:00,24
2007-05-07-03:00,27
2007-05-07-06:00,35
2007-05-07-09:00,36
2007-05-07-12:00,37
2007-05-07-15:00,31
2007-05-07-18:00,29
2007-05-07-21:00,28
2007-05-08-00:00,29
2007-05-08-03:00,29
2007-05-08-06:00,37
2007-05-08-09:00,39
2007-05-08-12:00,38
2007-05-08-15:00,32
2007-05-08-18:00,31
2007-05-08-21:00,30
2007-05-09-00:00,29
2007-05-09-03:00,31
2007-05-09-06:00,34
2007-05-09-09:00,37
2007-05-09-12:00,37
2007-05-09-15:00,32
2007-05-09-18:00,30
2007-05-09-21:00,29
2007-05-10-00:00,27
2007-05-10-03:00,29
2007-05-10-06:00,35
2007-05-10-09:00,39
2007-05-10-12:00,38
2007-05-10-15:00,29
2007-05-10-18:00,27
2007-05-10-21:00,29
2007-05-11-00:00,28
2007-05-11-03:00,29
2007-05-11-06:00,37
2007-05-11-09:00,39
2007-05-11-12:00,38
2007-05-11-15:00,20
2007-05-11-18:00,23
2007-05-11-21:00,24
2007-05-12-00:00,25
2007-05-12-03:00,26
2007-05-12-06:00,32
2007-05-12-09:00,35
2007-05-12-12:00,35
2007-05-12-15:00,30
2007-05-12-18:00,28
2007-05-12-21:00,26
2007-05-13-00:00,25
2007-05-13-03:00,28
2007-05-13-06:00,34
2007-05-13-09:00,36
2007-05-13-12:00,36
2007-05-13-15:00,32
2007-05-13-18:00,30
2007-05-13-21:00,29
2007-05-14-00:00,26
2007-05-14-03:00,30
2007-05-14-06:00,36
2007-05-14-09:00,38
2007-05-14-12:00,37
2007-05-14-15:00,32
2007-05-14-18:00,31
2007-05-14-21:00,29
2007-05-15-00:00,28
2007-05-15-03:00,32
2007-05-15-06:00,38
2007-05-15-09:00,42
2007-05-15-12:00,42
2007-05-15-15:00,37
2007-05-15-18:00,34
2007-05-16-00:00,31
2007-05-16-03:00,33
2007-05-16-06:00,38
2007-05-16-09:00,40
2007-05-16-12:00,39
2007-05-16-15:00,25
2007-05-16-18:00,25
2007-05-16-21:00,28
2007-05-17-00:00,25
2007-05-17-03:00,27
2007-05-17-06:00,34
2007-05-17-09:00,35
2007-05-17-12:00,36
2007-05-17-18:00,30
2007-05-17-21:00,27
2007-05-18-00:00,27
2007-05-18-03:00,31
2007-05-18-06:00,36
2007-05-18-09:00,38
2007-05-18-12:00,38
2007-05-18-15:00,34
2007-05-18-18:00,32
2007-05-18-21:00,30
2007-05-19-00:00,29
2007-05-19-03:00,31
2007-05-19-06:00,35
2007-05-19-09:00,38
2007-05-19-12:00,38
2007-05-19-15:00,31
2007-05-20-12:00,36
2007-05-20-18:00,31
2007-05-21-00:00,29
2007-05-21-03:00,30
2007-05-21-06:00,34
2007-05-21-09:00,38
2007-05-21-12:00,38
2007-05-21-15:00,33
2007-05-21-18:00,35
2007-05-21-21:00,32
2007-05-22-00:00,29
2007-05-22-03:00,32
2007-05-22-06:00,37
2007-05-22-09:00,39
2007-05-22-12:00,37
2007-05-22-15:00,31
2007-05-22-18:00,28
2007-05-22-21:00,29
2007-05-23-00:00,27
2007-05-23-03:00,32
2007-05-23-06:00,37
2007-05-23-09:00,39
2007-05-23-12:00,39
2007-05-23-15:00,32
2007-05-23-18:00,29
2007-05-23-21:00,30
2007-05-24-00:00,28
2007-05-24-06:00,38
2007-05-24-09:00,40
2007-05-24-12:00,40
2007-05-24-15:00,32
2007-05-24-18:00,29
2007-05-24-21:00,28
2007-05-25-00:00,26
2007-05-25-03:00,33
2007-05-25-06:00,39
2007-05-25-09:00,41
2007-05-25-12:00,35
2007-05-25-15:00,31
2007-05-25-18:00,29
2007-05-25-21:00,28
2007-05-26-00:00,28
2007-05-26-03:00,31
2007-05-26-06:00,36
2007-05-26-09:00,38
2007-05-26-12:00,27
2007-05-26-15:00,27
2007-05-26-18:00,24
2007-05-26-21:00,23
2007-05-27-00:00,23
2007-05-27-03:00,26
2007-05-27-06:00,33
2007-05-27-09:00,36
2007-05-27-12:00,36
2007-05-27-15:00,30
2007-05-27-18:00,27
2007-05-27-21:00,24
2007-05-28-00:00,22
2007-05-28-03:00,30
2007-05-28-06:00,36
2007-05-28-09:00,39
2007-05-28-12:00,34
2007-05-28-15:00,33
2007-05-28-18:00,31
2007-05-28-21:00,30
2007-05-29-00:00,28
2007-05-29-03:00,30
2007-05-29-06:00,35
2007-05-29-09:00,36.5
2007-05-29-12:00,38
2007-05-29-15:00,33
2007-05-29-18:00,30
2007-05-29-21:00,29
2007-05-30-00:00,28
2007-05-30-03:00,32
2007-05-30-06:00,36
2007-05-30-09:00,37
2007-05-30-12:00,36
2007-05-30-15:00,32
2007-05-30-18:00,28
2007-05-30-21:00,26
2007-05-31-00:00,26
2007-05-31-03:00,32
2007-05-31-06:00,38
2007-05-31-09:00,40
2007-05-31-12:00,39
2007-05-31-15:00,32
2007-05-31-18:00,29
2007-05-31-21:00,28
2007-06-01-00:00,27
2007-06-01-03:00,32
2007-06-01-06:00,39
2007-06-01-09:00,40
2007-06-01-12:00,40
2007-06-01-15:00,34
2007-06-01-18:00,30
2007-06-01-21:00,28
2007-06-02-00:00,29
2007-06-02-03:00,34
2007-06-02-06:00,41
2007-06-02-09:00,43
2007-06-02-12:00,43
2007-06-02-15:00,36
2007-06-02-18:00,33
2007-06-02-21:00,31
2007-06-03-00:00,35
2007-06-03-03:00,35
2007-06-03-06:00,41
2007-06-03-09:00,44
2007-06-03-12:00,42
2007-06-03-15:00,38
2007-06-03-18:00,36
2007-06-03-21:00,34
2007-06-04-00:00,32
2007-06-04-03:00,33
2007-06-04-06:00,35
2007-06-04-09:00,37
2007-06-04-12:00,38
2007-06-04-18:00,33
2007-06-04-21:00,31
2007-06-05-00:00,29
2007-06-05-03:00,31
2007-06-05-06:00,37
2007-06-05-09:00,40
2007-06-05-12:00,40
2007-06-05-15:00,36
2007-06-05-18:00,35
2007-06-05-21:00,34
2007-06-06-00:00,33
2007-06-06-03:00,35
2007-06-06-06:00,39
2007-06-06-09:00,41
2007-06-06-12:00,41
2007-06-06-15:00,38
2007-06-06-18:00,36
2007-06-06-21:00,35
2007-06-07-00:00,34
2007-06-07-03:00,35
2007-06-07-06:00,40
2007-06-07-09:00,42
2007-06-07-12:00,42
2007-06-07-18:00,37
2007-06-07-21:00,36
2007-06-08-00:00,34
2007-06-08-03:00,36
2007-06-08-06:00,41
2007-06-08-12:00,43
2007-06-08-15:00,38
2007-06-08-18:00,34
2007-06-08-21:00,35
2007-06-09-00:00,34
2007-06-09-03:00,36
2007-06-09-06:00,41
2007-06-09-09:00,44
2007-06-09-12:00,44
2007-06-09-15:00,39
2007-06-09-18:00,34
2007-06-09-21:00,34
2007-06-10-00:00,35
2007-06-10-03:00,37
2007-06-10-06:00,41
2007-06-10-09:00,44
2007-06-10-12:00,43
2007-06-10-15:00,39
2007-06-10-18:00,37
2007-06-10-21:00,35
2007-06-11-00:00,32
2007-06-11-03:00,33
2007-06-11-06:00,37
2007-06-11-09:00,40
2007-06-11-12:00,40
2007-06-11-15:00,36
2007-06-11-18:00,35
2007-06-11-21:00,34
2007-06-12-00:00,31
2007-06-12-03:00,30
2007-06-12-06:00,34
2007-06-12-09:00,37
2007-06-12-12:00,36
2007-06-12-15:00,33
2007-06-12-18:00,31
2007-06-12-21:00,30
2007-06-13-00:00,29
2007-06-13-03:00,31
2007-06-13-06:00,36
2007-06-13-09:00,39
2007-06-13-12:00,38
2007-06-13-15:00,33
2007-06-13-18:00,31
2007-06-13-21:00,30
2007-06-14-00:00,29
2007-06-14-03:00,30
2007-06-14-06:00,34
2007-06-14-09:00,37
2007-06-14-12:00,35
2007-06-14-15:00,32
2007-06-14-18:00,30
2007-06-14-21:00,29
2007-06-15-00:00,28
2007-06-15-03:00,29
2007-06-15-06:00,34
2007-06-15-09:00,29
2007-06-15-12:00,27
2007-06-15-15:00,28
2007-06-15-18:00,28
2007-06-15-21:00,27
2007-06-16-00:00,25.5
2007-06-16-03:00,24
2007-06-16-06:00,26
2007-06-16-09:00,32
2007-06-16-12:00,33
2007-06-16-15:00,31
2007-06-16-18:00,30
2007-06-16-21:00,29
2007-06-17-00:00,28
2007-06-17-03:00,24
2007-06-17-06:00,25
2007-06-17-09:00,31
2007-06-17-12:00,32
2007-06-17-15:00,29
2007-06-17-18:00,28
2007-06-17-21:00,27
2007-06-18-00:00,27
2007-06-18-03:00,22
2007-06-18-06:00,24
2007-06-18-09:00,30
2007-06-18-12:00,30
2007-06-18-15:00,28
2007-06-18-18:00,26
2007-06-18-21:00,25
2007-06-19-00:00,25
2007-06-19-03:00,29
2007-06-19-06:00,34
2007-06-19-09:00,29
2007-06-19-12:00,32
2007-06-19-15:00,30
2007-06-19-18:00,27
2007-06-19-21:00,26
2007-06-20-00:00,26
2007-06-20-03:00,29
2007-06-20-06:00,31
2007-06-20-09:00,33
2007-06-20-12:00,32
2007-06-20-15:00,30
2007-06-20-18:00,29
2007-06-20-21:00,25
2007-06-21-00:00,27
2007-06-21-03:00,27
2007-06-21-06:00,31
2007-06-21-09:00,33
2007-06-21-12:00,32
2007-06-21-15:00,29
2007-06-21-18:00,28
2007-06-21-21:00,27
2007-06-22-00:00,27
2007-06-22-03:00,31
2007-06-22-06:00,35
2007-06-22-09:00,37
2007-06-22-12:00,36
2007-06-22-15:00,33
2007-06-22-18:00,31
2007-06-22-21:00,30
2007-06-23-00:00,30
2007-06-23-03:00,30
2007-06-23-06:00,35
2007-06-23-09:00,36
2007-06-23-12:00,36
2007-06-23-15:00,33
2007-06-23-18:00,32
2007-06-23-21:00,30
2007-06-24-00:00,29
2007-06-24-03:00,32
2007-06-24-06:00,36
2007-06-24-09:00,37
2007-06-24-12:00,37
2007-06-24-15:00,34
2007-06-24-18:00,32
2007-06-24-21:00,31
2007-06-25-00:00,30
2007-06-25-03:00,33
2007-06-25-06:00,37
2007-06-25-09:00,38
2007-06-25-12:00,39
2007-06-25-15:00,35
2007-06-25-18:00,28
2007-06-25-21:00,28
2007-06-26-00:00,28
2007-06-26-03:00,29
2007-06-26-06:00,31
2007-06-26-09:00,34
2007-06-26-12:00,35
2007-06-26-15:00,32
2007-06-26-18:00,31
2007-06-26-21:00,30
2007-06-27-00:00,29
2007-06-27-03:00,32
2007-06-27-06:00,35
2007-06-27-09:00,35
2007-06-27-12:00,35
2007-06-27-15:00,33
2007-06-27-18:00,31
2007-06-27-21:00,31
2007-06-28-00:00,30
2007-06-28-03:00,30
2007-06-28-06:00,30
2007-06-28-09:00,29
2007-06-28-12:00,28
2007-06-28-15:00,28
2007-06-28-18:00,27
2007-06-28-21:00,27
2007-06-29-00:00,27
2007-06-29-03:00,29
2007-06-29-06:00,33
2007-06-29-09:00,33
2007-06-29-12:00,31
2007-06-29-15:00,29
2007-06-29-18:00,29
2007-06-29-21:00,29
2007-06-30-00:00,28
2007-06-30-03:00,32
2007-06-30-06:00,35
2007-06-30-09:00,36
2007-06-30-12:00,37
2007-06-30-15:00,33
2007-06-30-18:00,31
2007-06-30-21:00,30
2007-07-01-00:00,30
2007-07-01-03:00,31
2007-07-01-06:00,34
2007-07-01-09:00,35
2007-07-01-12:00,36
2007-07-01-15:00,32
2007-07-01-18:00,31
2007-07-01-21:00,30
2007-07-02-00:00,29
2007-07-02-03:00,31
2007-07-02-06:00,35
2007-07-02-09:00,36
2007-07-02-12:00,35
2007-07-02-15:00,32
2007-07-02-18:00,30
2007-07-02-21:00,29
2007-07-03-00:00,28
2007-07-03-03:00,30
2007-07-03-06:00,32
2007-07-03-09:00,28
2007-07-03-12:00,31
2007-07-03-15:00,28
2007-07-03-18:00,28
2007-07-03-21:00,28
2007-07-04-00:00,27
2007-07-04-03:00,28
2007-07-04-06:00,33
2007-07-04-09:00,28
2007-07-04-12:00,30
2007-07-04-15:00,29
2007-07-04-18:00,28
2007-07-04-21:00,28
2007-07-05-00:00,28
2007-07-05-03:00,29
2007-07-05-06:00,33
2007-07-05-09:00,35
2007-07-05-12:00,36
2007-07-05-15:00,33
2007-07-05-18:00,31
2007-07-05-21:00,30
2007-07-06-00:00,29
2007-07-06-03:00,31
2007-07-06-09:00,36
2007-07-06-12:00,36
2007-07-06-15:00,33
2007-07-06-18:00,32
2007-07-06-21:00,31
2007-07-07-00:00,30
2007-07-07-03:00,31
2007-07-07-06:00,35
2007-07-07-09:00,31
2007-07-07-12:00,29
2007-07-07-15:00,29
2007-07-07-18:00,29
2007-07-07-21:00,28
2007-07-08-00:00,28
2007-07-08-03:00,31
2007-07-08-06:00,34
2007-07-08-09:00,35
2007-07-08-12:00,35
2007-07-08-15:00,32
2007-07-08-18:00,30
2007-07-08-21:00,29
2007-07-09-00:00,28
2007-07-09-03:00,29
2007-07-09-06:00,32
2007-07-09-09:00,30
2007-07-09-12:00,32
2007-07-09-15:00,30
2007-07-09-18:00,29
2007-07-09-21:00,29
2007-07-10-00:00,28
2007-07-10-03:00,29
2007-07-10-06:00,33
2007-07-10-09:00,34
2007-07-10-12:00,34
2007-07-10-15:00,31
2007-07-10-18:00,29
2007-07-10-21:00,29
2007-07-11-00:00,28
2007-07-11-03:00,31
2007-07-11-06:00,37
2007-07-11-09:00,37
2007-07-11-12:00,37
2007-07-11-15:00,30
2007-07-11-18:00,32
2007-07-11-21:00,31
2007-07-12-00:00,30
2007-07-12-03:00,32
2007-07-12-06:00,36
2007-07-12-09:00,38
2007-07-12-12:00,38
2007-07-12-15:00,30
2007-07-12-18:00,27
2007-07-12-21:00,27
2007-07-13-00:00,27
2007-07-13-03:00,30
2007-07-13-06:00,33
2007-07-13-09:00,33
2007-07-13-12:00,29
2007-07-13-15:00,29
2007-07-13-18:00,29
2007-07-13-21:00,28
2007-07-14-00:00,26
2007-07-14-03:00,26
2007-07-14-06:00,27
2007-07-14-09:00,32
2007-07-14-12:00,33
2007-07-14-15:00,31
2007-07-14-18:00,30
2007-07-14-21:00,28
2007-07-15-00:00,28
2007-07-15-03:00,29
2007-07-15-06:00,33
2007-07-15-09:00,35
2007-07-15-12:00,26
2007-07-15-15:00,27
2007-07-15-18:00,27
2007-07-15-21:00,27
2007-07-16-00:00,26
2007-07-16-03:00,28
2007-07-16-06:00,32
2007-07-16-09:00,35
2007-07-16-12:00,35
2007-07-16-15:00,32
2007-07-16-18:00,30
2007-07-16-21:00,27
2007-07-17-00:00,26
2007-07-17-03:00,29
2007-07-17-06:00,35
2007-07-17-09:00,36
2007-07-17-12:00,36
2007-07-17-15:00,33
2007-07-17-18:00,31
2007-07-17-21:00,29
2007-07-18-00:00,28
2007-07-18-03:00,30
2007-07-18-06:00,35
2007-07-18-09:00,36
2007-07-18-12:00,36
2007-07-18-15:00,33
2007-07-18-18:00,31
2007-07-18-21:00,30
2007-07-19-00:00,30
2007-07-19-03:00,32
2007-07-19-06:00,35
2007-07-19-09:00,37
2007-07-19-12:00,37
2007-07-19-15:00,33
2007-07-19-18:00,33
2007-07-19-21:00,32
2007-07-20-00:00,32
2007-07-20-03:00,31
2007-07-20-06:00,35
2007-07-20-12:00,36
2007-07-20-15:00,33
2007-07-20-18:00,33
2007-07-20-21:00,31
2007-07-21-00:00,30
2007-07-21-03:00,30
2007-07-21-06:00,33
2007-07-21-09:00,35
2007-07-21-12:00,28
2007-07-21-15:00,28
2007-07-21-18:00,29
2007-07-21-21:00,28
2007-07-22-00:00,29
2007-07-22-03:00,30
2007-07-22-06:00,33
2007-07-22-09:00,34
2007-07-22-12:00,35
2007-07-22-15:00,31
2007-07-22-18:00,30
2007-07-22-21:00,30
2007-07-23-00:00,30
2007-07-23-03:00,30
2007-07-23-06:00,32
2007-07-23-09:00,34
2007-07-23-12:00,30
2007-07-23-15:00,30
2007-07-23-18:00,29
2007-07-23-21:00,29
2007-07-24-00:00,29
2007-07-24-03:00,29
2007-07-24-06:00,33
2007-07-24-09:00,27
2007-07-24-12:00,29
2007-07-24-15:00,28
2007-07-24-18:00,28
2007-07-24-21:00,28
2007-07-25-00:00,28
2007-07-25-03:00,31
2007-07-25-06:00,34
2007-07-25-09:00,35
2007-07-25-12:00,33
2007-07-25-15:00,31
2007-07-25-18:00,30
2007-07-25-21:00,29
2007-07-26-00:00,29
2007-07-26-03:00,31
2007-07-26-06:00,34
2007-07-26-09:00,37
2007-07-26-12:00,37
2007-07-26-15:00,34
2007-07-26-18:00,33
2007-07-26-21:00,31
2007-07-27-00:00,30
2007-07-27-03:00,31
2007-07-27-06:00,35
2007-07-27-09:00,37
2007-07-27-12:00,37
2007-07-27-15:00,30
2007-07-27-18:00,29
2007-07-27-21:00,28
2007-07-28-00:00,27
2007-07-28-03:00,29
2007-07-28-06:00,33
2007-07-28-09:00,36
2007-07-28-12:00,25
2007-07-28-15:00,27
2007-07-28-18:00,27
2007-07-28-21:00,26
2007-07-29-00:00,26
2007-07-29-03:00,27
2007-07-29-06:00,30
2007-07-29-09:00,33
2007-07-29-12:00,34
2007-07-29-15:00,31
2007-07-29-18:00,30
2007-07-29-21:00,29
2007-07-30-00:00,28
2007-07-30-03:00,30
2007-07-30-06:00,35
2007-07-30-09:00,37
2007-07-30-12:00,34
2007-07-30-15:00,33
2007-07-30-18:00,31
2007-07-30-21:00,30
2007-07-31-00:00,30
2007-07-31-03:00,30
2007-07-31-06:00,35
2007-07-31-09:00,37
2007-07-31-12:00,36
2007-07-31-15:00,32
2007-07-31-18:00,31
2007-07-31-21:00,30
2007-08-01-00:00,29
2007-08-01-03:00,30
2007-08-01-06:00,34
2007-08-01-09:00,36
2007-08-01-12:00,28
2007-08-01-15:00,29
2007-08-01-18:00,27
2007-08-01-21:00,25
2007-08-02-00:00,25
2007-08-02-03:00,26
2007-08-02-06:00,28
2007-08-02-09:00,26
2007-08-02-12:00,28
2007-08-02-15:00,27
2007-08-02-18:00,26
2007-08-02-21:00,26
2007-08-03-00:00,25
2007-08-03-03:00,26
2007-08-03-06:00,27
2007-08-03-09:00,29
2007-08-03-12:00,28
2007-08-03-15:00,27
2007-08-03-18:00,27
2007-08-03-21:00,27
2007-08-04-00:00,26
2007-08-04-03:00,28
2007-08-04-06:00,31
2007-08-04-09:00,33
2007-08-04-12:00,31
2007-08-04-15:00,29
2007-08-04-18:00,28
2007-08-04-21:00,28
2007-08-05-00:00,27.5
2007-08-05-03:00,27
2007-08-05-06:00,32
2007-08-05-09:00,30
2007-08-05-12:00,33
2007-08-05-15:00,30
2007-08-05-18:00,29
2007-08-05-21:00,29
2007-08-06-00:00,28
2007-08-06-03:00,30
2007-08-06-06:00,35
2007-08-06-09:00,36
2007-08-06-12:00,36
2007-08-06-15:00,32
2007-08-06-18:00,30
2007-08-06-21:00,30
2007-08-07-00:00,29
2007-08-07-03:00,31
2007-08-07-06:00,36
2007-08-07-09:00,37
2007-08-07-12:00,36
2007-08-07-15:00,33
2007-08-07-18:00,32
2007-08-07-21:00,30
2007-08-08-00:00,29
2007-08-08-03:00,30
2007-08-08-06:00,35
2007-08-08-09:00,36
2007-08-08-12:00,35
2007-08-08-15:00,32
2007-08-08-18:00,31
2007-08-08-21:00,30
2007-08-09-00:00,28
2007-08-09-03:00,30
2007-08-09-06:00,32
2007-08-09-09:00,34
2007-08-09-12:00,34
2007-08-09-15:00,31
2007-08-09-18:00,30
2007-08-09-21:00,29
2007-08-10-00:00,28
2007-08-10-03:00,30
2007-08-10-06:00,34
2007-08-10-09:00,35
2007-08-10-12:00,35
2007-08-10-15:00,32
2007-08-10-18:00,31
2007-08-10-21:00,30
2007-08-11-00:00,29
2007-08-11-03:00,30
2007-08-11-06:00,33
2007-08-11-09:00,35
2007-08-11-12:00,35
2007-08-11-15:00,32
2007-08-11-18:00,31
2007-08-11-21:00,31
2007-08-12-00:00,29
2007-08-12-03:00,29
2007-08-12-06:00,30
2007-08-12-09:00,33
2007-08-12-12:00,33
2007-08-12-15:00,30
2007-08-12-18:00,29
2007-08-12-21:00,28
2007-08-13-00:00,28
2007-08-13-03:00,29
2007-08-13-06:00,32
2007-08-13-09:00,34
2007-08-13-12:00,32
2007-08-13-15:00,31
2007-08-13-18:00,30
2007-08-13-21:00,29
2007-08-14-00:00,28
2007-08-14-03:00,29
2007-08-14-06:00,32
2007-08-14-09:00,34
2007-08-14-12:00,33
2007-08-14-15:00,31
2007-08-14-18:00,30
2007-08-14-21:00,29
2007-08-15-00:00,28
2007-08-15-03:00,30
2007-08-15-06:00,33
2007-08-15-09:00,35
2007-08-15-12:00,34
2007-08-15-15:00,32
2007-08-15-18:00,31
2007-08-15-21:00,30
2007-08-16-00:00,28
2007-08-16-03:00,29
2007-08-16-06:00,33
2007-08-16-09:00,36
2007-08-16-12:00,35
2007-08-16-15:00,33
2007-08-16-18:00,32
2007-08-16-21:00,31
2007-08-17-00:00,28
2007-08-17-03:00,29
2007-08-17-06:00,34
2007-08-17-09:00,36
2007-08-17-12:00,35
2007-08-17-15:00,33
2007-08-17-18:00,31
2007-08-17-21:00,30
2007-08-18-00:00,28
2007-08-18-03:00,29
2007-08-18-06:00,33
2007-08-18-09:00,36
2007-08-18-12:00,36
2007-08-18-15:00,33
2007-08-18-18:00,30
2007-08-18-21:00,27
2007-08-19-00:00,26
2007-08-19-03:00,27
2007-08-19-06:00,26
2007-08-19-09:00,28
2007-08-19-12:00,31
2007-08-19-15:00,29
2007-08-19-18:00,27
2007-08-20-00:00,27
2007-08-20-03:00,28
2007-08-20-06:00,33
2007-08-20-09:00,34
2007-08-20-12:00,34
2007-08-20-15:00,29
2007-08-20-18:00,29
2007-08-20-21:00,28
2007-08-21-00:00,28
2007-08-21-03:00,29
2007-08-21-06:00,34
2007-08-21-09:00,35
2007-08-21-12:00,34
2007-08-21-15:00,31
2007-08-21-18:00,30
2007-08-21-21:00,29
2007-08-22-00:00,27
2007-08-22-03:00,29
2007-08-22-06:00,33
2007-08-22-09:00,34
2007-08-22-12:00,33
2007-08-22-15:00,31
2007-08-22-18:00,29
2007-08-22-21:00,29
2007-08-23-00:00,27
2007-08-23-03:00,29
2007-08-23-06:00,33
2007-08-23-09:00,34
2007-08-23-12:00,34
2007-08-23-15:00,32
2007-08-23-18:00,30
2007-08-23-21:00,30
2007-08-24-00:00,29
2007-08-24-03:00,30
2007-08-24-06:00,34
2007-08-24-09:00,34
2007-08-24-12:00,35
2007-08-24-15:00,32
2007-08-24-18:00,30
2007-08-24-21:00,29
2007-08-25-00:00,28
2007-08-25-03:00,30
2007-08-25-06:00,32
2007-08-25-09:00,33
2007-08-25-12:00,30
2007-08-25-15:00,29
2007-08-25-18:00,28
2007-08-25-21:00,28
2007-08-26-00:00,27
2007-08-26-03:00,30
2007-08-26-06:00,35
2007-08-26-09:00,37
2007-08-26-12:00,36
2007-08-26-15:00,33
2007-08-26-18:00,32
2007-08-26-21:00,30
2007-08-27-00:00,30
2007-08-27-03:00,30
2007-08-27-06:00,32
2007-08-27-09:00,36
2007-08-27-12:00,29
2007-08-27-15:00,30
2007-08-27-18:00,29
2007-08-27-21:00,28
2007-08-28-00:00,28
2007-08-28-03:00,28
2007-08-28-06:00,32
2007-08-28-09:00,33
2007-08-28-12:00,32
2007-08-28-15:00,29
2007-08-28-18:00,28
2007-08-28-21:00,28
2007-08-29-00:00,27
2007-08-29-03:00,28
2007-08-29-06:00,32
2007-08-29-09:00,35
2007-08-29-12:00,34
2007-08-29-15:00,31
2007-08-29-18:00,29
2007-08-29-21:00,28
2007-08-30-00:00,28
2007-08-30-03:00,29
2007-08-30-06:00,34
2007-08-30-09:00,35
2007-08-30-12:00,32
2007-08-30-15:00,31
2007-08-30-18:00,29
2007-08-30-21:00,29
2007-08-31-00:00,28
2007-08-31-03:00,29
2007-08-31-06:00,31
2007-08-31-09:00,31
2007-08-31-12:00,31
2007-08-31-15:00,30
2007-08-31-18:00,27
2007-08-31-21:00,27
2007-09-01-00:00,27
2007-09-01-03:00,28
2007-09-01-06:00,32
2007-09-01-09:00,34
2007-09-01-12:00,33
2007-09-01-15:00,31
2007-09-01-18:00,30
2007-09-01-21:00,30
2007-09-02-00:00,28
2007-09-02-03:00,29
2007-09-02-06:00,33
2007-09-02-09:00,34
2007-09-02-12:00,26
2007-09-02-15:00,28
2007-09-02-18:00,27
2007-09-02-21:00,27
2007-09-03-00:00,27
2007-09-03-03:00,29
2007-09-03-06:00,34
2007-09-03-09:00,29
2007-09-03-12:00,31
2007-09-03-15:00,29
2007-09-03-18:00,28
2007-09-03-21:00,28
2007-09-04-00:00,28
2007-09-04-03:00,28
2007-09-04-06:00,32
2007-09-04-09:00,34
2007-09-04-12:00,34
2007-09-04-15:00,31
2007-09-04-18:00,30
2007-09-04-21:00,29
2007-09-05-00:00,28
2007-09-05-03:00,30
2007-09-05-06:00,34
2007-09-05-09:00,35
2007-09-05-12:00,33
2007-09-05-15:00,30
2007-09-05-18:00,28
2007-09-05-21:00,28
2007-09-06-00:00,27
2007-09-06-03:00,28
2007-09-06-06:00,30
2007-09-06-09:00,32
2007-09-06-12:00,30
2007-09-06-15:00,29
2007-09-06-18:00,28
2007-09-06-21:00,27
2007-09-07-00:00,27
2007-09-07-03:00,26
2007-09-07-06:00,31
2007-09-07-09:00,33
2007-09-07-12:00,31
2007-09-07-15:00,29
2007-09-07-18:00,28
2007-09-07-21:00,27
2007-09-08-00:00,26
2007-09-08-03:00,28
2007-09-08-06:00,32
2007-09-08-09:00,34
2007-09-08-12:00,34
2007-09-08-15:00,30
2007-09-08-18:00,29
2007-09-08-21:00,28
2007-09-09-00:00,27
2007-09-09-03:00,28
2007-09-09-06:00,32
2007-09-09-09:00,34
2007-09-09-12:00,30
2007-09-09-15:00,29
2007-09-09-18:00,29
2007-09-09-21:00,28
2007-09-10-00:00,27
2007-09-10-03:00,28
2007-09-10-06:00,33
2007-09-10-09:00,28
2007-09-10-12:00,33
2007-09-10-15:00,30
2007-09-10-18:00,28
2007-09-10-21:00,28
2007-09-11-00:00,26
2007-09-11-03:00,27
2007-09-11-06:00,32
2007-09-11-09:00,33
2007-09-11-12:00,33
2007-09-11-15:00,29
2007-09-11-18:00,28
2007-09-11-21:00,27
2007-09-12-00:00,25
2007-09-12-03:00,27
2007-09-12-06:00,32
2007-09-12-09:00,34
2007-09-12-12:00,34
2007-09-12-15:00,28
2007-09-12-18:00,26
2007-09-12-21:00,25
2007-09-13-00:00,25
2007-09-13-03:00,26
2007-09-13-06:00,31
2007-09-13-09:00,34
2007-09-13-12:00,33
2007-09-13-15:00,25
2007-09-13-18:00,24
2007-09-13-21:00,24
2007-09-14-00:00,24
2007-09-14-03:00,25
2007-09-14-06:00,29
2007-09-14-09:00,30
2007-09-14-12:00,26
2007-09-14-15:00,24
2007-09-14-18:00,24
2007-09-14-21:00,24
2007-09-15-00:00,24
2007-09-15-03:00,26
2007-09-15-06:00,31
2007-09-15-09:00,32
2007-09-15-12:00,32
2007-09-15-15:00,29
2007-09-15-18:00,27
2007-09-15-21:00,26
2007-09-16-00:00,25
2007-09-16-03:00,27
2007-09-16-06:00,33
2007-09-16-09:00,34
2007-09-16-12:00,33
2007-09-16-15:00,29
2007-09-16-18:00,28
2007-09-16-21:00,27
2007-09-17-00:00,26
2007-09-17-03:00,27
2007-09-17-06:00,33
2007-09-17-09:00,36
2007-09-17-12:00,34
2007-09-17-15:00,31
2007-09-17-18:00,29
2007-09-17-21:00,28
2007-09-18-00:00,27
2007-09-18-03:00,29
2007-09-18-06:00,34
2007-09-18-09:00,36
2007-09-18-12:00,35
2007-09-18-15:00,31
2007-09-18-18:00,29
2007-09-18-21:00,29
2007-09-19-00:00,28
2007-09-19-03:00,30
2007-09-19-06:00,35
2007-09-19-09:00,37
2007-09-19-12:00,35
2007-09-19-15:00,31
2007-09-19-18:00,30
2007-09-19-21:00,29
2007-09-20-00:00,28
2007-09-20-03:00,30
2007-09-20-06:00,34
2007-09-20-09:00,36
2007-09-20-12:00,35
2007-09-20-15:00,31
2007-09-20-18:00,30
2007-09-20-21:00,29
2007-09-21-00:00,28
2007-09-21-03:00,29
2007-09-21-06:00,35
2007-09-21-09:00,36
2007-09-21-12:00,35
2007-09-21-15:00,25
2007-09-21-18:00,27
2007-09-21-21:00,27
2007-09-22-00:00,27
2007-09-22-03:00,29
2007-09-22-06:00,35
2007-09-22-09:00,36
2007-09-22-12:00,35
2007-09-22-15:00,30
2007-09-22-18:00,28
2007-09-22-21:00,27
2007-09-23-00:00,26
2007-09-23-03:00,28
2007-09-23-06:00,34
2007-09-23-09:00,35
2007-09-23-12:00,35
2007-09-23-15:00,29
2007-09-23-18:00,28
2007-09-23-21:00,28
2007-09-24-00:00,25
2007-09-24-03:00,28
2007-09-24-06:00,34
2007-09-24-09:00,35
2007-09-24-12:00,35
2007-09-24-15:00,29
2007-09-24-18:00,26
2007-09-24-21:00,26
2007-09-25-00:00,26
2007-09-25-03:00,27
2007-09-25-06:00,30
2007-09-25-09:00,30
2007-09-25-12:00,30
2007-09-25-15:00,28
2007-09-25-18:00,26
2007-09-25-21:00,26
2007-09-26-00:00,24
2007-09-26-06:00,27
2007-09-26-09:00,28
2007-09-26-12:00,28
2007-09-26-15:00,26
2007-09-26-18:00,25
2007-09-26-21:00,25
2007-09-27-00:00,25
2007-09-27-03:00,25
2007-09-27-06:00,26
2007-09-27-09:00,29
2007-09-27-12:00,29
2007-09-27-15:00,26
2007-09-27-18:00,25
2007-09-27-21:00,25
2007-09-28-00:00,25
2007-09-28-03:00,26
2007-09-28-06:00,31
2007-09-28-09:00,34
2007-09-28-12:00,30
2007-09-28-15:00,23
2007-09-28-18:00,23
2007-09-28-21:00,23
2007-09-29-00:00,23
2007-09-29-03:00,24
2007-09-29-06:00,30
2007-09-29-09:00,32
2007-09-29-12:00,31
2007-09-29-15:00,26
2007-09-29-18:00,24
2007-09-29-21:00,23
2007-09-30-00:00,22
2007-09-30-03:00,25
2007-09-30-06:00,32
2007-09-30-09:00,33
2007-09-30-12:00,32
2007-09-30-15:00,27
2007-09-30-18:00,26
2007-09-30-21:00,24
2007-10-01-00:00,22
2007-10-01-03:00,24
2007-10-01-06:00,31
2007-10-01-09:00,34
2007-10-01-12:00,32
2007-10-01-15:00,25
2007-10-01-18:00,22
2007-10-01-21:00,21
2007-10-02-00:00,21
2007-10-02-03:00,23
2007-10-02-06:00,32
2007-10-02-09:00,35
2007-10-02-12:00,33
2007-10-02-15:00,25
2007-10-02-18:00,22
2007-10-02-21:00,21
2007-10-03-00:00,20
2007-10-03-03:00,22
2007-10-03-06:00,33
2007-10-03-09:00,36
2007-10-03-12:00,33
2007-10-03-15:00,24
2007-10-03-18:00,22
2007-10-03-21:00,21
2007-10-04-00:00,20
2007-10-04-03:00,24
2007-10-04-06:00,34
2007-10-04-09:00,36
2007-10-04-12:00,33
2007-10-04-15:00,24
2007-10-04-18:00,22
2007-10-04-21:00,21
2007-10-05-00:00,20
2007-10-05-03:00,22
2007-10-05-06:00,33
2007-10-05-09:00,35
2007-10-05-12:00,33
2007-10-05-15:00,24
2007-10-05-18:00,22
2007-10-05-21:00,21
2007-10-06-00:00,20
2007-10-06-03:00,23
2007-10-06-06:00,31
2007-10-06-09:00,34
2007-10-06-12:00,31
2007-10-06-15:00,25
2007-10-06-18:00,24
2007-10-06-21:00,22
2007-10-07-00:00,21
2007-10-07-03:00,23
2007-10-07-06:00,32
2007-10-07-09:00,34
2007-10-07-12:00,32
2007-10-07-15:00,27
2007-10-07-18:00,22
2007-10-07-21:00,20
2007-10-08-00:00,20
2007-10-08-03:00,23
2007-10-08-06:00,32
2007-10-08-09:00,34
2007-10-08-12:00,32
2007-10-08-15:00,24
2007-10-08-18:00,20
2007-10-08-21:00,19
2007-10-09-00:00,18
2007-10-09-03:00,21
2007-10-09-06:00,31
2007-10-09-09:00,34
2007-10-09-12:00,31
2007-10-09-15:00,22
2007-10-09-18:00,20
2007-10-09-21:00,19
2007-10-10-00:00,19
2007-10-10-03:00,22
2007-10-10-06:00,31
2007-10-10-09:00,33
2007-10-10-12:00,31
2007-10-10-15:00,23
2007-10-10-18:00,21
2007-10-10-21:00,18
2007-10-11-00:00,17
2007-10-11-03:00,21
2007-10-11-06:00,31
2007-10-11-09:00,33
2007-10-11-12:00,30
2007-10-11-15:00,22
2007-10-11-18:00,19
2007-10-11-21:00,18
2007-10-12-00:00,19
2007-10-12-03:00,21
2007-10-12-06:00,30
2007-10-12-09:00,32
2007-10-12-12:00,27
2007-10-12-15:00,22
2007-10-12-18:00,19
2007-10-12-21:00,20
2007-10-13-00:00,17
2007-10-13-03:00,22
2007-10-13-06:00,31
2007-10-13-09:00,33
2007-10-13-12:00,31
2007-10-13-15:00,22
2007-10-13-18:00,20
2007-10-13-21:00,19
2007-10-14-00:00,17
2007-10-14-03:00,19
2007-10-14-06:00,30
2007-10-14-09:00,32
2007-10-14-12:00,30
2007-10-14-15:00,22
2007-10-14-18:00,19
2007-10-14-21:00,19
2007-10-15-00:00,17
2007-10-15-03:00,20
2007-10-15-06:00,29
2007-10-15-09:00,33
2007-10-15-12:00,30
2007-10-15-15:00,23
2007-10-15-18:00,21
2007-10-15-21:00,20
2007-10-16-00:00,19
2007-10-16-03:00,23
2007-10-16-06:00,28
2007-10-16-09:00,30
2007-10-16-12:00,27
2007-10-16-15:00,24
2007-10-16-18:00,22
2007-10-16-21:00,21
2007-10-17-00:00,20
2007-10-17-03:00,21
2007-10-17-06:00,28
2007-10-17-09:00,30
2007-10-17-12:00,29
2007-10-17-15:00,23
2007-10-17-18:00,21
2007-10-17-21:00,20
2007-10-18-00:00,20.5
2007-10-18-03:00,21
2007-10-18-06:00,29
2007-10-18-12:00,30
2007-10-18-15:00,23
2007-10-18-18:00,19
2007-10-18-21:00,18
2007-10-19-00:00,19
2007-10-19-03:00,21
2007-10-19-06:00,29
2007-10-19-09:00,32
2007-10-19-12:00,29
2007-10-19-15:00,21
2007-10-19-18:00,19
2007-10-19-21:00,18
2007-10-20-00:00,19
2007-10-20-03:00,21
2007-10-20-06:00,30
2007-10-20-09:00,33
2007-10-20-12:00,31
2007-10-20-15:00,22
2007-10-20-18:00,20
2007-10-20-21:00,18
2007-10-21-00:00,17
2007-10-21-03:00,19
2007-10-21-06:00,31
2007-10-21-09:00,34
2007-10-21-12:00,31
2007-10-21-15:00,22
2007-10-21-18:00,20
2007-10-21-21:00,18
2007-10-23-00:00,19
2007-10-23-03:00,21
2007-10-23-06:00,30
2007-10-23-09:00,32
2007-10-23-12:00,30
2007-10-23-15:00,22
2007-10-23-18:00,20
2007-10-23-21:00,19
2007-10-24-00:00,17
2007-10-24-03:00,20
2007-10-24-06:00,30
2007-10-24-09:00,32
2007-10-24-12:00,29
2007-10-24-15:00,20
2007-10-24-18:00,18
2007-10-24-21:00,17
2007-10-25-00:00,18
2007-10-25-03:00,19
2007-10-25-06:00,30
2007-10-25-09:00,32
2007-10-25-12:00,30
2007-10-25-15:00,22
2007-10-25-18:00,20
2007-10-25-21:00,19
2007-10-26-00:00,19
2007-10-26-03:00,21
2007-10-26-06:00,29
2007-10-26-09:00,32
2007-10-26-12:00,29
2007-10-26-18:00,21
2007-10-26-21:00,20
2007-10-27-00:00,18
2007-10-27-03:00,20
2007-10-27-06:00,30
2007-10-27-09:00,33
2007-10-27-12:00,30
2007-10-27-15:00,23
2007-10-27-18:00,20
2007-10-27-21:00,19
2007-10-28-00:00,20
2007-10-28-03:00,21
2007-10-28-06:00,30
2007-10-28-09:00,33
2007-10-28-12:00,29
2007-10-28-15:00,21
2007-10-28-18:00,19
2007-10-28-21:00,18
2007-10-29-00:00,16
2007-10-29-03:00,19
2007-10-29-06:00,30
2007-10-29-09:00,32
2007-10-29-12:00,29
2007-10-29-15:00,20
2007-10-29-18:00,18
2007-10-29-21:00,16
2007-10-30-00:00,16
2007-10-30-03:00,18
2007-10-30-06:00,30
2007-10-30-09:00,32
2007-10-30-12:00,26
2007-10-30-15:00,20
2007-10-30-18:00,18
2007-10-30-21:00,17
2007-10-31-00:00,15
2007-10-31-03:00,17
2007-10-31-06:00,30
2007-10-31-09:00,31
2007-10-31-12:00,28
2007-10-31-15:00,21
2007-10-31-18:00,19
2007-10-31-21:00,17
2007-11-01-00:00,15
2007-11-01-03:00,17
2007-11-01-09:00,31
2007-11-01-12:00,27
2007-11-01-15:00,19
2007-11-01-18:00,17
2007-11-01-21:00,17
2007-11-02-00:00,17
2007-11-02-03:00,16
2007-11-02-06:00,29
2007-11-02-09:00,30
2007-11-02-12:00,27
2007-11-02-15:00,19
2007-11-02-18:00,17
2007-11-02-21:00,16
2007-11-03-00:00,15
2007-11-03-03:00,17
2007-11-03-06:00,28
2007-11-03-09:00,30
2007-11-03-12:00,26
2007-11-03-18:00,17
2007-11-03-21:00,16
2007-11-04-00:00,14
2007-11-04-03:00,16
2007-11-04-06:00,29
2007-11-04-09:00,29
2007-11-04-12:00,25
2007-11-04-15:00,18
2007-11-04-18:00,16
2007-11-04-21:00,15
2007-11-05-00:00,15
2007-11-05-03:00,18
2007-11-05-06:00,28
2007-11-05-09:00,31
2007-11-05-12:00,27
2007-11-05-15:00,19
2007-11-05-18:00,17
2007-11-05-21:00,16
2007-11-06-00:00,14
2007-11-06-03:00,16
2007-11-06-06:00,29
2007-11-06-09:00,28.5
2007-11-06-12:00,28
2007-11-06-15:00,19
2007-11-06-18:00,17
2007-11-06-21:00,16
2007-11-07-00:00,14
2007-11-07-03:00,17
2007-11-07-06:00,29
2007-11-07-09:00,32
2007-11-07-12:00,28
2007-11-07-15:00,19
2007-11-07-18:00,18
2007-11-07-21:00,17
2007-11-08-00:00,19
2007-11-08-03:00,21
2007-11-08-06:00,23
2007-11-08-09:00,24
2007-11-08-12:00,23
2007-11-08-15:00,19
2007-11-08-18:00,17
2007-11-08-21:00,16
2007-11-09-00:00,15
2007-11-09-03:00,14
2007-11-09-06:00,25
2007-11-09-09:00,29
2007-11-09-12:00,26
2007-11-09-15:00,20
2007-11-09-18:00,18
2007-11-09-21:00,17
2007-11-10-00:00,15
2007-11-10-03:00,17
2007-11-10-06:00,27
2007-11-10-09:00,29
2007-11-10-12:00,26
2007-11-10-15:00,20
2007-11-10-18:00,18
2007-11-10-21:00,16
2007-11-11-00:00,15
2007-11-11-03:00,19
2007-11-11-06:00,27
2007-11-11-09:00,30
2007-11-11-12:00,27
2007-11-11-15:00,20
2007-11-11-18:00,18
2007-11-11-21:00,17
2007-11-12-00:00,16.5
2007-11-12-03:00,16
2007-11-12-06:00,28
2007-11-12-09:00,29
2007-11-12-12:00,25
2007-11-12-15:00,20
2007-11-12-18:00,17
2007-11-13-00:00,14
2007-11-13-09:00,29
2007-11-13-12:00,25
2007-11-13-15:00,20
2007-11-13-18:00,17
2007-11-13-21:00,16
2007-11-14-00:00,15
2007-11-14-03:00,16
2007-11-14-06:00,28
2007-11-14-09:00,29
2007-11-14-12:00,26
2007-11-14-18:00,17
2007-11-14-21:00,16
2007-11-15-00:00,15
2007-11-15-03:00,16
2007-11-15-06:00,26
2007-11-15-09:00,28
2007-11-15-12:00,24
2007-11-15-15:00,18
2007-11-15-18:00,16
2007-11-15-21:00,15
2007-11-16-00:00,15
2007-11-16-03:00,16
2007-11-16-06:00,26
2007-11-16-09:00,28
2007-11-16-12:00,24
2007-11-16-15:00,18
2007-11-16-18:00,16
2007-11-16-21:00,15
2007-11-17-00:00,14
2007-11-17-03:00,16
2007-11-17-06:00,24
2007-11-17-12:00,23
2007-11-17-15:00,17
2007-11-17-18:00,16
2007-11-17-21:00,15
2007-11-18-00:00,12
2007-11-18-03:00,13
2007-11-18-06:00,24
2007-11-18-09:00,27
2007-11-18-12:00,23
2007-11-18-15:00,15
2007-11-18-18:00,13
2007-11-18-21:00,12
2007-11-19-00:00,11
2007-11-19-03:00,12
2007-11-19-06:00,26
2007-11-19-09:00,27
2007-11-19-15:00,15
2007-11-19-18:00,13
2007-11-19-21:00,12
2007-11-20-00:00,12
2007-11-20-03:00,13
2007-11-20-06:00,24
2007-11-20-09:00,27
2007-11-20-12:00,24
2007-11-20-15:00,19
2007-11-20-18:00,17
2007-11-20-21:00,16
2007-11-21-00:00,13
2007-11-21-03:00,14
2007-11-21-06:00,23
2007-11-21-09:00,26
2007-11-21-12:00,23
2007-11-21-15:00,16
2007-11-21-18:00,14
2007-11-21-21:00,13
2007-11-22-00:00,11
2007-11-22-03:00,13
2007-11-22-06:00,25
2007-11-22-09:00,28
2007-11-22-12:00,21
2007-11-22-15:00,16
2007-11-22-18:00,13
2007-11-22-21:00,13
2007-11-23-00:00,11
2007-11-23-03:00,11
2007-11-23-06:00,25
2007-11-23-09:00,28
2007-11-23-12:00,23
2007-11-23-15:00,15
2007-11-23-18:00,14
2007-11-23-21:00,12
2007-11-24-00:00,11
2007-11-24-03:00,13
2007-11-24-06:00,24
2007-11-24-09:00,28
2007-11-24-12:00,23
2007-11-24-15:00,15
2007-11-24-18:00,14
2007-11-25-03:00,14
2007-11-25-06:00,25
2007-11-25-09:00,28
2007-11-25-12:00,23
2007-11-25-15:00,16
2007-11-25-18:00,14
2007-11-25-21:00,13
2007-11-26-00:00,11
2007-11-26-03:00,12
2007-11-26-06:00,25
2007-11-26-09:00,28
2007-11-26-12:00,22
2007-11-26-15:00,16
2007-11-26-18:00,13
2007-11-26-21:00,12
2007-11-27-00:00,11
2007-11-27-03:00,11
2007-11-27-06:00,24
2007-11-27-09:00,27
2007-11-27-12:00,22
2007-11-27-15:00,15
2007-11-27-18:00,13
2007-11-27-21:00,12
2007-11-28-00:00,11
2007-11-28-03:00,13
2007-11-28-06:00,25
2007-11-28-09:00,27
2007-11-28-12:00,24
2007-11-28-15:00,17
2007-11-28-18:00,15
2007-11-28-21:00,14
2007-11-29-00:00,13
2007-11-29-03:00,14
2007-11-29-06:00,26
2007-11-29-09:00,28
2007-11-29-12:00,24
2007-11-29-15:00,17
2007-11-29-18:00,15
2007-11-29-21:00,14
2007-11-30-00:00,14
2007-11-30-03:00,16
2007-11-30-06:00,23
2007-11-30-09:00,25
2007-11-30-12:00,22
2007-11-30-15:00,16
2007-11-30-18:00,15
2007-11-30-21:00,14
2007-12-01-00:00,13
2007-12-01-06:00,23
2007-12-01-09:00,26
2007-12-01-12:00,22
2007-12-01-15:00,16
2007-12-01-18:00,14
2007-12-01-21:00,13
2007-12-02-00:00,13
2007-12-02-03:00,14
2007-12-02-06:00,23
2007-12-02-09:00,26
2007-12-02-12:00,22
2007-12-02-15:00,19
2007-12-02-18:00,19
2007-12-02-21:00,18
2007-12-03-00:00,17
2007-12-03-03:00,16
2007-12-03-06:00,21
2007-12-03-09:00,23
2007-12-03-12:00,22
2007-12-03-15:00,15
2007-12-03-18:00,13
2007-12-03-21:00,12
2007-12-04-00:00,10
2007-12-04-03:00,11
2007-12-04-06:00,22
2007-12-04-09:00,24
2007-12-04-12:00,20
2007-12-04-15:00,14
2007-12-04-18:00,11
2007-12-04-21:00,10
2007-12-05-00:00,8
2007-12-05-03:00,10
2007-12-05-06:00,22
2007-12-05-09:00,23
2007-12-05-12:00,20
2007-12-05-15:00,13
2007-12-05-18:00,11
2007-12-05-21:00,10
2007-12-06-00:00,8
2007-12-06-03:00,9
2007-12-06-06:00,21
2007-12-06-09:00,24
2007-12-06-12:00,19
2007-12-06-18:00,11
2007-12-06-21:00,10
2007-12-07-00:00,12
2007-12-07-03:00,13
2007-12-07-06:00,20
2007-12-07-09:00,23
2007-12-07-12:00,20
2007-12-07-15:00,13
2007-12-07-18:00,10
2007-12-07-21:00,9
2007-12-08-00:00,8
2007-12-08-03:00,9
2007-12-08-06:00,21
2007-12-08-09:00,22
2007-12-08-12:00,18
2007-12-08-15:00,12
2007-12-08-18:00,10
2007-12-08-21:00,9
2007-12-09-00:00,7
2007-12-09-03:00,9
2007-12-09-06:00,18
2007-12-09-09:00,20
2007-12-09-12:00,18
2007-12-09-15:00,16
2007-12-09-18:00,14
2007-12-09-21:00,13
2007-12-10-00:00,11
2007-12-10-03:00,12
2007-12-10-06:00,20
2007-12-10-09:00,23
2007-12-10-12:00,20
2007-12-10-15:00,17
2007-12-10-18:00,16
2007-12-10-21:00,15
2007-12-11-00:00,15
2007-12-11-03:00,14
2007-12-11-06:00,18
2007-12-11-09:00,20
2007-12-11-12:00,18
2007-12-11-15:00,15
2007-12-11-18:00,13
2007-12-11-21:00,12
2007-12-12-00:00,9
2007-12-12-03:00,10
2007-12-12-06:00,21
2007-12-12-09:00,22
2007-12-12-12:00,20
2007-12-12-15:00,15
2007-12-12-18:00,14
2007-12-12-21:00,13
2007-12-13-00:00,12
2007-12-13-03:00,13
2007-12-13-06:00,17
2007-12-13-09:00,19
2007-12-13-12:00,15
2007-12-13-15:00,14
2007-12-13-18:00,12
2007-12-13-21:00,11
2007-12-14-00:00,10
2007-12-14-03:00,10
2007-12-14-06:00,16
2007-12-14-09:00,19
2007-12-14-12:00,18
2007-12-14-15:00,13
2007-12-14-18:00,12
2007-12-14-21:00,11
2007-12-15-00:00,10.5
2007-12-15-03:00,10
2007-12-15-06:00,17
2007-12-15-09:00,21
2007-12-15-12:00,18
2007-12-15-15:00,10
2007-12-15-18:00,8
2007-12-15-21:00,7
2007-12-16-00:00,5
2007-12-16-03:00,8
2007-12-16-09:00,20
2007-12-16-12:00,17
2007-12-16-15:00,10
2007-12-16-18:00,7
2007-12-16-21:00,6
2007-12-17-00:00,6
2007-12-17-03:00,8
2007-12-17-06:00,18
2007-12-17-09:00,20
2007-12-17-12:00,17
2007-12-17-15:00,10
2007-12-17-18:00,8
2007-12-17-21:00,7
2007-12-18-00:00,5
2007-12-18-03:00,9
2007-12-18-06:00,19
2007-12-18-09:00,21
2007-12-18-12:00,18
2007-12-18-15:00,10
2007-12-18-18:00,8
2007-12-18-21:00,7
2007-12-19-00:00,5
2007-12-19-03:00,6
2007-12-19-06:00,18
2007-12-19-09:00,22
2007-12-19-12:00,18
2007-12-19-15:00,10
2007-12-19-18:00,8
2007-12-19-21:00,7
2007-12-20-00:00,6
2007-12-20-03:00,7
2007-12-20-06:00,17
2007-12-20-09:00,22
2007-12-20-12:00,18
2007-12-20-15:00,11
2007-12-20-21:00,9
2007-12-21-00:00,9
2007-12-21-03:00,11
2007-12-21-06:00,20
2007-12-21-09:00,25
2007-12-21-12:00,22
2007-12-21-15:00,16
2007-12-21-18:00,15
2007-12-22-00:00,13
2007-12-22-03:00,14
2007-12-22-06:00,21
2007-12-22-09:00,25
2007-12-22-12:00,22
2007-12-22-15:00,20
2007-12-22-18:00,17
2007-12-22-21:00,16
2007-12-23-00:00,15
2007-12-23-03:00,15
2007-12-23-06:00,20
2007-12-23-09:00,23
2007-12-23-12:00,21
2007-12-23-15:00,17
2007-12-23-18:00,16
2007-12-23-21:00,14
2007-12-24-03:00,12
2007-12-24-06:00,23
2007-12-24-09:00,26
2007-12-24-12:00,23
2007-12-24-15:00,15
2007-12-24-18:00,13
2007-12-24-21:00,11
2007-12-25-00:00,10
2007-12-25-03:00,12
2007-12-25-06:00,20
2007-12-25-09:00,22
2007-12-25-12:00,20
2007-12-25-15:00,14
2007-12-25-18:00,12
2007-12-25-21:00,11
2007-12-26-00:00,9
2007-12-26-03:00,10
2007-12-26-06:00,19
2007-12-26-09:00,21
2007-12-26-12:00,20
2007-12-26-15:00,12
2007-12-26-18:00,9
2007-12-26-21:00,8
2007-12-27-00:00,6
2007-12-27-03:00,7
2007-12-27-06:00,18
2007-12-27-09:00,20
2007-12-27-12:00,18
2007-12-27-15:00,13
2007-12-27-18:00,12
2007-12-27-21:00,10
2007-12-28-00:00,10
2007-12-28-03:00,10
2007-12-28-06:00,19
2007-12-28-09:00,21
2007-12-28-12:00,18
2007-12-28-15:00,11
2007-12-28-18:00,8
2007-12-28-21:00,7
2007-12-29-00:00,5
2007-12-29-03:00,7
2007-12-29-06:00,17
2007-12-29-09:00,20
2007-12-29-12:00,18
2007-12-29-15:00,10
2007-12-29-18:00,7
2007-12-29-21:00,6
2007-12-30-00:00,6
2007-12-30-03:00,7
2007-12-30-06:00,17
2007-12-30-09:00,21
2007-12-30-12:00,18
2007-12-30-15:00,10
2007-12-30-18:00,9
2007-12-30-21:00,8
2007-12-31-00:00,7
2007-12-31-03:00,6
2007-12-31-06:00,17
2007-12-31-09:00,20
2007-12-31-12:00,18
2007-12-31-15:00,11
2007-12-31-18:00,9
2007-12-31-21:00,7
2008-01-01-00:00,4
2008-01-01-03:00,4
2008-01-01-06:00,16
2008-01-01-09:00,20
2008-01-01-12:00,17
2008-01-01-15:00,9
2008-01-01-18:00,6
2008-01-01-21:00,5
2008-01-02-00:00,3
2008-01-02-03:00,3
2008-01-02-06:00,15
2008-01-02-09:00,19
2008-01-02-12:00,16
2008-01-02-15:00,8
2008-01-02-18:00,6
2008-01-02-21:00,5
2008-01-03-00:00,3
2008-01-03-03:00,3
2008-01-03-06:00,16
2008-01-03-09:00,19
2008-01-03-12:00,17
2008-01-03-15:00,11
2008-01-03-18:00,9
2008-01-03-21:00,7
2008-01-04-00:00,5
2008-01-04-03:00,6
2008-01-04-06:00,17
2008-01-04-09:00,19
2008-01-04-12:00,17
2008-01-04-15:00,10
2008-01-04-18:00,8
2008-01-04-21:00,7
2008-01-05-00:00,7
2008-01-05-06:00,18
2008-01-05-09:00,22
2008-01-05-12:00,20
2008-01-05-15:00,13
2008-01-05-18:00,11
2008-01-05-21:00,11
2008-01-06-00:00,12
2008-01-06-03:00,12
2008-01-06-06:00,17
2008-01-06-09:00,22
2008-01-06-12:00,19
2008-01-06-15:00,12
2008-01-06-18:00,10
2008-01-06-21:00,9
2008-01-07-00:00,9
2008-01-07-03:00,10
2008-01-07-06:00,19
2008-01-07-09:00,26
2008-01-07-12:00,22
2008-01-07-15:00,14
2008-01-07-18:00,12
2008-01-07-21:00,10
2008-01-08-00:00,11
2008-01-08-03:00,11
2008-01-08-06:00,24
2008-01-08-09:00,28
2008-01-08-12:00,25
2008-01-08-15:00,20
2008-01-08-18:00,17
2008-01-08-21:00,15
2008-01-09-00:00,15
2008-01-09-03:00,15
2008-01-09-06:00,20
2008-01-09-09:00,23
2008-01-09-12:00,22
2008-01-09-15:00,19
2008-01-09-18:00,17
2008-01-09-21:00,15
2008-01-10-00:00,14
2008-01-10-03:00,13
2008-01-10-06:00,20
2008-01-10-09:00,23
2008-01-10-12:00,21
2008-01-10-15:00,16
2008-01-10-18:00,14
2008-01-10-21:00,12
2008-01-11-00:00,14
2008-01-11-03:00,13
2008-01-11-06:00,17
2008-01-11-12:00,17
2008-01-11-15:00,14
2008-01-11-18:00,12
2008-01-11-21:00,11
2008-01-12-00:00,9
2008-01-12-03:00,8
2008-01-12-06:00,15
2008-01-12-09:00,18
2008-01-12-12:00,16
2008-01-12-15:00,13
2008-01-12-18:00,11
2008-01-12-21:00,10
2008-01-13-00:00,9
2008-01-13-03:00,9
2008-01-13-06:00,16
2008-01-13-09:00,20
2008-01-13-12:00,18
2008-01-13-15:00,14
2008-01-13-18:00,13
2008-01-13-21:00,11
2008-01-14-00:00,9
2008-01-14-03:00,10
2008-01-14-09:00,21
2008-01-14-12:00,18
2008-01-14-15:00,15
2008-01-14-18:00,13
2008-01-14-21:00,12
2008-01-15-00:00,10
2008-01-15-03:00,11
2008-01-15-06:00,18
2008-01-15-09:00,22
2008-01-15-12:00,20
2008-01-15-15:00,15
2008-01-15-18:00,14
2008-01-16-03:00,12
2008-01-16-06:00,20
2008-01-16-09:00,23
2008-01-16-12:00,21
2008-01-16-15:00,18
2008-01-16-18:00,17
2008-01-16-21:00,16
2008-01-17-00:00,15
2008-01-17-03:00,14
2008-01-17-06:00,22
2008-01-17-09:00,26
2008-01-17-12:00,24
2008-01-17-15:00,17
2008-01-17-18:00,16
2008-01-17-21:00,15
2008-01-18-00:00,15
2008-01-18-06:00,21
2008-01-18-09:00,21
2008-01-18-12:00,18
2008-01-18-15:00,15
2008-01-18-18:00,12
2008-01-18-21:00,11
2008-01-19-00:00,9
2008-01-19-03:00,9
2008-01-19-06:00,16
2008-01-19-09:00,17
2008-01-19-12:00,16
2008-01-19-15:00,10
2008-01-19-18:00,8
2008-01-19-21:00,7
2008-01-20-00:00,8
2008-01-20-03:00,7
2008-01-20-06:00,15
2008-01-20-09:00,17
2008-01-20-12:00,16
2008-01-20-15:00,11
2008-01-20-18:00,7
2008-01-20-21:00,7
2008-01-21-00:00,6
2008-01-21-03:00,6
2008-01-21-06:00,15
2008-01-21-09:00,16
2008-01-21-12:00,15
2008-01-21-15:00,11
2008-01-21-18:00,10
2008-01-21-21:00,9
2008-01-22-00:00,3
2008-01-22-03:00,6
2008-01-22-06:00,13
2008-01-22-09:00,15
2008-01-22-12:00,14
2008-01-22-15:00,10
2008-01-22-18:00,7
2008-01-22-21:00,6
2008-01-23-00:00,5
2008-01-23-03:00,5
2008-01-23-06:00,15
2008-01-23-09:00,17
2008-01-23-12:00,16
2008-01-23-15:00,9
2008-01-23-18:00,6
2008-01-23-21:00,5
2008-01-24-00:00,4
2008-01-24-03:00,6
2008-01-24-06:00,17
2008-01-24-09:00,19
2008-01-24-12:00,17
2008-01-24-15:00,12
2008-01-24-18:00,12
2008-01-24-21:00,11
2008-01-25-00:00,8
2008-01-25-03:00,8
2008-01-25-06:00,17
2008-01-25-09:00,19
2008-01-25-12:00,17
2008-01-25-15:00,11
2008-01-25-18:00,8
2008-01-25-21:00,7
2008-01-26-00:00,5
2008-01-26-03:00,8
2008-01-26-06:00,15
2008-01-26-09:00,17
2008-01-26-12:00,14
2008-01-26-15:00,11
2008-01-26-18:00,10
2008-01-26-21:00,9
2008-01-27-00:00,8
2008-01-27-03:00,7
2008-01-27-06:00,14
2008-01-27-09:00,17
2008-01-27-12:00,15
2008-01-27-15:00,10
2008-01-27-18:00,5
2008-01-27-21:00,4
2008-01-28-00:00,3
2008-01-28-03:00,7
2008-01-28-06:00,14
2008-01-28-09:00,15
2008-01-28-12:00,15
2008-01-28-15:00,9
2008-01-28-18:00,7
2008-01-28-21:00,6
2008-01-29-00:00,9
2008-01-29-03:00,9
2008-01-29-06:00,16
2008-01-29-09:00,19
2008-01-29-12:00,17
2008-01-29-15:00,14
2008-01-29-18:00,9
2008-01-29-21:00,8
2008-01-30-00:00,5
2008-01-30-03:00,5
2008-01-30-06:00,16
2008-01-30-09:00,19
2008-01-30-12:00,17
2008-01-30-15:00,10
2008-01-30-18:00,7
2008-01-30-21:00,6
2008-01-31-00:00,5
2008-01-31-03:00,7
2008-01-31-06:00,17
2008-01-31-12:00,17
2008-01-31-15:00,11
2008-01-31-18:00,8
2008-01-31-21:00,7
2008-02-01-00:00,5
2008-02-01-03:00,6
2008-02-01-06:00,17
2008-02-01-09:00,19
2008-02-01-15:00,10
2008-02-01-18:00,7
2008-02-01-21:00,5
2008-02-02-00:00,4
2008-02-02-03:00,5
2008-02-02-06:00,18
2008-02-02-09:00,18
2008-02-02-15:00,14
2008-02-02-18:00,12
2008-02-02-21:00,11
2008-02-03-00:00,11
2008-02-03-03:00,12
2008-02-03-06:00,14
2008-02-03-09:00,19
2008-02-03-12:00,17
2008-02-03-15:00,13
2008-02-03-18:00,12
2008-02-03-21:00,11
2008-02-04-00:00,8
2008-02-04-03:00,9
2008-02-04-06:00,19
2008-02-04-09:00,22
2008-02-04-12:00,21
2008-02-04-15:00,14
2008-02-04-18:00,11
2008-02-04-21:00,9
2008-02-05-00:00,8
2008-02-05-03:00,9
2008-02-05-06:00,13
2008-02-05-09:00,17
2008-02-05-12:00,15
2008-02-05-15:00,13
2008-02-05-18:00,11
2008-02-05-21:00,10
2008-02-06-00:00,10
2008-02-06-03:00,9
2008-02-06-06:00,14
2008-02-06-09:00,20
2008-02-06-12:00,19
2008-02-06-15:00,11
2008-02-06-18:00,9
2008-02-07-00:00,10
2008-02-07-03:00,9
2008-02-07-06:00,18
2008-02-07-09:00,21
2008-02-07-15:00,14
2008-02-07-18:00,12
2008-02-07-21:00,11
2008-02-08-00:00,10
2008-02-08-03:00,11
2008-02-08-06:00,14
2008-02-08-09:00,15
2008-02-08-12:00,15
2008-02-08-15:00,12
2008-02-08-18:00,11
2008-02-08-21:00,10
2008-02-09-00:00,7
2008-02-09-03:00,7
2008-02-09-06:00,14
2008-02-09-09:00,18
2008-02-09-12:00,16
2008-02-09-15:00,13
2008-02-09-18:00,10
2008-02-09-21:00,9
2008-02-10-00:00,7
2008-02-10-03:00,7
2008-02-10-06:00,16
2008-02-10-09:00,19
2008-02-10-12:00,17
2008-02-10-15:00,10
2008-02-10-18:00,8
2008-02-10-21:00,7
2008-02-11-00:00,5
2008-02-11-03:00,6
2008-02-11-06:00,17
2008-02-11-09:00,19
2008-02-11-12:00,19
2008-02-11-15:00,12
2008-02-11-18:00,9
2008-02-11-21:00,7
2008-02-12-00:00,6
2008-02-12-03:00,8
2008-02-12-06:00,17
2008-02-12-09:00,20
2008-02-12-12:00,18
2008-02-12-15:00,13
2008-02-12-18:00,11
2008-02-12-21:00,9
2008-02-13-00:00,8
2008-02-13-03:00,9
2008-02-13-06:00,17
2008-02-13-09:00,21
2008-02-13-12:00,20
2008-02-13-15:00,14
2008-02-13-18:00,10
2008-02-13-21:00,9
2008-02-14-00:00,8
2008-02-14-03:00,9
2008-02-14-06:00,20
2008-02-14-09:00,22
2008-02-14-12:00,22
2008-02-14-15:00,13
2008-02-14-18:00,10
2008-02-15-00:00,7
2008-02-15-03:00,7
2008-02-15-06:00,21
2008-02-15-09:00,25
2008-02-15-12:00,24
2008-02-15-15:00,15
2008-02-15-18:00,15
2008-02-15-21:00,14
2008-02-16-03:00,12
2008-02-16-06:00,22
2008-02-16-09:00,26
2008-02-16-12:00,25
2008-02-16-15:00,19
2008-02-16-18:00,17
2008-02-16-21:00,15
2008-02-17-00:00,12
2008-02-17-03:00,13
2008-02-17-06:00,25
2008-02-17-09:00,27
2008-02-17-12:00,24
2008-02-17-15:00,17
2008-02-17-18:00,14
2008-02-17-21:00,13
2008-02-18-00:00,11
2008-02-18-03:00,12
2008-02-18-06:00,23
2008-02-18-09:00,25
2008-02-18-12:00,23
2008-02-18-15:00,16
2008-02-18-18:00,12
2008-02-18-21:00,11
2008-02-19-00:00,10
2008-02-19-03:00,11
2008-02-19-06:00,23
2008-02-19-12:00,24
2008-02-19-15:00,16
2008-02-19-18:00,13
2008-02-19-21:00,12
2008-02-20-00:00,9
2008-02-20-03:00,10
2008-02-20-06:00,23
2008-02-20-09:00,26
2008-02-20-12:00,26
2008-02-20-15:00,16
2008-02-20-18:00,13
2008-02-20-21:00,12
2008-02-21-00:00,10
2008-02-21-03:00,11
2008-02-21-06:00,25
2008-02-21-09:00,27
2008-02-21-12:00,25
2008-02-21-15:00,19
2008-02-21-18:00,15
2008-02-21-21:00,14
2008-02-22-00:00,14
2008-02-22-03:00,15
2008-02-22-06:00,24
2008-02-22-09:00,27
2008-02-22-15:00,21
2008-02-22-18:00,19
2008-02-22-21:00,17
2008-02-23-09:00,28
2008-02-23-12:00,26
2008-02-23-15:00,20
2008-02-23-18:00,18
2008-02-23-21:00,17
2008-02-24-00:00,17
2008-02-24-03:00,16
2008-02-24-06:00,24
2008-02-24-09:00,26
2008-02-24-12:00,24
2008-02-24-15:00,19
2008-02-24-18:00,15
2008-02-24-21:00,14
2008-02-25-00:00,12
2008-02-25-03:00,15
2008-02-25-06:00,22
2008-02-25-09:00,25
2008-02-25-12:00,23
2008-02-25-15:00,19
2008-02-25-18:00,16
2008-02-25-21:00,15
2008-02-26-00:00,14
2008-02-26-03:00,15
2008-02-26-06:00,23
2008-02-26-09:00,25
2008-02-26-12:00,24
2008-02-26-15:00,17
2008-02-26-18:00,13
2008-02-26-21:00,12
2008-02-27-00:00,11
2008-02-27-03:00,14
2008-02-27-06:00,24
2008-02-27-09:00,27
2008-02-27-12:00,26
2008-02-27-15:00,18
2008-02-27-18:00,14
2008-02-27-21:00,13
2008-02-28-00:00,11
2008-02-28-03:00,16
2008-02-28-06:00,25
2008-02-28-09:00,29
2008-02-28-12:00,29
2008-02-28-15:00,20
2008-02-28-18:00,15
2008-02-28-21:00,14
2008-02-29-00:00,12
2008-02-29-03:00,14
2008-02-29-06:00,27
2008-02-29-09:00,31
2008-02-29-12:00,29
2008-02-29-15:00,20
2008-02-29-18:00,16
2008-02-29-21:00,15
2008-03-01-00:00,13
2008-03-01-03:00,14
2008-03-01-06:00,30
2008-03-01-09:00,33
2008-03-01-12:00,33
2008-03-01-15:00,21
2008-03-01-18:00,17
2008-03-01-21:00,15
2008-03-02-00:00,14
2008-03-02-03:00,17
2008-03-02-06:00,30
2008-03-02-09:00,33
2008-03-02-12:00,30
2008-03-02-15:00,23
2008-03-02-18:00,19
2008-03-02-21:00,18
2008-03-03-00:00,17
2008-03-03-03:00,20
2008-03-03-06:00,28
2008-03-03-09:00,31
2008-03-03-12:00,29
2008-03-03-15:00,23
2008-03-03-18:00,19
2008-03-03-21:00,19
2008-03-04-00:00,16
2008-03-04-03:00,18
2008-03-04-06:00,27
2008-03-04-09:00,32
2008-03-04-12:00,31
2008-03-04-15:00,23
2008-03-04-18:00,19
2008-03-04-21:00,18
2008-03-05-00:00,16
2008-03-05-03:00,16
2008-03-05-06:00,30
2008-03-05-09:00,33
2008-03-05-12:00,31
2008-03-05-15:00,23
2008-03-05-18:00,19
2008-03-05-21:00,18
2008-03-06-00:00,16
2008-03-06-03:00,17
2008-03-06-06:00,31
2008-03-06-09:00,34
2008-03-06-12:00,32
2008-03-06-15:00,25
2008-03-06-18:00,23
2008-03-07-00:00,20
2008-03-07-03:00,21
2008-03-07-06:00,28
2008-03-07-09:00,32
2008-03-07-12:00,29
2008-03-07-15:00,25
2008-03-07-18:00,23
2008-03-07-21:00,22
2008-03-08-00:00,19
2008-03-08-03:00,21
2008-03-08-06:00,29
2008-03-08-09:00,31
2008-03-08-12:00,29
2008-03-08-15:00,25
2008-03-08-18:00,23
2008-03-08-21:00,21
2008-03-09-00:00,19
2008-03-09-03:00,19
2008-03-09-06:00,26
2008-03-09-09:00,30
2008-03-09-12:00,28
2008-03-09-15:00,23
2008-03-09-18:00,19
2008-03-09-21:00,18
2008-03-10-00:00,16
2008-03-10-03:00,20
2008-03-10-06:00,28
2008-03-10-09:00,29
2008-03-10-12:00,28
2008-03-10-15:00,23
2008-03-10-18:00,21
2008-03-10-21:00,19
2008-03-11-00:00,20
2008-03-11-03:00,20
2008-03-11-06:00,28
2008-03-11-09:00,31
2008-03-11-12:00,29
2008-03-11-15:00,25
2008-03-11-18:00,24
2008-03-11-21:00,23
2008-03-12-00:00,20
2008-03-12-03:00,23
2008-03-12-06:00,27
2008-03-12-09:00,30
2008-03-12-12:00,29
2008-03-12-15:00,24
2008-03-12-18:00,21
2008-03-13-00:00,18
2008-03-13-03:00,19
2008-03-13-06:00,26
2008-03-13-09:00,26
2008-03-13-12:00,23
2008-03-13-15:00,21
2008-03-13-18:00,18
2008-03-13-21:00,16
2008-03-14-00:00,14
2008-03-14-03:00,17
2008-03-14-06:00,27
2008-03-14-09:00,31
2008-03-14-12:00,29
2008-03-14-15:00,23
2008-03-14-18:00,19
2008-03-14-21:00,18
2008-03-15-00:00,17
2008-03-15-03:00,20
2008-03-15-06:00,28
2008-03-15-09:00,32
2008-03-15-12:00,31
2008-03-15-15:00,24
2008-03-15-18:00,20
2008-03-15-21:00,19
2008-03-16-00:00,18
2008-03-16-03:00,21
2008-03-16-06:00,30
2008-03-16-09:00,33
2008-03-16-12:00,33
2008-03-16-15:00,25
2008-03-16-18:00,21
2008-03-16-21:00,19
2008-03-17-00:00,18
2008-03-17-03:00,21
2008-03-17-06:00,33
2008-03-17-09:00,35
2008-03-17-12:00,34
2008-03-17-15:00,25
2008-03-17-18:00,21
2008-03-17-21:00,20
2008-03-18-00:00,19
2008-03-18-03:00,25
2008-03-18-06:00,35
2008-03-18-09:00,37
2008-03-18-12:00,35
2008-03-18-15:00,26
2008-03-18-18:00,23
2008-03-18-21:00,20
2008-03-19-00:00,20
2008-03-19-03:00,23
2008-03-19-06:00,33
2008-03-19-09:00,34
2008-03-19-12:00,32
2008-03-19-15:00,28
2008-03-19-18:00,25
2008-03-19-21:00,22
2008-03-20-00:00,19
2008-03-20-03:00,22
2008-03-20-06:00,31
2008-03-20-09:00,33
2008-03-20-12:00,31
2008-03-20-15:00,25
2008-03-20-18:00,21
2008-03-20-21:00,20
2008-03-21-00:00,19
2008-03-21-03:00,21
2008-03-21-06:00,31
2008-03-21-09:00,33
2008-03-21-12:00,32
2008-03-21-15:00,26
2008-03-21-18:00,23
2008-03-21-21:00,22
2008-03-22-00:00,19
2008-03-22-03:00,21
2008-03-22-06:00,31
2008-03-22-09:00,35
2008-03-22-15:00,27
2008-03-22-18:00,23
2008-03-22-21:00,22
2008-03-23-00:00,19
2008-03-23-03:00,23
2008-03-23-06:00,31
2008-03-23-09:00,34
2008-03-23-12:00,33
2008-03-23-15:00,26
2008-03-23-18:00,24
2008-03-23-21:00,22
2008-03-24-00:00,17
2008-03-24-03:00,21
2008-03-24-06:00,31
2008-03-24-09:00,33
2008-03-24-12:00,31
2008-03-24-15:00,25
2008-03-24-18:00,21
2008-03-24-21:00,20
2008-03-25-00:00,18
2008-03-25-03:00,22
2008-03-25-06:00,32
2008-03-25-09:00,34
2008-03-25-12:00,32
2008-03-25-15:00,25
2008-03-25-18:00,21
2008-03-25-21:00,19
2008-03-26-00:00,18
2008-03-26-03:00,23
2008-03-26-06:00,32
2008-03-26-09:00,34
2008-03-26-12:00,33
2008-03-26-15:00,27
2008-03-26-18:00,25
2008-03-26-21:00,23
2008-03-27-00:00,21
2008-03-27-03:00,24
2008-03-27-06:00,32
2008-03-27-09:00,35
2008-03-27-15:00,27
2008-03-27-18:00,24
2008-03-27-21:00,23
2008-03-28-00:00,25
2008-03-28-03:00,27
2008-03-28-06:00,34
2008-03-28-09:00,35
2008-03-28-12:00,33
2008-03-28-15:00,28
2008-03-28-18:00,26
2008-03-28-21:00,24
2008-03-29-00:00,22
2008-03-29-03:00,24
2008-03-29-06:00,32
2008-03-29-09:00,35
2008-03-29-12:00,33
2008-03-29-15:00,26
2008-03-29-18:00,23
2008-03-29-21:00,22
2008-03-30-00:00,19
2008-03-30-03:00,23
2008-03-30-06:00,33
2008-03-30-09:00,36
2008-03-30-12:00,34
2008-03-30-15:00,28
2008-03-30-18:00,25
2008-03-30-21:00,23
2008-03-31-00:00,25
2008-03-31-03:00,27
2008-03-31-06:00,33
2008-03-31-09:00,35
2008-03-31-12:00,33
2008-03-31-15:00,27
2008-03-31-18:00,26
2008-03-31-21:00,25
2008-04-01-00:00,21
2008-04-01-03:00,21
2008-04-01-06:00,26
2008-04-01-09:00,31
2008-04-01-12:00,30
2008-04-01-15:00,25
2008-04-01-18:00,23
2008-04-01-21:00,22
2008-04-02-00:00,20
2008-04-02-03:00,23
2008-04-02-06:00,31
2008-04-02-09:00,33
2008-04-02-12:00,33
2008-04-02-15:00,28
2008-04-02-21:00,21
2008-04-03-00:00,19
2008-04-03-03:00,21
2008-04-03-06:00,25
2008-04-03-09:00,27
2008-04-03-12:00,25
2008-04-03-15:00,22
2008-04-03-18:00,22
2008-04-03-21:00,21
2008-04-04-00:00,19
2008-04-04-03:00,21
2008-04-04-06:00,28
2008-04-04-09:00,29
2008-04-04-12:00,18
2008-04-04-15:00,19
2008-04-04-18:00,20
2008-04-04-21:00,19
2008-04-05-00:00,18
2008-04-05-03:00,19
2008-04-05-06:00,25
2008-04-05-09:00,28
2008-04-05-12:00,27
2008-04-05-15:00,21
2008-04-05-21:00,16
2008-04-06-00:00,16
2008-04-06-03:00,18
2008-04-06-06:00,26
2008-04-06-09:00,28
2008-04-06-12:00,28
2008-04-06-15:00,23
2008-04-06-18:00,21
2008-04-06-21:00,19
2008-04-07-00:00,17
2008-04-07-03:00,21
2008-04-07-06:00,29
2008-04-07-09:00,31
2008-04-07-12:00,31
2008-04-07-15:00,26
2008-04-07-18:00,24
2008-04-07-21:00,23
2008-04-08-00:00,20
2008-04-08-03:00,23
2008-04-08-06:00,30
2008-04-08-09:00,33
2008-04-08-12:00,32
2008-04-08-18:00,26
2008-04-08-21:00,25
2008-04-09-00:00,22
2008-04-09-03:00,24
2008-04-09-06:00,32
2008-04-09-09:00,35
2008-04-09-12:00,33
2008-04-09-15:00,30
2008-04-09-18:00,27
2008-04-09-21:00,25
2008-04-10-00:00,23
2008-04-10-03:00,24
2008-04-10-06:00,33
2008-04-10-09:00,36
2008-04-10-12:00,34
2008-04-10-15:00,30
2008-04-10-18:00,28
2008-04-10-21:00,27
2008-04-11-00:00,24
2008-04-11-03:00,26
2008-04-11-09:00,36
2008-04-11-15:00,31
2008-04-11-18:00,28
2008-04-11-21:00,27
2008-04-12-00:00,25
2008-04-12-03:00,26
2008-04-12-09:00,35
2008-04-12-12:00,35
2008-04-12-15:00,28
2008-04-12-18:00,25
2008-04-13-00:00,24
2008-04-13-03:00,26
2008-04-13-09:00,37
2008-04-13-12:00,36
2008-04-13-15:00,28
2008-04-13-18:00,26
2008-04-13-21:00,24
2008-04-14-00:00,22
2008-04-14-03:00,26
2008-04-14-06:00,35
2008-04-14-09:00,38
2008-04-14-12:00,37
2008-04-14-15:00,33
2008-04-14-18:00,30
2008-04-15-00:00,26
2008-04-15-03:00,28
2008-04-15-09:00,38
2008-04-15-15:00,32
2008-04-15-21:00,27
2008-04-16-00:00,26
2008-04-16-03:00,27
2008-04-16-06:00,34
2008-04-16-09:00,37
2008-04-16-12:00,35
2008-04-16-15:00,28
2008-04-16-18:00,26
2008-04-16-21:00,25
2008-04-17-00:00,21
2008-04-17-03:00,24
2008-04-17-06:00,30
2008-04-17-09:00,33
2008-04-17-12:00,32
2008-04-17-15:00,28
2008-04-17-18:00,26
2008-04-17-21:00,26
2008-04-18-00:00,22
2008-04-18-03:00,25
2008-04-18-09:00,35
2008-04-18-12:00,35
2008-04-18-15:00,29
2008-04-18-18:00,27
2008-04-18-21:00,25
2008-04-19-00:00,21
2008-04-19-03:00,27
2008-04-19-06:00,35
2008-04-19-09:00,37
2008-04-19-12:00,36
2008-04-19-15:00,29
2008-04-19-18:00,25
2008-04-19-21:00,24
2008-04-20-00:00,21
2008-04-20-03:00,26
2008-04-20-06:00,36
2008-04-20-12:00,37
2008-04-20-15:00,30
2008-04-20-18:00,28
2008-04-20-21:00,25
2008-04-21-00:00,25
2008-04-21-03:00,28
2008-04-21-06:00,36
2008-04-21-09:00,39
2008-04-21-12:00,38
2008-04-21-15:00,31
2008-04-21-18:00,27
2008-04-21-21:00,25
2008-04-22-00:00,25
2008-04-22-03:00,28
2008-04-22-06:00,38
2008-04-22-09:00,40
2008-04-22-12:00,39
2008-04-22-15:00,30
2008-04-22-18:00,27
2008-04-22-21:00,26
2008-04-23-00:00,25
2008-04-23-03:00,29
2008-04-23-06:00,38
2008-04-23-09:00,40
2008-04-23-12:00,39
2008-04-23-15:00,30
2008-04-23-18:00,26
2008-04-23-21:00,25
2008-04-24-00:00,23
2008-04-24-03:00,28
2008-04-24-06:00,38
2008-04-24-09:00,40
2008-04-24-12:00,39
2008-04-24-15:00,30
2008-04-24-18:00,26
2008-04-24-21:00,25
2008-04-25-00:00,23
2008-04-25-03:00,29
2008-04-25-06:00,38
2008-04-25-09:00,39
2008-04-25-12:00,39
2008-04-25-15:00,30
2008-04-25-18:00,26
2008-04-25-21:00,26
2008-04-26-00:00,27
2008-04-26-03:00,29
2008-04-26-06:00,38
2008-04-26-09:00,41
2008-04-26-12:00,39
2008-04-26-15:00,34
2008-04-26-18:00,29
2008-04-26-21:00,27
2008-04-27-00:00,25
2008-04-27-03:00,30
2008-04-27-06:00,37
2008-04-27-09:00,40
2008-04-27-12:00,38
2008-04-27-15:00,32
2008-04-27-18:00,26
2008-04-27-21:00,26
2008-04-28-00:00,22
2008-04-28-03:00,29
2008-04-28-06:00,38
2008-04-28-09:00,40
2008-04-28-12:00,39
2008-04-28-15:00,30
2008-04-28-18:00,27
2008-04-28-21:00,25
2008-04-29-00:00,22
2008-04-29-03:00,27
2008-04-29-06:00,38
2008-04-29-09:00,40
2008-04-29-12:00,40
2008-04-29-15:00,30
2008-04-29-18:00,26
2008-04-29-21:00,25
2008-04-30-00:00,22
2008-04-30-03:00,29
2008-04-30-06:00,39
2008-04-30-09:00,41
2008-04-30-15:00,32
2008-04-30-18:00,27
2008-04-30-21:00,25
2008-05-01-00:00,25
2008-05-01-03:00,31
2008-05-01-06:00,39
2008-05-01-09:00,42
2008-05-01-15:00,34
2008-05-01-18:00,34
2008-05-01-21:00,32
2008-05-02-00:00,30
2008-05-02-03:00,31
2008-05-02-06:00,37
2008-05-02-09:00,40
2008-05-02-15:00,31
2008-05-02-18:00,29
2008-05-02-21:00,29
2008-05-03-00:00,29
2008-05-03-03:00,31
2008-05-03-06:00,39
2008-05-03-09:00,42
2008-05-03-12:00,42
2008-05-03-15:00,33
2008-05-03-18:00,29
2008-05-03-21:00,28
2008-05-04-00:00,33
2008-05-04-03:00,34
2008-05-04-06:00,40
2008-05-04-12:00,40
2008-05-04-15:00,38
2008-05-04-18:00,33
2008-05-04-21:00,31
2008-05-05-00:00,30
2008-05-05-03:00,29
2008-05-05-06:00,36
2008-05-05-09:00,36
2008-05-05-12:00,36
2008-05-05-15:00,27
2008-05-05-18:00,29
2008-05-05-21:00,28
2008-05-06-00:00,26
2008-05-06-03:00,29
2008-05-06-06:00,35
2008-05-06-12:00,38
2008-05-06-15:00,33
2008-05-06-18:00,28
2008-05-06-21:00,28
2008-05-07-00:00,26
2008-05-07-03:00,29
2008-05-07-06:00,30
2008-05-07-09:00,36
2008-05-07-12:00,37
2008-05-07-15:00,30
2008-05-07-18:00,27
2008-05-07-21:00,26
2008-05-08-00:00,24
2008-05-08-03:00,29
2008-05-08-06:00,36
2008-05-08-09:00,38
2008-05-08-12:00,38
2008-05-08-18:00,30
2008-05-08-21:00,28
2008-05-09-00:00,26
2008-05-09-03:00,29
2008-05-09-06:00,33
2008-05-09-09:00,37
2008-05-09-12:00,36
2008-05-09-15:00,32
2008-05-09-18:00,29
2008-05-09-21:00,27
2008-05-10-00:00,27
2008-05-10-03:00,30
2008-05-10-06:00,32
2008-05-10-09:00,35
2008-05-10-12:00,36
2008-05-10-15:00,32
2008-05-10-18:00,28
2008-05-11-00:00,27
2008-05-11-03:00,23
2008-05-11-06:00,33
2008-05-11-09:00,36
2008-05-11-12:00,37
2008-05-11-15:00,32
2008-05-11-18:00,29
2008-05-11-21:00,27
2008-05-12-00:00,26
2008-05-12-03:00,29
2008-05-12-06:00,36
2008-05-12-09:00,39
2008-05-12-12:00,39
2008-05-12-15:00,33
2008-05-12-18:00,30
2008-05-12-21:00,28
2008-05-13-00:00,28
2008-05-13-03:00,29
2008-05-13-06:00,34
2008-05-13-09:00,37
2008-05-13-12:00,37
2008-05-13-15:00,32
2008-05-13-18:00,29
2008-05-13-21:00,28
2008-05-14-00:00,27
2008-05-14-03:00,31
2008-05-14-06:00,22
2008-05-14-09:00,30
2008-05-14-12:00,32
2008-05-14-15:00,28
2008-05-14-18:00,26
2008-05-14-21:00,26
2008-05-15-00:00,24
2008-05-15-03:00,27
2008-05-15-06:00,34
2008-05-15-09:00,37
2008-05-15-12:00,38
2008-05-15-15:00,32
2008-05-15-18:00,29
2008-05-15-21:00,28
2008-05-16-00:00,30
2008-05-16-03:00,32
2008-05-16-06:00,36
2008-05-16-09:00,40
2008-05-16-12:00,40
2008-05-16-15:00,35
2008-05-16-18:00,30
2008-05-16-21:00,29
2008-05-17-00:00,28
2008-05-17-03:00,34
2008-05-17-06:00,38
2008-05-17-09:00,41
2008-05-17-12:00,41
2008-05-17-15:00,27
2008-05-17-18:00,27
2008-05-17-21:00,29
2008-05-18-00:00,31
2008-05-18-03:00,31
2008-05-18-06:00,34
2008-05-18-09:00,37
2008-05-18-12:00,37
2008-05-18-15:00,33
2008-05-18-18:00,28
2008-05-18-21:00,23
2008-05-19-00:00,23
2008-05-19-03:00,27
2008-05-19-06:00,24
2008-05-19-09:00,30
2008-05-19-12:00,29
2008-05-19-15:00,27
2008-05-19-18:00,25
2008-05-19-21:00,24
2008-05-20-00:00,22
2008-05-20-03:00,24
2008-05-20-06:00,25
2008-05-20-09:00,27
2008-05-20-12:00,28
2008-05-20-15:00,26
2008-05-20-18:00,25
2008-05-20-21:00,21
2008-05-21-00:00,20
2008-05-21-03:00,21
2008-05-21-09:00,22
2008-05-21-12:00,25
2008-05-21-15:00,24
2008-05-21-18:00,24
2008-05-21-21:00,23
2008-05-22-00:00,23
2008-05-22-03:00,23
2008-05-22-06:00,23
2008-05-22-09:00,26
2008-05-22-15:00,23
2008-05-22-18:00,22
2008-05-22-21:00,22
2008-05-23-00:00,21
2008-05-23-03:00,24
2008-05-23-06:00,30
2008-05-23-09:00,32
2008-05-23-12:00,33
2008-05-23-15:00,29
2008-05-23-18:00,28
2008-05-23-21:00,25
2008-05-24-00:00,24
2008-05-24-03:00,27
2008-05-24-06:00,30
2008-05-24-09:00,32
2008-05-24-12:00,32
2008-05-24-15:00,29
2008-05-24-18:00,27
2008-05-24-21:00,25
2008-05-25-00:00,25
2008-05-25-03:00,28
2008-05-25-06:00,33
2008-05-25-09:00,35
2008-05-25-12:00,33
2008-05-25-15:00,29
2008-05-25-18:00,27
2008-05-25-21:00,26
2008-05-26-00:00,25
2008-05-26-03:00,29
2008-05-26-06:00,22
2008-05-26-09:00,30
2008-05-26-12:00,33
2008-05-26-15:00,27
2008-05-26-18:00,25
2008-05-26-21:00,25
2008-05-27-00:00,23
2008-05-27-03:00,29
2008-05-27-06:00,33
2008-05-27-09:00,36
2008-05-27-12:00,36
2008-05-27-15:00,31
2008-05-27-18:00,28
2008-05-27-21:00,25
2008-05-28-00:00,24
2008-05-28-03:00,29
2008-05-28-06:00,35
2008-05-28-09:00,34
2008-05-28-12:00,35
2008-05-28-15:00,30
2008-05-28-18:00,27
2008-05-28-21:00,35
2008-05-29-00:00,25
2008-05-29-03:00,30
2008-05-29-06:00,35
2008-05-29-09:00,38
2008-05-29-12:00,35
2008-05-29-15:00,31
2008-05-29-18:00,28
2008-05-29-21:00,25
2008-05-30-00:00,24
2008-05-30-03:00,28
2008-05-30-06:00,34
2008-05-30-09:00,36
2008-05-30-12:00,37
2008-05-30-15:00,32
2008-05-30-18:00,29
2008-05-30-21:00,28
2008-05-31-00:00,27
2008-05-31-03:00,31
2008-05-31-06:00,35
2008-05-31-09:00,38
2008-05-31-12:00,31
2008-05-31-15:00,28
2008-05-31-18:00,26
2008-05-31-21:00,26
2008-06-01-00:00,26
2008-06-01-03:00,25
2008-06-01-06:00,31
2008-06-01-09:00,35
2008-06-01-12:00,36
2008-06-01-15:00,31
2008-06-01-18:00,29
2008-06-01-21:00,27
2008-06-02-00:00,26
2008-06-02-03:00,30
2008-06-02-06:00,36
2008-06-02-09:00,38
2008-06-02-12:00,36
2008-06-02-15:00,32
2008-06-02-18:00,30
2008-06-02-21:00,28
2008-06-03-00:00,27
2008-06-03-03:00,28
2008-06-03-06:00,31
2008-06-03-09:00,34
2008-06-03-12:00,33
2008-06-03-15:00,30
2008-06-03-18:00,28
2008-06-03-21:00,27
2008-06-04-00:00,26
2008-06-04-03:00,30
2008-06-04-06:00,35
2008-06-04-09:00,37
2008-06-04-12:00,37
2008-06-04-15:00,34
2008-06-04-18:00,28
2008-06-04-21:00,28
2008-06-05-00:00,28
2008-06-05-03:00,30
2008-06-05-06:00,30
2008-06-05-09:00,34
2008-06-05-12:00,35
2008-06-05-15:00,32
2008-06-05-18:00,30
2008-06-05-21:00,29
2008-06-06-00:00,28
2008-06-06-03:00,28
2008-06-06-06:00,34
2008-06-06-09:00,37
2008-06-06-12:00,37
2008-06-06-15:00,34
2008-06-06-18:00,32
2008-06-06-21:00,30
2008-06-07-00:00,28
2008-06-07-03:00,28
2008-06-07-06:00,31
2008-06-07-09:00,31
2008-06-07-12:00,31
2008-06-07-15:00,28
2008-06-07-18:00,27
2008-06-07-21:00,26
2008-06-08-00:00,26
2008-06-08-03:00,27
2008-06-08-06:00,33
2008-06-08-09:00,35
2008-06-08-12:00,34
2008-06-08-15:00,32
2008-06-08-18:00,30
2008-06-08-21:00,28
2008-06-09-00:00,27
2008-06-09-03:00,29
2008-06-09-06:00,34
2008-06-09-09:00,35
2008-06-09-12:00,33
2008-06-09-15:00,30
2008-06-09-18:00,28
2008-06-09-21:00,27
2008-06-10-00:00,26
2008-06-10-03:00,29
2008-06-10-06:00,34
2008-06-10-09:00,36
2008-06-10-12:00,36
2008-06-10-15:00,33
2008-06-10-18:00,31
2008-06-10-21:00,30
2008-06-11-00:00,29
2008-06-11-03:00,31
2008-06-11-06:00,36
2008-06-11-09:00,33
2008-06-11-12:00,35
2008-06-11-15:00,32
2008-06-11-18:00,31
2008-06-11-21:00,30
2008-06-12-00:00,29
2008-06-12-03:00,32
2008-06-12-06:00,33
2008-06-12-09:00,35
2008-06-12-12:00,34
2008-06-12-15:00,32
2008-06-12-18:00,30
2008-06-12-21:00,29
2008-06-13-00:00,29
2008-06-13-03:00,30
2008-06-13-06:00,32
2008-06-13-09:00,28
2008-06-13-12:00,29
2008-06-13-15:00,27
2008-06-13-18:00,26
2008-06-13-21:00,25
2008-06-14-00:00,25
2008-06-14-03:00,30
2008-06-14-06:00,33
2008-06-14-09:00,35
2008-06-14-12:00,32
2008-06-14-15:00,31
2008-06-14-18:00,30
2008-06-14-21:00,29
2008-06-15-00:00,28
2008-06-15-03:00,28
2008-06-15-06:00,28
2008-06-15-09:00,27
2008-06-15-12:00,29
2008-06-15-15:00,27
2008-06-15-18:00,27
2008-06-15-21:00,26
2008-06-16-00:00,26
2008-06-16-03:00,27
2008-06-16-06:00,26
2008-06-16-09:00,27
2008-06-16-12:00,28
2008-06-16-15:00,28
2008-06-16-18:00,27
2008-06-16-21:00,27
2008-06-17-00:00,26
2008-06-17-03:00,28
2008-06-17-06:00,32
2008-06-17-09:00,32
2008-06-17-12:00,31
2008-06-17-15:00,29
2008-06-17-18:00,28
2008-06-17-21:00,27
2008-06-18-00:00,26
2008-06-18-03:00,28
2008-06-18-06:00,32
2008-06-18-09:00,35
2008-06-18-12:00,33
2008-06-18-15:00,30
2008-06-18-18:00,29
2008-06-18-21:00,28
2008-06-19-00:00,27
2008-06-19-03:00,30
2008-06-19-06:00,33
2008-06-19-09:00,32
2008-06-19-12:00,32
2008-06-19-15:00,30
2008-06-19-18:00,29
2008-06-19-21:00,28
2008-06-20-00:00,27
2008-06-20-03:00,29
2008-06-20-06:00,33
2008-06-20-09:00,35
2008-06-20-12:00,26
2008-06-20-15:00,28
2008-06-20-18:00,27
2008-06-20-21:00,26
2008-06-21-00:00,26
2008-06-21-03:00,28
2008-06-21-06:00,30
2008-06-21-09:00,33
2008-06-21-12:00,33
2008-06-21-15:00,31
2008-06-21-18:00,31
2008-06-21-21:00,30
2008-06-22-00:00,28
2008-06-22-03:00,29
2008-06-22-06:00,33
2008-06-22-09:00,34
2008-06-22-12:00,34
2008-06-22-15:00,30
2008-06-22-18:00,29
2008-06-22-21:00,28
2008-06-23-00:00,28
2008-06-23-03:00,30
2008-06-23-06:00,33
2008-06-23-09:00,35
2008-06-23-12:00,36
2008-06-23-15:00,33
2008-06-23-18:00,32
2008-06-23-21:00,31
2008-06-24-00:00,29
2008-06-24-03:00,27
2008-06-24-06:00,30
2008-06-24-09:00,31
2008-06-24-12:00,33
2008-06-24-15:00,31
2008-06-24-18:00,29
2008-06-24-21:00,28
2008-06-25-00:00,27
2008-06-25-03:00,29
2008-06-25-06:00,30
2008-06-25-09:00,34
2008-06-25-12:00,34
2008-06-25-15:00,32
2008-06-25-18:00,30
2008-06-25-21:00,30
2008-06-26-00:00,29
2008-06-26-03:00,31
2008-06-26-06:00,35
2008-06-26-09:00,36
2008-06-26-12:00,35
2008-06-26-18:00,32
2008-06-26-21:00,31
2008-06-27-00:00,30
2008-06-27-03:00,31
2008-06-27-06:00,32
2008-06-27-09:00,28
2008-06-27-12:00,28
2008-06-27-15:00,27
2008-06-27-18:00,26
2008-06-27-21:00,26
2008-06-28-00:00,26
2008-06-28-03:00,27
2008-06-28-06:00,29
2008-06-28-09:00,32
2008-06-28-12:00,30
2008-06-28-15:00,30
2008-06-28-18:00,28
2008-06-28-21:00,27
2008-06-29-00:00,26
2008-06-29-03:00,29
2008-06-29-06:00,33
2008-06-29-09:00,35
2008-06-29-12:00,34
2008-06-29-15:00,28
2008-06-29-18:00,28
2008-06-29-21:00,27
2008-06-30-00:00,27
2008-06-30-03:00,28
2008-06-30-06:00,31
2008-06-30-09:00,35
2008-06-30-12:00,32
2008-06-30-15:00,30
2008-06-30-18:00,29
2008-06-30-21:00,28
2008-07-01-00:00,28
2008-07-01-03:00,30
2008-07-01-06:00,34
2008-07-01-09:00,35
2008-07-01-12:00,35
2008-07-01-15:00,32
2008-07-01-18:00,30
2008-07-01-21:00,29
2008-07-02-00:00,28
2008-07-02-03:00,30
2008-07-02-06:00,34
2008-07-02-09:00,36
2008-07-02-12:00,36
2008-07-02-15:00,33
2008-07-02-18:00,31
2008-07-02-21:00,30
2008-07-03-00:00,30
2008-07-03-03:00,32
2008-07-03-06:00,35
2008-07-03-09:00,38
2008-07-03-12:00,36
2008-07-03-15:00,33
2008-07-03-18:00,30
2008-07-03-21:00,29
2008-07-04-00:00,28
2008-07-04-03:00,30
2008-07-04-06:00,35
2008-07-04-09:00,37
2008-07-04-12:00,37
2008-07-04-15:00,35
2008-07-04-18:00,33
2008-07-04-21:00,32
2008-07-05-00:00,31
2008-07-05-03:00,32
2008-07-05-06:00,34
2008-07-05-09:00,31
2008-07-05-12:00,31
2008-07-05-15:00,31
2008-07-05-18:00,29
2008-07-05-21:00,29
2008-07-06-00:00,29
2008-07-06-03:00,28
2008-07-06-06:00,29
2008-07-06-09:00,28
2008-07-06-12:00,28
2008-07-06-18:00,27
2008-07-07-00:00,26
2008-07-07-03:00,27
2008-07-07-06:00,30
2008-07-07-09:00,32
2008-07-07-12:00,27
2008-07-07-15:00,27
2008-07-07-18:00,27
2008-07-07-21:00,27
2008-07-08-00:00,27
2008-07-08-03:00,28
2008-07-08-06:00,33
2008-07-08-09:00,30
2008-07-08-12:00,31
2008-07-08-15:00,30
2008-07-08-18:00,28
2008-07-08-21:00,25
2008-07-09-00:00,26
2008-07-09-03:00,28
2008-07-09-06:00,30
2008-07-09-09:00,34
2008-07-09-12:00,32
2008-07-09-15:00,28
2008-07-09-18:00,27
2008-07-09-21:00,27
2008-07-10-00:00,27
2008-07-10-03:00,30
2008-07-10-06:00,32
2008-07-10-09:00,34
2008-07-10-12:00,34
2008-07-10-15:00,32
2008-07-10-18:00,30
2008-07-10-21:00,29
2008-07-11-00:00,28
2008-07-11-03:00,30
2008-07-11-06:00,34
2008-07-11-09:00,36
2008-07-11-12:00,35
2008-07-11-15:00,31
2008-07-11-18:00,30
2008-07-11-21:00,29
2008-07-12-00:00,27
2008-07-12-03:00,29
2008-07-12-06:00,33
2008-07-12-09:00,31
2008-07-12-12:00,31
2008-07-12-15:00,27
2008-07-12-18:00,26
2008-07-12-21:00,25
2008-07-13-00:00,26
2008-07-13-03:00,27
2008-07-13-06:00,29
2008-07-13-09:00,29
2008-07-13-12:00,31
2008-07-13-15:00,29
2008-07-13-18:00,28
2008-07-13-21:00,27
2008-07-14-00:00,24
2008-07-14-03:00,26
2008-07-14-06:00,30
2008-07-14-09:00,33
2008-07-14-12:00,33
2008-07-14-15:00,30
2008-07-14-18:00,26
2008-07-14-21:00,25
2008-07-15-00:00,25
2008-07-15-03:00,27
2008-07-15-06:00,32
2008-07-15-09:00,34
2008-07-15-12:00,34
2008-07-15-15:00,32
2008-07-15-18:00,30
2008-07-15-21:00,29
2008-07-16-00:00,29
2008-07-16-03:00,30
2008-07-16-06:00,33
2008-07-16-09:00,35
2008-07-16-12:00,35
2008-07-16-15:00,32
2008-07-16-18:00,30
2008-07-16-21:00,30
2008-07-17-00:00,30
2008-07-17-03:00,30
2008-07-17-06:00,31
2008-07-17-09:00,34
2008-07-17-12:00,34
2008-07-17-15:00,32
2008-07-17-18:00,30
2008-07-17-21:00,29
2008-07-18-00:00,28
2008-07-18-03:00,31
2008-07-18-06:00,34
2008-07-18-09:00,36
2008-07-18-12:00,35
2008-07-18-15:00,33
2008-07-18-18:00,31
2008-07-18-21:00,30
2008-07-19-00:00,30
2008-07-19-03:00,31
2008-07-19-06:00,34
2008-07-19-09:00,36
2008-07-19-12:00,36
2008-07-19-15:00,33
2008-07-19-18:00,30
2008-07-19-21:00,29
2008-07-20-00:00,27
2008-07-20-03:00,26
2008-07-20-06:00,30
2008-07-20-09:00,32
2008-07-20-12:00,33
2008-07-20-18:00,29
2008-07-20-21:00,28
2008-07-21-00:00,27
2008-07-21-03:00,28
2008-07-21-06:00,32
2008-07-21-09:00,32
2008-07-21-12:00,33
2008-07-21-15:00,29
2008-07-21-21:00,29
2008-07-22-00:00,28
2008-07-22-03:00,29
2008-07-22-06:00,33
2008-07-22-09:00,34
2008-07-22-12:00,34
2008-07-22-15:00,32
2008-07-22-18:00,31
2008-07-22-21:00,30
2008-07-23-00:00,30
2008-07-23-03:00,31
2008-07-23-06:00,35
2008-07-23-09:00,36
2008-07-23-12:00,36
2008-07-23-15:00,33
2008-07-23-18:00,32
2008-07-23-21:00,32
2008-07-24-00:00,28
2008-07-24-03:00,31
2008-07-24-06:00,34
2008-07-24-09:00,37
2008-07-24-12:00,33
2008-07-24-15:00,32
2008-07-24-18:00,30
2008-07-24-21:00,29
2008-07-25-00:00,29
2008-07-25-03:00,31
2008-07-25-06:00,36
2008-07-25-09:00,33
2008-07-25-12:00,33
2008-07-25-15:00,28
2008-07-25-18:00,29
2008-07-25-21:00,29
2008-07-26-00:00,28
2008-07-26-03:00,30
2008-07-26-06:00,33
2008-07-26-09:00,35
2008-07-26-12:00,27
2008-07-26-15:00,26
2008-07-26-18:00,27
2008-07-26-21:00,26
2008-07-27-00:00,27
2008-07-27-03:00,29
2008-07-27-06:00,32
2008-07-27-09:00,29
2008-07-27-12:00,30
2008-07-27-15:00,29
2008-07-27-18:00,28
2008-07-28-00:00,27
2008-07-28-03:00,29
2008-07-28-06:00,33
2008-07-28-09:00,36
2008-07-28-12:00,35
2008-07-28-15:00,32
2008-07-28-18:00,30
2008-07-28-21:00,29
2008-07-29-00:00,29
2008-07-29-03:00,31
2008-07-29-06:00,36
2008-07-29-09:00,36
2008-07-29-12:00,36
2008-07-29-15:00,33
2008-07-29-18:00,31
2008-07-29-21:00,31
2008-07-30-00:00,29
2008-07-30-03:00,30
2008-07-30-06:00,34
2008-07-30-09:00,36
2008-07-30-12:00,35
2008-07-30-15:00,32
2008-07-30-21:00,30
2008-07-31-00:00,29
2008-07-31-03:00,30
2008-07-31-06:00,31
2008-07-31-09:00,28
2008-07-31-12:00,30
2008-07-31-15:00,28
2008-07-31-21:00,27
2008-08-01-00:00,27
2008-08-01-03:00,28
2008-08-01-06:00,33
2008-08-01-09:00,35
2008-08-01-12:00,32
2008-08-01-15:00,30
2008-08-01-18:00,30
2008-08-01-21:00,29
2008-08-02-00:00,28
2008-08-02-03:00,30
2008-08-02-06:00,34
2008-08-02-09:00,35
2008-08-02-12:00,33
2008-08-02-15:00,31
2008-08-02-18:00,30
2008-08-02-21:00,29
2008-08-03-00:00,28
2008-08-03-03:00,30
2008-08-03-06:00,35
2008-08-03-09:00,34
2008-08-03-12:00,31
2008-08-03-15:00,28
2008-08-03-18:00,28
2008-08-03-21:00,28
2008-08-04-00:00,27
2008-08-04-03:00,29
2008-08-04-06:00,32
2008-08-04-09:00,33
2008-08-04-12:00,27
2008-08-04-15:00,26
2008-08-04-18:00,25
2008-08-04-21:00,25
2008-08-05-00:00,26
2008-08-05-03:00,26
2008-08-05-06:00,28
2008-08-05-09:00,32
2008-08-05-12:00,30
2008-08-05-15:00,28
2008-08-05-18:00,27
2008-08-05-21:00,27
2008-08-06-00:00,27
2008-08-06-03:00,29
2008-08-06-06:00,32
2008-08-06-09:00,33
2008-08-06-12:00,30
2008-08-06-15:00,26
2008-08-06-18:00,27
2008-08-06-21:00,26
2008-08-07-00:00,26
2008-08-07-03:00,27
2008-08-07-06:00,28
2008-08-07-09:00,30
2008-08-07-12:00,30
2008-08-07-15:00,28
2008-08-07-18:00,28
2008-08-07-21:00,28
2008-08-08-00:00,26
2008-08-08-03:00,25
2008-08-08-06:00,26
2008-08-08-09:00,26
2008-08-08-12:00,26
2008-08-08-15:00,26
2008-08-08-18:00,26
2008-08-08-21:00,25
2008-08-09-00:00,25
2008-08-09-03:00,27
2008-08-09-06:00,31
2008-08-09-09:00,33
2008-08-09-12:00,33
2008-08-09-15:00,30
2008-08-09-18:00,29
2008-08-09-21:00,28
2008-08-10-00:00,28
2008-08-10-03:00,30
2008-08-10-06:00,33
2008-08-10-09:00,32
2008-08-10-12:00,31
2008-08-10-15:00,30
2008-08-10-18:00,29
2008-08-10-21:00,29
2008-08-11-00:00,27
2008-08-11-03:00,30
2008-08-11-06:00,35
2008-08-11-09:00,35
2008-08-11-12:00,35
2008-08-11-15:00,31
2008-08-11-18:00,30
2008-08-11-21:00,28
2008-08-12-00:00,28
2008-08-12-03:00,29
2008-08-12-06:00,30
2008-08-12-09:00,29
2008-08-12-12:00,29
2008-08-12-15:00,29
2008-08-12-18:00,28
2008-08-12-21:00,27
2008-08-13-00:00,27
2008-08-13-03:00,27
2008-08-13-06:00,27
2008-08-13-09:00,29
2008-08-13-12:00,29
2008-08-13-15:00,28
2008-08-13-18:00,28
2008-08-13-21:00,27
2008-08-14-00:00,27
2008-08-14-03:00,28
2008-08-14-06:00,32
2008-08-14-09:00,29
2008-08-14-12:00,28
2008-08-14-15:00,26
2008-08-14-18:00,26
2008-08-14-21:00,26
2008-08-15-00:00,25
2008-08-15-03:00,26
2008-08-15-06:00,29
2008-08-15-09:00,30
2008-08-15-12:00,30
2008-08-15-15:00,28
2008-08-15-18:00,27
2008-08-15-21:00,27
2008-08-16-00:00,27
2008-08-16-03:00,28
2008-08-16-06:00,29
2008-08-16-09:00,32
2008-08-16-12:00,32
2008-08-16-15:00,29
2008-08-16-18:00,29
2008-08-16-21:00,28
2008-08-17-00:00,27
2008-08-17-03:00,28
2008-08-17-06:00,31
2008-08-17-09:00,32
2008-08-17-12:00,25
2008-08-17-15:00,26
2008-08-17-18:00,26
2008-08-17-21:00,26
2008-08-18-00:00,27
2008-08-18-03:00,28
2008-08-18-06:00,32
2008-08-18-09:00,33
2008-08-18-12:00,34
2008-08-18-15:00,30
2008-08-18-18:00,30
2008-08-18-21:00,30
2008-08-19-00:00,27
2008-08-19-03:00,27
2008-08-19-06:00,32
2008-08-19-09:00,34
2008-08-19-15:00,31
2008-08-19-18:00,29
2008-08-20-00:00,27
2008-08-20-03:00,28
2008-08-20-06:00,32
2008-08-20-09:00,34
2008-08-20-12:00,34
2008-08-20-15:00,30
2008-08-20-18:00,30
2008-08-20-21:00,29
2008-08-21-00:00,27
2008-08-21-03:00,27
2008-08-21-06:00,27
2008-08-21-09:00,30
2008-08-21-12:00,30
2008-08-21-15:00,28
2008-08-21-18:00,28
2008-08-21-21:00,28
2008-08-22-00:00,27
2008-08-22-03:00,28
2008-08-22-06:00,28
2008-08-22-09:00,30
2008-08-22-12:00,30
2008-08-22-15:00,28
2008-08-22-18:00,28
2008-08-22-21:00,27
2008-08-23-00:00,27
2008-08-23-03:00,29
2008-08-23-06:00,33
2008-08-23-09:00,34
2008-08-23-12:00,31
2008-08-23-15:00,29
2008-08-23-18:00,28
2008-08-23-21:00,28
2008-08-24-00:00,27
2008-08-24-03:00,29
2008-08-24-06:00,33
2008-08-24-09:00,35
2008-08-24-12:00,34
2008-08-24-15:00,31
2008-08-24-18:00,30
2008-08-24-21:00,29
2008-08-25-00:00,28
2008-08-25-03:00,31
2008-08-25-06:00,34
2008-08-25-09:00,35
2008-08-25-12:00,34
2008-08-25-15:00,31
2008-08-25-18:00,30
2008-08-25-21:00,30
2008-08-26-00:00,29
2008-08-26-03:00,31
2008-08-26-06:00,33
2008-08-26-09:00,33
2008-08-26-12:00,34
2008-08-26-15:00,31
2008-08-26-18:00,30
2008-08-26-21:00,29
2008-08-27-00:00,28
2008-08-27-03:00,30
2008-08-27-06:00,34
2008-08-27-09:00,37
2008-08-27-12:00,36
2008-08-27-15:00,33
2008-08-27-18:00,31
2008-08-27-21:00,30
2008-08-28-00:00,30
2008-08-28-03:00,30
2008-08-28-06:00,34
2008-08-28-09:00,36
2008-08-28-12:00,36
2008-08-28-15:00,32
2008-08-28-18:00,32
2008-08-28-21:00,31
2008-08-29-00:00,29
2008-08-29-03:00,29
2008-08-29-06:00,34
2008-08-29-09:00,35
2008-08-29-12:00,35
2008-08-29-15:00,32
2008-08-29-18:00,31
2008-08-29-21:00,30
2008-08-30-00:00,27
2008-08-30-03:00,29
2008-08-30-09:00,35
2008-08-30-12:00,35
2008-08-30-15:00,31
2008-08-30-18:00,24
2008-08-30-21:00,24
2008-08-31-00:00,24
2008-08-31-03:00,27
2008-08-31-06:00,33
2008-08-31-09:00,34
2008-08-31-12:00,33
2008-08-31-15:00,30
2008-08-31-18:00,28
2008-08-31-21:00,28
2008-09-01-00:00,27
2008-09-01-03:00,29
2008-09-01-06:00,34
2008-09-01-09:00,35
2008-09-01-12:00,33
2008-09-01-15:00,30
2008-09-01-18:00,28
2008-09-01-21:00,27
2008-09-02-00:00,26
2008-09-02-03:00,28
2008-09-02-06:00,34
2008-09-02-09:00,36
2008-09-02-12:00,34
2008-09-02-15:00,31
2008-09-02-18:00,29
2008-09-02-21:00,28
2008-09-03-00:00,27
2008-09-03-03:00,29
2008-09-03-06:00,35
2008-09-03-09:00,36
2008-09-03-12:00,35
2008-09-03-15:00,32
2008-09-03-18:00,29
2008-09-03-21:00,29
2008-09-04-00:00,28
2008-09-04-03:00,30
2008-09-04-06:00,35
2008-09-04-09:00,37
2008-09-04-12:00,36
2008-09-04-15:00,32
2008-09-04-18:00,30
2008-09-04-21:00,29
2008-09-05-00:00,29
2008-09-05-03:00,31
2008-09-05-06:00,35
2008-09-05-09:00,37
2008-09-05-12:00,36
2008-09-05-15:00,31
2008-09-05-18:00,21
2008-09-05-21:00,23
2008-09-06-00:00,24
2008-09-06-03:00,25
2008-09-06-06:00,30
2008-09-06-09:00,33
2008-09-06-12:00,32
2008-09-06-15:00,29
2008-09-06-18:00,27
2008-09-06-21:00,27
2008-09-07-00:00,25
2008-09-07-03:00,26
2008-09-07-06:00,31
2008-09-07-09:00,32
2008-09-07-12:00,32
2008-09-07-15:00,29
2008-09-07-18:00,24
2008-09-07-21:00,24
2008-09-08-00:00,24
2008-09-08-03:00,27
2008-09-08-06:00,32
2008-09-08-09:00,33
2008-09-08-12:00,33
2008-09-08-15:00,29
2008-09-08-18:00,27
2008-09-08-21:00,27
2008-09-09-00:00,25
2008-09-09-03:00,27
2008-09-09-06:00,32
2008-09-09-09:00,34
2008-09-09-12:00,33
2008-09-09-15:00,30
2008-09-09-18:00,28
2008-09-09-21:00,27
2008-09-10-00:00,25
2008-09-10-03:00,27
2008-09-10-06:00,32
2008-09-10-09:00,33
2008-09-10-12:00,32
2008-09-10-15:00,29
2008-09-10-18:00,28
2008-09-10-21:00,28
2008-09-11-00:00,26
2008-09-11-03:00,28
2008-09-11-06:00,34
2008-09-11-09:00,28
2008-09-11-12:00,27
2008-09-11-15:00,26
2008-09-11-18:00,26
2008-09-11-21:00,26
2008-09-12-00:00,25
2008-09-12-03:00,27
2008-09-12-06:00,34
2008-09-12-09:00,36
2008-09-12-12:00,34
2008-09-12-15:00,29
2008-09-12-18:00,27
2008-09-12-21:00,26
2008-09-13-00:00,26
2008-09-13-03:00,27
2008-09-13-06:00,34
2008-09-13-09:00,35
2008-09-13-12:00,34
2008-09-13-15:00,30
2008-09-13-18:00,29
2008-09-13-21:00,28
2008-09-14-00:00,27
2008-09-14-03:00,28
2008-09-14-06:00,35
2008-09-14-09:00,36
2008-09-14-12:00,33
2008-09-14-15:00,30
2008-09-14-18:00,28
2008-09-14-21:00,28
2008-09-15-00:00,27
2008-09-15-03:00,28
2008-09-15-06:00,34
2008-09-15-09:00,28
2008-09-15-12:00,31
2008-09-15-15:00,29
2008-09-15-18:00,27
2008-09-15-21:00,27
2008-09-16-00:00,25
2008-09-16-03:00,27
2008-09-16-06:00,32
2008-09-16-09:00,34
2008-09-16-12:00,34
2008-09-16-15:00,30
2008-09-16-18:00,29
2008-09-16-21:00,28
2008-09-17-00:00,26
2008-09-17-03:00,28
2008-09-17-06:00,33
2008-09-17-09:00,34
2008-09-17-12:00,24
2008-09-17-15:00,24
2008-09-17-18:00,24
2008-09-17-21:00,25
2008-09-18-00:00,24
2008-09-18-03:00,25
2008-09-18-06:00,29
2008-09-18-09:00,28
2008-09-18-15:00,25
2008-09-18-18:00,23
2008-09-18-21:00,23
2008-09-19-00:00,23
2008-09-19-03:00,25
2008-09-19-06:00,26
2008-09-19-09:00,27
2008-09-19-12:00,26
2008-09-19-15:00,25
2008-09-19-18:00,22
2008-09-19-21:00,22
2008-09-20-00:00,22
2008-09-20-03:00,22
2008-09-20-06:00,23
2008-09-20-09:00,26
2008-09-20-12:00,26
2008-09-20-15:00,25
2008-09-20-18:00,24
2008-09-20-21:00,23
2008-09-21-00:00,23
2008-09-21-03:00,23
2008-09-21-06:00,24
2008-09-21-09:00,26
2008-09-21-12:00,27
2008-09-21-15:00,24
2008-09-21-18:00,23
2008-09-21-21:00,22
2008-09-22-00:00,22
2008-09-22-03:00,24
2008-09-22-06:00,29
2008-09-22-09:00,31
2008-09-22-12:00,30
2008-09-22-15:00,27
2008-09-22-18:00,26
2008-09-22-21:00,24
2008-09-23-00:00,22
2008-09-23-03:00,25
2008-09-23-06:00,30
2008-09-23-09:00,31
2008-09-23-12:00,30
2008-09-23-15:00,26
2008-09-23-18:00,24
2008-09-23-21:00,23
2008-09-24-00:00,22
2008-09-24-03:00,25
2008-09-24-06:00,30
2008-09-24-09:00,32
2008-09-24-12:00,31
2008-09-24-15:00,27
2008-09-24-18:00,25
2008-09-24-21:00,24
2008-09-25-00:00,24
2008-09-25-03:00,26
2008-09-25-06:00,31
2008-09-25-09:00,33
2008-09-25-12:00,32
2008-09-25-15:00,28
2008-09-25-18:00,27
2008-09-25-21:00,26
2008-09-26-00:00,25
2008-09-26-03:00,26
2008-09-26-06:00,30
2008-09-26-09:00,33
2008-09-26-15:00,29
2008-09-26-18:00,27
2008-09-26-21:00,26
2008-09-27-00:00,25
2008-09-27-03:00,27
2008-09-27-06:00,31
2008-09-27-09:00,34
2008-09-27-12:00,33
2008-09-27-15:00,29
2008-09-27-18:00,27
2008-09-27-21:00,26
2008-09-28-00:00,26
2008-09-28-03:00,27
2008-09-28-06:00,31
2008-09-28-09:00,34
2008-09-28-12:00,33
2008-09-28-15:00,28
2008-09-28-18:00,27
2008-09-28-21:00,26
2008-09-29-00:00,26
2008-09-29-03:00,27
2008-09-29-06:00,33
2008-09-29-09:00,35
2008-09-29-12:00,30
2008-09-29-15:00,29
2008-09-29-18:00,28
2008-09-29-21:00,28
2008-09-30-00:00,27
2008-09-30-03:00,28
2008-09-30-06:00,32
2008-09-30-09:00,34
2008-09-30-12:00,33
2008-09-30-15:00,29
2008-09-30-18:00,28
2008-09-30-21:00,27
2008-10-01-00:00,26
2008-10-01-03:00,28
2008-10-01-06:00,33
2008-10-01-09:00,34
2008-10-01-12:00,33
2008-10-01-15:00,29
2008-10-01-18:00,27
2008-10-01-21:00,27
2008-10-02-00:00,26
2008-10-02-03:00,27
2008-10-02-06:00,32
2008-10-02-09:00,34
2008-10-02-12:00,33
2008-10-02-15:00,30
2008-10-02-18:00,28
2008-10-02-21:00,27
2008-10-03-00:00,27
2008-10-03-03:00,28
2008-10-03-06:00,33
2008-10-03-09:00,35
2008-10-03-12:00,34
2008-10-03-15:00,30
2008-10-03-18:00,28
2008-10-03-21:00,27
2008-10-04-00:00,26
2008-10-04-03:00,28
2008-10-04-06:00,34
2008-10-04-09:00,36
2008-10-04-12:00,34
2008-10-04-15:00,30
2008-10-04-18:00,28
2008-10-04-21:00,28
2008-10-05-00:00,27
2008-10-05-03:00,28
2008-10-05-06:00,33
2008-10-05-09:00,35
2008-10-05-12:00,34
2008-10-05-15:00,29
2008-10-05-18:00,28
2008-10-05-21:00,28
2008-10-06-00:00,26
2008-10-06-03:00,27
2008-10-06-06:00,33
2008-10-06-09:00,34
2008-10-06-12:00,33
2008-10-06-15:00,29
2008-10-06-18:00,28
2008-10-06-21:00,27
2008-10-07-00:00,25
2008-10-07-03:00,26
2008-10-07-06:00,32
2008-10-07-09:00,36
2008-10-07-12:00,34
2008-10-07-15:00,29
2008-10-07-18:00,28
2008-10-07-21:00,27
2008-10-08-00:00,24
2008-10-08-03:00,26
2008-10-08-06:00,33
2008-10-08-09:00,36
2008-10-08-12:00,34
2008-10-08-15:00,27
2008-10-08-18:00,27
2008-10-08-21:00,26
2008-10-09-00:00,23
2008-10-09-03:00,25
2008-10-09-06:00,33
2008-10-09-09:00,35
2008-10-09-12:00,33
2008-10-09-15:00,27
2008-10-09-18:00,25
2008-10-09-21:00,24
2008-10-10-00:00,23
2008-10-10-03:00,26
2008-10-10-06:00,33
2008-10-10-09:00,34
2008-10-10-12:00,32
2008-10-10-15:00,28
2008-10-10-18:00,25
2008-10-10-21:00,23
2008-10-11-00:00,23
2008-10-11-03:00,25
2008-10-11-06:00,31
2008-10-11-09:00,34
2008-10-11-12:00,31
2008-10-11-15:00,25
2008-10-11-18:00,24
2008-10-11-21:00,22
2008-10-12-00:00,22
2008-10-12-03:00,24
2008-10-12-06:00,33
2008-10-12-09:00,35
2008-10-12-12:00,32
2008-10-12-15:00,26
2008-10-12-18:00,26
2008-10-12-21:00,23
2008-10-13-00:00,22
2008-10-13-03:00,24
2008-10-13-06:00,33
2008-10-13-09:00,34
2008-10-13-12:00,33
2008-10-13-15:00,26
2008-10-13-18:00,24
2008-10-13-21:00,24
2008-10-14-00:00,24
2008-10-14-03:00,25
2008-10-14-06:00,33
2008-10-14-09:00,35
2008-10-14-12:00,33
2008-10-14-15:00,28
2008-10-14-18:00,27
2008-10-14-21:00,25
2008-10-15-00:00,25
2008-10-15-03:00,25
2008-10-15-06:00,30
2008-10-15-09:00,32
2008-10-15-12:00,29
2008-10-15-15:00,25
2008-10-15-18:00,23
2008-10-15-21:00,23
2008-10-16-00:00,22
2008-10-16-03:00,24
2008-10-16-06:00,29
2008-10-16-09:00,28
2008-10-16-12:00,29
2008-10-16-15:00,23
2008-10-16-18:00,22
2008-10-16-21:00,21
2008-10-17-00:00,19
2008-10-17-03:00,22
2008-10-17-06:00,30
2008-10-17-09:00,32
2008-10-17-12:00,31
2008-10-17-15:00,24
2008-10-17-18:00,21
2008-10-17-21:00,20
2008-10-18-00:00,18
2008-10-18-03:00,21
2008-10-18-06:00,29
2008-10-18-09:00,32
2008-10-18-12:00,29
2008-10-18-15:00,22
2008-10-18-18:00,21
2008-10-18-21:00,19
2008-10-19-00:00,18
2008-10-19-03:00,20
2008-10-19-06:00,29
2008-10-19-09:00,32
2008-10-19-12:00,29
2008-10-19-15:00,22
2008-10-19-18:00,20
2008-10-19-21:00,19
2008-10-20-00:00,17
2008-10-20-03:00,20
2008-10-20-06:00,30
2008-10-20-09:00,32
2008-10-20-12:00,30
2008-10-20-15:00,22
2008-10-20-18:00,20
2008-10-20-21:00,20
2008-10-21-00:00,18
2008-10-21-03:00,20
2008-10-21-06:00,29
2008-10-21-09:00,32
2008-10-21-12:00,31
2008-10-21-15:00,23
2008-10-21-18:00,21
2008-10-21-21:00,21
2008-10-22-00:00,20
2008-10-22-03:00,22
2008-10-22-06:00,29
2008-10-22-09:00,31
2008-10-22-12:00,30
2008-10-22-15:00,23
2008-10-22-18:00,22
2008-10-22-21:00,21
2008-10-23-00:00,20
2008-10-23-03:00,21
2008-10-23-06:00,30
2008-10-23-09:00,32
2008-10-23-12:00,30
2008-10-23-15:00,24
2008-10-23-18:00,22
2008-10-23-21:00,21
2008-10-24-00:00,19
2008-10-24-03:00,21
2008-10-24-06:00,31
2008-10-24-09:00,33
2008-10-24-12:00,30
2008-10-24-15:00,22
2008-10-24-18:00,20
2008-10-24-21:00,19
2008-10-25-00:00,18
2008-10-25-03:00,20
2008-10-25-06:00,30
2008-10-25-09:00,32
2008-10-25-12:00,30
2008-10-25-15:00,23
2008-10-25-18:00,21
2008-10-25-21:00,19
2008-10-26-00:00,18
2008-10-26-03:00,20
2008-10-26-06:00,29
2008-10-26-09:00,32
2008-10-26-12:00,29
2008-10-26-15:00,22
2008-10-26-18:00,20
2008-10-26-21:00,20
2008-10-27-00:00,18
2008-10-27-03:00,19
2008-10-27-06:00,29
2008-10-27-09:00,30
2008-10-27-12:00,28
2008-10-27-15:00,22
2008-10-27-18:00,21
2008-10-28-00:00,19
2008-10-28-06:00,28
2008-10-28-09:00,31
2008-10-28-12:00,30
2008-10-28-15:00,22
2008-10-28-18:00,20
2008-10-28-21:00,19
2008-10-29-00:00,18
2008-10-29-03:00,20
2008-10-29-06:00,30
2008-10-29-09:00,32
2008-10-29-12:00,30
2008-10-29-15:00,23
2008-10-29-18:00,21
2008-10-29-21:00,19
2008-10-30-00:00,19
2008-10-30-03:00,21
2008-10-30-06:00,30
2008-10-30-09:00,33
2008-10-30-12:00,31
2008-10-30-15:00,23
2008-10-30-18:00,20
2008-10-30-21:00,19
2008-10-31-00:00,19
2008-10-31-03:00,21
2008-10-31-06:00,28
2008-10-31-09:00,31
2008-10-31-12:00,28
2008-10-31-15:00,24
2008-10-31-18:00,22
2008-10-31-21:00,21
2008-11-01-00:00,18
2008-11-01-03:00,21
2008-11-01-06:00,29
2008-11-01-09:00,32
2008-11-01-12:00,29
2008-11-01-15:00,21
2008-11-01-18:00,19
2008-11-01-21:00,18
2008-11-02-00:00,17
2008-11-02-03:00,20
2008-11-02-06:00,29
2008-11-02-09:00,32
2008-11-02-12:00,29
2008-11-02-15:00,21
2008-11-02-18:00,18
2008-11-02-21:00,17
2008-11-03-00:00,16
2008-11-03-03:00,18
2008-11-03-06:00,30
2008-11-03-09:00,32
2008-11-03-12:00,30
2008-11-03-15:00,22
2008-11-03-18:00,19
2008-11-03-21:00,18
2008-11-04-00:00,17
2008-11-04-03:00,16
2008-11-04-06:00,29
2008-11-04-09:00,32
2008-11-04-12:00,28
2008-11-04-18:00,18
2008-11-04-21:00,18
2008-11-05-00:00,15
2008-11-05-03:00,18
2008-11-05-06:00,27
2008-11-05-09:00,30
2008-11-05-12:00,27
2008-11-05-15:00,19
2008-11-05-18:00,17
2008-11-05-21:00,16
2008-11-06-00:00,15
2008-11-06-03:00,15
2008-11-06-06:00,28
2008-11-06-09:00,30
2008-11-06-12:00,27
2008-11-06-15:00,19
2008-11-06-18:00,17
2008-11-06-21:00,15
2008-11-07-00:00,14
2008-11-07-03:00,15
2008-11-07-06:00,27
2008-11-07-09:00,30
2008-11-07-12:00,26
2008-11-07-15:00,19
2008-11-07-18:00,17
2008-11-07-21:00,16
2008-11-08-00:00,15
2008-11-08-03:00,15
2008-11-08-06:00,26
2008-11-08-09:00,29
2008-11-08-12:00,26
2008-11-08-15:00,19
2008-11-08-18:00,17
2008-11-08-21:00,16
2008-11-09-00:00,15
2008-11-09-03:00,16
2008-11-09-06:00,26
2008-11-09-09:00,29
2008-11-09-12:00,26
2008-11-09-15:00,19
2008-11-09-18:00,18
2008-11-09-21:00,17
2008-11-10-00:00,15
2008-11-10-03:00,17
2008-11-10-06:00,26
2008-11-10-09:00,29
2008-11-10-12:00,25
2008-11-10-15:00,19
2008-11-10-18:00,17
2008-11-10-21:00,16
2008-11-11-00:00,15
2008-11-11-03:00,16
2008-11-11-06:00,27
2008-11-11-09:00,32
2008-11-11-12:00,25
2008-11-11-15:00,20
2008-11-11-18:00,18
2008-11-11-21:00,17
2008-11-12-00:00,15
2008-11-12-03:00,16
2008-11-12-06:00,26
2008-11-12-09:00,30
2008-11-12-12:00,25
2008-11-12-15:00,20
2008-11-12-18:00,18
2008-11-12-21:00,17
2008-11-13-00:00,15
2008-11-13-03:00,16
2008-11-13-06:00,25
2008-11-13-09:00,28
2008-11-13-12:00,25
2008-11-13-15:00,18
2008-11-13-18:00,17
2008-11-13-21:00,16
2008-11-14-00:00,14
2008-11-14-03:00,16
2008-11-14-06:00,26
2008-11-14-09:00,29
2008-11-14-12:00,25
2008-11-14-15:00,19
2008-11-14-18:00,16
2008-11-14-21:00,15
2008-11-15-00:00,14
2008-11-15-03:00,15
2008-11-15-06:00,26
2008-11-15-09:00,29
2008-11-15-12:00,24
2008-11-15-15:00,18
2008-11-15-18:00,16
2008-11-15-21:00,15
2008-11-16-00:00,14
2008-11-16-03:00,15
2008-11-16-06:00,26
2008-11-16-09:00,29
2008-11-16-12:00,24
2008-11-16-15:00,18
2008-11-16-18:00,16
2008-11-16-21:00,15
2008-11-17-00:00,14
2008-11-17-03:00,15
2008-11-17-06:00,25
2008-11-17-09:00,29
2008-11-17-12:00,25
2008-11-17-15:00,18
2008-11-17-18:00,16
2008-11-17-21:00,15
2008-11-18-00:00,15
2008-11-18-03:00,16
2008-11-18-06:00,25
2008-11-18-09:00,28
2008-11-18-12:00,25
2008-11-18-15:00,18
2008-11-18-18:00,16
2008-11-18-21:00,15
2008-11-19-00:00,13
2008-11-19-03:00,15
2008-11-19-06:00,26
2008-11-19-09:00,29
2008-11-19-12:00,25
2008-11-19-15:00,19
2008-11-19-18:00,18
2008-11-19-21:00,17
2008-11-20-00:00,16
2008-11-20-03:00,17
2008-11-20-06:00,22
2008-11-20-09:00,24
2008-11-20-12:00,22
2008-11-20-15:00,18
2008-11-20-18:00,16
2008-11-20-21:00,15
2008-11-21-00:00,15
2008-11-21-03:00,15
2008-11-21-06:00,22
2008-11-21-09:00,24
2008-11-21-12:00,21
2008-11-21-15:00,16
2008-11-21-18:00,15
2008-11-21-21:00,14
2008-11-22-00:00,12
2008-11-22-03:00,14
2008-11-22-06:00,22
2008-11-22-09:00,24
2008-11-22-12:00,21
2008-11-22-15:00,15
2008-11-22-18:00,13
2008-11-22-21:00,12
2008-11-23-00:00,10
2008-11-23-03:00,11
2008-11-23-06:00,23
2008-11-23-09:00,25
2008-11-23-12:00,22
2008-11-23-15:00,17
2008-11-23-18:00,15
2008-11-23-21:00,14
2008-11-24-03:00,13
2008-11-24-06:00,22
2008-11-24-09:00,25
2008-11-24-12:00,22
2008-11-24-15:00,15
2008-11-24-18:00,13
2008-11-25-00:00,11
2008-11-25-03:00,11
2008-11-25-06:00,24
2008-11-25-09:00,28
2008-11-25-12:00,23
2008-11-25-15:00,16
2008-11-25-18:00,13
2008-11-25-21:00,12
2008-11-26-00:00,10
2008-11-26-03:00,12
2008-11-26-06:00,24
2008-11-26-09:00,28
2008-11-26-12:00,23
2008-11-26-15:00,15
2008-11-26-18:00,13
2008-11-27-00:00,11
2008-11-27-03:00,12
2008-11-27-06:00,24
2008-11-27-09:00,28
2008-11-27-12:00,23
2008-11-27-15:00,16
2008-11-27-18:00,14
2008-11-27-21:00,13
2008-11-28-00:00,11
2008-11-28-03:00,11
2008-11-28-06:00,23
2008-11-28-12:00,22
2008-11-28-15:00,16
2008-11-28-18:00,14
2008-11-28-21:00,13
2008-11-29-00:00,11
2008-11-29-03:00,13
2008-11-29-06:00,22
2008-11-29-12:00,23
2008-11-29-15:00,15
2008-11-29-18:00,13
2008-11-29-21:00,13
2008-11-30-00:00,11
2008-11-30-03:00,12
2008-11-30-06:00,23
2008-11-30-09:00,24
2008-11-30-12:00,21
2008-11-30-15:00,17
2008-11-30-18:00,15
2008-11-30-21:00,14
2008-12-01-00:00,14.5
2008-12-01-03:00,15
2008-12-01-06:00,21
2008-12-01-09:00,23
2008-12-01-15:00,15
2008-12-01-18:00,13
2008-12-01-21:00,12
2008-12-02-03:00,11
2008-12-02-06:00,22
2008-12-02-09:00,26
2008-12-02-12:00,22
2008-12-02-15:00,15
2008-12-02-18:00,13
2008-12-02-21:00,12
2008-12-03-00:00,11
2008-12-03-03:00,11
2008-12-03-06:00,22
2008-12-03-09:00,25
2008-12-03-12:00,22
2008-12-03-15:00,16
2008-12-03-18:00,16
2008-12-03-21:00,13
2008-12-04-00:00,11
2008-12-04-03:00,15
2008-12-04-06:00,24
2008-12-04-09:00,27
2008-12-04-12:00,23
2008-12-04-15:00,16
2008-12-04-18:00,14
2008-12-04-21:00,13
2008-12-05-00:00,11
2008-12-05-03:00,13
2008-12-05-06:00,23
2008-12-05-09:00,27
2008-12-05-12:00,22
2008-12-05-15:00,15
2008-12-05-18:00,13
2008-12-05-21:00,12
2008-12-06-00:00,11
2008-12-06-03:00,12
2008-12-06-06:00,22
2008-12-06-09:00,27
2008-12-06-12:00,23
2008-12-06-15:00,16
2008-12-06-18:00,16
2008-12-06-21:00,16
2008-12-07-00:00,14
2008-12-07-03:00,14
2008-12-07-06:00,22
2008-12-07-09:00,25
2008-12-07-12:00,22
2008-12-07-15:00,16
2008-12-07-18:00,16
2008-12-07-21:00,16
2008-12-08-00:00,13
2008-12-08-03:00,14
2008-12-08-06:00,24
2008-12-08-09:00,26
2008-12-08-12:00,23
2008-12-08-15:00,18
2008-12-08-18:00,16
2008-12-08-21:00,15
2008-12-09-00:00,14
2008-12-09-03:00,14
2008-12-09-06:00,24
2008-12-09-09:00,27
2008-12-09-12:00,24
2008-12-09-15:00,18
2008-12-09-18:00,16
2008-12-09-21:00,15
2008-12-10-00:00,14
2008-12-10-03:00,14
2008-12-10-06:00,23
2008-12-10-09:00,27
2008-12-10-12:00,24
2008-12-10-15:00,19
2008-12-10-18:00,18
2008-12-10-21:00,16
2008-12-11-00:00,16
2008-12-11-03:00,15
2008-12-11-06:00,20
2008-12-11-09:00,23
2008-12-11-12:00,21
2008-12-11-15:00,16
2008-12-11-18:00,14
2008-12-11-21:00,14
2008-12-12-00:00,13
2008-12-12-03:00,13
2008-12-12-06:00,20
2008-12-12-09:00,22
2008-12-12-12:00,20
2008-12-12-15:00,13
2008-12-12-18:00,11
2008-12-12-21:00,10
2008-12-13-00:00,8
2008-12-13-03:00,9
2008-12-13-06:00,20
2008-12-13-09:00,23
2008-12-13-12:00,20
2008-12-13-15:00,12
2008-12-13-18:00,10
2008-12-13-21:00,9
2008-12-14-00:00,8
2008-12-14-03:00,9
2008-12-14-06:00,20
2008-12-14-09:00,23
2008-12-14-12:00,18
2008-12-14-15:00,13
2008-12-14-18:00,11
2008-12-14-21:00,10
2008-12-15-00:00,9
2008-12-15-03:00,12
2008-12-15-06:00,20
2008-12-15-09:00,24
2008-12-15-12:00,21
2008-12-15-15:00,17
2008-12-15-18:00,14
2008-12-15-21:00,13
2008-12-16-00:00,12
2008-12-16-03:00,12
2008-12-16-06:00,21
2008-12-16-09:00,24
2008-12-16-12:00,20
2008-12-16-15:00,18
2008-12-16-18:00,15
2008-12-16-21:00,13
2008-12-17-00:00,12
2008-12-17-03:00,12
2008-12-17-09:00,26
2008-12-17-12:00,22
2008-12-17-15:00,16
2008-12-17-18:00,15
2008-12-17-21:00,13
2008-12-18-00:00,13
2008-12-18-06:00,24
2008-12-18-09:00,26
2008-12-18-15:00,21
2008-12-18-18:00,20
2008-12-18-21:00,19
2008-12-19-00:00,19
2008-12-19-03:00,17
2008-12-19-06:00,23
2008-12-19-09:00,23
2008-12-19-12:00,21
2008-12-19-15:00,20
2008-12-19-18:00,19
2008-12-19-21:00,18
2008-12-20-00:00,17
2008-12-20-03:00,17
2008-12-20-06:00,18
2008-12-20-09:00,20
2008-12-20-12:00,18
2008-12-20-15:00,16
2008-12-20-18:00,15
2008-12-20-21:00,14
2008-12-21-00:00,15
2008-12-21-03:00,16
2008-12-21-06:00,19
2008-12-21-09:00,22
2008-12-21-12:00,20
2008-12-21-15:00,17
2008-12-21-18:00,16
2008-12-21-21:00,15
2008-12-22-00:00,12
2008-12-22-03:00,12
2008-12-22-06:00,20
2008-12-22-09:00,22
2008-12-22-12:00,19
2008-12-22-15:00,14
2008-12-22-18:00,11
2008-12-22-21:00,10
2008-12-23-00:00,9
2008-12-23-03:00,10
2008-12-23-06:00,19
2008-12-23-09:00,22
2008-12-23-12:00,19
2008-12-23-15:00,14
2008-12-23-18:00,12
2008-12-23-21:00,11
2008-12-24-00:00,10
2008-12-24-03:00,10
2008-12-24-06:00,20
2008-12-24-09:00,22
2008-12-24-12:00,19
2008-12-24-15:00,13
2008-12-24-18:00,11
2008-12-24-21:00,10
2008-12-25-00:00,8
2008-12-25-03:00,8
2008-12-25-06:00,20
2008-12-25-09:00,23
2008-12-25-12:00,20
2008-12-25-15:00,12
2008-12-25-18:00,10
2008-12-25-21:00,9
2008-12-26-00:00,7
2008-12-26-03:00,8
2008-12-26-06:00,21
2008-12-26-09:00,22
2008-12-26-12:00,19
2008-12-26-15:00,13
2008-12-26-18:00,10
2008-12-26-21:00,9
2008-12-27-00:00,8
2008-12-27-03:00,7
2008-12-27-06:00,20
2008-12-27-12:00,21
2008-12-27-15:00,13
2008-12-27-18:00,11
2008-12-27-21:00,10
2008-12-28-00:00,9
2008-12-28-03:00,9
2008-12-28-06:00,22
2008-12-28-09:00,25
2008-12-28-12:00,21
2008-12-28-15:00,15
2008-12-28-18:00,13
2008-12-28-21:00,11
2008-12-29-00:00,12
2008-12-29-03:00,12
2008-12-29-06:00,13
2008-12-29-09:00,21
2008-12-29-12:00,17
2008-12-29-15:00,12
2008-12-29-18:00,9
2008-12-29-21:00,8
2008-12-30-00:00,10
2008-12-30-03:00,10
2008-12-30-06:00,15
2008-12-30-09:00,21
2008-12-30-12:00,18
2008-12-30-15:00,13
2008-12-30-18:00,11
2008-12-30-21:00,10
2008-12-31-00:00,9
2008-12-31-03:00,9
2008-12-31-06:00,12
2008-12-31-09:00,15
2008-12-31-12:00,15
2008-12-31-15:00,11
2008-12-31-18:00,10
2008-12-31-21:00,10
2009-01-01-00:00,9
2009-01-01-03:00,10
2009-01-01-06:00,10
2009-01-01-09:00,17
2009-01-01-12:00,17
2009-01-01-15:00,10
2009-01-01-18:00,8
2009-01-01-21:00,7
2009-01-02-00:00,5
2009-01-02-03:00,6
2009-01-02-06:00,17
2009-01-02-09:00,20
2009-01-02-15:00,10
2009-01-02-18:00,8
2009-01-02-21:00,9
2009-01-03-00:00,9
2009-01-03-03:00,9
2009-01-03-09:00,14
2009-01-03-12:00,13
2009-01-03-15:00,10
2009-01-03-18:00,10
2009-01-04-00:00,9
2009-01-04-03:00,8
2009-01-04-06:00,14
2009-01-04-09:00,17
2009-01-04-12:00,16
2009-01-04-15:00,12
2009-01-04-18:00,12
2009-01-04-21:00,12
2009-01-05-00:00,12
2009-01-05-03:00,12
2009-01-05-06:00,17
2009-01-05-09:00,19
2009-01-05-12:00,18
2009-01-05-15:00,12
2009-01-05-18:00,11
2009-01-05-21:00,10
2009-01-06-00:00,9
2009-01-06-03:00,10
2009-01-06-06:00,16
2009-01-06-09:00,20
2009-01-06-12:00,18
2009-01-06-15:00,13
2009-01-06-18:00,11
2009-01-06-21:00,10
2009-01-07-00:00,7
2009-01-07-03:00,7
2009-01-07-06:00,18
2009-01-07-09:00,21
2009-01-07-12:00,17
2009-01-07-15:00,12
2009-01-07-18:00,9
2009-01-07-21:00,8
2009-01-08-00:00,6
2009-01-08-03:00,6
2009-01-08-06:00,18
2009-01-08-09:00,20
2009-01-08-12:00,17
2009-01-08-15:00,10
2009-01-08-18:00,8
2009-01-08-21:00,7
2009-01-09-00:00,7
2009-01-09-03:00,8
2009-01-09-06:00,17
2009-01-09-09:00,20
2009-01-09-12:00,18
2009-01-09-15:00,14
2009-01-09-18:00,12
2009-01-09-21:00,12
2009-01-10-00:00,12
2009-01-10-03:00,12
2009-01-10-06:00,18
2009-01-10-09:00,21
2009-01-10-12:00,18
2009-01-10-15:00,15
2009-01-10-18:00,12
2009-01-10-21:00,11
2009-01-11-00:00,9
2009-01-11-03:00,10
2009-01-11-06:00,17
2009-01-11-09:00,21
2009-01-11-12:00,18
2009-01-11-15:00,12
2009-01-11-18:00,10
2009-01-11-21:00,8
2009-01-12-00:00,8
2009-01-12-03:00,8
2009-01-12-06:00,16
2009-01-12-09:00,21
2009-01-12-12:00,19
2009-01-12-15:00,12
2009-01-12-18:00,10
2009-01-12-21:00,9
2009-01-13-00:00,7
2009-01-13-03:00,7
2009-01-13-06:00,16
2009-01-13-09:00,21
2009-01-13-12:00,19
2009-01-13-18:00,10
2009-01-13-21:00,9
2009-01-14-00:00,9
2009-01-14-03:00,9
2009-01-14-06:00,19
2009-01-14-09:00,24
2009-01-14-12:00,21
2009-01-14-15:00,13
2009-01-14-18:00,11
2009-01-14-21:00,10
2009-01-15-00:00,9
2009-01-15-03:00,9
2009-01-15-06:00,19
2009-01-15-09:00,22
2009-01-15-12:00,20
2009-01-15-15:00,15
2009-01-15-18:00,13
2009-01-15-21:00,12
2009-01-16-00:00,11
2009-01-16-03:00,12
2009-01-16-06:00,21
2009-01-16-09:00,24
2009-01-16-12:00,21
2009-01-16-15:00,17
2009-01-16-18:00,15
2009-01-16-21:00,15
2009-01-17-00:00,15
2009-01-17-03:00,15
2009-01-17-06:00,18
2009-01-17-09:00,23
2009-01-17-12:00,21
2009-01-17-15:00,16
2009-01-17-18:00,15
2009-01-17-21:00,14
2009-01-18-00:00,14
2009-01-18-03:00,16
2009-01-18-06:00,20
2009-01-18-09:00,24
2009-01-18-12:00,22
2009-01-18-15:00,18
2009-01-18-18:00,16
2009-01-18-21:00,14
2009-01-19-00:00,15
2009-01-19-03:00,16
2009-01-19-06:00,17
2009-01-19-09:00,20
2009-01-19-12:00,18
2009-01-19-15:00,15
2009-01-19-18:00,14
2009-01-19-21:00,13
2009-01-20-00:00,11
2009-01-20-03:00,11
2009-01-20-06:00,17
2009-01-20-09:00,21
2009-01-20-12:00,18
2009-01-20-15:00,15
2009-01-20-18:00,13
2009-01-20-21:00,13
2009-01-21-00:00,11
2009-01-21-03:00,12
2009-01-21-06:00,17
2009-01-21-09:00,21
2009-01-21-12:00,19
2009-01-21-15:00,15
2009-01-21-18:00,13
2009-01-21-21:00,12
2009-01-22-00:00,12
2009-01-22-03:00,13
2009-01-22-06:00,17
2009-01-22-09:00,21
2009-01-22-12:00,20
2009-01-22-15:00,17
2009-01-22-18:00,15
2009-01-22-21:00,14
2009-01-23-00:00,13
2009-01-23-03:00,13
2009-01-23-06:00,20
2009-01-23-09:00,24
2009-01-23-12:00,22
2009-01-23-15:00,18
2009-01-23-18:00,16
2009-01-23-21:00,16
2009-01-24-00:00,14
2009-01-24-03:00,13
2009-01-24-06:00,22
2009-01-24-09:00,24
2009-01-24-12:00,22
2009-01-24-15:00,17
2009-01-24-18:00,15
2009-01-24-21:00,14
2009-01-25-00:00,13
2009-01-25-03:00,14
2009-01-25-06:00,19
2009-01-25-09:00,24
2009-01-25-12:00,22
2009-01-25-15:00,18
2009-01-25-18:00,16
2009-01-25-21:00,16
2009-01-26-00:00,15
2009-01-26-03:00,15
2009-01-26-06:00,22
2009-01-26-09:00,25
2009-01-26-12:00,23
2009-01-26-15:00,16
2009-01-26-18:00,14
2009-01-26-21:00,13
2009-01-27-00:00,11
2009-01-27-03:00,11
2009-01-27-06:00,22
2009-01-27-09:00,24
2009-01-27-12:00,21
2009-01-27-15:00,17
2009-01-27-18:00,14
2009-01-27-21:00,14
2009-01-28-00:00,13
2009-01-28-03:00,12
2009-01-28-06:00,20
2009-01-28-09:00,20.5
2009-01-28-12:00,21
2009-01-28-15:00,16
2009-01-28-18:00,12
2009-01-28-21:00,12
2009-01-29-00:00,9
2009-01-29-03:00,10
2009-01-29-06:00,18
2009-01-29-09:00,23
2009-01-29-12:00,22
2009-01-29-15:00,14
2009-01-29-18:00,12
2009-01-29-21:00,11
2009-01-30-00:00,10
2009-01-30-03:00,10
2009-01-30-06:00,23
2009-01-30-09:00,24
2009-01-30-12:00,21
2009-01-30-15:00,16
2009-01-30-18:00,15
2009-01-30-21:00,14
2009-01-31-00:00,12
2009-01-31-03:00,11
2009-01-31-06:00,20
2009-01-31-09:00,22
2009-01-31-12:00,20
2009-01-31-15:00,16
2009-01-31-18:00,13
2009-01-31-21:00,12
2009-02-01-00:00,11
2009-02-01-03:00,11
2009-02-01-06:00,20
2009-02-01-09:00,23
2009-02-01-12:00,21
2009-02-01-15:00,16
2009-02-01-18:00,13
2009-02-01-21:00,12
2009-02-02-00:00,9
2009-02-02-03:00,11
2009-02-02-09:00,24
2009-02-02-12:00,22
2009-02-02-15:00,14
2009-02-02-18:00,11
2009-02-02-21:00,10
2009-02-03-00:00,9
2009-02-03-03:00,9
2009-02-03-06:00,24
2009-02-03-09:00,26
2009-02-03-12:00,24
2009-02-03-15:00,15
2009-02-03-18:00,13
2009-02-03-21:00,11
2009-02-04-00:00,10
2009-02-04-03:00,11
2009-02-04-06:00,25
2009-02-04-09:00,29
2009-02-04-12:00,27
2009-02-04-15:00,17
2009-02-04-18:00,14
2009-02-04-21:00,13
2009-02-05-00:00,14
2009-02-05-03:00,16
2009-02-05-06:00,23
2009-02-05-09:00,27
2009-02-05-12:00,26
2009-02-05-15:00,18
2009-02-05-18:00,15
2009-02-05-21:00,14
2009-02-06-00:00,16
2009-02-06-03:00,14
2009-02-06-06:00,24
2009-02-06-09:00,27
2009-02-06-12:00,24
2009-02-06-15:00,20
2009-02-06-18:00,18
2009-02-06-21:00,18
2009-02-07-00:00,14
2009-02-07-03:00,13
2009-02-07-06:00,20
2009-02-07-09:00,23
2009-02-07-12:00,22
2009-02-07-15:00,17
2009-02-07-18:00,13
2009-02-07-21:00,12
2009-02-08-00:00,10
2009-02-08-03:00,10
2009-02-08-06:00,20
2009-02-08-09:00,23
2009-02-08-12:00,21
2009-02-08-15:00,15
2009-02-08-18:00,11
2009-02-08-21:00,10
2009-02-09-00:00,8
2009-02-09-03:00,10
2009-02-09-06:00,21
2009-02-09-09:00,26
2009-02-09-12:00,23
2009-02-09-15:00,17
2009-02-09-18:00,16
2009-02-09-21:00,15
2009-02-10-00:00,13
2009-02-10-06:00,22
2009-02-10-09:00,20
2009-02-10-12:00,21
2009-02-10-15:00,17
2009-02-10-18:00,15
2009-02-10-21:00,14
2009-02-11-00:00,13
2009-02-11-03:00,12
2009-02-11-06:00,17
2009-02-11-09:00,18
2009-02-11-12:00,18
2009-02-11-15:00,15
2009-02-11-18:00,14
2009-02-11-21:00,13
2009-02-12-00:00,11
2009-02-12-03:00,12
2009-02-12-06:00,18
2009-02-12-09:00,22
2009-02-12-12:00,21
2009-02-12-15:00,16
2009-02-12-18:00,15
2009-02-12-21:00,14
2009-02-13-00:00,13
2009-02-13-03:00,12
2009-02-13-06:00,20
2009-02-13-09:00,25
2009-02-13-12:00,26
2009-02-13-15:00,18
2009-02-13-18:00,15
2009-02-13-21:00,14
2009-02-14-00:00,15
2009-02-14-03:00,16
2009-02-14-06:00,25
2009-02-14-09:00,27
2009-02-14-12:00,25
2009-02-14-15:00,20
2009-02-14-18:00,18
2009-02-14-21:00,18
2009-02-15-00:00,14
2009-02-15-03:00,13
2009-02-15-06:00,21
2009-02-15-09:00,23
2009-02-15-12:00,20
2009-02-15-15:00,17
2009-02-15-18:00,14
2009-02-15-21:00,13
2009-02-16-00:00,11
2009-02-16-03:00,11
2009-02-16-06:00,20
2009-02-16-09:00,23
2009-02-16-12:00,21
2009-02-16-15:00,15
2009-02-16-18:00,12
2009-02-16-21:00,11
2009-02-17-00:00,10
2009-02-17-03:00,11
2009-02-17-06:00,20
2009-02-17-09:00,23
2009-02-17-12:00,22
2009-02-17-15:00,16
2009-02-17-18:00,13
2009-02-17-21:00,12
2009-02-18-00:00,11
2009-02-18-03:00,13
2009-02-18-06:00,21
2009-02-18-09:00,26
2009-02-18-12:00,24
2009-02-18-15:00,18
2009-02-18-18:00,16
2009-02-18-21:00,15
2009-02-19-00:00,13
2009-02-19-03:00,14
2009-02-19-06:00,23
2009-02-19-09:00,26
2009-02-19-12:00,24
2009-02-19-15:00,18
2009-02-19-18:00,15
2009-02-19-21:00,14
2009-02-20-00:00,13
2009-02-20-03:00,14
2009-02-20-06:00,26
2009-02-20-09:00,29
2009-02-20-12:00,27
2009-02-20-15:00,21
2009-02-20-18:00,18
2009-02-20-21:00,17
2009-02-21-00:00,14
2009-02-21-03:00,16
2009-02-21-06:00,25
2009-02-21-09:00,29
2009-02-21-12:00,26
2009-02-21-15:00,21
2009-02-21-18:00,19
2009-02-21-21:00,18
2009-02-22-00:00,15
2009-02-22-03:00,15
2009-02-22-06:00,26
2009-02-22-09:00,28
2009-02-22-12:00,26
2009-02-22-15:00,21
2009-02-22-18:00,18
2009-02-22-21:00,17
2009-02-23-00:00,14
2009-02-23-03:00,15
2009-02-23-06:00,29
2009-02-23-09:00,31
2009-02-23-12:00,29
2009-02-23-15:00,20
2009-02-23-18:00,17
2009-02-23-21:00,16
2009-02-24-00:00,15
2009-02-24-03:00,16
2009-02-24-06:00,28
2009-02-24-09:00,30
2009-02-24-12:00,18
2009-02-24-15:00,21
2009-02-24-18:00,18
2009-02-24-21:00,16
2009-02-25-00:00,15
2009-02-25-03:00,17
2009-02-25-06:00,26
2009-02-25-09:00,28
2009-02-25-12:00,26
2009-02-25-15:00,21
2009-02-25-18:00,19
2009-02-25-21:00,18
2009-02-26-00:00,15
2009-02-26-03:00,17
2009-02-26-06:00,24
2009-02-26-09:00,27
2009-02-26-12:00,25
2009-02-26-15:00,20
2009-02-26-18:00,19
2009-02-26-21:00,19
2009-02-27-00:00,15
2009-02-27-03:00,17
2009-02-27-06:00,25
2009-02-27-09:00,27
2009-02-27-12:00,25
2009-02-27-15:00,20
2009-02-27-18:00,19
2009-02-27-21:00,18
2009-02-28-00:00,16
2009-02-28-03:00,15
2009-02-28-06:00,24
2009-02-28-09:00,27
2009-02-28-12:00,25
2009-02-28-15:00,20
2009-02-28-18:00,19
2009-02-28-21:00,17
2009-03-01-00:00,14
2009-03-01-03:00,16
2009-03-01-06:00,26
2009-03-01-09:00,29
2009-03-01-12:00,27
2009-03-01-15:00,21
2009-03-01-18:00,18
2009-03-01-21:00,16
2009-03-02-00:00,15
2009-03-02-03:00,18
2009-03-02-06:00,27
2009-03-02-09:00,30
2009-03-02-12:00,28
2009-03-02-15:00,21
2009-03-02-18:00,18
2009-03-02-21:00,17
2009-03-03-00:00,15
2009-03-03-03:00,16
2009-03-03-06:00,30
2009-03-03-09:00,33
2009-03-03-12:00,31
2009-03-03-15:00,25
2009-03-03-18:00,23
2009-03-03-21:00,22
2009-03-04-00:00,21
2009-03-04-03:00,20
2009-03-04-06:00,30
2009-03-04-09:00,33
2009-03-04-12:00,31
2009-03-04-15:00,24
2009-03-04-18:00,20
2009-03-04-21:00,19
2009-03-05-00:00,19
2009-03-05-03:00,21
2009-03-05-06:00,27
2009-03-05-12:00,27
2009-03-05-15:00,22
2009-03-05-18:00,19
2009-03-05-21:00,18
2009-03-06-00:00,17
2009-03-06-03:00,17
2009-03-06-06:00,27
2009-03-06-09:00,31
2009-03-06-12:00,30
2009-03-06-15:00,21
2009-03-06-18:00,18
2009-03-06-21:00,17
2009-03-07-00:00,16
2009-03-07-03:00,20
2009-03-07-06:00,30
2009-03-07-09:00,32
2009-03-07-12:00,29
2009-03-07-15:00,23
2009-03-07-18:00,20
2009-03-07-21:00,19
2009-03-08-00:00,16
2009-03-08-03:00,17
2009-03-08-06:00,27
2009-03-08-09:00,29
2009-03-08-12:00,27
2009-03-08-15:00,22
2009-03-08-18:00,18
2009-03-08-21:00,17
2009-03-09-00:00,15
2009-03-09-03:00,16
2009-03-09-06:00,27
2009-03-09-09:00,30
2009-03-09-12:00,28
2009-03-09-15:00,20
2009-03-09-18:00,17
2009-03-09-21:00,16
2009-03-10-03:00,17
2009-03-10-06:00,27
2009-03-10-09:00,29
2009-03-10-12:00,27
2009-03-10-15:00,22
2009-03-10-18:00,21
2009-03-10-21:00,19
2009-03-11-00:00,15
2009-03-11-03:00,17
2009-03-11-06:00,27
2009-03-11-09:00,29
2009-03-11-12:00,27
2009-03-11-15:00,22
2009-03-11-18:00,20
2009-03-11-21:00,18
2009-03-12-00:00,16
2009-03-12-03:00,17
2009-03-12-06:00,27
2009-03-12-09:00,30
2009-03-12-12:00,29
2009-03-12-15:00,23
2009-03-12-18:00,18
2009-03-12-21:00,17
2009-03-13-00:00,15
2009-03-13-03:00,20
2009-03-13-06:00,30
2009-03-13-09:00,33
2009-03-13-12:00,30
2009-03-13-15:00,23
2009-03-13-18:00,19
2009-03-13-21:00,18
2009-03-14-00:00,17
2009-03-14-03:00,18
2009-03-14-06:00,30
2009-03-14-09:00,32
2009-03-14-12:00,31
2009-03-14-15:00,23
2009-03-14-18:00,20
2009-03-14-21:00,19
2009-03-15-00:00,17
2009-03-15-03:00,19
2009-03-15-06:00,28
2009-03-15-09:00,31
2009-03-15-12:00,30
2009-03-15-15:00,24
2009-03-15-18:00,19
2009-03-15-21:00,18
2009-03-16-00:00,17
2009-03-16-03:00,18
2009-03-16-06:00,29
2009-03-16-09:00,31
2009-03-16-12:00,29
2009-03-16-15:00,23
2009-03-16-18:00,20
2009-03-16-21:00,18
2009-03-17-00:00,16
2009-03-17-03:00,19
2009-03-17-06:00,29
2009-03-17-09:00,32
2009-03-17-12:00,31
2009-03-17-15:00,23
2009-03-17-18:00,20
2009-03-17-21:00,18
2009-03-18-00:00,17
2009-03-18-03:00,20
2009-03-18-06:00,30
2009-03-18-09:00,34
2009-03-18-12:00,32
2009-03-18-15:00,25
2009-03-18-18:00,21
2009-03-18-21:00,20
2009-03-19-00:00,18
2009-03-19-03:00,22
2009-03-19-06:00,30
2009-03-19-09:00,34
2009-03-19-12:00,31
2009-03-19-15:00,24
2009-03-19-18:00,21
2009-03-19-21:00,20
2009-03-20-00:00,18
2009-03-20-03:00,21
2009-03-20-06:00,25
2009-03-20-09:00,31
2009-03-20-12:00,31
2009-03-20-15:00,24
2009-03-20-18:00,22
2009-03-21-00:00,20
2009-03-21-03:00,22
2009-03-21-06:00,28
2009-03-21-09:00,31
2009-03-21-12:00,31
2009-03-21-15:00,25
2009-03-21-18:00,21
2009-03-21-21:00,19
2009-03-22-00:00,17
2009-03-22-03:00,20
2009-03-22-06:00,29
2009-03-22-09:00,31
2009-03-22-12:00,30
2009-03-22-15:00,23
2009-03-22-18:00,22
2009-03-22-21:00,22
2009-03-23-00:00,19
2009-03-23-03:00,22
2009-03-23-06:00,31
2009-03-23-09:00,33
2009-03-23-12:00,31
2009-03-23-15:00,26
2009-03-23-18:00,22
2009-03-23-21:00,21
2009-03-24-00:00,19
2009-03-24-03:00,22
2009-03-24-06:00,33
2009-03-24-09:00,34
2009-03-24-12:00,30
2009-03-24-15:00,27
2009-03-24-18:00,26
2009-03-24-21:00,22
2009-03-25-00:00,21
2009-03-25-03:00,23
2009-03-25-06:00,28
2009-03-25-09:00,29
2009-03-25-12:00,27
2009-03-25-15:00,22
2009-03-25-18:00,21
2009-03-25-21:00,20
2009-03-26-00:00,17
2009-03-26-03:00,19
2009-03-26-06:00,28
2009-03-26-12:00,29
2009-03-26-15:00,23
2009-03-26-18:00,20
2009-03-26-21:00,19
2009-03-27-00:00,19
2009-03-27-03:00,22
2009-03-27-06:00,28
2009-03-27-09:00,25
2009-03-27-12:00,22
2009-03-27-15:00,21
2009-03-27-18:00,20
2009-03-27-21:00,18
2009-03-28-00:00,18
2009-03-28-03:00,20
2009-03-28-06:00,29
2009-03-28-09:00,30
2009-03-28-12:00,29
2009-03-28-15:00,20
2009-03-28-18:00,20
2009-03-28-21:00,20
2009-03-29-00:00,19
2009-03-29-03:00,20
2009-03-29-06:00,27
2009-03-29-09:00,30
2009-03-29-12:00,26
2009-03-29-15:00,23
2009-03-29-18:00,22
2009-03-29-21:00,21
2009-03-30-00:00,19
2009-03-30-03:00,21
2009-03-30-06:00,27
2009-03-30-09:00,30
2009-03-30-12:00,29
2009-03-30-15:00,25
2009-03-30-18:00,23
2009-03-30-21:00,22
2009-03-31-00:00,19
2009-03-31-03:00,22
2009-03-31-06:00,29
2009-03-31-09:00,31
2009-03-31-12:00,30
2009-03-31-15:00,26
2009-03-31-18:00,24
2009-03-31-21:00,23
2009-04-01-00:00,20
2009-04-01-03:00,22
2009-04-01-06:00,32
2009-04-01-09:00,33
2009-04-01-12:00,32
2009-04-01-15:00,27
2009-04-01-18:00,24
2009-04-01-21:00,22
2009-04-02-00:00,21
2009-04-02-03:00,25
2009-04-02-06:00,33
2009-04-02-09:00,35
2009-04-02-12:00,32
2009-04-02-15:00,26
2009-04-02-18:00,24
2009-04-02-21:00,22
2009-04-03-00:00,22
2009-04-03-03:00,27
2009-04-03-06:00,34
2009-04-03-09:00,36
2009-04-03-12:00,34
2009-04-03-15:00,29
2009-04-03-18:00,24
2009-04-03-21:00,22
2009-04-04-00:00,20
2009-04-04-03:00,26
2009-04-04-06:00,32
2009-04-04-12:00,32
2009-04-04-15:00,28
2009-04-04-18:00,26
2009-04-04-21:00,23
2009-04-05-00:00,21
2009-04-05-03:00,24
2009-04-05-06:00,32
2009-04-05-09:00,34
2009-04-05-12:00,33
2009-04-05-15:00,27
2009-04-05-18:00,23
2009-04-05-21:00,22
2009-04-06-00:00,21
2009-04-06-06:00,31
2009-04-06-09:00,34
2009-04-06-12:00,34
2009-04-06-15:00,29
2009-04-06-18:00,27
2009-04-06-21:00,26
2009-04-07-00:00,22
2009-04-07-03:00,23
2009-04-07-06:00,33
2009-04-07-09:00,34
2009-04-07-12:00,33
2009-04-07-15:00,28
2009-04-07-18:00,27
2009-04-07-21:00,25
2009-04-08-00:00,24
2009-04-08-03:00,26
2009-04-08-06:00,29
2009-04-08-09:00,28
2009-04-08-12:00,24
2009-04-08-15:00,20
2009-04-08-18:00,20
2009-04-08-21:00,19
2009-04-09-00:00,18
2009-04-09-03:00,20
2009-04-09-06:00,29
2009-04-09-09:00,29
2009-04-09-12:00,26.5
2009-04-09-15:00,24
2009-04-09-18:00,22
2009-04-09-21:00,21
2009-04-10-00:00,19
2009-04-10-03:00,21
2009-04-10-06:00,27
2009-04-10-09:00,30
2009-04-10-12:00,30
2009-04-10-15:00,25
2009-04-10-18:00,23
2009-04-10-21:00,21
2009-04-11-00:00,20
2009-04-11-03:00,24
2009-04-11-06:00,30
2009-04-11-09:00,34
2009-04-11-12:00,33
2009-04-11-15:00,28
2009-04-11-18:00,25
2009-04-11-21:00,24
2009-04-12-00:00,20
2009-04-12-03:00,24
2009-04-12-06:00,33
2009-04-12-09:00,36
2009-04-12-12:00,36
2009-04-12-15:00,28
2009-04-12-18:00,25
2009-04-12-21:00,23
2009-04-13-00:00,21
2009-04-13-03:00,26
2009-04-13-06:00,35
2009-04-13-09:00,37
2009-04-13-12:00,36
2009-04-13-15:00,29
2009-04-13-18:00,24
2009-04-13-21:00,23
2009-04-14-00:00,22
2009-04-14-03:00,28
2009-04-14-06:00,37
2009-04-14-09:00,40
2009-04-14-12:00,38
2009-04-14-15:00,30
2009-04-14-18:00,27
2009-04-14-21:00,25
2009-04-15-00:00,22
2009-04-15-03:00,26
2009-04-15-06:00,38
2009-04-15-09:00,39
2009-04-15-12:00,38
2009-04-15-15:00,31
2009-04-15-18:00,27
2009-04-15-21:00,25
2009-04-16-00:00,25
2009-04-16-03:00,27
2009-04-16-06:00,34
2009-04-16-09:00,36
2009-04-16-12:00,36
2009-04-16-15:00,32
2009-04-16-18:00,29
2009-04-16-21:00,27
2009-04-17-00:00,25
2009-04-17-03:00,27
2009-04-17-06:00,33
2009-04-17-09:00,35
2009-04-17-12:00,35
2009-04-17-15:00,29
2009-04-17-18:00,27
2009-04-17-21:00,25
2009-04-18-00:00,24
2009-04-18-03:00,27
2009-04-18-06:00,34
2009-04-18-09:00,37
2009-04-18-12:00,37
2009-04-18-15:00,33
2009-04-18-18:00,30
2009-04-18-21:00,29
2009-04-19-00:00,27
2009-04-19-03:00,29
2009-04-19-06:00,38
2009-04-19-09:00,40
2009-04-19-12:00,39
2009-04-19-15:00,34
2009-04-19-18:00,33
2009-04-19-21:00,31
2009-04-20-00:00,27
2009-04-20-03:00,29
2009-04-20-06:00,38
2009-04-20-09:00,41
2009-04-20-12:00,40
2009-04-20-15:00,33
2009-04-20-18:00,29
2009-04-20-21:00,27
2009-04-21-00:00,30
2009-04-21-03:00,30
2009-04-21-06:00,37
2009-04-21-09:00,40
2009-04-21-12:00,39
2009-04-21-15:00,30
2009-04-21-18:00,31
2009-04-21-21:00,29
2009-04-22-00:00,27
2009-04-22-03:00,29
2009-04-22-06:00,35
2009-04-22-09:00,37
2009-04-22-12:00,36
2009-04-22-15:00,28
2009-04-22-18:00,30
2009-04-22-21:00,29
2009-04-23-00:00,24
2009-04-23-03:00,26
2009-04-23-06:00,35
2009-04-23-09:00,37
2009-04-23-12:00,36
2009-04-23-15:00,31
2009-04-23-18:00,28
2009-04-23-21:00,27
2009-04-24-00:00,23
2009-04-24-03:00,27
2009-04-24-06:00,35
2009-04-24-09:00,38
2009-04-24-12:00,36
2009-04-24-15:00,30
2009-04-24-18:00,24
2009-04-24-21:00,23
2009-04-25-00:00,22
2009-04-25-03:00,26
2009-04-25-06:00,35
2009-04-25-09:00,36
2009-04-25-12:00,36
2009-04-25-15:00,29
2009-04-25-18:00,24
2009-04-25-21:00,23
2009-04-26-00:00,22
2009-04-26-03:00,27
2009-04-26-06:00,36
2009-04-26-09:00,36.5
2009-04-26-12:00,37
2009-04-26-15:00,31
2009-04-26-18:00,28
2009-04-26-21:00,26
2009-04-27-00:00,24
2009-04-27-03:00,29
2009-04-27-06:00,38
2009-04-27-09:00,41
2009-04-27-12:00,40
2009-04-27-15:00,31
2009-04-27-18:00,33
2009-04-27-21:00,31
2009-04-28-00:00,28
2009-04-28-03:00,30
2009-04-28-06:00,40
2009-04-28-09:00,42
2009-04-28-12:00,41
2009-04-28-15:00,34
2009-04-28-18:00,31
2009-04-28-21:00,30
2009-04-29-00:00,25
2009-04-29-03:00,30
2009-04-29-06:00,40
2009-04-29-09:00,43
2009-04-29-12:00,42
2009-04-29-15:00,33
2009-04-29-18:00,29
2009-04-29-21:00,27
2009-04-30-00:00,25
2009-04-30-03:00,31
2009-04-30-06:00,40
2009-04-30-09:00,42
2009-04-30-12:00,41
2009-04-30-15:00,33
2009-04-30-18:00,29
2009-04-30-21:00,27
2009-05-01-00:00,25
2009-05-01-03:00,32
2009-05-01-06:00,41
2009-05-01-09:00,44
2009-05-01-12:00,43
2009-05-01-15:00,33
2009-05-01-18:00,29
2009-05-01-21:00,28
2009-05-02-00:00,30
2009-05-02-03:00,32
2009-05-02-06:00,37
2009-05-02-09:00,41
2009-05-02-12:00,38
2009-05-02-15:00,31
2009-05-02-18:00,33
2009-05-02-21:00,29
2009-05-03-00:00,27
2009-05-03-03:00,30
2009-05-03-06:00,36
2009-05-03-09:00,39
2009-05-03-12:00,37
2009-05-03-15:00,32
2009-05-03-18:00,29
2009-05-03-21:00,27
2009-05-04-00:00,29
2009-05-04-03:00,30
2009-05-04-06:00,37
2009-05-04-09:00,40
2009-05-04-12:00,37
2009-05-04-18:00,27
2009-05-04-21:00,27
2009-05-05-00:00,24
2009-05-05-03:00,27
2009-05-05-06:00,32
2009-05-05-09:00,36
2009-05-05-12:00,35
2009-05-05-15:00,31
2009-05-05-18:00,28
2009-05-05-21:00,27
2009-05-06-00:00,26
2009-05-06-03:00,29
2009-05-06-06:00,34
2009-05-06-09:00,37
2009-05-06-12:00,36
2009-05-06-15:00,31
2009-05-06-18:00,31
2009-05-06-21:00,29
2009-05-07-00:00,26
2009-05-07-03:00,29
2009-05-07-06:00,35
2009-05-07-09:00,38
2009-05-07-12:00,37
2009-05-07-15:00,31
2009-05-07-18:00,27
2009-05-07-21:00,26
2009-05-08-00:00,24
2009-05-08-03:00,30
2009-05-08-06:00,37
2009-05-08-09:00,40
2009-05-08-12:00,38
2009-05-08-15:00,32
2009-05-08-18:00,30
2009-05-08-21:00,28
2009-05-09-00:00,27
2009-05-09-03:00,31
2009-05-09-06:00,36
2009-05-09-09:00,39
2009-05-09-12:00,38
2009-05-09-15:00,33
2009-05-09-18:00,29
2009-05-09-21:00,29
2009-05-10-00:00,26
2009-05-10-03:00,31
2009-05-10-06:00,37
2009-05-10-09:00,40
2009-05-10-12:00,25
2009-05-10-15:00,28
2009-05-10-18:00,27
2009-05-10-21:00,26
2009-05-11-00:00,24
2009-05-11-03:00,25
2009-05-11-06:00,33
2009-05-11-09:00,36
2009-05-11-12:00,37
2009-05-11-15:00,31
2009-05-11-18:00,28
2009-05-11-21:00,27
2009-05-12-00:00,25
2009-05-12-03:00,28
2009-05-12-06:00,33
2009-05-12-09:00,36
2009-05-12-12:00,36
2009-05-12-15:00,30
2009-05-12-18:00,27
2009-05-12-21:00,26
2009-05-13-00:00,27
2009-05-13-03:00,29
2009-05-13-06:00,35
2009-05-13-09:00,38
2009-05-13-12:00,38
2009-05-13-15:00,32
2009-05-13-18:00,30
2009-05-13-21:00,28
2009-05-14-00:00,26
2009-05-14-03:00,29
2009-05-14-06:00,37
2009-05-14-09:00,40
2009-05-14-12:00,40
2009-05-14-15:00,33
2009-05-14-18:00,31
2009-05-14-21:00,30
2009-05-15-00:00,29
2009-05-15-03:00,30
2009-05-15-06:00,36
2009-05-15-09:00,39
2009-05-15-12:00,39
2009-05-15-15:00,34
2009-05-15-18:00,31
2009-05-15-21:00,30
2009-05-16-00:00,29
2009-05-16-03:00,30
2009-05-16-06:00,37
2009-05-16-09:00,40
2009-05-16-12:00,39
2009-05-16-15:00,34
2009-05-16-18:00,31
2009-05-16-21:00,30
2009-05-17-00:00,30
2009-05-17-03:00,33
2009-05-17-06:00,39
2009-05-17-09:00,42
2009-05-17-12:00,41
2009-05-17-15:00,35
2009-05-17-18:00,32
2009-05-17-21:00,31
2009-05-18-00:00,31
2009-05-18-03:00,33
2009-05-18-06:00,39
2009-05-18-09:00,43
2009-05-18-12:00,42
2009-05-18-15:00,34
2009-05-18-18:00,31
2009-05-18-21:00,30
2009-05-19-00:00,29
2009-05-19-03:00,34.5
2009-05-19-06:00,40
2009-05-19-12:00,41
2009-05-19-15:00,37
2009-05-19-18:00,29
2009-05-19-21:00,28
2009-05-20-00:00,27
2009-05-20-03:00,30
2009-05-20-06:00,37
2009-05-20-09:00,41
2009-05-20-12:00,35
2009-05-20-15:00,33
2009-05-20-18:00,31
2009-05-20-21:00,31
2009-05-21-00:00,29
2009-05-21-03:00,32
2009-05-21-06:00,38
2009-05-21-09:00,41
2009-05-21-12:00,40
2009-05-21-15:00,36
2009-05-21-18:00,34
2009-05-21-21:00,33
2009-05-22-00:00,31
2009-05-22-03:00,33
2009-05-22-06:00,40
2009-05-22-09:00,37
2009-05-22-12:00,32
2009-05-22-15:00,30
2009-05-22-18:00,30
2009-05-22-21:00,30
2009-05-23-00:00,28
2009-05-23-03:00,28
2009-05-23-06:00,36
2009-05-23-09:00,39
2009-05-23-12:00,38
2009-05-23-15:00,31
2009-05-23-18:00,29
2009-05-23-21:00,28
2009-05-24-00:00,25
2009-05-24-03:00,29
2009-05-24-06:00,36
2009-05-24-09:00,38
2009-05-24-12:00,38
2009-05-24-15:00,29
2009-05-24-18:00,28
2009-05-24-21:00,27
2009-05-25-00:00,25
2009-05-25-03:00,28
2009-05-25-06:00,33
2009-05-25-09:00,36
2009-05-25-12:00,37
2009-05-25-15:00,33
2009-05-25-18:00,27
2009-05-25-21:00,26
2009-05-26-00:00,26
2009-05-26-03:00,30
2009-05-26-06:00,36
2009-05-26-09:00,38
2009-05-26-12:00,38
2009-05-26-15:00,32
2009-05-26-18:00,28
2009-05-26-21:00,27
2009-05-27-00:00,25
2009-05-27-03:00,30
2009-05-27-06:00,39
2009-05-27-09:00,41
2009-05-27-12:00,41
2009-05-27-15:00,36
2009-05-27-18:00,33
2009-05-27-21:00,32
2009-05-28-00:00,29
2009-05-28-06:00,38
2009-05-28-09:00,40
2009-05-28-12:00,39
2009-05-28-15:00,35
2009-05-28-18:00,32
2009-05-28-21:00,30
2009-05-29-00:00,28
2009-05-29-03:00,30
2009-05-29-06:00,36
2009-05-29-09:00,38
2009-05-29-12:00,34
2009-05-29-15:00,30
2009-05-29-18:00,28
2009-05-29-21:00,27
2009-05-30-00:00,26
2009-05-30-03:00,29
2009-05-30-06:00,33
2009-05-30-09:00,33
2009-05-30-12:00,34
2009-05-30-15:00,30
2009-05-30-18:00,28
2009-05-30-21:00,22
2009-05-31-00:00,22
2009-05-31-03:00,24
2009-05-31-06:00,31
2009-05-31-09:00,35
2009-05-31-12:00,35
2009-05-31-15:00,31
2009-05-31-18:00,30
2009-05-31-21:00,24
2009-06-01-00:00,25
2009-06-01-03:00,27
2009-06-01-06:00,33
2009-06-01-09:00,35
2009-06-01-12:00,35
2009-06-01-15:00,32
2009-06-01-18:00,29
2009-06-01-21:00,27
2009-06-02-00:00,26
2009-06-02-03:00,32
2009-06-02-06:00,37
2009-06-02-09:00,39
2009-06-02-12:00,39
2009-06-02-15:00,37
2009-06-02-18:00,36
2009-06-02-21:00,34
2009-06-03-00:00,32
2009-06-03-03:00,33
2009-06-03-06:00,37
2009-06-03-09:00,40
2009-06-03-12:00,39
2009-06-03-15:00,37
2009-06-03-18:00,36
2009-06-03-21:00,34
2009-06-04-00:00,31
2009-06-04-03:00,34
2009-06-04-06:00,38
2009-06-04-09:00,40
2009-06-04-12:00,41
2009-06-04-15:00,39
2009-06-04-18:00,37
2009-06-04-21:00,35
2009-06-05-00:00,32
2009-06-05-03:00,35
2009-06-05-06:00,39
2009-06-05-09:00,41
2009-06-05-12:00,40
2009-06-05-15:00,35
2009-06-05-18:00,33
2009-06-05-21:00,32
2009-06-06-00:00,30
2009-06-06-03:00,33
2009-06-06-06:00,38
2009-06-06-09:00,40
2009-06-06-12:00,41
2009-06-06-15:00,35
2009-06-06-18:00,32
2009-06-06-21:00,32
2009-06-07-00:00,29
2009-06-07-03:00,31
2009-06-07-06:00,37
2009-06-07-09:00,40
2009-06-07-12:00,39
2009-06-07-15:00,33
2009-06-07-18:00,29
2009-06-07-21:00,27
2009-06-08-00:00,25
2009-06-08-03:00,32
2009-06-08-06:00,39
2009-06-08-09:00,41
2009-06-08-12:00,40
2009-06-08-15:00,32
2009-06-08-18:00,28
2009-06-08-21:00,27
2009-06-09-00:00,28
2009-06-09-03:00,31
2009-06-09-06:00,38
2009-06-09-09:00,41
2009-06-09-12:00,40
2009-06-09-15:00,32
2009-06-09-18:00,29
2009-06-09-21:00,27
2009-06-10-00:00,26
2009-06-10-03:00,33
2009-06-10-06:00,40
2009-06-10-09:00,34
2009-06-10-12:00,30
2009-06-10-15:00,35
2009-06-10-18:00,34
2009-06-10-21:00,33
2009-06-11-00:00,30
2009-06-11-03:00,32
2009-06-11-06:00,37
2009-06-11-09:00,39
2009-06-11-12:00,33
2009-06-11-15:00,32
2009-06-11-18:00,31
2009-06-11-21:00,29
2009-06-12-00:00,31
2009-06-12-03:00,32
2009-06-12-06:00,39
2009-06-12-09:00,41
2009-06-12-12:00,38
2009-06-12-15:00,33
2009-06-12-18:00,32
2009-06-12-21:00,31
2009-06-13-00:00,30
2009-06-13-03:00,33
2009-06-13-06:00,37
2009-06-13-09:00,40
2009-06-13-12:00,40
2009-06-13-15:00,34
2009-06-13-18:00,31
2009-06-13-21:00,30
2009-06-14-00:00,30
2009-06-14-03:00,32
2009-06-14-06:00,35
2009-06-14-09:00,38
2009-06-14-12:00,39
2009-06-14-15:00,33
2009-06-14-18:00,30
2009-06-14-21:00,30
2009-06-15-00:00,27
2009-06-15-03:00,30
2009-06-15-06:00,37
2009-06-15-09:00,37
2009-06-15-12:00,37
2009-06-15-15:00,33
2009-06-15-18:00,31
2009-06-15-21:00,29
2009-06-16-00:00,27
2009-06-16-03:00,29
2009-06-16-09:00,36
2009-06-16-21:00,29
2009-06-17-06:00,36
2009-06-17-09:00,39
2009-06-17-18:00,32
2009-06-17-21:00,31
2009-06-18-03:00,32
2009-06-18-12:00,38
2009-06-18-15:00,34
2009-06-18-18:00,30
2009-06-18-21:00,29
2009-06-19-03:00,31
2009-06-19-06:00,38
2009-06-19-09:00,41
2009-06-19-12:00,40
2009-06-19-15:00,36
2009-06-19-18:00,31
2009-06-19-21:00,30
2009-06-20-00:00,28
2009-06-20-03:00,33
2009-06-20-06:00,39
2009-06-20-09:00,42
2009-06-20-12:00,40
2009-06-20-15:00,37
2009-06-20-18:00,33
2009-06-20-21:00,32
2009-06-21-00:00,30
2009-06-21-03:00,34
2009-06-21-06:00,40
2009-06-21-09:00,43
2009-06-21-12:00,42
2009-06-21-15:00,36
2009-06-21-18:00,32
2009-06-21-21:00,30
2009-06-22-00:00,29
2009-06-22-03:00,35
2009-06-22-06:00,41
2009-06-22-09:00,42
2009-06-22-12:00,42
2009-06-22-15:00,37
2009-06-22-18:00,33
2009-06-22-21:00,32
2009-06-23-00:00,32
2009-06-23-03:00,34
2009-06-23-06:00,41
2009-06-23-09:00,43
2009-06-23-12:00,42
2009-06-23-15:00,38
2009-06-23-18:00,36
2009-06-24-00:00,32
2009-06-24-03:00,35
2009-06-24-06:00,41
2009-06-24-09:00,43
2009-06-24-12:00,43
2009-06-24-15:00,37
2009-06-24-18:00,33
2009-06-24-21:00,31
2009-06-25-00:00,32
2009-06-25-03:00,35
2009-06-25-06:00,39
2009-06-25-09:00,41
2009-06-25-12:00,42
2009-06-25-15:00,37
2009-06-25-18:00,35
2009-06-25-21:00,33
2009-06-26-00:00,32
2009-06-26-03:00,36
2009-06-26-06:00,40
2009-06-26-09:00,42
2009-06-26-12:00,42
2009-06-27-00:00,32
2009-06-27-03:00,36
2009-06-27-06:00,41
2009-06-27-09:00,43
2009-06-27-12:00,42
2009-06-27-18:00,37
2009-06-28-00:00,34
2009-06-28-03:00,33
2009-06-28-06:00,39
2009-06-28-09:00,41
2009-06-28-12:00,34
2009-06-28-15:00,34
2009-06-28-18:00,33
2009-06-28-21:00,31
2009-06-29-00:00,30
2009-06-29-03:00,32
2009-06-29-06:00,38
2009-06-29-09:00,40
2009-06-29-12:00,37
2009-06-29-15:00,30
2009-06-29-18:00,30
2009-06-29-21:00,29
2009-06-30-00:00,27
2009-06-30-03:00,27
2009-06-30-06:00,35
2009-06-30-09:00,37
2009-06-30-12:00,37
2009-06-30-15:00,26
2009-06-30-18:00,27
2009-06-30-21:00,27
2009-07-01-00:00,27
2009-07-01-03:00,27
2009-07-01-06:00,30
2009-07-01-09:00,33
2009-07-01-12:00,36
2009-07-01-18:00,30
2009-07-01-21:00,29
2009-07-02-00:00,24
2009-07-02-03:00,26
2009-07-02-06:00,32
2009-07-02-09:00,32
2009-07-02-12:00,33
2009-07-02-15:00,30
2009-07-02-18:00,28
2009-07-02-21:00,27
2009-07-03-00:00,26
2009-07-03-03:00,30
2009-07-03-06:00,35
2009-07-03-09:00,36
2009-07-03-12:00,35
2009-07-03-15:00,29
2009-07-03-18:00,29
2009-07-03-21:00,28
2009-07-04-00:00,29
2009-07-04-03:00,31
2009-07-04-06:00,36
2009-07-04-09:00,35
2009-07-04-12:00,35
2009-07-04-15:00,32
2009-07-04-18:00,30
2009-07-04-21:00,30
2009-07-05-00:00,28
2009-07-05-03:00,32
2009-07-05-06:00,37
2009-07-05-09:00,39
2009-07-05-12:00,38
2009-07-05-15:00,33
2009-07-05-18:00,30
2009-07-05-21:00,29
2009-07-06-00:00,27
2009-07-06-03:00,32
2009-07-06-06:00,37
2009-07-06-09:00,40
2009-07-06-12:00,40
2009-07-06-15:00,34
2009-07-06-18:00,31
2009-07-06-21:00,30
2009-07-07-00:00,30
2009-07-07-03:00,32
2009-07-07-06:00,39
2009-07-07-09:00,40
2009-07-07-12:00,40
2009-07-07-15:00,35
2009-07-07-18:00,33
2009-07-07-21:00,32
2009-07-08-00:00,31
2009-07-08-03:00,33
2009-07-08-06:00,38
2009-07-08-09:00,40
2009-07-08-12:00,40
2009-07-08-15:00,35
2009-07-08-18:00,33
2009-07-08-21:00,33
2009-07-09-00:00,31
2009-07-09-03:00,32
2009-07-09-06:00,35
2009-07-09-09:00,37
2009-07-09-12:00,34
2009-07-09-15:00,32
2009-07-09-18:00,31
2009-07-09-21:00,30
2009-07-10-00:00,30
2009-07-10-03:00,31
2009-07-10-06:00,32
2009-07-10-09:00,32
2009-07-10-12:00,32
2009-07-10-15:00,31
2009-07-10-18:00,30
2009-07-10-21:00,30
2009-07-11-00:00,29
2009-07-11-03:00,31
2009-07-11-06:00,36
2009-07-11-09:00,36
2009-07-11-12:00,37
2009-07-11-15:00,33
2009-07-11-18:00,32
2009-07-12-00:00,30
2009-07-12-03:00,32
2009-07-12-06:00,35
2009-07-12-09:00,36
2009-07-12-12:00,38
2009-07-12-15:00,34
2009-07-12-18:00,32
2009-07-12-21:00,30
2009-07-13-00:00,29
2009-07-13-03:00,30
2009-07-13-06:00,31
2009-07-13-09:00,34
2009-07-13-12:00,33
2009-07-13-15:00,31
2009-07-13-18:00,30
2009-07-13-21:00,29
2009-07-14-00:00,28
2009-07-14-03:00,30
2009-07-14-06:00,35
2009-07-14-09:00,37
2009-07-14-12:00,32
2009-07-14-15:00,31
2009-07-14-18:00,30
2009-07-14-21:00,29
2009-07-15-00:00,29
2009-07-15-03:00,31
2009-07-15-06:00,33
2009-07-15-09:00,32
2009-07-15-12:00,26
2009-07-15-15:00,28
2009-07-15-18:00,28
2009-07-15-21:00,27
2009-07-16-00:00,28
2009-07-16-03:00,31
2009-07-16-06:00,37
2009-07-16-09:00,38
2009-07-16-12:00,37
2009-07-16-15:00,34
2009-07-16-18:00,32
2009-07-16-21:00,31
2009-07-17-00:00,30
2009-07-17-03:00,32
2009-07-17-06:00,36
2009-07-17-09:00,38
2009-07-17-12:00,37
2009-07-17-15:00,34
2009-07-17-18:00,32
2009-07-17-21:00,31
2009-07-18-00:00,29
2009-07-18-03:00,30
2009-07-18-06:00,35
2009-07-18-09:00,37
2009-07-18-12:00,36
2009-07-18-15:00,34
2009-07-18-18:00,32
2009-07-18-21:00,31
2009-07-19-00:00,30
2009-07-19-03:00,32
2009-07-19-06:00,36
2009-07-19-09:00,35
2009-07-19-12:00,38
2009-07-19-18:00,33
2009-07-19-21:00,32
2009-07-20-00:00,32
2009-07-20-03:00,32
2009-07-20-06:00,34
2009-07-20-09:00,36
2009-07-20-12:00,35
2009-07-20-15:00,33
2009-07-20-18:00,32
2009-07-20-21:00,31
2009-07-21-00:00,30
2009-07-21-03:00,33
2009-07-21-06:00,37
2009-07-21-09:00,31
2009-07-21-12:00,33
2009-07-21-15:00,32
2009-07-21-18:00,30
2009-07-21-21:00,30
2009-07-22-00:00,29
2009-07-22-03:00,30
2009-07-22-06:00,33
2009-07-22-09:00,36
2009-07-22-12:00,35
2009-07-22-15:00,32
2009-07-22-18:00,32
2009-07-22-21:00,31
2009-07-23-00:00,30
2009-07-23-06:00,36
2009-07-23-09:00,28
2009-07-23-12:00,30
2009-07-23-15:00,27
2009-07-23-18:00,27
2009-07-23-21:00,27
2009-07-24-00:00,28
2009-07-24-03:00,29
2009-07-24-06:00,33
2009-07-24-09:00,34
2009-07-24-12:00,32
2009-07-24-15:00,30
2009-07-24-18:00,29
2009-07-24-21:00,29
2009-07-25-00:00,27
2009-07-25-03:00,30
2009-07-25-06:00,33
2009-07-25-09:00,36
2009-07-25-12:00,35
2009-07-25-15:00,32
2009-07-25-18:00,31
2009-07-25-21:00,30
2009-07-26-00:00,29
2009-07-26-03:00,31
2009-07-26-06:00,35
2009-07-26-09:00,36
2009-07-26-12:00,38
2009-07-26-15:00,34
2009-07-26-18:00,33
2009-07-26-21:00,32
2009-07-27-00:00,31
2009-07-27-03:00,32
2009-07-27-06:00,34
2009-07-27-09:00,36
2009-07-27-12:00,26
2009-07-27-15:00,25
2009-07-27-18:00,25
2009-07-27-21:00,25
2009-07-28-00:00,25
2009-07-28-03:00,27
2009-07-28-06:00,31
2009-07-28-09:00,33
2009-07-28-12:00,32
2009-07-28-18:00,29
2009-07-28-21:00,29
2009-07-29-00:00,28
2009-07-29-03:00,29
2009-07-29-06:00,34
2009-07-29-09:00,33
2009-07-29-12:00,31
2009-07-29-15:00,29
2009-07-29-18:00,28
2009-07-29-21:00,28
2009-07-30-00:00,28
2009-07-30-03:00,30
2009-07-30-06:00,33
2009-07-30-09:00,35
2009-07-30-12:00,36
2009-07-30-15:00,32
2009-07-30-18:00,32
2009-07-30-21:00,32
2009-07-31-00:00,29
2009-07-31-03:00,30
2009-07-31-06:00,34
2009-07-31-09:00,36
2009-07-31-12:00,36
2009-07-31-15:00,33
2009-07-31-18:00,33
2009-07-31-21:00,32
2009-08-01-00:00,29
2009-08-01-03:00,30
2009-08-01-09:00,36
2009-08-01-12:00,35
2009-08-01-15:00,33
2009-08-01-18:00,32
2009-08-01-21:00,32
2009-08-02-00:00,30
2009-08-02-03:00,30
2009-08-02-06:00,34
2009-08-02-09:00,36
2009-08-02-12:00,36
2009-08-02-15:00,33
2009-08-02-18:00,32
2009-08-02-21:00,30
2009-08-03-00:00,30
2009-08-03-03:00,31
2009-08-03-06:00,34
2009-08-03-09:00,37
2009-08-03-12:00,37
2009-08-03-15:00,34
2009-08-03-18:00,32
2009-08-03-21:00,32
2009-08-04-00:00,31
2009-08-04-03:00,31
2009-08-04-06:00,35
2009-08-04-09:00,37
2009-08-04-12:00,37
2009-08-04-15:00,34
2009-08-04-18:00,33
2009-08-04-21:00,32
2009-08-05-00:00,30
2009-08-05-03:00,31
2009-08-05-06:00,33
2009-08-05-09:00,36
2009-08-05-12:00,34
2009-08-05-15:00,33
2009-08-05-18:00,32
2009-08-05-21:00,31
2009-08-06-00:00,31
2009-08-06-03:00,31
2009-08-06-06:00,35
2009-08-06-09:00,36
2009-08-06-12:00,36
2009-08-06-15:00,33
2009-08-06-18:00,32
2009-08-06-21:00,31
2009-08-07-00:00,31
2009-08-07-03:00,32
2009-08-07-06:00,35
2009-08-07-09:00,37
2009-08-07-12:00,36
2009-08-07-15:00,34
2009-08-07-18:00,32
2009-08-07-21:00,31
2009-08-08-00:00,28
2009-08-08-03:00,31
2009-08-08-06:00,35
2009-08-08-09:00,37
2009-08-08-12:00,36
2009-08-08-15:00,34
2009-08-08-18:00,32
2009-08-08-21:00,31
2009-08-09-00:00,31
2009-08-09-03:00,33
2009-08-09-06:00,36
2009-08-09-09:00,37
2009-08-09-12:00,37
2009-08-09-15:00,34
2009-08-09-18:00,32
2009-08-09-21:00,31
2009-08-10-00:00,28
2009-08-10-03:00,31
2009-08-10-06:00,35
2009-08-10-09:00,37
2009-08-10-12:00,37
2009-08-10-15:00,34
2009-08-10-18:00,33
2009-08-10-21:00,32
2009-08-11-00:00,31
2009-08-11-03:00,31
2009-08-11-06:00,28
2009-08-11-09:00,26
2009-08-11-12:00,27
2009-08-11-15:00,29
2009-08-11-18:00,29
2009-08-11-21:00,29
2009-08-12-00:00,28
2009-08-12-03:00,30
2009-08-12-06:00,35
2009-08-12-09:00,35
2009-08-12-12:00,36
2009-08-12-15:00,33
2009-08-12-18:00,31
2009-08-12-21:00,30
2009-08-13-00:00,30
2009-08-13-03:00,30
2009-08-13-06:00,34
2009-08-13-09:00,36
2009-08-13-12:00,35
2009-08-13-15:00,33
2009-08-13-18:00,30
2009-08-13-21:00,29
2009-08-14-00:00,29
2009-08-14-03:00,27
2009-08-14-06:00,30
2009-08-14-09:00,33
2009-08-14-12:00,32
2009-08-14-15:00,30
2009-08-14-18:00,27
2009-08-14-21:00,27
2009-08-15-00:00,27
2009-08-15-03:00,27
2009-08-15-06:00,26
2009-08-15-09:00,28
2009-08-15-12:00,29
2009-08-15-15:00,25
2009-08-15-18:00,27
2009-08-15-21:00,27
2009-08-16-00:00,27
2009-08-16-03:00,27
2009-08-16-06:00,27
2009-08-16-09:00,30
2009-08-16-12:00,29
2009-08-16-18:00,26
2009-08-16-21:00,26
2009-08-17-00:00,26
2009-08-17-03:00,27
2009-08-17-06:00,28
2009-08-17-09:00,31
2009-08-17-12:00,31
2009-08-17-15:00,28
2009-08-17-18:00,28
2009-08-17-21:00,27
2009-08-18-00:00,26
2009-08-18-03:00,29
2009-08-18-06:00,33
2009-08-18-09:00,35
2009-08-18-12:00,35
2009-08-18-15:00,32
2009-08-18-18:00,30
2009-08-18-21:00,29
2009-08-19-00:00,28
2009-08-19-03:00,30
2009-08-19-06:00,32
2009-08-19-09:00,34
2009-08-19-12:00,33
2009-08-19-15:00,31
2009-08-19-18:00,30
2009-08-19-21:00,29
2009-08-20-00:00,28
2009-08-20-03:00,30
2009-08-20-06:00,34
2009-08-20-09:00,36
2009-08-20-12:00,32
2009-08-20-15:00,30
2009-08-20-18:00,29
2009-08-20-21:00,28
2009-08-21-00:00,27
2009-08-21-03:00,30
2009-08-21-06:00,34
2009-08-21-09:00,35
2009-08-21-12:00,22
2009-08-21-15:00,24
2009-08-21-18:00,25
2009-08-21-21:00,25
2009-08-22-00:00,25
2009-08-22-03:00,28
2009-08-22-06:00,32
2009-08-22-09:00,35
2009-08-22-12:00,34
2009-08-22-15:00,30
2009-08-22-18:00,29
2009-08-22-21:00,29
2009-08-23-00:00,27
2009-08-23-03:00,29
2009-08-23-06:00,34
2009-08-23-09:00,36
2009-08-23-12:00,35
2009-08-23-15:00,32
2009-08-23-18:00,30
2009-08-23-21:00,29
2009-08-24-00:00,29
2009-08-24-03:00,31
2009-08-24-06:00,35
2009-08-24-09:00,36
2009-08-24-12:00,35
2009-08-24-15:00,32
2009-08-24-18:00,30
2009-08-24-21:00,29
2009-08-25-00:00,28
2009-08-25-03:00,27
2009-08-25-06:00,29
2009-08-25-09:00,29
2009-08-25-12:00,32
2009-08-25-15:00,29
2009-08-25-18:00,28
2009-08-25-21:00,28
2009-08-26-00:00,27
2009-08-26-03:00,28
2009-08-26-06:00,32
2009-08-26-09:00,28
2009-08-26-12:00,29
2009-08-26-15:00,28
2009-08-26-18:00,27
2009-08-26-21:00,26
2009-08-27-00:00,26
2009-08-27-03:00,28
2009-08-27-06:00,32
2009-08-27-09:00,30
2009-08-27-12:00,28
2009-08-27-15:00,27
2009-08-27-18:00,27
2009-08-28-00:00,26
2009-08-28-03:00,29
2009-08-28-06:00,34
2009-08-28-09:00,33
2009-08-28-12:00,34
2009-08-28-15:00,31
2009-08-28-18:00,30
2009-08-28-21:00,28
2009-08-29-00:00,27
2009-08-29-03:00,29
2009-08-29-06:00,34
2009-08-29-09:00,35
2009-08-29-12:00,34
2009-08-29-15:00,31
2009-08-29-18:00,30
2009-08-29-21:00,30
2009-08-30-00:00,28
2009-08-30-03:00,26
2009-08-30-06:00,27
2009-08-30-09:00,31
2009-08-30-12:00,31
2009-08-30-15:00,30
2009-08-30-18:00,29
2009-08-30-21:00,28
2009-08-31-00:00,27
2009-08-31-03:00,29
2009-08-31-06:00,33
2009-08-31-09:00,35
2009-08-31-12:00,34
2009-08-31-15:00,30
2009-08-31-18:00,29
2009-08-31-21:00,29
2009-09-01-00:00,29
2009-09-01-03:00,30
2009-09-01-06:00,32
2009-09-01-09:00,34
2009-09-01-12:00,31
2009-09-01-15:00,30
2009-09-01-18:00,29
2009-09-01-21:00,28
2009-09-02-00:00,28
2009-09-02-03:00,29
2009-09-02-06:00,34
2009-09-02-09:00,34
2009-09-02-12:00,29
2009-09-02-15:00,28
2009-09-02-18:00,27
2009-09-02-21:00,27
2009-09-03-00:00,26
2009-09-03-03:00,28
2009-09-03-06:00,31
2009-09-03-09:00,34
2009-09-03-12:00,31
2009-09-03-15:00,30
2009-09-03-18:00,24
2009-09-03-21:00,25
2009-09-04-00:00,24
2009-09-04-03:00,26
2009-09-04-06:00,30
2009-09-04-09:00,31
2009-09-04-12:00,31
2009-09-04-15:00,28
2009-09-04-18:00,27
2009-09-05-00:00,26
2009-09-05-03:00,28
2009-09-05-06:00,31
2009-09-05-12:00,31
2009-09-05-15:00,29
2009-09-05-18:00,27
2009-09-05-21:00,26
2009-09-06-00:00,25
2009-09-06-03:00,28
2009-09-06-06:00,31
2009-09-06-09:00,33
2009-09-06-12:00,32
2009-09-06-15:00,28
2009-09-06-18:00,26
2009-09-06-21:00,25
2009-09-07-00:00,24
2009-09-07-03:00,27
2009-09-07-06:00,31
2009-09-07-09:00,33
2009-09-07-12:00,32
2009-09-07-15:00,29
2009-09-07-18:00,27
2009-09-07-21:00,27
2009-09-08-00:00,26
2009-09-08-03:00,28
2009-09-08-06:00,31
2009-09-08-09:00,33
2009-09-08-12:00,29
2009-09-08-15:00,27
2009-09-08-18:00,26
2009-09-08-21:00,26
2009-09-09-00:00,25
2009-09-09-03:00,26
2009-09-09-06:00,30
2009-09-09-09:00,33
2009-09-09-12:00,29
2009-09-09-15:00,25
2009-09-09-18:00,26
2009-09-09-21:00,25
2009-09-10-00:00,24
2009-09-10-03:00,24
2009-09-10-06:00,25
2009-09-10-09:00,26
2009-09-10-12:00,26
2009-09-10-15:00,26
2009-09-10-18:00,24
2009-09-10-21:00,24
2009-09-11-00:00,24
2009-09-11-03:00,25
2009-09-11-06:00,25
2009-09-11-09:00,25
2009-09-11-12:00,24
2009-09-11-15:00,24
2009-09-11-18:00,23
2009-09-11-21:00,23
2009-09-12-00:00,23
2009-09-12-03:00,23
2009-09-12-06:00,23
2009-09-12-09:00,25
2009-09-12-12:00,26
2009-09-12-15:00,25
2009-09-12-18:00,24
2009-09-12-21:00,24
2009-09-13-00:00,24
2009-09-13-03:00,26
2009-09-13-06:00,30
2009-09-13-09:00,32
2009-09-13-15:00,28
2009-09-13-18:00,27
2009-09-13-21:00,26
2009-09-14-00:00,25
2009-09-14-03:00,27
2009-09-14-06:00,32
2009-09-14-09:00,34
2009-09-14-12:00,33
2009-09-14-15:00,28
2009-09-14-18:00,25
2009-09-14-21:00,25
2009-09-15-00:00,23
2009-09-15-03:00,27
2009-09-15-06:00,32
2009-09-15-15:00,28
2009-09-15-18:00,26
2009-09-15-21:00,26
2009-09-16-03:00,27
2009-09-16-06:00,32
2009-09-16-09:00,34
2009-09-16-12:00,33
2009-09-16-15:00,29
2009-09-16-18:00,27
2009-09-16-21:00,27
2009-09-17-00:00,25
2009-09-17-03:00,28
2009-09-17-06:00,33
2009-09-17-09:00,35
2009-09-17-12:00,32
2009-09-17-15:00,29
2009-09-17-18:00,27
2009-09-17-21:00,26
2009-09-18-00:00,25
2009-09-18-03:00,27
2009-09-18-15:00,29
2009-09-18-18:00,27
2009-09-18-21:00,26
2009-09-19-00:00,25
2009-09-19-03:00,27
2009-09-19-06:00,33
2009-09-19-09:00,36
2009-09-19-12:00,35
2009-09-19-15:00,29
2009-09-19-18:00,27
2009-09-19-21:00,26
2009-09-20-00:00,25
2009-09-20-03:00,28
2009-09-20-06:00,33
2009-09-20-09:00,36
2009-09-20-12:00,35
2009-09-20-15:00,31
2009-09-20-18:00,29
2009-09-20-21:00,28
2009-09-21-00:00,28
2009-09-21-03:00,29
2009-09-21-06:00,32.5
2009-09-21-09:00,36
2009-09-21-12:00,36
2009-09-21-15:00,31
2009-09-21-18:00,29
2009-09-21-21:00,29
2009-09-22-00:00,28
2009-09-22-03:00,29
2009-09-22-06:00,34
2009-09-22-09:00,36
2009-09-22-12:00,35
2009-09-22-15:00,30
2009-09-22-18:00,29
2009-09-22-21:00,29
2009-09-23-00:00,28
2009-09-23-03:00,29
2009-09-23-06:00,34
2009-09-23-09:00,37
2009-09-23-12:00,35
2009-09-23-15:00,30
2009-09-23-18:00,28
2009-09-23-21:00,28
2009-09-24-00:00,27
2009-09-24-03:00,28
2009-09-24-06:00,34
2009-09-24-09:00,36
2009-09-24-12:00,34
2009-09-24-15:00,29
2009-09-24-18:00,28
2009-09-24-21:00,27
2009-09-25-00:00,26
2009-09-25-03:00,28
2009-09-25-06:00,34
2009-09-25-09:00,36
2009-09-25-12:00,35
2009-09-25-15:00,29
2009-09-25-18:00,28
2009-09-25-21:00,27
2009-09-26-00:00,26
2009-09-26-03:00,28
2009-09-26-06:00,33
2009-09-26-09:00,35
2009-09-26-12:00,33
2009-09-26-15:00,30
2009-09-26-18:00,28
2009-09-26-21:00,28
2009-09-27-00:00,27
2009-09-27-03:00,28
2009-09-27-06:00,33
2009-09-27-09:00,36
2009-09-27-12:00,33
2009-09-27-15:00,29
2009-09-27-18:00,27
2009-09-28-00:00,25
2009-09-28-03:00,27
2009-09-28-06:00,33
2009-09-28-09:00,35
2009-09-28-12:00,33
2009-09-28-15:00,30
2009-09-28-18:00,28
2009-09-28-21:00,27
2009-09-29-00:00,26
2009-09-29-03:00,29
2009-09-29-06:00,34
2009-09-29-09:00,36
2009-09-29-12:00,33
2009-09-29-18:00,29
2009-09-29-21:00,28
2009-09-30-00:00,26
2009-09-30-03:00,29
2009-09-30-06:00,34
2009-09-30-09:00,37
2009-09-30-12:00,35
2009-09-30-15:00,30
2009-09-30-18:00,28
2009-09-30-21:00,27
2009-10-01-00:00,28
2009-10-01-03:00,29
2009-10-01-06:00,34
2009-10-01-09:00,36
2009-10-01-12:00,35
2009-10-01-15:00,31
2009-10-01-18:00,30
2009-10-01-21:00,30
2009-10-02-00:00,28
2009-10-02-03:00,29
2009-10-02-06:00,35
2009-10-02-09:00,37
2009-10-02-12:00,34
2009-10-02-15:00,31
2009-10-02-18:00,30
2009-10-02-21:00,28
2009-10-03-00:00,27
2009-10-03-03:00,28
2009-10-03-06:00,34
2009-10-03-09:00,35
2009-10-03-12:00,34
2009-10-03-15:00,30
2009-10-03-18:00,28
2009-10-03-21:00,27
2009-10-04-00:00,26
2009-10-04-06:00,28
2009-10-04-09:00,26
2009-10-04-12:00,25
2009-10-04-15:00,25
2009-10-04-18:00,24
2009-10-04-21:00,24
2009-10-05-00:00,24
2009-10-05-03:00,25
2009-10-05-06:00,27
2009-10-05-09:00,27
2009-10-05-12:00,26
2009-10-05-15:00,25
2009-10-05-18:00,23
2009-10-05-21:00,23
2009-10-06-00:00,23
2009-10-06-03:00,24
2009-10-06-06:00,26
2009-10-06-09:00,29
2009-10-06-12:00,29
2009-10-06-15:00,26
2009-10-06-18:00,25
2009-10-06-21:00,24
2009-10-07-00:00,22
2009-10-07-03:00,24
2009-10-07-06:00,29
2009-10-07-09:00,33
2009-10-07-12:00,31
2009-10-07-15:00,26
2009-10-07-18:00,23
2009-10-07-21:00,22
2009-10-08-00:00,20
2009-10-08-03:00,23
2009-10-08-06:00,32
2009-10-08-09:00,35
2009-10-08-12:00,33
2009-10-08-15:00,25
2009-10-08-18:00,23
2009-10-08-21:00,23
2009-10-09-00:00,20
2009-10-09-03:00,24
2009-10-09-06:00,33
2009-10-09-09:00,36
2009-10-09-12:00,33
2009-10-09-15:00,25
2009-10-09-18:00,23
2009-10-09-21:00,22
2009-10-10-00:00,21
2009-10-10-03:00,24
2009-10-10-06:00,33
2009-10-10-09:00,35
2009-10-10-12:00,33
2009-10-10-15:00,28
2009-10-10-18:00,25
2009-10-10-21:00,24
2009-10-11-00:00,21
2009-10-11-03:00,25
2009-10-11-06:00,32
2009-10-11-09:00,35
2009-10-11-12:00,32
2009-10-11-15:00,26
2009-10-11-18:00,23
2009-10-11-21:00,22
2009-10-12-00:00,20
2009-10-12-03:00,23
2009-10-12-06:00,33
2009-10-12-09:00,34
2009-10-12-12:00,31
2009-10-12-15:00,24
2009-10-12-18:00,22
2009-10-12-21:00,21
2009-10-13-00:00,20
2009-10-13-03:00,23
2009-10-13-06:00,31
2009-10-13-09:00,33
2009-10-13-12:00,31
2009-10-13-15:00,24
2009-10-13-18:00,22
2009-10-13-21:00,21
2009-10-14-00:00,20
2009-10-14-03:00,23
2009-10-14-06:00,31
2009-10-14-09:00,33
2009-10-14-12:00,31
2009-10-14-15:00,27
2009-10-14-18:00,24
2009-10-14-21:00,23
2009-10-15-00:00,22
2009-10-15-03:00,24
2009-10-15-06:00,31
2009-10-15-09:00,33
2009-10-15-12:00,30
2009-10-15-15:00,25
2009-10-15-18:00,25
2009-10-15-21:00,24
2009-10-16-00:00,22
2009-10-16-03:00,22
2009-10-16-06:00,30
2009-10-16-09:00,31
2009-10-16-12:00,29
2009-10-16-15:00,24
2009-10-16-18:00,22
2009-10-16-21:00,22
2009-10-17-00:00,20
2009-10-17-03:00,22
2009-10-17-06:00,30
2009-10-17-09:00,32
2009-10-17-12:00,29
2009-10-17-15:00,23
2009-10-17-18:00,21
2009-10-17-21:00,20
2009-10-18-00:00,19
2009-10-18-03:00,12
2009-10-18-06:00,30
2009-10-18-09:00,33
2009-10-18-12:00,29
2009-10-18-15:00,23
2009-10-18-18:00,22
2009-10-18-21:00,21
2009-10-19-00:00,20
2009-10-19-03:00,22
2009-10-19-06:00,31
2009-10-19-09:00,31
2009-10-19-12:00,29
2009-10-19-15:00,22
2009-10-19-18:00,20
2009-10-19-21:00,19
2009-10-20-00:00,17
2009-10-20-03:00,21
2009-10-20-06:00,30
2009-10-20-09:00,32
2009-10-20-12:00,30
2009-10-20-15:00,21
2009-10-20-18:00,19
2009-10-20-21:00,18
2009-10-21-00:00,19
2009-10-21-03:00,21
2009-10-21-06:00,30
2009-10-21-09:00,32
2009-10-21-12:00,29
2009-10-21-15:00,21
2009-10-21-18:00,19
2009-10-21-21:00,19
2009-10-22-00:00,17
2009-10-22-03:00,20
2009-10-22-06:00,30
2009-10-22-09:00,33
2009-10-22-12:00,29
2009-10-22-15:00,21
2009-10-22-18:00,19
2009-10-22-21:00,17
2009-10-23-00:00,17
2009-10-23-03:00,20
2009-10-23-06:00,29
2009-10-23-09:00,31
2009-10-23-12:00,28
2009-10-23-15:00,21
2009-10-23-18:00,18
2009-10-23-21:00,17
2009-10-24-00:00,16
2009-10-24-03:00,20
2009-10-24-06:00,28
2009-10-24-09:00,30
2009-10-24-12:00,28
2009-10-24-15:00,20
2009-10-24-18:00,17
2009-10-24-21:00,16
2009-10-25-00:00,15
2009-10-25-03:00,18
2009-10-25-06:00,28
2009-10-25-09:00,31
2009-10-25-12:00,27
2009-10-25-15:00,19
2009-10-25-18:00,17
2009-10-25-21:00,15
2009-10-26-00:00,14
2009-10-26-03:00,18
2009-10-26-06:00,28
2009-10-26-09:00,30
2009-10-26-12:00,27
2009-10-26-18:00,17
2009-10-26-21:00,16
2009-10-27-00:00,14
2009-10-27-03:00,19
2009-10-27-06:00,29
2009-10-27-09:00,31
2009-10-27-12:00,27
2009-10-27-15:00,20
2009-10-27-18:00,17
2009-10-27-21:00,16
2009-10-28-00:00,14
2009-10-28-03:00,18
2009-10-28-06:00,27
2009-10-28-09:00,30
2009-10-28-12:00,27
2009-10-28-15:00,19
2009-10-28-18:00,17
2009-10-28-21:00,16
2009-10-29-00:00,14
2009-10-29-03:00,18
2009-10-29-06:00,27
2009-10-29-09:00,31
2009-10-29-12:00,28
2009-10-29-15:00,24
2009-10-29-18:00,22
2009-10-29-21:00,21
2009-10-30-00:00,19
2009-10-30-03:00,19
2009-10-30-06:00,28
2009-10-30-09:00,32
2009-10-30-12:00,29
2009-10-30-15:00,23
2009-10-30-18:00,20
2009-10-30-21:00,19
2009-10-31-00:00,17
2009-10-31-03:00,20
2009-10-31-06:00,28
2009-10-31-09:00,31
2009-10-31-12:00,28
2009-10-31-15:00,21
2009-10-31-18:00,19
2009-10-31-21:00,17
2009-11-01-00:00,16
2009-11-01-03:00,18
2009-11-01-06:00,28
2009-11-01-09:00,31
2009-11-01-12:00,28
2009-11-01-15:00,21
2009-11-01-18:00,19
2009-11-01-21:00,18
2009-11-02-00:00,17
2009-11-02-03:00,19
2009-11-02-06:00,27
2009-11-02-09:00,30
2009-11-02-12:00,28
2009-11-02-15:00,22
2009-11-02-18:00,19
2009-11-02-21:00,18
2009-11-03-00:00,16
2009-11-03-03:00,19
2009-11-03-06:00,25
2009-11-03-09:00,29
2009-11-03-12:00,26
2009-11-03-15:00,20
2009-11-03-18:00,19
2009-11-03-21:00,17
2009-11-04-03:00,18
2009-11-04-06:00,27
2009-11-04-09:00,28
2009-11-04-12:00,27
2009-11-04-15:00,21
2009-11-04-18:00,18
2009-11-04-21:00,17
2009-11-05-00:00,16
2009-11-05-03:00,17
2009-11-05-06:00,28
2009-11-05-09:00,30
2009-11-05-12:00,27
2009-11-05-15:00,21
2009-11-05-18:00,19
2009-11-05-21:00,18
2009-11-06-00:00,16
2009-11-06-03:00,17
2009-11-06-06:00,27
2009-11-06-09:00,30
2009-11-06-12:00,27
2009-11-06-15:00,20
2009-11-06-18:00,18
2009-11-06-21:00,18
2009-11-07-00:00,16
2009-11-07-03:00,17
2009-11-07-06:00,26
2009-11-07-09:00,29
2009-11-07-12:00,26
2009-11-07-15:00,21
2009-11-07-18:00,19
2009-11-07-21:00,18
2009-11-08-00:00,17
2009-11-08-03:00,18
2009-11-08-06:00,28
2009-11-08-09:00,31
2009-11-08-12:00,27
2009-11-08-15:00,22
2009-11-08-18:00,20
2009-11-08-21:00,19
2009-11-09-00:00,17
2009-11-09-03:00,19
2009-11-09-06:00,29
2009-11-09-09:00,32
2009-11-09-12:00,28
2009-11-09-15:00,24
2009-11-09-18:00,21
2009-11-09-21:00,20
2009-11-10-00:00,19
2009-11-10-03:00,18
2009-11-10-06:00,27
2009-11-10-09:00,28
2009-11-10-12:00,26
2009-11-10-15:00,20
2009-11-10-18:00,20
2009-11-10-21:00,19
2009-11-11-00:00,15
2009-11-11-03:00,16
2009-11-11-06:00,24
2009-11-11-09:00,24
2009-11-11-12:00,22
2009-11-11-15:00,19
2009-11-11-18:00,18
2009-11-11-21:00,17
2009-11-12-00:00,16
2009-11-12-03:00,18
2009-11-12-06:00,22
2009-11-12-09:00,22
2009-11-12-12:00,20
2009-11-12-15:00,18
2009-11-12-18:00,18
2009-11-12-21:00,17
2009-11-13-00:00,17
2009-11-13-03:00,18
2009-11-13-06:00,20
2009-11-13-09:00,22
2009-11-13-12:00,22
2009-11-13-15:00,21
2009-11-13-18:00,20
2009-11-13-21:00,20
2009-11-14-00:00,20
2009-11-14-03:00,21
2009-11-14-06:00,23
2009-11-14-09:00,27
2009-11-14-15:00,21
2009-11-14-18:00,21
2009-11-14-21:00,20
2009-11-15-03:00,21
2009-11-15-06:00,26
2009-11-15-09:00,28
2009-11-15-12:00,25
2009-11-15-15:00,21
2009-11-15-18:00,19
2009-11-15-21:00,18
2009-11-16-00:00,17
2009-11-16-03:00,18
2009-11-16-06:00,26
2009-11-16-09:00,26
2009-11-16-12:00,24
2009-11-16-15:00,21
2009-11-16-18:00,19
2009-11-16-21:00,18
2009-11-17-00:00,18
2009-11-17-03:00,18
2009-11-17-06:00,24
2009-11-17-09:00,25
2009-11-17-12:00,22
2009-11-17-15:00,17
2009-11-17-18:00,15
2009-11-17-21:00,15
2009-11-18-00:00,11
2009-11-18-03:00,15
2009-11-18-06:00,23
2009-11-18-09:00,25
2009-11-18-12:00,22
2009-11-18-15:00,17
2009-11-18-18:00,15
2009-11-18-21:00,14
2009-11-19-00:00,13
2009-11-19-03:00,14
2009-11-19-06:00,22
2009-11-19-09:00,24
2009-11-19-12:00,21
2009-11-19-15:00,17
2009-11-19-18:00,15
2009-11-19-21:00,14
2009-11-20-00:00,12
2009-11-20-03:00,13
2009-11-20-06:00,21
2009-11-20-09:00,24
2009-11-20-12:00,21
2009-11-20-15:00,14
2009-11-20-18:00,12
2009-11-20-21:00,11
2009-11-21-00:00,9
2009-11-21-03:00,11
2009-11-21-06:00,23
2009-11-21-09:00,25
2009-11-21-12:00,21
2009-11-21-15:00,14
2009-11-21-18:00,12
2009-11-21-21:00,11
2009-11-22-00:00,9
2009-11-22-03:00,11
2009-11-22-06:00,24
2009-11-22-09:00,26
2009-11-22-12:00,21
2009-11-22-15:00,14
2009-11-22-18:00,13
2009-11-22-21:00,12
2009-11-23-00:00,10
2009-11-23-03:00,11
2009-11-23-06:00,24
2009-11-23-09:00,26
2009-11-23-12:00,21
2009-11-23-15:00,15
2009-11-23-18:00,13
2009-11-23-21:00,12
2009-11-24-00:00,10
2009-11-24-03:00,13
2009-11-24-06:00,22
2009-11-24-09:00,25
2009-11-24-12:00,22
2009-11-24-15:00,16
2009-11-24-18:00,13
2009-11-24-21:00,12
2009-11-25-00:00,11
2009-11-25-03:00,12
2009-11-25-06:00,25
2009-11-25-09:00,27
2009-11-25-12:00,23
2009-11-25-15:00,16
2009-11-25-18:00,13
2009-11-25-21:00,12
2009-11-26-00:00,11
2009-11-26-03:00,13
2009-11-26-06:00,25
2009-11-26-09:00,27
2009-11-26-12:00,23
2009-11-26-15:00,16
2009-11-26-18:00,14
2009-11-26-21:00,12
2009-11-27-00:00,12
2009-11-27-03:00,14
2009-11-27-06:00,23
2009-11-27-09:00,25
2009-11-27-12:00,20
2009-11-27-15:00,14
2009-11-27-18:00,12
2009-11-27-21:00,11
2009-11-28-00:00,9
2009-11-28-03:00,10
2009-11-28-06:00,22
2009-11-28-09:00,25
2009-11-28-12:00,20
2009-11-28-15:00,14
2009-11-28-18:00,12
2009-11-28-21:00,11
2009-11-29-00:00,10
2009-11-29-03:00,12
2009-11-29-06:00,20
2009-11-29-12:00,19
2009-11-29-15:00,14
2009-11-29-18:00,13
2009-11-29-21:00,12
2009-11-30-00:00,11
2009-11-30-03:00,11
2009-11-30-06:00,23
2009-11-30-09:00,24
2009-11-30-12:00,21
2009-11-30-15:00,15
2009-11-30-18:00,13
2009-11-30-21:00,12
2009-12-01-00:00,10
2009-12-01-03:00,11
2009-12-01-06:00,22
2009-12-01-09:00,24
2009-12-01-12:00,20
2009-12-01-15:00,15
2009-12-01-18:00,14
2009-12-01-21:00,12
2009-12-02-00:00,12
2009-12-02-03:00,14
2009-12-02-06:00,23
2009-12-02-09:00,25
2009-12-02-12:00,22
2009-12-02-15:00,15
2009-12-02-18:00,13
2009-12-02-21:00,12
2009-12-03-00:00,11
2009-12-03-03:00,13
2009-12-03-06:00,22
2009-12-03-09:00,25
2009-12-03-12:00,22
2009-12-03-15:00,14
2009-12-03-18:00,12
2009-12-03-21:00,12
2009-12-04-00:00,11
2009-12-04-03:00,11
2009-12-04-06:00,24
2009-12-04-09:00,27
2009-12-04-15:00,16
2009-12-04-18:00,14
2009-12-04-21:00,12
2009-12-05-00:00,11
2009-12-05-03:00,12
2009-12-05-06:00,25
2009-12-05-09:00,26
2009-12-05-12:00,22
2009-12-05-15:00,17
2009-12-05-18:00,16
2009-12-05-21:00,15
2009-12-06-00:00,14
2009-12-06-03:00,15
2009-12-06-06:00,24
2009-12-06-09:00,26
2009-12-06-12:00,23
2009-12-06-15:00,17
2009-12-06-18:00,15
2009-12-06-21:00,14
2009-12-07-00:00,13
2009-12-07-03:00,13
2009-12-07-06:00,22
2009-12-07-09:00,24
2009-12-07-12:00,21
2009-12-07-15:00,15
2009-12-07-18:00,13
2009-12-07-21:00,11
2009-12-08-03:00,11
2009-12-08-06:00,20
2009-12-08-09:00,22
2009-12-08-12:00,20
2009-12-08-15:00,13
2009-12-08-18:00,12
2009-12-08-21:00,10
2009-12-09-00:00,9
2009-12-09-03:00,11
2009-12-09-06:00,21
2009-12-09-09:00,14
2009-12-09-12:00,21
2009-12-09-15:00,15
2009-12-09-18:00,13
2009-12-09-21:00,13
2009-12-10-00:00,12
2009-12-10-03:00,13
2009-12-10-06:00,20
2009-12-10-09:00,23
2009-12-10-12:00,20
2009-12-10-15:00,16
2009-12-10-18:00,15
2009-12-10-21:00,13
2009-12-11-00:00,13
2009-12-11-03:00,14
2009-12-11-06:00,21
2009-12-11-09:00,25
2009-12-11-12:00,22
2009-12-11-15:00,16
2009-12-11-18:00,14
2009-12-11-21:00,14
2009-12-12-00:00,12
2009-12-12-03:00,13
2009-12-12-06:00,22
2009-12-12-09:00,24
2009-12-12-12:00,21
2009-12-12-15:00,15
2009-12-12-18:00,13
2009-12-12-21:00,12
2009-12-13-00:00,14
2009-12-13-03:00,15
2009-12-13-06:00,20
2009-12-13-09:00,24
2009-12-13-12:00,20
2009-12-13-15:00,15
2009-12-13-18:00,13
2009-12-13-21:00,12
2009-12-14-00:00,10
2009-12-14-03:00,11
2009-12-14-06:00,21
2009-12-14-09:00,24
2009-12-14-12:00,21
2009-12-14-15:00,16
2009-12-14-18:00,16
2009-12-14-21:00,15
2009-12-15-00:00,15
2009-12-15-03:00,15
2009-12-15-06:00,18
2009-12-15-09:00,22
2009-12-15-15:00,15
2009-12-15-18:00,13
2009-12-15-21:00,13
2009-12-16-00:00,12
2009-12-16-03:00,12
2009-12-16-06:00,21
2009-12-16-09:00,23
2009-12-16-12:00,21
2009-12-16-15:00,15
2009-12-16-18:00,14
2009-12-16-21:00,13
2009-12-17-00:00,11
2009-12-17-03:00,11
2009-12-17-06:00,21
2009-12-17-09:00,23
2009-12-17-12:00,20
2009-12-17-15:00,15
2009-12-17-18:00,12
2009-12-17-21:00,12
2009-12-18-00:00,10
2009-12-18-03:00,10
2009-12-18-09:00,22
2009-12-18-12:00,19
2009-12-18-15:00,13
2009-12-18-18:00,11
2009-12-18-21:00,10
2009-12-19-00:00,8
2009-12-19-03:00,10
2009-12-19-06:00,19
2009-12-19-09:00,22
2009-12-19-12:00,19
2009-12-19-15:00,12
2009-12-19-18:00,10
2009-12-19-21:00,9
2009-12-20-00:00,9
2009-12-20-03:00,11
2009-12-20-06:00,19
2009-12-20-12:00,18
2009-12-20-15:00,13
2009-12-20-18:00,11
2009-12-20-21:00,10
2009-12-21-00:00,8
2009-12-21-03:00,10
2009-12-21-06:00,18
2009-12-21-09:00,22
2009-12-21-12:00,19
2009-12-21-15:00,13
2009-12-21-21:00,9
2009-12-22-03:00,10
2009-12-22-06:00,19
2009-12-22-09:00,20
2009-12-22-12:00,18
2009-12-22-15:00,12
2009-12-22-18:00,10
2009-12-22-21:00,9
2009-12-23-00:00,7
2009-12-23-03:00,8
2009-12-23-06:00,20
2009-12-23-09:00,22
2009-12-23-12:00,19
2009-12-23-15:00,12
2009-12-23-18:00,10
2009-12-24-00:00,7
2009-12-24-03:00,9
2009-12-24-06:00,20
2009-12-24-09:00,22
2009-12-24-12:00,19
2009-12-24-15:00,11
2009-12-24-18:00,10
2009-12-24-21:00,9
2009-12-25-00:00,8
2009-12-25-06:00,18
2009-12-25-09:00,21
2009-12-25-12:00,18
2009-12-25-18:00,9
2009-12-25-21:00,8
2009-12-26-00:00,6
2009-12-26-03:00,7
2009-12-26-06:00,19
2009-12-26-09:00,22
2009-12-26-12:00,19
2009-12-26-15:00,11
2009-12-26-18:00,9
2009-12-26-21:00,8
2009-12-27-00:00,6
2009-12-27-03:00,7
2009-12-27-06:00,18
2009-12-27-09:00,22
2009-12-27-12:00,18
2009-12-27-15:00,11
2009-12-27-18:00,9
2009-12-27-21:00,8
2009-12-28-00:00,7
2009-12-28-03:00,7
2009-12-28-06:00,18
2009-12-28-09:00,21
2009-12-28-12:00,17
2009-12-28-18:00,9
2009-12-28-21:00,8
2009-12-29-00:00,7
2009-12-29-03:00,8
2009-12-29-06:00,18
2009-12-29-09:00,20
2009-12-29-12:00,17
2009-12-29-15:00,11
2009-12-29-18:00,9
2009-12-29-21:00,8
2009-12-30-00:00,6
2009-12-30-03:00,7
2009-12-30-06:00,17
2009-12-30-09:00,20
2009-12-30-12:00,17
2009-12-30-15:00,11
2009-12-30-18:00,9
2009-12-30-21:00,8
2009-12-31-00:00,7
2009-12-31-03:00,9
2009-12-31-06:00,16
2009-12-31-09:00,20
2009-12-31-12:00,17
2009-12-31-15:00,11
2009-12-31-18:00,10
2009-12-31-21:00,9
2010-01-01-00:00,8
2010-01-01-03:00,9
2010-01-01-06:00,18
2010-01-01-09:00,21
2010-01-01-12:00,19
2010-01-01-15:00,13
2010-01-01-18:00,11
2010-01-01-21:00,10
2010-01-02-00:00,9
2010-01-02-03:00,10
2010-01-02-06:00,11
2010-01-02-09:00,14
2010-01-02-12:00,13
2010-01-02-15:00,10
2010-01-02-18:00,11
2010-01-02-21:00,11
2010-01-03-00:00,11
2010-01-03-03:00,11
2010-01-03-06:00,14
2010-01-03-09:00,14
2010-01-03-12:00,13
2010-01-03-15:00,11
2010-01-03-18:00,11
2010-01-03-21:00,11
2010-01-04-00:00,10
2010-01-04-03:00,10
2010-01-04-06:00,11
2010-01-04-09:00,13
2010-01-04-12:00,13
2010-01-04-15:00,12
2010-01-04-18:00,11
2010-01-04-21:00,10
2010-01-05-00:00,10
2010-01-05-03:00,11
2010-01-05-06:00,14
2010-01-05-09:00,17
2010-01-05-12:00,16
2010-01-05-15:00,11
2010-01-05-18:00,9
2010-01-05-21:00,9
2010-01-06-00:00,6
2010-01-06-03:00,6
2010-01-06-06:00,16
2010-01-06-09:00,18
2010-01-06-12:00,15
2010-01-06-15:00,12
2010-01-06-18:00,9
2010-01-06-21:00,9
2010-01-07-00:00,10
2010-01-07-03:00,10
2010-01-07-06:00,12
2010-01-07-09:00,18
2010-01-07-12:00,16
2010-01-07-15:00,11
2010-01-07-18:00,10
2010-01-07-21:00,10
2010-01-08-00:00,9
2010-01-08-03:00,9
2010-01-08-06:00,11
2010-01-08-09:00,13
2010-01-08-12:00,12
2010-01-08-15:00,11
2010-01-08-18:00,11
2010-01-08-21:00,11
2010-01-09-00:00,10
2010-01-09-03:00,11
2010-01-09-06:00,14
2010-01-09-09:00,18
2010-01-09-12:00,13
2010-01-09-15:00,11
2010-01-09-18:00,10
2010-01-09-21:00,9
2010-01-10-00:00,9
2010-01-10-03:00,9
2010-01-10-06:00,10
2010-01-10-09:00,12
2010-01-10-12:00,11
2010-01-10-15:00,9
2010-01-10-18:00,8
2010-01-10-21:00,8
2010-01-11-00:00,7
2010-01-11-03:00,7
2010-01-11-06:00,10
2010-01-11-09:00,14
2010-01-11-12:00,12
2010-01-11-15:00,9
2010-01-11-18:00,8
2010-01-11-21:00,7
2010-01-12-00:00,8
2010-01-12-03:00,8
2010-01-12-06:00,10
2010-01-12-09:00,15
2010-01-12-12:00,13
2010-01-12-15:00,11
2010-01-12-18:00,10
2010-01-12-21:00,10
2010-01-13-00:00,9
2010-01-13-03:00,9
2010-01-13-06:00,12
2010-01-13-09:00,16
2010-01-13-12:00,15
2010-01-13-15:00,12
2010-01-13-18:00,10
2010-01-13-21:00,10
2010-01-14-00:00,9
2010-01-14-03:00,9
2010-01-14-06:00,13
2010-01-14-09:00,16
2010-01-14-12:00,15
2010-01-14-15:00,12
2010-01-14-18:00,11
2010-01-14-21:00,10
2010-01-15-00:00,9
2010-01-15-03:00,9
2010-01-15-06:00,14
2010-01-15-09:00,16
2010-01-15-12:00,16
2010-01-15-15:00,12
2010-01-15-18:00,10
2010-01-15-21:00,9
2010-01-16-00:00,8
2010-01-16-03:00,8
2010-01-16-06:00,16
2010-01-16-09:00,20
2010-01-16-12:00,18
2010-01-16-18:00,10
2010-01-16-21:00,9
2010-01-17-00:00,10
2010-01-17-03:00,10
2010-01-17-06:00,11
2010-01-17-09:00,13
2010-01-17-12:00,13
2010-01-17-15:00,11
2010-01-17-18:00,11
2010-01-17-21:00,10
2010-01-18-00:00,9
2010-01-18-03:00,9
2010-01-18-06:00,13
2010-01-18-09:00,19
2010-01-18-12:00,16
2010-01-18-15:00,11
2010-01-18-18:00,10
2010-01-18-21:00,9
2010-01-19-00:00,9
2010-01-19-03:00,9
2010-01-19-06:00,14
2010-01-19-09:00,20
2010-01-19-12:00,17
2010-01-19-15:00,12
2010-01-19-18:00,10
2010-01-19-21:00,9
2010-01-20-00:00,8
2010-01-20-03:00,9
2010-01-20-06:00,11
2010-01-20-09:00,18
2010-01-20-12:00,16
2010-01-20-15:00,11
2010-01-20-18:00,10
2010-01-20-21:00,9
2010-01-21-00:00,8
2010-01-21-03:00,8
2010-01-21-06:00,13
2010-01-21-09:00,20
2010-01-21-12:00,17
2010-01-21-15:00,11
2010-01-21-18:00,9
2010-01-21-21:00,8
2010-01-22-00:00,9
2010-01-22-03:00,10
2010-01-22-06:00,12
2010-01-22-09:00,18
2010-01-22-12:00,17
2010-01-22-15:00,11
2010-01-22-18:00,9
2010-01-22-21:00,8
2010-01-23-00:00,9
2010-01-23-03:00,10
2010-01-23-06:00,18
2010-01-23-09:00,21
2010-01-23-12:00,19
2010-01-23-15:00,13
2010-01-23-18:00,11
2010-01-23-21:00,10
2010-01-24-00:00,8
2010-01-24-03:00,11
2010-01-24-06:00,18
2010-01-24-09:00,23
2010-01-24-12:00,21
2010-01-24-15:00,16
2010-01-24-18:00,15
2010-01-24-21:00,14
2010-01-25-00:00,12
2010-01-25-03:00,12
2010-01-25-06:00,20
2010-01-25-09:00,24
2010-01-25-12:00,22
2010-01-25-15:00,15
2010-01-25-18:00,13
2010-01-25-21:00,12
2010-01-26-00:00,10
2010-01-26-03:00,10
2010-01-26-06:00,16
2010-01-26-09:00,23
2010-01-26-12:00,20
2010-01-26-15:00,14
2010-01-26-18:00,12
2010-01-27-00:00,12
2010-01-27-03:00,10
2010-01-27-06:00,19
2010-01-27-09:00,24
2010-01-27-12:00,22
2010-01-27-15:00,16
2010-01-27-18:00,14
2010-01-27-21:00,13
2010-01-28-00:00,11
2010-01-28-03:00,12
2010-01-28-06:00,24
2010-01-28-09:00,26
2010-01-28-12:00,24
2010-01-28-15:00,17
2010-01-28-18:00,15
2010-01-28-21:00,14
2010-01-29-00:00,13
2010-01-29-03:00,12
2010-01-29-06:00,24
2010-01-29-09:00,28
2010-01-29-12:00,24
2010-01-29-15:00,17
2010-01-29-18:00,14
2010-01-29-21:00,13
2010-01-30-00:00,13
2010-01-30-03:00,14
2010-01-30-06:00,22
2010-01-30-09:00,22
2010-01-30-12:00,20
2010-01-30-15:00,15
2010-01-30-18:00,13
2010-01-30-21:00,12
2010-01-31-00:00,11
2010-01-31-03:00,10
2010-01-31-06:00,19
2010-01-31-09:00,23
2010-01-31-12:00,20
2010-01-31-18:00,12
2010-01-31-21:00,11
2010-02-01-00:00,9
2010-02-01-03:00,9
2010-02-01-06:00,22
2010-02-01-09:00,23
2010-02-01-12:00,21
2010-02-01-15:00,14
2010-02-01-18:00,12
2010-02-01-21:00,11
2010-02-02-00:00,9
2010-02-02-03:00,10
2010-02-02-06:00,20
2010-02-02-09:00,23
2010-02-02-12:00,21
2010-02-02-15:00,15
2010-02-02-18:00,12
2010-02-02-21:00,11
2010-02-03-00:00,10
2010-02-03-03:00,11
2010-02-03-06:00,20
2010-02-03-09:00,23
2010-02-03-12:00,21
2010-02-03-15:00,16.5
2010-02-03-18:00,12
2010-02-03-21:00,10
2010-02-04-00:00,10
2010-02-04-03:00,11
2010-02-04-06:00,21
2010-02-04-09:00,24
2010-02-04-12:00,22
2010-02-04-15:00,17
2010-02-04-18:00,15
2010-02-04-21:00,14
2010-02-05-00:00,12
2010-02-05-03:00,13
2010-02-05-06:00,22
2010-02-05-09:00,25
2010-02-05-12:00,23
2010-02-05-15:00,17
2010-02-05-18:00,16
2010-02-05-21:00,14
2010-02-06-00:00,13
2010-02-06-03:00,14
2010-02-06-06:00,23
2010-02-06-09:00,28
2010-02-06-12:00,26
2010-02-06-15:00,18
2010-02-06-18:00,15
2010-02-06-21:00,14
2010-02-07-00:00,13
2010-02-07-03:00,14
2010-02-07-06:00,26
2010-02-07-09:00,30
2010-02-07-12:00,26
2010-02-07-15:00,20
2010-02-07-18:00,19
2010-02-07-21:00,18
2010-02-08-00:00,17
2010-02-08-03:00,18
2010-02-08-06:00,24
2010-02-08-09:00,24
2010-02-08-12:00,23
2010-02-08-15:00,17
2010-02-08-18:00,17
2010-02-08-21:00,16
2010-02-09-00:00,15
2010-02-09-03:00,16
2010-02-09-06:00,18
2010-02-09-09:00,21
2010-02-09-12:00,21
2010-02-09-15:00,15
2010-02-09-18:00,13
2010-02-09-21:00,13
2010-02-10-00:00,15
2010-02-10-03:00,15
2010-02-10-06:00,20
2010-02-10-09:00,22
2010-02-10-12:00,20
2010-02-10-15:00,17
2010-02-10-18:00,15
2010-02-10-21:00,14
2010-02-11-00:00,12
2010-02-11-03:00,12
2010-02-11-06:00,19
2010-02-11-09:00,23
2010-02-11-12:00,22
2010-02-11-15:00,16
2010-02-11-18:00,14
2010-02-11-21:00,13
2010-02-12-00:00,12
2010-02-12-03:00,14
2010-02-12-06:00,21
2010-02-12-09:00,24
2010-02-12-12:00,22
2010-02-12-15:00,15
2010-02-12-18:00,14
2010-02-12-21:00,13
2010-02-13-00:00,12
2010-02-13-03:00,14
2010-02-13-06:00,20
2010-02-13-09:00,23
2010-02-13-12:00,22
2010-02-13-15:00,18
2010-02-13-18:00,16
2010-02-13-21:00,16
2010-02-14-00:00,11
2010-02-14-03:00,12
2010-02-14-06:00,20
2010-02-14-09:00,23
2010-02-14-12:00,21
2010-02-14-15:00,15
2010-02-14-18:00,13
2010-02-14-21:00,12
2010-02-15-00:00,11
2010-02-15-03:00,12
2010-02-15-06:00,19
2010-02-15-09:00,21
2010-02-15-12:00,20
2010-02-15-15:00,16
2010-02-15-18:00,14
2010-02-15-21:00,13
2010-02-16-00:00,11
2010-02-16-03:00,12
2010-02-16-06:00,23
2010-02-16-09:00,25
2010-02-16-12:00,24
2010-02-16-15:00,17
2010-02-16-18:00,14
2010-02-16-21:00,12
2010-02-17-00:00,12
2010-02-17-03:00,12
2010-02-17-06:00,17
2010-02-17-09:00,21
2010-02-17-12:00,20
2010-02-17-15:00,14
2010-02-17-18:00,12
2010-02-17-21:00,11
2010-02-18-00:00,11
2010-02-18-03:00,11
2010-02-18-06:00,21
2010-02-18-09:00,23
2010-02-18-12:00,12
2010-02-18-15:00,15
2010-02-18-18:00,12
2010-02-18-21:00,11
2010-02-19-00:00,9
2010-02-19-03:00,12
2010-02-19-06:00,21
2010-02-19-09:00,24
2010-02-19-12:00,22
2010-02-19-15:00,16
2010-02-19-18:00,13
2010-02-19-21:00,12
2010-02-20-00:00,10
2010-02-20-03:00,13
2010-02-20-06:00,22
2010-02-20-09:00,25
2010-02-20-12:00,24
2010-02-20-15:00,17
2010-02-20-18:00,14
2010-02-20-21:00,13
2010-02-21-00:00,12
2010-02-21-03:00,14
2010-02-21-06:00,24
2010-02-21-09:00,27
2010-02-21-12:00,26
2010-02-21-15:00,18
2010-02-21-18:00,15
2010-02-22-00:00,12
2010-02-22-03:00,14
2010-02-22-06:00,26
2010-02-22-09:00,27
2010-02-22-12:00,24
2010-02-22-15:00,21
2010-02-22-18:00,21
2010-02-22-21:00,17
2010-02-23-00:00,17
2010-02-23-03:00,17
2010-02-23-06:00,25
2010-02-23-09:00,27
2010-02-23-12:00,26
2010-02-23-15:00,21
2010-02-23-18:00,19
2010-02-23-21:00,18
2010-02-24-00:00,18
2010-02-24-03:00,18
2010-02-24-06:00,25
2010-02-24-09:00,27
2010-02-24-12:00,25
2010-02-24-15:00,21
2010-02-24-18:00,19
2010-02-24-21:00,18
2010-02-25-00:00,16
2010-02-25-03:00,17
2010-02-25-06:00,23
2010-02-25-09:00,28
2010-02-25-12:00,25
2010-02-25-15:00,20
2010-02-25-18:00,17
2010-02-25-21:00,17
2010-02-26-00:00,16
2010-02-26-03:00,17
2010-02-26-06:00,26
2010-02-26-09:00,30
2010-02-26-12:00,28
2010-02-26-15:00,21
2010-02-26-18:00,18
2010-02-26-21:00,17
2010-02-27-00:00,16
2010-02-27-03:00,18
2010-02-27-06:00,28
2010-02-27-09:00,31
2010-02-27-12:00,30
2010-02-27-15:00,23
2010-02-27-18:00,21
2010-02-27-21:00,19
2010-02-28-00:00,17
2010-02-28-03:00,19
2010-02-28-06:00,28
2010-02-28-09:00,31
2010-02-28-12:00,29
2010-02-28-15:00,23
2010-02-28-18:00,21
2010-02-28-21:00,20
2010-03-01-00:00,20
2010-03-01-03:00,21
2010-03-01-06:00,29
2010-03-01-09:00,32
2010-03-01-12:00,31
2010-03-01-15:00,23
2010-03-01-18:00,21
2010-03-01-21:00,20
2010-03-02-00:00,18
2010-03-02-03:00,20
2010-03-02-06:00,30
2010-03-02-09:00,32
2010-03-02-12:00,29
2010-03-02-15:00,24
2010-03-02-18:00,21
2010-03-02-21:00,19
2010-03-03-00:00,18
2010-03-03-03:00,19
2010-03-03-06:00,29
2010-03-03-09:00,31
2010-03-03-12:00,31
2010-03-03-15:00,25
2010-03-03-18:00,22
2010-03-03-21:00,20
2010-03-04-00:00,19
2010-03-04-03:00,21
2010-03-04-06:00,31
2010-03-04-09:00,31
2010-03-04-12:00,29
2010-03-04-15:00,25
2010-03-04-18:00,23
2010-03-04-21:00,21
2010-03-05-00:00,18
2010-03-05-03:00,19
2010-03-05-06:00,25
2010-03-05-09:00,28
2010-03-05-15:00,22
2010-03-05-18:00,21
2010-03-05-21:00,19
2010-03-06-00:00,17
2010-03-06-03:00,18
2010-03-06-06:00,28
2010-03-06-09:00,30
2010-03-06-12:00,30
2010-03-06-15:00,24
2010-03-06-18:00,21
2010-03-06-21:00,19
2010-03-07-00:00,19
2010-03-07-03:00,20
2010-03-07-09:00,27
2010-03-07-12:00,26
2010-03-07-15:00,22
2010-03-07-18:00,20
2010-03-07-21:00,19
2010-03-08-00:00,16
2010-03-08-03:00,16
2010-03-08-06:00,23
2010-03-08-09:00,26
2010-03-08-12:00,25
2010-03-08-15:00,21
2010-03-08-18:00,19
2010-03-08-21:00,17
2010-03-09-00:00,15
2010-03-09-03:00,17
2010-03-09-06:00,25
2010-03-09-09:00,28
2010-03-09-12:00,27
2010-03-09-15:00,22
2010-03-09-18:00,18
2010-03-09-21:00,18
2010-03-10-00:00,15
2010-03-10-03:00,18
2010-03-10-06:00,26
2010-03-10-09:00,29
2010-03-10-12:00,28
2010-03-10-15:00,21
2010-03-10-18:00,18
2010-03-10-21:00,17
2010-03-11-00:00,15
2010-03-11-03:00,18
2010-03-11-06:00,27
2010-03-11-09:00,30
2010-03-11-12:00,28
2010-03-11-15:00,21
2010-03-11-18:00,19
2010-03-11-21:00,17
2010-03-12-00:00,16
2010-03-12-03:00,19
2010-03-12-06:00,27
2010-03-12-09:00,30
2010-03-12-12:00,30
2010-03-12-15:00,23
2010-03-12-18:00,20
2010-03-12-21:00,19
2010-03-13-00:00,18
2010-03-13-03:00,20
2010-03-13-06:00,29
2010-03-13-09:00,32
2010-03-13-12:00,30
2010-03-13-15:00,24
2010-03-13-18:00,20
2010-03-13-21:00,19
2010-03-14-00:00,18
2010-03-14-03:00,20
2010-03-14-06:00,29
2010-03-14-09:00,32
2010-03-14-12:00,31
2010-03-14-15:00,24
2010-03-14-18:00,22
2010-03-14-21:00,20
2010-03-15-00:00,19
2010-03-15-03:00,21
2010-03-15-06:00,30
2010-03-15-12:00,31
2010-03-15-15:00,24
2010-03-15-18:00,20
2010-03-15-21:00,19
2010-03-16-00:00,18
2010-03-16-03:00,21
2010-03-16-06:00,31
2010-03-16-09:00,34
2010-03-16-12:00,32
2010-03-16-15:00,26
2010-03-16-18:00,22
2010-03-17-00:00,18
2010-03-17-03:00,25
2010-03-17-06:00,32
2010-03-17-12:00,32
2010-03-17-15:00,27
2010-03-17-18:00,23
2010-03-17-21:00,22
2010-03-18-00:00,19
2010-03-18-03:00,22
2010-03-18-06:00,32
2010-03-18-09:00,34
2010-03-18-12:00,32
2010-03-18-15:00,27
2010-03-18-18:00,23
2010-03-18-21:00,21
2010-03-19-00:00,20
2010-03-19-03:00,23
2010-03-19-06:00,31
2010-03-19-09:00,34
2010-03-19-12:00,32
2010-03-19-15:00,26
2010-03-19-18:00,22
2010-03-19-21:00,21
2010-03-20-00:00,20
2010-03-20-03:00,23
2010-03-20-06:00,33
2010-03-20-09:00,36
2010-03-20-12:00,35
2010-03-20-15:00,27
2010-03-20-18:00,24
2010-03-20-21:00,22
2010-03-21-00:00,20
2010-03-21-03:00,23
2010-03-21-06:00,35
2010-03-21-09:00,38
2010-03-21-12:00,37
2010-03-21-15:00,28
2010-03-21-18:00,26
2010-03-21-21:00,24
2010-03-22-00:00,23
2010-03-22-03:00,25
2010-03-22-06:00,34
2010-03-22-09:00,38
2010-03-22-12:00,37
2010-03-22-15:00,28
2010-03-22-18:00,25
2010-03-22-21:00,24
2010-03-23-00:00,21
2010-03-23-03:00,27
2010-03-23-06:00,35
2010-03-23-09:00,38
2010-03-23-12:00,37
2010-03-23-15:00,28
2010-03-23-18:00,25
2010-03-23-21:00,24
2010-03-24-00:00,22
2010-03-24-03:00,26
2010-03-24-06:00,35
2010-03-24-09:00,38
2010-03-24-12:00,38
2010-03-24-15:00,30
2010-03-24-18:00,26
2010-03-24-21:00,24
2010-03-25-00:00,23
2010-03-25-03:00,26
2010-03-25-06:00,32
2010-03-25-09:00,35
2010-03-25-12:00,35
2010-03-25-15:00,29
2010-03-25-18:00,25
2010-03-25-21:00,24
2010-03-26-00:00,22
2010-03-26-06:00,35
2010-03-26-09:00,38
2010-03-26-12:00,37
2010-03-26-15:00,30
2010-03-26-18:00,26
2010-03-26-21:00,25
2010-03-27-00:00,24
2010-03-27-03:00,26
2010-03-27-06:00,36
2010-03-27-09:00,38
2010-03-27-12:00,35
2010-03-27-18:00,26
2010-03-27-21:00,25
2010-03-28-00:00,23
2010-03-28-03:00,25
2010-03-28-06:00,34
2010-03-28-09:00,37
2010-03-28-12:00,35
2010-03-28-15:00,29
2010-03-28-18:00,26
2010-03-28-21:00,24
2010-03-29-00:00,23
2010-03-29-03:00,26
2010-03-29-06:00,34
2010-03-29-09:00,38
2010-03-29-12:00,36
2010-03-29-15:00,29
2010-03-29-18:00,26
2010-03-29-21:00,24
2010-03-30-00:00,22
2010-03-30-03:00,29
2010-03-30-06:00,35
2010-03-30-09:00,38
2010-03-30-12:00,38
2010-03-30-15:00,33
2010-03-30-18:00,30
2010-03-30-21:00,28
2010-03-31-00:00,24
2010-03-31-03:00,26
2010-03-31-06:00,34
2010-03-31-09:00,37
2010-03-31-12:00,36
2010-03-31-15:00,30
2010-03-31-18:00,28
2010-03-31-21:00,27
2010-04-01-00:00,23
2010-04-01-03:00,27
2010-04-01-06:00,34
2010-04-01-09:00,37
2010-04-01-15:00,28
2010-04-01-18:00,25
2010-04-02-00:00,21
2010-04-02-03:00,25
2010-04-02-06:00,37
2010-04-02-09:00,38
2010-04-02-12:00,35
2010-04-02-15:00,31
2010-04-02-18:00,30
2010-04-02-21:00,29
2010-04-03-00:00,25
2010-04-03-03:00,27
2010-04-03-06:00,35
2010-04-03-09:00,37
2010-04-03-12:00,36
2010-04-03-15:00,30
2010-04-03-18:00,28
2010-04-03-21:00,26
2010-04-04-00:00,23
2010-04-04-03:00,26
2010-04-04-06:00,36
2010-04-04-09:00,38
2010-04-04-12:00,37
2010-04-04-15:00,29
2010-04-04-18:00,27
2010-04-04-21:00,25
2010-04-05-00:00,24
2010-04-05-03:00,28
2010-04-05-06:00,37
2010-04-05-09:00,39
2010-04-05-12:00,37
2010-04-05-15:00,32
2010-04-05-18:00,28
2010-04-05-21:00,26
2010-04-06-00:00,25
2010-04-06-03:00,26
2010-04-06-06:00,34
2010-04-06-09:00,37
2010-04-06-12:00,35
2010-04-06-15:00,30
2010-04-06-18:00,26
2010-04-06-21:00,25
2010-04-07-00:00,21
2010-04-07-03:00,25
2010-04-07-06:00,35
2010-04-07-09:00,38
2010-04-07-12:00,37
2010-04-07-15:00,31
2010-04-07-18:00,27
2010-04-07-21:00,26
2010-04-08-00:00,22
2010-04-08-03:00,27
2010-04-08-06:00,37
2010-04-08-09:00,39
2010-04-08-12:00,37
2010-04-08-18:00,29
2010-04-08-21:00,28
2010-04-09-00:00,23
2010-04-09-03:00,28
2010-04-09-06:00,37
2010-04-09-09:00,39
2010-04-09-12:00,39
2010-04-09-15:00,32
2010-04-09-18:00,27
2010-04-09-21:00,25
2010-04-10-00:00,24
2010-04-10-03:00,29
2010-04-10-06:00,38
2010-04-10-09:00,40
2010-04-10-12:00,39
2010-04-10-15:00,31
2010-04-10-18:00,28
2010-04-10-21:00,26
2010-04-11-00:00,26
2010-04-11-03:00,29
2010-04-11-06:00,38
2010-04-11-09:00,41
2010-04-11-12:00,40
2010-04-11-15:00,31
2010-04-11-18:00,27
2010-04-11-21:00,26
2010-04-12-00:00,25
2010-04-12-03:00,31
2010-04-12-06:00,39
2010-04-12-09:00,41
2010-04-12-12:00,40
2010-04-12-15:00,34
2010-04-12-18:00,33
2010-04-12-21:00,31
2010-04-13-00:00,27
2010-04-13-03:00,30
2010-04-13-06:00,37
2010-04-13-09:00,39
2010-04-13-12:00,38
2010-04-13-15:00,33
2010-04-13-18:00,30
2010-04-13-21:00,29
2010-04-14-00:00,26
2010-04-14-03:00,29
2010-04-14-06:00,37
2010-04-14-09:00,41
2010-04-14-12:00,40
2010-04-14-15:00,33
2010-04-14-18:00,29
2010-04-14-21:00,27
2010-04-15-00:00,25
2010-04-15-03:00,30
2010-04-15-06:00,40
2010-04-15-09:00,42
2010-04-15-12:00,41
2010-04-15-15:00,32
2010-04-15-18:00,28
2010-04-15-21:00,26
2010-04-16-00:00,24
2010-04-16-03:00,31
2010-04-16-06:00,40
2010-04-16-09:00,42
2010-04-16-12:00,42
2010-04-16-15:00,33
2010-04-16-18:00,30
2010-04-16-21:00,29
2010-04-17-00:00,28
2010-04-17-03:00,31
2010-04-17-06:00,41
2010-04-17-09:00,44
2010-04-17-12:00,42
2010-04-17-15:00,35
2010-04-17-18:00,32
2010-04-17-21:00,31
2010-04-18-00:00,32
2010-04-18-03:00,35
2010-04-18-06:00,41
2010-04-18-09:00,43
2010-04-18-12:00,42
2010-04-18-15:00,36
2010-04-18-18:00,31
2010-04-18-21:00,30
2010-04-19-00:00,34
2010-04-19-03:00,35
2010-04-19-06:00,39
2010-04-19-09:00,42
2010-04-19-12:00,38
2010-04-19-15:00,35
2010-04-19-18:00,34
2010-04-19-21:00,33
2010-04-20-00:00,31
2010-04-20-03:00,31
2010-04-20-12:00,41
2010-04-20-15:00,34
2010-04-20-18:00,31
2010-04-20-21:00,31
2010-04-21-00:00,33
2010-04-21-03:00,34
2010-04-21-06:00,38
2010-04-21-09:00,41
2010-04-21-12:00,39
2010-04-21-15:00,35
2010-04-21-18:00,33
2010-04-21-21:00,32
2010-04-22-00:00,28
2010-04-22-03:00,32
2010-04-22-06:00,38
2010-04-22-09:00,40
2010-04-22-12:00,39
2010-04-22-15:00,34
2010-04-22-18:00,30
2010-04-23-00:00,28
2010-04-23-03:00,29
2010-04-23-06:00,35
2010-04-23-09:00,39
2010-04-23-12:00,38
2010-04-23-15:00,33
2010-04-23-18:00,30
2010-04-23-21:00,29
2010-04-24-00:00,25
2010-04-24-03:00,29
2010-04-24-06:00,37
2010-04-24-09:00,39
2010-04-24-12:00,37
2010-04-24-15:00,33
2010-04-24-18:00,30
2010-04-24-21:00,29
2010-04-25-00:00,25
2010-04-25-03:00,29
2010-04-25-06:00,37
2010-04-25-09:00,39
2010-04-25-12:00,38
2010-04-25-15:00,32
2010-04-25-18:00,29
2010-04-25-21:00,28
2010-04-26-00:00,25
2010-04-26-03:00,29
2010-04-26-06:00,39
2010-04-26-09:00,41
2010-04-26-12:00,40
2010-04-26-15:00,33
2010-04-26-18:00,30
2010-04-26-21:00,28
2010-04-27-00:00,26
2010-04-27-03:00,31
2010-04-27-06:00,40
2010-04-27-09:00,43
2010-04-27-12:00,41
2010-04-27-15:00,34
2010-04-27-18:00,32
2010-04-27-21:00,31
2010-04-28-00:00,29
2010-04-28-03:00,30
2010-04-28-06:00,38
2010-04-28-09:00,38
2010-04-28-12:00,40
2010-04-28-15:00,36
2010-04-28-18:00,31
2010-04-28-21:00,29
2010-04-29-00:00,27
2010-04-29-03:00,29
2010-04-29-06:00,38
2010-04-29-09:00,41
2010-04-29-12:00,38
2010-04-29-15:00,33
2010-04-29-18:00,30
2010-04-29-21:00,29
2010-04-30-00:00,30
2010-04-30-03:00,30
2010-04-30-06:00,38
2010-04-30-09:00,40
2010-04-30-12:00,41
2010-04-30-15:00,34
2010-04-30-18:00,31
2010-04-30-21:00,29
2010-05-01-00:00,28
2010-05-01-03:00,31
2010-05-01-06:00,37
2010-05-01-09:00,40
2010-05-01-15:00,29
2010-05-01-18:00,29
2010-05-01-21:00,27
2010-05-02-00:00,24
2010-05-02-03:00,27
2010-05-02-06:00,34
2010-05-02-09:00,36
2010-05-02-12:00,36
2010-05-02-15:00,32
2010-05-02-18:00,29
2010-05-02-21:00,28
2010-05-03-00:00,27
2010-05-03-03:00,30
2010-05-03-06:00,36
2010-05-03-09:00,38
2010-05-03-12:00,36
2010-05-03-15:00,32
2010-05-03-18:00,30
2010-05-03-21:00,29
2010-05-04-00:00,27
2010-05-04-03:00,30
2010-05-04-06:00,37
2010-05-04-09:00,40
2010-05-04-12:00,40
2010-05-04-15:00,34
2010-05-04-18:00,32
2010-05-04-21:00,30
2010-05-05-00:00,29
2010-05-05-03:00,31
2010-05-05-06:00,38
2010-05-05-09:00,41
2010-05-05-12:00,41
2010-05-05-15:00,36
2010-05-05-18:00,34
2010-05-05-21:00,32
2010-05-06-00:00,30
2010-05-06-03:00,30
2010-05-06-06:00,35
2010-05-06-12:00,35
2010-05-06-15:00,33
2010-05-06-21:00,30
2010-05-07-00:00,29
2010-05-07-03:00,31
2010-05-07-06:00,35
2010-05-07-12:00,29
2010-05-07-15:00,28
2010-05-07-18:00,26
2010-05-07-21:00,26
2010-05-08-00:00,24
2010-05-08-03:00,28
2010-05-08-06:00,34
2010-05-08-09:00,37
2010-05-08-12:00,37
2010-05-08-15:00,32
2010-05-08-18:00,29
2010-05-08-21:00,28
2010-05-09-00:00,28
2010-05-09-03:00,30
2010-05-09-06:00,36
2010-05-09-09:00,38
2010-05-09-12:00,38
2010-05-09-15:00,34
2010-05-09-18:00,32
2010-05-09-21:00,30
2010-05-10-00:00,27
2010-05-10-03:00,31
2010-05-10-06:00,38
2010-05-10-09:00,40
2010-05-10-12:00,40
2010-05-10-15:00,33
2010-05-10-18:00,30
2010-05-10-21:00,30
2010-05-11-00:00,29
2010-05-11-03:00,32
2010-05-11-06:00,38
2010-05-11-09:00,40
2010-05-11-12:00,40
2010-05-11-15:00,35
2010-05-11-18:00,32
2010-05-11-21:00,31
2010-05-12-00:00,26
2010-05-12-03:00,32
2010-05-12-06:00,39
2010-05-12-09:00,41
2010-05-12-12:00,41
2010-05-12-15:00,33
2010-05-12-18:00,29
2010-05-12-21:00,28
2010-05-13-00:00,26
2010-05-13-03:00,32
2010-05-13-06:00,42
2010-05-13-09:00,43
2010-05-13-12:00,43
2010-05-13-15:00,39
2010-05-13-18:00,35
2010-05-13-21:00,35
2010-05-14-00:00,31
2010-05-14-03:00,33
2010-05-14-06:00,39
2010-05-14-12:00,41
2010-05-14-18:00,33
2010-05-14-21:00,35
2010-05-15-00:00,33
2010-05-15-03:00,34
2010-05-15-06:00,40
2010-05-15-09:00,42
2010-05-15-12:00,42
2010-05-15-15:00,35
2010-05-15-18:00,32
2010-05-15-21:00,30
2010-05-16-00:00,26
2010-05-16-03:00,32
2010-05-16-06:00,43
2010-05-16-09:00,43
2010-05-16-12:00,43
2010-05-16-15:00,36
2010-05-16-18:00,31
2010-05-16-21:00,30
2010-05-17-00:00,29
2010-05-17-03:00,33
2010-05-17-06:00,43
2010-05-17-09:00,44
2010-05-17-12:00,44
2010-05-17-15:00,38
2010-05-17-18:00,34
2010-05-18-00:00,33
2010-05-18-03:00,36
2010-05-18-06:00,42
2010-05-18-09:00,44
2010-05-18-12:00,42
2010-05-18-15:00,38
2010-05-18-18:00,36
2010-05-18-21:00,35
2010-05-19-00:00,31
2010-05-19-03:00,34
2010-05-19-06:00,39
2010-05-19-09:00,41
2010-05-19-12:00,40
2010-05-19-15:00,36
2010-05-19-18:00,33
2010-05-19-21:00,32
2010-05-20-00:00,29
2010-05-20-03:00,34
2010-05-20-06:00,40
2010-05-20-09:00,41
2010-05-20-12:00,40
2010-05-20-15:00,37
2010-05-20-18:00,32
2010-05-20-21:00,31
2010-05-21-00:00,26
2010-05-21-03:00,33
2010-05-21-06:00,40
2010-05-21-09:00,42
2010-05-21-12:00,41
2010-05-21-15:00,35
2010-05-21-18:00,30
2010-05-21-21:00,28
2010-05-22-00:00,26
2010-05-22-03:00,32
2010-05-22-06:00,41
2010-05-22-12:00,43
2010-05-22-15:00,36
2010-05-22-18:00,33
2010-05-22-21:00,32
2010-05-23-00:00,31
2010-05-23-03:00,34
2010-05-23-06:00,39
2010-05-23-09:00,41
2010-05-23-12:00,42
2010-05-23-15:00,37
2010-05-23-18:00,35
2010-05-23-21:00,33
2010-05-24-00:00,31
2010-05-24-03:00,34
2010-05-24-06:00,40
2010-05-24-09:00,43
2010-05-24-12:00,42
2010-05-24-15:00,38
2010-05-24-18:00,34
2010-05-24-21:00,33
2010-05-25-00:00,30
2010-05-25-03:00,32
2010-05-25-06:00,40
2010-05-25-09:00,43
2010-05-25-12:00,44
2010-05-25-15:00,38
2010-05-25-18:00,32
2010-05-25-21:00,31
2010-05-26-03:00,34
2010-05-26-06:00,40
2010-05-26-09:00,44
2010-05-26-12:00,44
2010-05-26-15:00,38
2010-05-26-18:00,34
2010-05-26-21:00,33
2010-05-27-00:00,31
2010-05-27-03:00,34
2010-05-27-06:00,39
2010-05-27-09:00,44
2010-05-27-12:00,42
2010-05-27-15:00,38
2010-05-27-21:00,34
2010-05-28-03:00,30
2010-05-28-09:00,37
2010-05-28-12:00,37
2010-05-28-15:00,34
2010-05-28-18:00,32
2010-05-28-21:00,31
2010-05-29-00:00,30
2010-05-29-03:00,31
2010-05-29-06:00,37
2010-05-29-09:00,41
2010-05-29-12:00,32
2010-05-29-15:00,28
2010-05-29-18:00,28
2010-05-29-21:00,27
2010-05-30-00:00,27
2010-05-30-03:00,29
2010-05-30-06:00,36
2010-05-30-09:00,39
2010-05-30-12:00,39
2010-05-30-15:00,33
2010-05-30-18:00,31
2010-05-30-21:00,30
2010-05-31-00:00,26
2010-05-31-03:00,33
2010-05-31-06:00,39
2010-05-31-09:00,42
2010-05-31-12:00,42
2010-05-31-15:00,36
2010-05-31-18:00,32
2010-05-31-21:00,30
2010-06-01-00:00,29
2010-06-01-03:00,35
2010-06-01-06:00,40
2010-06-01-09:00,43
2010-06-01-12:00,43
2010-06-01-18:00,37
2010-06-01-21:00,35
2010-06-02-00:00,35
2010-06-02-03:00,36
2010-06-02-06:00,40
2010-06-02-09:00,42
2010-06-02-12:00,42
2010-06-02-15:00,39
2010-06-02-18:00,37
2010-06-02-21:00,37
2010-06-03-00:00,36
2010-06-03-03:00,35
2010-06-03-06:00,39
2010-06-03-09:00,40
2010-06-03-12:00,35
2010-06-03-15:00,34
2010-06-03-18:00,30
2010-06-03-21:00,30
2010-06-04-00:00,29
2010-06-04-03:00,31
2010-06-04-06:00,35
2010-06-04-09:00,38
2010-06-04-12:00,38
2010-06-04-15:00,37
2010-06-04-18:00,35
2010-06-04-21:00,34
2010-06-05-00:00,27
2010-06-05-03:00,29
2010-06-05-06:00,34
2010-06-05-09:00,36
2010-06-05-12:00,35
2010-06-05-15:00,26
2010-06-05-18:00,28
2010-06-05-21:00,28
2010-06-06-00:00,28
2010-06-06-03:00,31
2010-06-06-06:00,36
2010-06-06-09:00,38
2010-06-06-12:00,32
2010-06-06-15:00,33
2010-06-06-18:00,31
2010-06-06-21:00,29
2010-06-07-00:00,28
2010-06-07-03:00,29
2010-06-07-06:00,31
2010-06-07-09:00,32
2010-06-07-12:00,30
2010-06-07-15:00,27
2010-06-07-18:00,28
2010-06-07-21:00,27
2010-06-08-00:00,25
2010-06-08-03:00,22
2010-06-08-06:00,24
2010-06-08-09:00,26
2010-06-08-12:00,26
2010-06-08-15:00,26
2010-06-08-18:00,25
2010-06-08-21:00,24
2010-06-09-00:00,24
2010-06-09-03:00,28
2010-06-09-06:00,34
2010-06-09-09:00,36
2010-06-09-12:00,36
2010-06-09-15:00,33
2010-06-09-18:00,29
2010-06-09-21:00,28
2010-06-10-00:00,26
2010-06-10-03:00,30
2010-06-10-06:00,37
2010-06-10-09:00,39
2010-06-10-12:00,38
2010-06-10-15:00,34.5
2010-06-10-18:00,31
2010-06-10-21:00,30
2010-06-11-00:00,27
2010-06-11-03:00,33
2010-06-11-06:00,39
2010-06-11-09:00,41
2010-06-11-12:00,39
2010-06-11-15:00,36
2010-06-11-18:00,32
2010-06-11-21:00,31
2010-06-12-00:00,29
2010-06-12-03:00,34
2010-06-12-06:00,40
2010-06-12-09:00,42
2010-06-12-12:00,42
2010-06-12-15:00,35
2010-06-12-18:00,32
2010-06-12-21:00,31
2010-06-13-00:00,29
2010-06-13-03:00,34
2010-06-13-06:00,40
2010-06-13-09:00,43
2010-06-13-12:00,32
2010-06-13-15:00,31
2010-06-13-18:00,30
2010-06-13-21:00,29
2010-06-14-00:00,27
2010-06-14-03:00,30
2010-06-14-06:00,36
2010-06-14-09:00,38
2010-06-14-12:00,37
2010-06-14-15:00,34
2010-06-14-18:00,32
2010-06-15-00:00,28
2010-06-15-03:00,33
2010-06-15-06:00,39
2010-06-15-09:00,40
2010-06-15-12:00,39
2010-06-15-15:00,35
2010-06-15-18:00,32
2010-06-15-21:00,31
2010-06-16-00:00,30
2010-06-16-03:00,31
2010-06-16-06:00,35
2010-06-16-09:00,38
2010-06-16-12:00,38
2010-06-16-15:00,35
2010-06-16-18:00,33
2010-06-16-21:00,31
2010-06-17-00:00,30
2010-06-17-03:00,32
2010-06-17-06:00,39
2010-06-17-09:00,40
2010-06-17-12:00,39
2010-06-17-15:00,36
2010-06-17-18:00,32
2010-06-17-21:00,31
2010-06-18-00:00,29
2010-06-18-03:00,34
2010-06-18-06:00,39
2010-06-18-09:00,41
2010-06-18-12:00,41
2010-06-18-15:00,36
2010-06-18-18:00,32
2010-06-18-21:00,30
2010-06-19-00:00,28
2010-06-19-03:00,34
2010-06-19-06:00,40
2010-06-19-09:00,43
2010-06-19-12:00,42
2010-06-19-15:00,36
2010-06-19-18:00,33
2010-06-19-21:00,31
2010-06-20-00:00,30
2010-06-20-03:00,35
2010-06-20-06:00,43
2010-06-20-09:00,44
2010-06-20-12:00,44
2010-06-20-15:00,38
2010-06-20-18:00,36
2010-06-20-21:00,34
2010-06-21-00:00,32
2010-06-21-03:00,34
2010-06-21-06:00,40
2010-06-21-09:00,44
2010-06-21-12:00,42
2010-06-21-15:00,38
2010-06-21-18:00,36
2010-06-21-21:00,35
2010-06-22-00:00,33
2010-06-22-03:00,36
2010-06-22-06:00,40
2010-06-22-09:00,43
2010-06-22-12:00,44
2010-06-22-15:00,39
2010-06-22-18:00,35
2010-06-23-00:00,34
2010-06-23-03:00,37
2010-06-23-06:00,40
2010-06-23-09:00,43
2010-06-23-12:00,43
2010-06-23-15:00,38
2010-06-23-18:00,36
2010-06-24-00:00,32
2010-06-24-03:00,33
2010-06-24-06:00,38
2010-06-24-09:00,41
2010-06-24-12:00,33
2010-06-24-15:00,31
2010-06-24-18:00,30
2010-06-24-21:00,29
2010-06-25-00:00,28
2010-06-25-03:00,28
2010-06-25-06:00,32
2010-06-25-09:00,36
2010-06-25-12:00,36
2010-06-25-15:00,33
2010-06-25-18:00,31
2010-06-25-21:00,30
2010-06-26-00:00,29
2010-06-26-03:00,32
2010-06-26-06:00,38
2010-06-26-09:00,41
2010-06-26-12:00,40
2010-06-26-15:00,36
2010-06-26-18:00,34
2010-06-26-21:00,32
2010-06-27-00:00,28
2010-06-27-03:00,32
2010-06-27-06:00,38
2010-06-27-09:00,40
2010-06-27-12:00,40
2010-06-27-15:00,36
2010-06-27-18:00,34
2010-06-27-21:00,34
2010-06-28-00:00,32
2010-06-28-03:00,29
2010-06-28-06:00,34
2010-06-28-09:00,38
2010-06-28-12:00,39
2010-06-28-15:00,35
2010-06-28-18:00,32
2010-06-28-21:00,31
2010-06-29-00:00,30
2010-06-29-03:00,32
2010-06-29-06:00,35
2010-06-29-09:00,40
2010-06-29-12:00,39
2010-06-29-15:00,36
2010-06-29-18:00,33
2010-06-29-21:00,32
2010-06-30-00:00,32
2010-06-30-03:00,34
2010-06-30-06:00,40
2010-06-30-09:00,40
2010-06-30-12:00,38
2010-06-30-15:00,36
2010-06-30-18:00,35
2010-06-30-21:00,33
2010-07-01-00:00,31
2010-07-01-03:00,32
2010-07-01-06:00,36
2010-07-01-09:00,38
2010-07-01-12:00,31
2010-07-01-15:00,32
2010-07-01-18:00,31
2010-07-01-21:00,30
2010-07-02-00:00,28
2010-07-02-03:00,31
2010-07-02-06:00,37
2010-07-02-09:00,39
2010-07-02-12:00,38
2010-07-02-15:00,35
2010-07-02-18:00,34
2010-07-02-21:00,33
2010-07-03-06:00,34
2010-07-03-09:00,38
2010-07-03-12:00,38
2010-07-03-15:00,35
2010-07-03-18:00,31
2010-07-03-21:00,31
2010-07-04-00:00,30
2010-07-04-03:00,26
2010-07-04-06:00,28
2010-07-04-09:00,32
2010-07-04-12:00,31
2010-07-04-15:00,31
2010-07-04-18:00,27
2010-07-04-21:00,26
2010-07-05-00:00,26
2010-07-05-03:00,26
2010-07-05-06:00,26
2010-07-05-09:00,30
2010-07-05-12:00,30
2010-07-05-15:00,28
2010-07-05-18:00,27
2010-07-05-21:00,27
2010-07-06-00:00,27
2010-07-06-03:00,28
2010-07-06-06:00,29
2010-07-06-15:00,30
2010-07-06-18:00,30
2010-07-06-21:00,29
2010-07-07-00:00,29
2010-07-07-03:00,30
2010-07-07-06:00,35
2010-07-07-09:00,36
2010-07-07-12:00,26
2010-07-07-15:00,27
2010-07-07-18:00,28
2010-07-07-21:00,28
2010-07-08-00:00,28
2010-07-08-03:00,31
2010-07-08-06:00,35
2010-07-08-09:00,36
2010-07-08-12:00,33
2010-07-08-18:00,30
2010-07-08-21:00,29
2010-07-09-00:00,29
2010-07-09-03:00,32
2010-07-09-06:00,36
2010-07-09-09:00,37
2010-07-09-12:00,37
2010-07-09-15:00,34
2010-07-09-18:00,33
2010-07-09-21:00,32
2010-07-10-00:00,31
2010-07-10-03:00,33
2010-07-10-06:00,36
2010-07-10-09:00,38
2010-07-10-12:00,38
2010-07-10-18:00,31
2010-07-11-03:00,32
2010-07-11-06:00,36
2010-07-11-09:00,33
2010-07-11-12:00,36
2010-07-11-15:00,33
2010-07-11-18:00,32
2010-07-11-21:00,31
2010-07-12-00:00,30
2010-07-12-03:00,31
2010-07-12-06:00,34
2010-07-12-09:00,36
2010-07-12-12:00,34
2010-07-12-18:00,24
2010-07-12-21:00,24
2010-07-13-00:00,25
2010-07-13-03:00,28
2010-07-13-06:00,33
2010-07-13-09:00,34
2010-07-13-12:00,33
2010-07-13-15:00,31
2010-07-13-18:00,30
2010-07-13-21:00,30
2010-07-14-00:00,29
2010-07-14-03:00,31
2010-07-14-06:00,34
2010-07-14-09:00,36
2010-07-14-12:00,36
2010-07-15-03:00,32
2010-07-15-06:00,35
2010-07-15-09:00,36
2010-07-15-12:00,34
2010-07-15-15:00,32
2010-07-15-18:00,31
2010-07-15-21:00,30
2010-07-16-00:00,29
2010-07-16-03:00,31
2010-07-16-06:00,36
2010-07-16-09:00,37
2010-07-16-12:00,36
2010-07-16-18:00,31
2010-07-16-21:00,30
2010-07-17-00:00,29
2010-07-17-03:00,31
2010-07-17-06:00,34
2010-07-17-09:00,36
2010-07-17-12:00,33
2010-07-17-15:00,31
2010-07-17-18:00,30
2010-07-18-00:00,29
2010-07-18-03:00,30
2010-07-18-06:00,34
2010-07-18-12:00,37
2010-07-18-15:00,34
2010-07-18-18:00,33
2010-07-18-21:00,32
2010-07-19-00:00,31
2010-07-19-03:00,31
2010-07-19-06:00,31
2010-07-19-09:00,34
2010-07-19-12:00,31
2010-07-19-15:00,29
2010-07-19-18:00,29
2010-07-19-21:00,28
2010-07-20-00:00,26
2010-07-20-03:00,26
2010-07-20-09:00,27
2010-07-20-12:00,30
2010-07-20-15:00,29
2010-07-20-18:00,28
2010-07-20-21:00,28
2010-07-21-00:00,27
2010-07-21-03:00,30
2010-07-21-06:00,31
2010-07-21-09:00,33
2010-07-21-12:00,32
2010-07-21-18:00,29
2010-07-21-21:00,28
2010-07-22-00:00,27
2010-07-22-03:00,29
2010-07-22-06:00,31
2010-07-22-09:00,33
2010-07-22-12:00,33
2010-07-22-18:00,30
2010-07-22-21:00,29
2010-07-23-00:00,29
2010-07-23-03:00,29
2010-07-23-06:00,32
2010-07-23-09:00,34
2010-07-23-12:00,34
2010-07-23-15:00,32
2010-07-23-18:00,31
2010-07-23-21:00,30
2010-07-24-00:00,30
2010-07-24-03:00,31
2010-07-24-06:00,36
2010-07-24-09:00,34
2010-07-24-15:00,32
2010-07-24-18:00,31
2010-07-24-21:00,30
2010-07-25-00:00,29
2010-07-25-03:00,29
2010-07-25-06:00,34
2010-07-25-09:00,31
2010-07-25-12:00,33
2010-07-25-15:00,31
2010-07-25-18:00,30
2010-07-26-00:00,29
2010-07-26-03:00,31
2010-07-26-06:00,35
2010-07-26-09:00,36
2010-07-26-12:00,35
2010-07-26-15:00,33
2010-07-26-18:00,31
2010-07-27-00:00,29
2010-07-27-03:00,27
2010-07-27-06:00,29
2010-07-27-09:00,28
2010-07-27-12:00,28
2010-07-27-15:00,28
2010-07-27-18:00,27
2010-07-27-21:00,27
2010-07-28-00:00,27
2010-07-28-03:00,28
2010-07-28-06:00,32
2010-07-28-09:00,31
2010-07-28-12:00,34
2010-07-28-15:00,31
2010-07-28-18:00,29
2010-07-29-00:00,28
2010-07-29-03:00,30
2010-07-29-06:00,34
2010-07-29-09:00,35
2010-07-29-12:00,29
2010-07-29-15:00,29
2010-07-29-18:00,29
2010-07-29-21:00,29
2010-07-30-00:00,29
2010-07-30-03:00,30
2010-07-30-06:00,30
2010-07-30-09:00,31
2010-07-30-18:00,28
2010-07-30-21:00,28
2010-07-31-00:00,28
2010-07-31-03:00,29
2010-07-31-06:00,24
2010-07-31-09:00,25
2010-07-31-12:00,26
2010-07-31-15:00,26
2010-07-31-18:00,26
2010-08-01-00:00,26
2010-08-01-03:00,26
2010-08-01-06:00,26
2010-08-01-09:00,32
2010-08-01-12:00,32
2010-08-01-18:00,27
2010-08-02-00:00,26
2010-08-02-03:00,27
2010-08-02-06:00,31
2010-08-02-12:00,32
2010-08-02-15:00,30
2010-08-02-18:00,28.5
2010-08-02-21:00,27
2010-08-03-00:00,27
2010-08-03-03:00,29
2010-08-03-06:00,31
2010-08-03-09:00,32
2010-08-03-12:00,32
2010-08-03-18:00,29
2010-08-03-21:00,28
2010-08-04-00:00,28
2010-08-04-03:00,29
2010-08-04-06:00,31
2010-08-04-09:00,32
2010-08-04-12:00,32
2010-08-04-18:00,29
2010-08-05-00:00,28
2010-08-05-03:00,30
2010-08-05-06:00,30
2010-08-05-09:00,30
2010-08-05-12:00,29
2010-08-05-15:00,29
2010-08-05-18:00,28
2010-08-06-00:00,28
2010-08-06-03:00,29
2010-08-06-06:00,35
2010-08-06-09:00,36
2010-08-06-12:00,36
2010-08-06-15:00,32
2010-08-06-18:00,30
2010-08-06-21:00,29
2010-08-07-00:00,29
2010-08-07-03:00,31
2010-08-07-06:00,34
2010-08-07-09:00,34
2010-08-07-12:00,34
2010-08-07-15:00,32
2010-08-07-18:00,31
2010-08-07-21:00,30
2010-08-08-00:00,29
2010-08-08-03:00,31
2010-08-08-06:00,35
2010-08-08-09:00,36
2010-08-08-12:00,35
2010-08-08-15:00,32
2010-08-08-18:00,32
2010-08-09-00:00,29
2010-08-09-03:00,31
2010-08-09-06:00,36
2010-08-09-09:00,37
2010-08-09-12:00,35
2010-08-09-18:00,31
2010-08-09-21:00,31
2010-08-10-00:00,30
2010-08-10-03:00,31
2010-08-10-06:00,36
2010-08-10-09:00,27
2010-08-10-15:00,30
2010-08-10-18:00,30
2010-08-11-00:00,27
2010-08-11-03:00,28
2010-08-11-06:00,33
2010-08-11-12:00,28
2010-08-11-15:00,26
2010-08-11-18:00,27
2010-08-11-21:00,27
2010-08-12-00:00,27
2010-08-12-03:00,27
2010-08-12-06:00,29
2010-08-12-09:00,32
2010-08-12-12:00,32
2010-08-12-18:00,29
2010-08-12-21:00,29
2010-08-13-00:00,28
2010-08-13-03:00,29
2010-08-13-06:00,33
2010-08-13-09:00,35
2010-08-13-12:00,34
2010-08-13-15:00,29
2010-08-13-18:00,27
2010-08-13-21:00,27
2010-08-14-00:00,27
2010-08-14-03:00,29
2010-08-14-06:00,32
2010-08-14-09:00,27
2010-08-14-12:00,28
2010-08-14-15:00,27
2010-08-14-18:00,27
2010-08-14-21:00,27
2010-08-15-00:00,27
2010-08-15-03:00,29
2010-08-15-06:00,33
2010-08-15-09:00,34
2010-08-15-12:00,28
2010-08-15-15:00,28
2010-08-15-21:00,27
2010-08-16-00:00,27
2010-08-16-03:00,29
2010-08-16-06:00,32
2010-08-16-09:00,29
2010-08-16-12:00,31
2010-08-16-15:00,29
2010-08-16-18:00,28
2010-08-16-21:00,28
2010-08-17-00:00,28
2010-08-17-03:00,29
2010-08-17-06:00,33
2010-08-17-12:00,34
2010-08-17-15:00,30
2010-08-17-18:00,28
2010-08-18-00:00,28
2010-08-18-03:00,30
2010-08-18-06:00,32
2010-08-18-09:00,33
2010-08-18-12:00,29
2010-08-18-15:00,28
2010-08-18-18:00,27
2010-08-18-21:00,27
2010-08-19-00:00,27
2010-08-19-03:00,28
2010-08-19-06:00,27
2010-08-19-09:00,27
2010-08-19-12:00,28
2010-08-19-18:00,27
2010-08-20-00:00,27
2010-08-20-03:00,27
2010-08-20-06:00,27
2010-08-20-12:00,28
2010-08-20-15:00,29
2010-08-20-18:00,28
2010-08-21-00:00,27
2010-08-21-03:00,27
2010-08-21-06:00,28
2010-08-21-09:00,28
2010-08-21-12:00,28
2010-08-21-15:00,28
2010-08-21-21:00,27
2010-08-22-00:00,26
2010-08-22-03:00,27
2010-08-22-06:00,29
2010-08-22-09:00,31
2010-08-22-12:00,27
2010-08-22-15:00,26
2010-08-22-18:00,26
2010-08-22-21:00,25
2010-08-23-00:00,26
2010-08-23-03:00,27
2010-08-23-06:00,28
2010-08-23-12:00,33
2010-08-23-18:00,29
2010-08-23-21:00,28
2010-08-24-00:00,27
2010-08-24-03:00,27
2010-08-24-06:00,28
2010-08-24-09:00,31
2010-08-24-18:00,27
2010-08-25-00:00,26
2010-08-25-03:00,26
2010-08-25-06:00,28
2010-08-25-09:00,31
2010-08-25-12:00,30
2010-08-25-15:00,29
2010-08-25-18:00,27
2010-08-25-21:00,27
2010-08-26-00:00,26
2010-08-26-03:00,27
2010-08-26-06:00,30
2010-08-26-09:00,33
2010-08-26-12:00,32
2010-08-26-15:00,30
2010-08-26-18:00,29
2010-08-26-21:00,28
2010-08-27-00:00,27
2010-08-27-03:00,29
2010-08-27-06:00,33
2010-08-27-09:00,34
2010-08-27-12:00,31
2010-08-27-18:00,28
2010-08-28-00:00,28
2010-08-28-03:00,28
2010-08-28-06:00,32
2010-08-28-09:00,35
2010-08-28-12:00,31
2010-08-28-18:00,29
2010-08-29-03:00,30
2010-08-29-06:00,33
2010-08-29-12:00,33
2010-08-29-15:00,31
2010-08-29-18:00,30
2010-08-30-00:00,28
2010-08-30-03:00,30
2010-08-30-06:00,34
2010-08-30-09:00,35
2010-08-30-12:00,34
2010-08-30-15:00,31
2010-08-30-18:00,30
2010-08-30-21:00,29
2010-08-31-00:00,28
2010-08-31-03:00,30
2010-08-31-06:00,34
2010-08-31-09:00,33
2010-08-31-12:00,31
2010-08-31-15:00,30
2010-08-31-18:00,29
2010-08-31-21:00,29
2010-09-01-00:00,28
2010-09-01-03:00,30
2010-09-01-06:00,33
2010-09-01-09:00,35
2010-09-01-12:00,28
2010-09-01-15:00,28
2010-09-01-18:00,27
2010-09-01-21:00,27
2010-09-02-00:00,27
2010-09-02-03:00,29
2010-09-02-06:00,33
2010-09-02-09:00,34
2010-09-02-12:00,29
2010-09-02-15:00,27
2010-09-02-18:00,28
2010-09-02-21:00,28
2010-09-03-00:00,27
2010-09-03-03:00,28
2010-09-03-06:00,33
2010-09-03-09:00,34
2010-09-03-12:00,26
2010-09-03-15:00,27
2010-09-03-18:00,26
2010-09-03-21:00,26
2010-09-04-00:00,26
2010-09-04-03:00,27
2010-09-04-06:00,29
2010-09-04-09:00,31
2010-09-04-12:00,30
2010-09-04-15:00,28
2010-09-04-18:00,27
2010-09-04-21:00,27
2010-09-05-03:00,25
2010-09-05-06:00,26
2010-09-05-09:00,28
2010-09-05-12:00,29
2010-09-05-15:00,27
2010-09-05-18:00,26
2010-09-05-21:00,26
2010-09-06-00:00,26
2010-09-06-03:00,26
2010-09-06-06:00,29
2010-09-06-09:00,32
2010-09-06-12:00,31
2010-09-06-15:00,29
2010-09-06-18:00,28
2010-09-06-21:00,28
2010-09-07-00:00,27
2010-09-07-03:00,29
2010-09-07-06:00,31
2010-09-07-09:00,32
2010-09-07-12:00,30
2010-09-07-15:00,28
2010-09-07-18:00,27
2010-09-07-21:00,27
2010-09-08-00:00,27
2010-09-08-03:00,28
2010-09-08-06:00,31
2010-09-08-09:00,31
2010-09-08-12:00,29
2010-09-08-15:00,26
2010-09-08-18:00,26
2010-09-08-21:00,26
2010-09-09-00:00,26
2010-09-09-03:00,28
2010-09-09-06:00,32
2010-09-09-09:00,29
2010-09-09-12:00,30
2010-09-09-15:00,29
2010-09-09-18:00,28
2010-09-09-21:00,28
2010-09-10-00:00,28
2010-09-10-03:00,28
2010-09-10-06:00,32
2010-09-10-09:00,34
2010-09-10-12:00,30
2010-09-10-15:00,28
2010-09-10-18:00,28
2010-09-10-21:00,28
2010-09-11-00:00,27
2010-09-11-03:00,27
2010-09-11-06:00,29
2010-09-11-09:00,29
2010-09-11-12:00,30
2010-09-11-18:00,27
2010-09-11-21:00,27
2010-09-12-00:00,26
2010-09-12-03:00,26
2010-09-12-06:00,26
2010-09-12-09:00,30
2010-09-12-12:00,26
2010-09-12-15:00,26
2010-09-12-18:00,26
2010-09-12-21:00,26
2010-09-13-00:00,26
2010-09-13-03:00,27
2010-09-13-06:00,29
2010-09-13-09:00,32
2010-09-13-12:00,26
2010-09-13-15:00,25
2010-09-13-18:00,25
2010-09-13-21:00,25
2010-09-14-00:00,25
2010-09-14-03:00,26
2010-09-14-06:00,28
2010-09-14-09:00,31
2010-09-14-12:00,30
2010-09-14-15:00,28
2010-09-14-18:00,27
2010-09-14-21:00,27
2010-09-15-00:00,26
2010-09-15-03:00,27
2010-09-15-06:00,31
2010-09-15-12:00,29
2010-09-15-15:00,27
2010-09-15-18:00,26
2010-09-15-21:00,26
2010-09-16-00:00,26
2010-09-16-03:00,27
2010-09-16-06:00,31
2010-09-16-09:00,32
2010-09-16-12:00,30
2010-09-16-15:00,28
2010-09-16-18:00,27
2010-09-16-21:00,26
2010-09-17-00:00,26
2010-09-17-03:00,27
2010-09-17-06:00,30
2010-09-17-09:00,32
2010-09-17-12:00,32
2010-09-17-18:00,26
2010-09-18-03:00,25
2010-09-18-06:00,28
2010-09-18-09:00,31
2010-09-18-12:00,30
2010-09-18-15:00,28
2010-09-18-18:00,26
2010-09-18-21:00,26
2010-09-19-00:00,26
2010-09-19-03:00,23
2010-09-19-06:00,22
2010-09-19-09:00,22
2010-09-19-12:00,22
2010-09-19-15:00,22
2010-09-19-18:00,23
2010-09-19-21:00,22
2010-09-20-00:00,23
2010-09-20-03:00,24
2010-09-20-06:00,26
2010-09-20-09:00,29
2010-09-20-12:00,28
2010-09-20-15:00,26
2010-09-20-18:00,25
2010-09-20-21:00,25
2010-09-21-00:00,25
2010-09-21-03:00,25
2010-09-21-06:00,27
2010-09-21-09:00,27
2010-09-21-12:00,27
2010-09-21-15:00,26
2010-09-21-18:00,26
2010-09-21-21:00,26
2010-09-22-00:00,25
2010-09-22-03:00,26
2010-09-22-06:00,28
2010-09-22-09:00,29
2010-09-22-12:00,26
2010-09-22-15:00,25
2010-09-22-18:00,24
2010-09-22-21:00,24
2010-09-23-00:00,23
2010-09-23-03:00,24
2010-09-23-06:00,28
2010-09-23-09:00,28
2010-09-23-12:00,27
2010-09-23-15:00,26
2010-09-23-18:00,25
2010-09-24-00:00,24
2010-09-24-03:00,25
2010-09-24-06:00,30
2010-09-24-09:00,32
2010-09-24-12:00,31
2010-09-24-15:00,27
2010-09-24-18:00,26
2010-09-25-00:00,25
2010-09-25-03:00,26
2010-09-25-06:00,31
2010-09-25-09:00,32
2010-09-25-12:00,31
2010-09-25-15:00,28
2010-09-26-03:00,25
2010-09-26-06:00,31
2010-09-26-09:00,32
2010-09-26-12:00,31
2010-09-26-15:00,27
2010-09-26-18:00,26
2010-09-26-21:00,25
2010-09-27-00:00,24
2010-09-27-03:00,25
2010-09-27-06:00,31
2010-09-27-09:00,34
2010-09-27-12:00,32
2010-09-27-15:00,27
2010-09-27-18:00,25
2010-09-27-21:00,24
2010-09-28-00:00,23
2010-09-28-03:00,25
2010-09-28-06:00,32
2010-09-28-09:00,34
2010-09-28-12:00,32
2010-09-28-18:00,25
2010-09-29-00:00,23
2010-09-29-03:00,26
2010-09-29-06:00,33
2010-09-29-09:00,34
2010-09-29-12:00,32
2010-09-29-15:00,27
2010-09-29-18:00,26
2010-09-29-21:00,25
2010-09-30-00:00,23
2010-09-30-03:00,26
2010-09-30-06:00,32
2010-09-30-09:00,34
2010-09-30-12:00,32
2010-09-30-15:00,28
2010-09-30-18:00,26
2010-09-30-21:00,25
2010-10-01-00:00,24
2010-10-01-03:00,25
2010-10-01-06:00,32
2010-10-01-09:00,34
2010-10-01-12:00,32
2010-10-01-18:00,26
2010-10-02-03:00,26
2010-10-02-06:00,32
2010-10-02-09:00,34
2010-10-02-12:00,32
2010-10-02-15:00,29
2010-10-02-18:00,27
2010-10-02-21:00,26
2010-10-03-00:00,25
2010-10-03-03:00,26
2010-10-03-06:00,33
2010-10-03-09:00,34
2010-10-03-12:00,32
2010-10-03-15:00,27
2010-10-03-18:00,26
2010-10-03-21:00,25
2010-10-04-00:00,23
2010-10-04-03:00,26
2010-10-04-06:00,32
2010-10-04-12:00,32
2010-10-04-15:00,28
2010-10-04-18:00,25
2010-10-04-21:00,24
2010-10-05-00:00,23
2010-10-05-03:00,26
2010-10-05-06:00,32
2010-10-05-09:00,34
2010-10-05-12:00,33
2010-10-05-18:00,26
2010-10-05-21:00,25
2010-10-06-00:00,24
2010-10-06-03:00,25
2010-10-06-06:00,31
2010-10-06-09:00,34
2010-10-06-12:00,32
2010-10-06-15:00,29
2010-10-06-18:00,27
2010-10-06-21:00,25
2010-10-07-00:00,25
2010-10-07-03:00,26
2010-10-07-06:00,31
2010-10-07-09:00,31
2010-10-07-12:00,31
2010-10-07-15:00,28
2010-10-07-18:00,26
2010-10-07-21:00,25
2010-10-08-00:00,24
2010-10-08-03:00,25
2010-10-08-06:00,32
2010-10-08-09:00,32
2010-10-08-12:00,32
2010-10-08-15:00,27
2010-10-08-18:00,26
2010-10-08-21:00,25
2010-10-09-00:00,23
2010-10-09-03:00,25
2010-10-09-06:00,31
2010-10-09-09:00,34
2010-10-09-12:00,31
2010-10-09-15:00,28
2010-10-09-18:00,27
2010-10-09-21:00,26
2010-10-10-00:00,23
2010-10-10-03:00,26
2010-10-10-06:00,31
2010-10-10-12:00,32
2010-10-10-15:00,26
2010-10-10-18:00,25
2010-10-10-21:00,23
2010-10-11-00:00,21
2010-10-11-03:00,24
2010-10-11-06:00,32
2010-10-11-12:00,32
2010-10-11-15:00,27
2010-10-11-18:00,24
2010-10-11-21:00,24
2010-10-12-00:00,23
2010-10-12-03:00,25
2010-10-12-06:00,32
2010-10-12-09:00,34
2010-10-12-12:00,32
2010-10-12-15:00,27
2010-10-12-18:00,25
2010-10-12-21:00,24
2010-10-13-00:00,23
2010-10-13-03:00,25
2010-10-13-06:00,32
2010-10-13-12:00,31
2010-10-13-18:00,26
2010-10-14-00:00,23
2010-10-14-03:00,25
2010-10-14-06:00,31
2010-10-14-09:00,33
2010-10-14-12:00,31
2010-10-14-15:00,26
2010-10-14-18:00,24
2010-10-14-21:00,22
2010-10-15-00:00,21
2010-10-15-03:00,24
2010-10-15-06:00,31
2010-10-15-12:00,31
2010-10-15-15:00,26
2010-10-15-18:00,25
2010-10-16-00:00,23
2010-10-16-03:00,24
2010-10-16-06:00,32
2010-10-16-12:00,31
2010-10-16-15:00,26
2010-10-16-18:00,25
2010-10-16-21:00,24
2010-10-17-00:00,25
2010-10-17-03:00,26
2010-10-17-06:00,31
2010-10-17-12:00,31
2010-10-17-15:00,27
2010-10-17-21:00,25
2010-10-18-00:00,24
2010-10-18-03:00,26
2010-10-18-06:00,32
2010-10-18-12:00,31
2010-10-18-15:00,28
2010-10-18-18:00,26
2010-10-18-21:00,25
2010-10-19-00:00,24
2010-10-19-03:00,26
2010-10-19-06:00,31
2010-10-19-09:00,33
2010-10-19-12:00,31
2010-10-19-21:00,24
2010-10-20-00:00,23
2010-10-20-03:00,25
2010-10-20-06:00,31
2010-10-20-09:00,33
2010-10-20-12:00,31
2010-10-20-15:00,26
2010-10-20-18:00,25
2010-10-20-21:00,24
2010-10-21-00:00,23
2010-10-21-03:00,25
2010-10-21-06:00,30
2010-10-21-09:00,32
2010-10-21-12:00,30
2010-10-21-15:00,26
2010-10-21-18:00,24
2010-10-22-00:00,23
2010-10-22-03:00,24
2010-10-22-06:00,31
2010-10-22-09:00,33
2010-10-22-12:00,20
2010-10-22-15:00,22
2010-10-22-18:00,22
2010-10-22-21:00,21
2010-10-23-00:00,21
2010-10-23-03:00,23
2010-10-23-06:00,29
2010-10-23-09:00,31
2010-10-23-12:00,28
2010-10-23-18:00,22
2010-10-23-21:00,21
2010-10-24-00:00,19
2010-10-24-03:00,22
2010-10-24-06:00,28
2010-10-24-12:00,27
2010-10-24-15:00,21
2010-10-24-18:00,19
2010-10-24-21:00,18
2010-10-25-00:00,16
2010-10-25-03:00,19
2010-10-25-06:00,27
2010-10-25-09:00,30
2010-10-25-12:00,28
2010-10-25-15:00,22
2010-10-25-18:00,20
2010-10-25-21:00,19
2010-10-26-00:00,17
2010-10-26-03:00,18
2010-10-26-06:00,29
2010-10-26-09:00,30
2010-10-26-12:00,27
2010-10-26-15:00,22
2010-10-26-18:00,20
2010-10-26-21:00,19
2010-10-27-00:00,18
2010-10-27-03:00,20
2010-10-27-06:00,27
2010-10-27-09:00,30
2010-10-27-12:00,27
2010-10-27-15:00,20
2010-10-27-18:00,18
2010-10-28-00:00,16
2010-10-28-03:00,17
2010-10-28-06:00,27
2010-10-28-09:00,30
2010-10-28-12:00,27
2010-10-28-15:00,20
2010-10-28-18:00,19
2010-10-28-21:00,18
2010-10-29-00:00,16
2010-10-29-03:00,18
2010-10-29-06:00,28
2010-10-29-09:00,29
2010-10-29-12:00,26
2010-10-29-15:00,21
2010-10-29-18:00,20
2010-10-30-00:00,17
2010-10-30-03:00,18
2010-10-30-06:00,28
2010-10-30-09:00,30
2010-10-30-12:00,26
2010-10-30-15:00,22
2010-10-30-18:00,20
2010-10-30-21:00,19
2010-10-31-00:00,18
2010-10-31-03:00,19
2010-10-31-06:00,27
2010-10-31-09:00,29
2010-10-31-12:00,27
2010-10-31-15:00,21
2010-10-31-18:00,19
2010-10-31-21:00,18
2010-11-01-00:00,17
2010-11-01-03:00,18
2010-11-01-06:00,27
2010-11-01-09:00,29
2010-11-01-12:00,27
2010-11-01-15:00,20
2010-11-01-18:00,19
2010-11-01-21:00,18
2010-11-02-00:00,17
2010-11-02-03:00,18
2010-11-02-06:00,27
2010-11-02-09:00,29
2010-11-02-12:00,28
2010-11-02-15:00,21
2010-11-02-18:00,19
2010-11-02-21:00,17
2010-11-03-00:00,17
2010-11-03-03:00,17
2010-11-03-06:00,27
2010-11-03-09:00,29
2010-11-03-12:00,26
2010-11-03-15:00,21
2010-11-03-18:00,19
2010-11-04-00:00,17
2010-11-04-03:00,18
2010-11-04-06:00,25
2010-11-04-09:00,29
2010-11-04-12:00,26
2010-11-04-15:00,20
2010-11-04-18:00,19
2010-11-04-21:00,18
2010-11-05-00:00,16
2010-11-05-03:00,18
2010-11-05-06:00,27
2010-11-05-09:00,29
2010-11-05-12:00,26
2010-11-05-15:00,21
2010-11-05-18:00,19
2010-11-05-21:00,18
2010-11-06-00:00,16
2010-11-06-03:00,18
2010-11-06-06:00,27
2010-11-06-09:00,30
2010-11-06-12:00,26
2010-11-06-15:00,21
2010-11-06-18:00,20
2010-11-06-21:00,18
2010-11-07-00:00,17
2010-11-07-03:00,18
2010-11-07-06:00,27
2010-11-07-09:00,30
2010-11-07-12:00,26
2010-11-07-15:00,22
2010-11-07-18:00,19
2010-11-07-21:00,18
2010-11-08-00:00,17
2010-11-08-03:00,19
2010-11-08-06:00,29
2010-11-08-09:00,30
2010-11-08-12:00,28
2010-11-08-15:00,22
2010-11-08-18:00,20
2010-11-08-21:00,19
2010-11-09-00:00,18
2010-11-09-03:00,19
2010-11-09-06:00,27
2010-11-09-09:00,30
2010-11-09-12:00,27
2010-11-09-15:00,23
2010-11-09-18:00,21
2010-11-10-00:00,17
2010-11-10-03:00,18
2010-11-10-06:00,26
2010-11-10-09:00,28
2010-11-10-12:00,25
2010-11-10-15:00,20
2010-11-10-18:00,18
2010-11-10-21:00,18
2010-11-11-00:00,16
2010-11-11-03:00,17
2010-11-11-06:00,26
2010-11-11-09:00,30
2010-11-11-12:00,25
2010-11-11-15:00,21
2010-11-11-18:00,20
2010-11-11-21:00,18
2010-11-12-00:00,17
2010-11-12-03:00,19
2010-11-12-06:00,27
2010-11-12-09:00,29
2010-11-12-12:00,26
2010-11-12-18:00,19
2010-11-12-21:00,18
2010-11-13-00:00,18
2010-11-13-03:00,19
2010-11-13-06:00,18
2010-11-13-12:00,23
2010-11-13-15:00,20
2010-11-13-18:00,20
2010-11-13-21:00,19
2010-11-14-00:00,18
2010-11-14-03:00,19
2010-11-14-06:00,25
2010-11-14-09:00,28
2010-11-14-12:00,25
2010-11-14-15:00,22
2010-11-14-18:00,21
2010-11-15-00:00,19
2010-11-15-03:00,19
2010-11-15-06:00,28
2010-11-15-12:00,24
2010-11-15-15:00,22
2010-11-15-18:00,20
2010-11-15-21:00,20
2010-11-16-00:00,20
2010-11-16-03:00,20
2010-11-16-06:00,25
2010-11-16-09:00,25
2010-11-16-15:00,21
2010-11-16-18:00,20
2010-11-16-21:00,20
2010-11-17-00:00,19
2010-11-17-03:00,20
2010-11-17-06:00,22
2010-11-17-09:00,24
2010-11-17-12:00,20
2010-11-17-15:00,20
2010-11-17-18:00,19
2010-11-17-21:00,18
2010-11-18-00:00,18
2010-11-18-03:00,19
2010-11-18-06:00,26
2010-11-18-09:00,27
2010-11-18-12:00,25
2010-11-18-15:00,21
2010-11-18-18:00,20
2010-11-18-21:00,20
2010-11-19-00:00,18
2010-11-19-03:00,16
2010-11-19-06:00,24
2010-11-19-09:00,27
2010-11-19-12:00,23
2010-11-19-15:00,18
2010-11-19-18:00,17
2010-11-19-21:00,15
2010-11-20-00:00,15
2010-11-20-03:00,15
2010-11-20-06:00,22
2010-11-20-09:00,25
2010-11-20-12:00,22
2010-11-20-15:00,18
2010-11-20-18:00,17
2010-11-20-21:00,15
2010-11-21-00:00,14
2010-11-21-03:00,15
2010-11-21-06:00,23
2010-11-21-09:00,26
2010-11-21-12:00,23
2010-11-21-15:00,17
2010-11-21-18:00,15
2010-11-21-21:00,14
2010-11-22-00:00,14
2010-11-22-03:00,15
2010-11-22-06:00,23
2010-11-22-12:00,21
2010-11-22-15:00,19
2010-11-22-18:00,18
2010-11-22-21:00,18
2010-11-23-00:00,16
2010-11-23-03:00,17
2010-11-23-06:00,21
2010-11-23-09:00,23
2010-11-23-12:00,21
2010-11-23-15:00,19
2010-11-23-18:00,18
2010-11-23-21:00,17
2010-11-24-00:00,17
2010-11-24-06:00,20
2010-11-24-12:00,18
2010-11-24-15:00,18
2010-11-24-18:00,17
2010-11-24-21:00,17
2010-11-25-00:00,18
2010-11-25-03:00,19
2010-11-25-06:00,21
2010-11-25-09:00,21
2010-11-25-12:00,22
2010-11-25-15:00,20
2010-11-25-18:00,18
2010-11-25-21:00,18
2010-11-26-00:00,17
2010-11-26-03:00,18
2010-11-26-06:00,22
2010-11-26-09:00,25
2010-11-26-12:00,21
2010-11-26-15:00,17
2010-11-26-18:00,16
2010-11-26-21:00,15
2010-11-27-00:00,13
2010-11-27-03:00,15
2010-11-27-06:00,22
2010-11-27-12:00,22
2010-11-27-15:00,17
2010-11-27-18:00,15
2010-11-27-21:00,14
2010-11-28-00:00,13
2010-11-28-03:00,25
2010-11-28-06:00,23
2010-11-28-09:00,25
2010-11-28-12:00,21
2010-11-28-15:00,15
2010-11-28-18:00,14
2010-11-28-21:00,13
2010-11-29-00:00,11
2010-11-29-03:00,12
2010-11-29-06:00,22
2010-11-29-09:00,25
2010-11-29-12:00,20
2010-11-29-18:00,12
2010-11-29-21:00,12
2010-11-30-00:00,11
2010-11-30-03:00,13
2010-11-30-06:00,20
2010-11-30-09:00,23
2010-11-30-12:00,20
2010-11-30-15:00,15
2010-11-30-18:00,13
2010-11-30-21:00,12
2010-12-01-00:00,12
2010-12-01-03:00,13
2010-12-01-06:00,20
2010-12-01-09:00,24
2010-12-01-12:00,20
2010-12-01-15:00,14
2010-12-01-18:00,13
2010-12-01-21:00,11
2010-12-02-00:00,10
2010-12-02-03:00,10
2010-12-02-06:00,21
2010-12-02-09:00,23
2010-12-02-12:00,20
2010-12-02-15:00,14
2010-12-02-18:00,12
2010-12-02-21:00,11
2010-12-03-00:00,10
2010-12-03-03:00,10
2010-12-03-06:00,20
2010-12-03-09:00,22
2010-12-03-12:00,20
2010-12-03-18:00,12
2010-12-03-21:00,11
2010-12-04-00:00,9
2010-12-04-03:00,10
2010-12-04-06:00,19
2010-12-04-09:00,21
2010-12-04-12:00,19
2010-12-04-15:00,14
2010-12-04-18:00,12
2010-12-04-21:00,11
2010-12-05-00:00,9
2010-12-05-03:00,9
2010-12-05-06:00,18
2010-12-05-09:00,22
2010-12-05-12:00,18
2010-12-05-21:00,11
2010-12-06-00:00,9
2010-12-06-03:00,10
2010-12-06-06:00,20
2010-12-06-09:00,24
2010-12-06-12:00,19
2010-12-06-15:00,14
2010-12-06-18:00,11
2010-12-06-21:00,10
2010-12-07-00:00,9
2010-12-07-03:00,9
2010-12-07-06:00,20
2010-12-07-09:00,23
2010-12-07-12:00,19
2010-12-07-15:00,14
2010-12-07-18:00,12
2010-12-07-21:00,11
2010-12-08-00:00,9
2010-12-08-03:00,10
2010-12-08-06:00,20
2010-12-08-09:00,23
2010-12-08-12:00,20
2010-12-08-15:00,14
2010-12-08-18:00,12
2010-12-08-21:00,11
2010-12-09-00:00,10
2010-12-09-03:00,11
2010-12-09-06:00,20
2010-12-09-12:00,19
2010-12-09-15:00,15
2010-12-09-18:00,13
2010-12-09-21:00,12
2010-12-10-00:00,10
2010-12-10-03:00,11
2010-12-10-06:00,18
2010-12-10-12:00,18
2010-12-10-15:00,11
2010-12-10-18:00,10
2010-12-10-21:00,8
2010-12-11-00:00,7
2010-12-11-03:00,9
2010-12-11-06:00,18
2010-12-11-09:00,20
2010-12-11-12:00,17
2010-12-11-15:00,14
2010-12-11-18:00,13
2010-12-12-00:00,11
2010-12-12-03:00,11
2010-12-12-06:00,19
2010-12-12-12:00,20
2010-12-12-15:00,13
2010-12-12-18:00,11
2010-12-12-21:00,10
2010-12-13-00:00,9
2010-12-13-03:00,8
2010-12-13-06:00,23
2010-12-13-09:00,24
2010-12-13-12:00,19
2010-12-13-18:00,10
2010-12-13-21:00,9
2010-12-14-00:00,8
2010-12-14-03:00,8
2010-12-14-06:00,19
2010-12-14-09:00,23
2010-12-14-12:00,20
2010-12-14-15:00,12
2010-12-14-18:00,10
2010-12-14-21:00,9
2010-12-15-00:00,9
2010-12-15-03:00,11
2010-12-15-06:00,19
2010-12-15-09:00,23
2010-12-15-12:00,20
2010-12-15-15:00,13
2010-12-15-18:00,11
2010-12-15-21:00,10
2010-12-16-00:00,8
2010-12-16-03:00,8
2010-12-16-06:00,22
2010-12-16-09:00,23
2010-12-16-12:00,21
2010-12-16-15:00,14
2010-12-16-18:00,14
2010-12-16-21:00,10
2010-12-17-00:00,9
2010-12-17-03:00,9
2010-12-17-06:00,22
2010-12-17-09:00,24
2010-12-17-12:00,19
2010-12-17-15:00,14
2010-12-17-18:00,11
2010-12-18-00:00,8
2010-12-18-03:00,10
2010-12-18-06:00,20
2010-12-18-09:00,21
2010-12-18-12:00,19
2010-12-18-15:00,13
2010-12-18-18:00,11
2010-12-18-21:00,10
2010-12-19-00:00,10
2010-12-19-03:00,10
2010-12-19-06:00,18
2010-12-19-09:00,21
2010-12-19-12:00,19
2010-12-19-15:00,12
2010-12-19-18:00,10
2010-12-19-21:00,10
2010-12-20-00:00,10
2010-12-20-03:00,9
2010-12-20-06:00,18
2010-12-20-09:00,22
2010-12-20-12:00,20
2010-12-20-18:00,13
2010-12-20-21:00,11
2010-12-21-00:00,9
2010-12-21-03:00,9
2010-12-21-06:00,17
2010-12-21-09:00,20
2010-12-21-12:00,19
2010-12-21-15:00,12
2010-12-21-18:00,10
2010-12-21-21:00,9
2010-12-22-00:00,6
2010-12-22-03:00,7
2010-12-22-06:00,19
2010-12-22-09:00,24
2010-12-22-12:00,20
2010-12-22-15:00,13
2010-12-22-18:00,10
2010-12-22-21:00,10
2010-12-23-00:00,8
2010-12-23-06:00,18
2010-12-23-09:00,23
2010-12-23-12:00,20
2010-12-23-15:00,13
2010-12-23-18:00,11
2010-12-23-21:00,10
2010-12-24-00:00,8
2010-12-24-03:00,8
2010-12-24-06:00,20
2010-12-24-09:00,24
2010-12-24-12:00,20
2010-12-24-15:00,14
2010-12-24-18:00,12
2010-12-24-21:00,11
2010-12-25-00:00,10
2010-12-25-03:00,10
2010-12-25-06:00,14
2010-12-25-09:00,18
2010-12-25-12:00,16
2010-12-25-15:00,12
2010-12-25-18:00,10
2010-12-25-21:00,8
2010-12-26-00:00,10
2010-12-26-03:00,9
2010-12-26-06:00,11
2010-12-26-09:00,18
2010-12-26-15:00,11
2010-12-26-18:00,9
2010-12-26-21:00,9
2010-12-27-00:00,8
2010-12-27-03:00,8
2010-12-27-06:00,15
2010-12-27-12:00,17
2010-12-27-15:00,12
2010-12-27-18:00,10
2010-12-27-21:00,8
2010-12-28-00:00,10
2010-12-28-03:00,11
2010-12-28-06:00,13
2010-12-28-09:00,13
2010-12-28-12:00,14
2010-12-28-15:00,14
2010-12-28-18:00,13
2010-12-28-21:00,12
2010-12-29-00:00,11
2010-12-29-03:00,12
2010-12-29-06:00,17
2010-12-29-09:00,19
2010-12-29-15:00,16
2010-12-29-18:00,14
2010-12-29-21:00,14
2010-12-30-00:00,14
2010-12-30-03:00,14
2010-12-30-06:00,15
2010-12-30-09:00,19
2010-12-30-12:00,18
2010-12-30-15:00,16
2010-12-30-18:00,14
2010-12-30-21:00,14
2010-12-31-00:00,13
2010-12-31-03:00,12
2010-12-31-06:00,15
2010-12-31-12:00,13
2010-12-31-15:00,11
2010-12-31-18:00,10
2010-12-31-21:00,9
2011-01-01-00:00,10
2011-01-01-03:00,10
2011-01-01-06:00,13
2011-01-01-09:00,16
2011-01-01-12:00,14
2011-01-01-15:00,10
2011-01-01-18:00,9
2011-01-01-21:00,9
2011-01-02-00:00,10
2011-01-02-03:00,10
2011-01-02-06:00,12
2011-01-02-18:00,10
2011-01-03-00:00,10
2011-01-03-03:00,10
2011-01-03-06:00,14
2011-01-03-12:00,13
2011-01-03-18:00,7
2011-01-03-21:00,6
2011-01-04-00:00,5
2011-01-04-03:00,7
2011-01-04-06:00,10
2011-01-04-09:00,13
2011-01-04-12:00,10
2011-01-04-15:00,8
2011-01-04-18:00,7
2011-01-04-21:00,6
2011-01-05-00:00,6
2011-01-05-03:00,6
2011-01-05-06:00,9
2011-01-05-09:00,12
2011-01-05-12:00,11
2011-01-05-15:00,8
2011-01-05-18:00,9
2011-01-05-21:00,8
2011-01-06-00:00,7
2011-01-06-03:00,6
2011-01-06-06:00,9
2011-01-06-09:00,14
2011-01-06-12:00,12
2011-01-06-15:00,9
2011-01-06-18:00,7
2011-01-06-21:00,6
2011-01-07-00:00,5
2011-01-07-03:00,6
2011-01-07-06:00,11
2011-01-07-09:00,15
2011-01-07-12:00,13
2011-01-07-15:00,10
2011-01-07-18:00,7
2011-01-07-21:00,6
2011-01-08-00:00,6
2011-01-08-03:00,6
2011-01-08-06:00,8
2011-01-08-09:00,11
2011-01-08-12:00,11
2011-01-08-15:00,7
2011-01-08-18:00,6
2011-01-08-21:00,6
2011-01-09-00:00,7
2011-01-09-03:00,7
2011-01-09-06:00,7
2011-01-09-09:00,10
2011-01-09-12:00,9
2011-01-09-15:00,8
2011-01-09-21:00,6
2011-01-10-00:00,6
2011-01-10-03:00,6
2011-01-10-06:00,10
2011-01-10-09:00,15
2011-01-10-12:00,13
2011-01-10-18:00,8
2011-01-10-21:00,8
2011-01-11-00:00,6
2011-01-11-03:00,6
2011-01-11-06:00,16
2011-01-11-09:00,19
2011-01-11-12:00,17
2011-01-11-15:00,11
2011-01-11-18:00,9
2011-01-12-00:00,5
2011-01-12-03:00,6
2011-01-12-06:00,17
2011-01-12-12:00,19
2011-01-12-15:00,11
2011-01-12-18:00,9
2011-01-12-21:00,8
2011-01-13-00:00,7
2011-01-13-03:00,7
2011-01-13-06:00,18
2011-01-13-09:00,22
2011-01-13-12:00,22
2011-01-13-15:00,13
2011-01-13-18:00,11
2011-01-13-21:00,11
2011-01-14-00:00,11
2011-01-14-03:00,11
2011-01-14-06:00,19
2011-01-14-09:00,23
2011-01-14-12:00,21
2011-01-14-15:00,17
2011-01-14-18:00,15
2011-01-14-21:00,14
2011-01-15-00:00,12
2011-01-15-03:00,12
2011-01-15-06:00,18
2011-01-15-09:00,21
2011-01-15-12:00,18
2011-01-15-15:00,12
2011-01-15-18:00,11
2011-01-16-00:00,11
2011-01-16-03:00,10
2011-01-16-06:00,15
2011-01-16-09:00,18
2011-01-16-12:00,16
2011-01-16-15:00,12
2011-01-16-18:00,10
2011-01-16-21:00,10
2011-01-17-00:00,9
2011-01-17-03:00,8
2011-01-17-06:00,17
2011-01-17-09:00,20
2011-01-17-12:00,18
2011-01-17-18:00,10
2011-01-17-21:00,8
2011-01-18-00:00,6
2011-01-18-03:00,6
2011-01-18-06:00,20
2011-01-18-09:00,22
2011-01-18-12:00,19
2011-01-18-15:00,11
2011-01-18-18:00,9
2011-01-18-21:00,8
2011-01-19-00:00,8
2011-01-19-03:00,8
2011-01-19-09:00,20
2011-01-19-12:00,17
2011-01-19-15:00,13
2011-01-19-18:00,11
2011-01-19-21:00,10
2011-01-20-00:00,7
2011-01-20-03:00,9
2011-01-20-06:00,18
2011-01-20-09:00,20
2011-01-20-12:00,19
2011-01-20-15:00,12
2011-01-20-18:00,10
2011-01-20-21:00,9
2011-01-21-00:00,7
2011-01-21-03:00,8
2011-01-21-06:00,21
2011-01-21-09:00,23
2011-01-21-12:00,20
2011-01-21-15:00,14
2011-01-21-18:00,11
2011-01-21-21:00,10
2011-01-22-00:00,10
2011-01-22-03:00,11
2011-01-22-06:00,20
2011-01-22-09:00,23
2011-01-22-12:00,21
2011-01-22-15:00,17
2011-01-22-21:00,13
2011-01-23-00:00,11
2011-01-23-03:00,10
2011-01-23-06:00,19
2011-01-23-09:00,23
2011-01-23-12:00,21
2011-01-23-15:00,14
2011-01-23-18:00,11
2011-01-23-21:00,10
2011-01-24-00:00,9
2011-01-24-03:00,10
2011-01-24-06:00,19
2011-01-24-09:00,21
2011-01-24-12:00,20
2011-01-24-15:00,12
2011-01-24-18:00,11
2011-01-24-21:00,10
2011-01-25-00:00,7
2011-01-25-06:00,19
2011-01-25-09:00,23
2011-01-25-15:00,13
2011-01-25-18:00,13
2011-01-25-21:00,12
2011-01-26-00:00,9
2011-01-26-03:00,9
2011-01-26-06:00,21
2011-01-26-09:00,22
2011-01-26-12:00,19
2011-01-26-15:00,13
2011-01-26-18:00,11
2011-01-26-21:00,10
2011-01-27-00:00,8
2011-01-27-03:00,9
2011-01-27-06:00,16
2011-01-27-09:00,18
2011-01-27-15:00,13
2011-01-27-18:00,11
2011-01-27-21:00,10
2011-01-28-00:00,8
2011-01-28-03:00,8
2011-01-28-06:00,18
2011-01-28-09:00,21
2011-01-28-12:00,19
2011-01-28-15:00,13
2011-01-28-18:00,10
2011-01-29-00:00,7
2011-01-29-03:00,7
2011-01-29-06:00,19
2011-01-29-09:00,23
2011-01-29-12:00,19
2011-01-29-15:00,15
2011-01-29-18:00,12
2011-01-29-21:00,10
2011-01-30-00:00,12
2011-01-30-03:00,12
2011-01-30-06:00,20
2011-01-30-09:00,22
2011-01-30-12:00,19
2011-01-30-18:00,12
2011-01-30-21:00,11
2011-01-31-00:00,9
2011-01-31-03:00,10
2011-01-31-06:00,18
2011-01-31-09:00,21
2011-01-31-12:00,20
2011-01-31-15:00,15
2011-01-31-18:00,12
2011-02-01-00:00,10
2011-02-01-03:00,10
2011-02-01-06:00,18
2011-02-01-09:00,21
2011-02-01-12:00,20
2011-02-01-15:00,15
2011-02-01-18:00,11
2011-02-01-21:00,12
2011-02-02-00:00,10
2011-02-02-03:00,11
2011-02-02-06:00,20
2011-02-02-09:00,24
2011-02-02-12:00,23
2011-02-02-15:00,16
2011-02-02-18:00,13
2011-02-03-00:00,10
2011-02-03-03:00,12
2011-02-03-06:00,22
2011-02-03-09:00,25
2011-02-03-12:00,23
2011-02-03-21:00,13
2011-02-04-00:00,11
2011-02-04-03:00,12
2011-02-04-06:00,22
2011-02-04-09:00,27
2011-02-04-12:00,27
2011-02-04-15:00,17
2011-02-04-18:00,14
2011-02-04-21:00,13
2011-02-05-00:00,12
2011-02-05-03:00,13
2011-02-05-06:00,26
2011-02-05-12:00,27
2011-02-05-15:00,19
2011-02-05-18:00,17
2011-02-05-21:00,16
2011-02-06-00:00,14
2011-02-06-03:00,17
2011-02-06-06:00,25
2011-02-06-09:00,26
2011-02-06-12:00,25
2011-02-06-18:00,20
2011-02-06-21:00,19
2011-02-07-00:00,17
2011-02-07-03:00,17
2011-02-07-06:00,25
2011-02-07-09:00,26
2011-02-07-12:00,25
2011-02-07-15:00,20
2011-02-07-21:00,16
2011-02-08-00:00,13
2011-02-08-03:00,14
2011-02-08-06:00,20
2011-02-08-09:00,23
2011-02-08-12:00,21
2011-02-08-15:00,17
2011-02-08-18:00,14
2011-02-08-21:00,13
2011-02-09-00:00,11
2011-02-09-03:00,11
2011-02-09-06:00,19
2011-02-09-09:00,22
2011-02-09-12:00,21
2011-02-09-15:00,16
2011-02-09-18:00,13
2011-02-09-21:00,12
2011-02-10-00:00,11
2011-02-10-03:00,11
2011-02-10-06:00,20
2011-02-10-09:00,23
2011-02-10-12:00,21
2011-02-10-15:00,16
2011-02-10-21:00,12
2011-02-11-00:00,11
2011-02-11-03:00,12
2011-02-11-06:00,21
2011-02-11-12:00,23
2011-02-11-15:00,18
2011-02-11-18:00,17
2011-02-11-21:00,14
2011-02-12-00:00,13
2011-02-12-03:00,14
2011-02-12-06:00,21
2011-02-12-12:00,25
2011-02-12-15:00,18
2011-02-12-18:00,16
2011-02-12-21:00,16
2011-02-13-00:00,15
2011-02-13-03:00,15
2011-02-13-06:00,25
2011-02-13-09:00,28
2011-02-13-12:00,24
2011-02-13-15:00,20
2011-02-13-21:00,16
2011-02-14-03:00,18
2011-02-14-06:00,20
2011-02-14-12:00,21
2011-02-14-15:00,18
2011-02-14-18:00,17
2011-02-14-21:00,16
2011-02-15-00:00,16
2011-02-15-03:00,16
2011-02-15-09:00,16
2011-02-15-12:00,18
2011-02-15-15:00,16
2011-02-15-18:00,15
2011-02-15-21:00,14
2011-02-16-00:00,14
2011-02-16-03:00,14
2011-02-16-06:00,19
2011-02-16-09:00,22
2011-02-16-12:00,19
2011-02-16-15:00,17
2011-02-16-18:00,15
2011-02-16-21:00,14
2011-02-17-00:00,11
2011-02-17-03:00,11
2011-02-17-06:00,16
2011-02-17-09:00,20
2011-02-17-12:00,19
2011-02-17-15:00,15
2011-02-17-21:00,11
2011-02-18-00:00,10
2011-02-18-03:00,12
2011-02-18-06:00,19
2011-02-18-12:00,20
2011-02-18-15:00,15
2011-02-18-18:00,14
2011-02-19-00:00,11
2011-02-19-03:00,12
2011-02-19-06:00,20
2011-02-19-09:00,23
2011-02-19-12:00,22
2011-02-19-15:00,17
2011-02-19-18:00,14
2011-02-19-21:00,13
2011-02-20-00:00,11
2011-02-20-03:00,13
2011-02-20-06:00,23
2011-02-20-09:00,25
2011-02-20-12:00,15
2011-02-20-15:00,14
2011-02-20-18:00,14
2011-02-20-21:00,13
2011-02-21-00:00,12
2011-02-21-03:00,12
2011-02-21-06:00,17
2011-02-21-09:00,22
2011-02-21-12:00,20
2011-02-21-18:00,14
2011-02-21-21:00,13
2011-02-22-00:00,12
2011-02-22-03:00,12
2011-02-22-06:00,18
2011-02-22-12:00,22
2011-02-22-15:00,17
2011-02-22-18:00,14
2011-02-22-21:00,13
2011-02-23-00:00,11
2011-02-23-03:00,12
2011-02-23-06:00,22
2011-02-23-09:00,25
2011-02-23-12:00,23
2011-02-23-15:00,19
2011-02-23-18:00,17
2011-02-24-00:00,14
2011-02-24-03:00,15
2011-02-24-12:00,22
2011-02-24-15:00,18
2011-02-24-18:00,16
2011-02-24-21:00,14
2011-02-25-00:00,13
2011-02-25-03:00,14
2011-02-25-06:00,22
2011-02-25-12:00,23
2011-02-25-15:00,18
2011-02-25-18:00,16
2011-02-25-21:00,15
2011-02-26-00:00,14
2011-02-26-03:00,14
2011-02-26-06:00,20
2011-02-26-12:00,21
2011-02-26-18:00,14
2011-02-26-21:00,13
2011-02-27-00:00,11
2011-02-27-03:00,12
2011-02-27-06:00,21
2011-02-27-09:00,23
2011-02-27-12:00,22
2011-02-27-15:00,17
2011-02-27-18:00,16
2011-02-27-21:00,15
2011-02-28-00:00,12
2011-02-28-03:00,13
2011-02-28-06:00,22
2011-02-28-09:00,24
2011-02-28-12:00,22
2011-02-28-15:00,17
2011-02-28-18:00,14
2011-02-28-21:00,13
2011-03-01-00:00,12
2011-03-01-03:00,13
2011-03-01-06:00,16
2011-03-01-09:00,22
2011-03-01-12:00,20
2011-03-01-15:00,17
2011-03-01-18:00,17
2011-03-01-21:00,14
2011-03-02-00:00,14
2011-03-02-03:00,16
2011-03-02-06:00,19
2011-03-02-09:00,21
2011-03-02-12:00,24
2011-03-02-15:00,19
2011-03-02-18:00,16
2011-03-02-21:00,15
2011-03-03-00:00,16
2011-03-03-03:00,16
2011-03-03-06:00,19
2011-03-03-09:00,20
2011-03-03-12:00,19
2011-03-03-15:00,17
2011-03-03-18:00,16
2011-03-03-21:00,14
2011-03-04-00:00,14
2011-03-04-03:00,16
2011-03-04-06:00,21
2011-03-04-09:00,22
2011-03-04-18:00,15
2011-03-04-21:00,13
2011-03-05-00:00,14
2011-03-05-03:00,15
2011-03-05-06:00,22
2011-03-05-09:00,26
2011-03-05-21:00,15
2011-03-06-00:00,14
2011-03-06-03:00,15
2011-03-06-12:00,25
2011-03-06-15:00,20
2011-03-06-21:00,17
2011-03-07-00:00,15
2011-03-07-03:00,17
2011-03-07-06:00,24
2011-03-07-09:00,28
2011-03-07-12:00,26
2011-03-07-15:00,21
2011-03-07-18:00,19
2011-03-07-21:00,17
2011-03-08-00:00,16
2011-03-08-06:00,24
2011-03-08-09:00,27
2011-03-08-12:00,26
2011-03-08-18:00,18
2011-03-08-21:00,17
2011-03-09-00:00,17
2011-03-09-03:00,18
2011-03-09-06:00,24
2011-03-09-12:00,25
2011-03-09-15:00,21
2011-03-09-18:00,18
2011-03-09-21:00,16
2011-03-10-00:00,15
2011-03-10-03:00,17
2011-03-10-06:00,24
2011-03-10-09:00,25
2011-03-10-12:00,25
2011-03-10-15:00,20
2011-03-10-21:00,16
2011-03-11-00:00,14
2011-03-11-03:00,16
2011-03-11-06:00,24
2011-03-11-09:00,27
2011-03-11-12:00,26
2011-03-11-18:00,18
2011-03-11-21:00,17
2011-03-12-00:00,14
2011-03-12-12:00,27
2011-03-12-15:00,20
2011-03-12-18:00,17
2011-03-12-21:00,15
2011-03-13-00:00,14
2011-03-13-03:00,17
2011-03-13-06:00,27
2011-03-13-12:00,28
2011-03-13-15:00,22
2011-03-13-21:00,16
2011-03-14-00:00,15
2011-03-14-03:00,19
2011-03-14-06:00,27
2011-03-14-09:00,30
2011-03-14-12:00,29
2011-03-14-15:00,24
2011-03-14-18:00,20
2011-03-14-21:00,19
2011-03-15-00:00,17
2011-03-15-03:00,18
2011-03-15-06:00,29
2011-03-15-09:00,32
2011-03-15-12:00,31
2011-03-15-15:00,25
2011-03-15-18:00,21
2011-03-15-21:00,19
2011-03-16-03:00,20
2011-03-16-06:00,29
2011-03-16-09:00,32
2011-03-16-12:00,31
2011-03-16-15:00,25
2011-03-16-18:00,20
2011-03-16-21:00,19
2011-03-17-00:00,19
2011-03-17-03:00,21
2011-03-17-06:00,28
2011-03-17-09:00,32
2011-03-17-12:00,32
2011-03-17-18:00,22
2011-03-17-21:00,20
2011-03-18-00:00,19
2011-03-18-03:00,22
2011-03-18-06:00,30
2011-03-18-09:00,33
2011-03-18-12:00,32
2011-03-18-18:00,23
2011-03-18-21:00,22
2011-03-19-00:00,20
2011-03-19-03:00,22
2011-03-19-06:00,30
2011-03-19-09:00,35
2011-03-19-12:00,33
2011-03-19-15:00,27
2011-03-19-18:00,23
2011-03-19-21:00,22
2011-03-20-00:00,21
2011-03-20-03:00,22
2011-03-20-06:00,30
2011-03-20-09:00,33
2011-03-20-12:00,32
2011-03-20-15:00,24
2011-03-20-18:00,24
2011-03-20-21:00,22
2011-03-21-00:00,19
2011-03-21-03:00,20
2011-03-21-06:00,28
2011-03-21-09:00,29
2011-03-21-12:00,28
2011-03-21-18:00,20
2011-03-21-21:00,19
2011-03-22-00:00,16
2011-03-22-03:00,20
2011-03-22-09:00,33
2011-03-22-12:00,32
2011-03-22-15:00,24
2011-03-22-21:00,19
2011-03-23-00:00,18
2011-03-23-03:00,22
2011-03-23-06:00,32
2011-03-23-12:00,32
2011-03-23-21:00,22
2011-03-24-00:00,22
2011-03-24-03:00,22
2011-03-24-06:00,31
2011-03-24-09:00,33
2011-03-24-12:00,31
2011-03-24-15:00,25
2011-03-24-18:00,22
2011-03-24-21:00,22
2011-03-25-00:00,20
2011-03-25-03:00,22
2011-03-25-06:00,29
2011-03-25-09:00,33
2011-03-25-12:00,32
2011-03-25-18:00,22
2011-03-25-21:00,20
2011-03-26-00:00,19
2011-03-26-03:00,23
2011-03-26-06:00,31
2011-03-26-12:00,33
2011-03-26-15:00,25
2011-03-26-18:00,22
2011-03-26-21:00,22
2011-03-27-00:00,20
2011-03-27-03:00,24
2011-03-27-06:00,33
2011-03-27-09:00,35
2011-03-27-12:00,34
2011-03-27-15:00,27
2011-03-27-18:00,24
2011-03-27-21:00,22
2011-03-28-00:00,21
2011-03-28-03:00,25
2011-03-28-06:00,32
2011-03-28-12:00,33
2011-03-28-15:00,28
2011-03-28-18:00,26
2011-03-28-21:00,24
2011-03-29-00:00,23
2011-03-29-03:00,25
2011-03-29-06:00,29
2011-03-29-09:00,32
2011-03-29-12:00,31
2011-03-29-15:00,28
2011-03-29-18:00,26
2011-03-29-21:00,24
2011-03-30-00:00,20
2011-03-30-03:00,21
2011-03-30-06:00,29
2011-03-30-12:00,32
2011-03-30-15:00,25
2011-03-30-18:00,22
2011-03-30-21:00,21
2011-03-31-00:00,20
2011-03-31-03:00,23
2011-03-31-06:00,30
2011-03-31-12:00,32
2011-03-31-15:00,27
2011-03-31-18:00,25
2011-03-31-21:00,23
2011-04-01-00:00,22
2011-04-01-03:00,23
2011-04-01-06:00,30
2011-04-01-09:00,33
2011-04-01-15:00,26
2011-04-01-18:00,25
2011-04-01-21:00,24
2011-04-02-00:00,23
2011-04-02-03:00,25
2011-04-02-06:00,32
2011-04-02-09:00,34
2011-04-02-12:00,32
2011-04-02-15:00,25
2011-04-02-18:00,23
2011-04-02-21:00,22
2011-04-03-00:00,21
2011-04-03-03:00,22
2011-04-03-06:00,28
2011-04-03-09:00,31
2011-04-03-12:00,30
2011-04-03-15:00,27
2011-04-03-18:00,24
2011-04-04-00:00,17
2011-04-04-03:00,22
2011-04-04-06:00,29
2011-04-04-09:00,31
2011-04-04-12:00,31
2011-04-04-15:00,24
2011-04-04-18:00,20
2011-04-04-21:00,19
2011-04-05-00:00,17
2011-04-05-03:00,23
2011-04-05-09:00,34
2011-04-05-12:00,34
2011-04-05-15:00,27
2011-04-05-18:00,23
2011-04-05-21:00,22
2011-04-06-00:00,17
2011-04-06-03:00,21
2011-04-06-06:00,27.5
2011-04-06-09:00,34
2011-04-06-12:00,33
2011-04-06-15:00,24
2011-04-06-18:00,22
2011-04-06-21:00,21
2011-04-07-00:00,19
2011-04-07-03:00,24
2011-04-07-06:00,31
2011-04-07-09:00,33
2011-04-07-12:00,30
2011-04-07-15:00,25
2011-04-07-18:00,22
2011-04-07-21:00,21
2011-04-08-00:00,19
2011-04-08-03:00,23
2011-04-08-06:00,30
2011-04-08-09:00,31
2011-04-08-12:00,32
2011-04-08-15:00,27
2011-04-08-18:00,24
2011-04-08-21:00,23
2011-04-09-00:00,19
2011-04-09-03:00,24
2011-04-09-06:00,32
2011-04-09-09:00,34
2011-04-09-15:00,28
2011-04-09-18:00,24
2011-04-09-21:00,23
2011-04-10-00:00,23
2011-04-10-03:00,23
2011-04-10-06:00,26
2011-04-10-09:00,31
2011-04-10-12:00,30
2011-04-10-15:00,26
2011-04-10-18:00,23
2011-04-10-21:00,22
2011-04-11-00:00,21
2011-04-11-03:00,25
2011-04-11-06:00,31
2011-04-11-09:00,35
2011-04-11-15:00,26
2011-04-11-18:00,25
2011-04-11-21:00,24
2011-04-12-03:00,25
2011-04-12-06:00,28
2011-04-12-09:00,33
2011-04-12-12:00,32
2011-04-12-15:00,27
2011-04-12-18:00,25
2011-04-12-21:00,24
2011-04-13-00:00,22
2011-04-13-03:00,24
2011-04-13-06:00,30
2011-04-13-09:00,33
2011-04-13-12:00,34
2011-04-13-15:00,27
2011-04-13-18:00,24
2011-04-13-21:00,23
2011-04-14-00:00,21
2011-04-14-03:00,24
2011-04-14-06:00,33
2011-04-14-09:00,35
2011-04-14-12:00,34
2011-04-14-15:00,27
2011-04-14-18:00,24
2011-04-14-21:00,23
2011-04-15-00:00,22
2011-04-15-03:00,26
2011-04-15-06:00,34
2011-04-15-09:00,35
2011-04-15-12:00,35
2011-04-15-15:00,29
2011-04-15-18:00,26
2011-04-16-00:00,22
2011-04-16-03:00,25
2011-04-16-06:00,30
2011-04-16-09:00,34
2011-04-16-12:00,35
2011-04-16-15:00,28
2011-04-16-18:00,29
2011-04-16-21:00,25
2011-04-17-00:00,25
2011-04-17-03:00,23
2011-04-17-06:00,27
2011-04-17-12:00,26
2011-04-17-15:00,23
2011-04-17-18:00,23
2011-04-17-21:00,22
2011-04-18-00:00,20
2011-04-18-03:00,24
2011-04-18-09:00,34
2011-04-18-12:00,33
2011-04-18-15:00,26
2011-04-18-18:00,26
2011-04-18-21:00,24
2011-04-19-00:00,21
2011-04-19-03:00,23
2011-04-19-06:00,32
2011-04-19-09:00,34
2011-04-19-12:00,33
2011-04-19-15:00,27
2011-04-19-18:00,26
2011-04-19-21:00,24
2011-04-20-00:00,19
2011-04-20-03:00,25
2011-04-20-09:00,34
2011-04-20-12:00,35
2011-04-20-15:00,28
2011-04-20-18:00,24
2011-04-20-21:00,23
2011-04-21-00:00,20
2011-04-21-03:00,26
2011-04-21-06:00,33
2011-04-21-09:00,36
2011-04-21-12:00,35
2011-04-21-15:00,27
2011-04-21-18:00,28
2011-04-22-00:00,20
2011-04-22-06:00,33
2011-04-22-09:00,36
2011-04-22-15:00,28
2011-04-22-18:00,24
2011-04-23-00:00,21
2011-04-23-03:00,26
2011-04-23-06:00,35
2011-04-23-09:00,37
2011-04-23-15:00,28
2011-04-23-18:00,25
2011-04-23-21:00,23
2011-04-24-03:00,29
2011-04-24-06:00,36
2011-04-24-09:00,38
2011-04-24-12:00,37
2011-04-24-15:00,29
2011-04-24-18:00,27
2011-04-24-21:00,24
2011-04-25-00:00,24
2011-04-25-03:00,28
2011-04-25-06:00,38
2011-04-25-09:00,40
2011-04-25-12:00,39
2011-04-25-15:00,31
2011-04-25-21:00,26
2011-04-26-00:00,27
2011-04-26-03:00,28
2011-04-26-09:00,36
2011-04-26-15:00,30
2011-04-26-18:00,27
2011-04-27-00:00,24
2011-04-27-03:00,27
2011-04-27-15:00,30
2011-04-27-21:00,26
2011-04-28-00:00,26
2011-04-28-03:00,30
2011-04-28-06:00,37
2011-04-28-09:00,39
2011-04-28-12:00,39
2011-04-28-15:00,33
2011-04-28-18:00,30
2011-04-28-21:00,27
2011-04-29-00:00,27
2011-04-29-03:00,32
2011-04-29-06:00,39
2011-04-29-09:00,40
2011-04-29-12:00,39
2011-04-29-15:00,32
2011-04-29-21:00,29
2011-04-30-00:00,29
2011-04-30-06:00,38
2011-04-30-09:00,40
2011-04-30-12:00,40
2011-04-30-15:00,32
2011-04-30-18:00,29
2011-04-30-21:00,28
2011-05-01-00:00,28
2011-05-01-03:00,31
2011-05-01-06:00,39
2011-05-01-09:00,40
2011-05-01-12:00,40
2011-05-01-15:00,36
2011-05-01-18:00,32
2011-05-01-21:00,28
2011-05-02-00:00,26
2011-05-02-03:00,31
2011-05-02-06:00,38
2011-05-02-09:00,40
2011-05-02-12:00,39
2011-05-02-15:00,34
2011-05-02-18:00,31
2011-05-02-21:00,28
2011-05-03-00:00,27
2011-05-03-03:00,31
2011-05-03-09:00,41
2011-05-03-12:00,41
2011-05-03-15:00,34
2011-05-03-21:00,31
2011-05-04-00:00,29
2011-05-04-03:00,31
2011-05-04-06:00,32
2011-05-04-09:00,38
2011-05-04-12:00,39
2011-05-04-15:00,35
2011-05-04-18:00,32
2011-05-04-21:00,31
2011-05-05-00:00,30
2011-05-05-06:00,30
2011-05-05-09:00,36
2011-05-05-12:00,38
2011-05-05-15:00,34
2011-05-05-18:00,29
2011-05-05-21:00,26
2011-05-06-00:00,25
2011-05-06-03:00,29
2011-05-06-06:00,36
2011-05-06-09:00,38
2011-05-06-12:00,35
2011-05-06-15:00,27
2011-05-06-18:00,27
2011-05-06-21:00,27
2011-05-07-00:00,24
2011-05-07-03:00,28
2011-05-07-06:00,34
2011-05-07-09:00,35
2011-05-07-12:00,36
2011-05-07-15:00,32
2011-05-07-18:00,30
2011-05-07-21:00,28
2011-05-08-00:00,25
2011-05-08-03:00,30
2011-05-08-06:00,36
2011-05-08-09:00,38
2011-05-08-12:00,38
2011-05-08-15:00,32
2011-05-08-18:00,28
2011-05-08-21:00,27
2011-05-09-00:00,28
2011-05-09-03:00,32
2011-05-09-06:00,38
2011-05-09-09:00,41
2011-05-09-12:00,41
2011-05-09-15:00,33
2011-05-09-18:00,29
2011-05-09-21:00,28
2011-05-10-00:00,31
2011-05-10-03:00,33
2011-05-10-06:00,38
2011-05-10-09:00,42
2011-05-10-12:00,41
2011-05-10-15:00,34
2011-05-10-18:00,31
2011-05-10-21:00,30
2011-05-11-00:00,28
2011-05-11-03:00,34
2011-05-11-06:00,38
2011-05-11-09:00,41
2011-05-11-12:00,42
2011-05-11-15:00,35
2011-05-11-18:00,31
2011-05-11-21:00,34
2011-05-12-00:00,31
2011-05-12-03:00,34
2011-05-12-06:00,40
2011-05-12-09:00,42
2011-05-12-12:00,43
2011-05-12-15:00,36
2011-05-12-18:00,33
2011-05-12-21:00,31
2011-05-13-00:00,30
2011-05-13-03:00,30
2011-05-13-06:00,37
2011-05-13-09:00,40
2011-05-13-12:00,38
2011-05-13-15:00,34
2011-05-13-18:00,32
2011-05-13-21:00,29
2011-05-14-00:00,29
2011-05-14-03:00,32
2011-05-14-06:00,38
2011-05-14-09:00,40
2011-05-14-21:00,29
2011-05-15-00:00,29
2011-05-15-12:00,42
2011-05-15-15:00,35
2011-05-15-18:00,30
2011-05-15-21:00,29
2011-05-16-00:00,28
2011-05-16-03:00,32
2011-05-16-06:00,37
2011-05-16-09:00,40
2011-05-16-12:00,40
2011-05-16-15:00,34
2011-05-16-18:00,31
2011-05-16-21:00,30
2011-05-17-00:00,29
2011-05-17-03:00,33
2011-05-17-06:00,39
2011-05-17-09:00,43
2011-05-17-12:00,43
2011-05-17-15:00,35
2011-05-17-18:00,32
2011-05-17-21:00,32
2011-05-18-00:00,32
2011-05-18-03:00,33
2011-05-18-06:00,38
2011-05-18-09:00,42
2011-05-18-12:00,42
2011-05-19-00:00,30
2011-05-19-03:00,33
2011-05-19-06:00,39
2011-05-19-12:00,41
2011-05-19-15:00,36
2011-05-19-18:00,31
2011-05-20-00:00,28
2011-05-20-03:00,30
2011-05-20-06:00,35
2011-05-20-09:00,39
2011-05-20-12:00,40
2011-05-20-15:00,35
2011-05-20-18:00,32
2011-05-20-21:00,27
2011-05-21-00:00,27
2011-05-21-03:00,31
2011-05-21-06:00,23
2011-05-21-09:00,30
2011-05-21-12:00,30
2011-05-21-15:00,29
2011-05-21-18:00,24
2011-05-21-21:00,21
2011-05-22-00:00,21
2011-05-22-03:00,25
2011-05-22-06:00,31
2011-05-22-09:00,29
2011-05-22-12:00,25
2011-05-22-15:00,24
2011-05-22-18:00,23
2011-05-22-21:00,22
2011-05-23-00:00,22
2011-05-23-03:00,28
2011-05-23-06:00,33
2011-05-23-09:00,36
2011-05-23-12:00,36
2011-05-23-15:00,31
2011-05-23-21:00,28
2011-05-24-00:00,27
2011-05-24-03:00,32
2011-05-24-06:00,37
2011-05-24-09:00,40
2011-05-24-12:00,40
2011-05-24-15:00,34
2011-05-24-18:00,32
2011-05-24-21:00,31
2011-05-25-00:00,30
2011-05-25-03:00,34
2011-05-25-06:00,39
2011-05-25-09:00,41
2011-05-25-12:00,42
2011-05-25-18:00,31
2011-05-25-21:00,30
2011-05-26-00:00,28
2011-05-26-03:00,31
2011-05-26-06:00,38
2011-05-26-09:00,38
2011-05-26-12:00,29
2011-05-26-15:00,30
2011-05-26-18:00,30
2011-05-26-21:00,28
2011-05-27-00:00,26
2011-05-27-03:00,28
2011-05-27-06:00,32
2011-05-27-09:00,35
2011-05-27-12:00,36
2011-05-27-15:00,32
2011-05-27-18:00,30
2011-05-27-21:00,28
2011-05-28-00:00,27
2011-05-28-03:00,32
2011-05-28-06:00,36
2011-05-28-09:00,38
2011-05-28-12:00,38
2011-05-28-15:00,33
2011-05-28-18:00,30
2011-05-28-21:00,31
2011-05-29-00:00,29
2011-05-29-03:00,33
2011-05-29-06:00,38
2011-05-29-09:00,40
2011-05-29-12:00,40
2011-05-29-15:00,35
2011-05-29-18:00,27
2011-05-29-21:00,27
2011-05-30-00:00,27
2011-05-30-03:00,29
2011-05-30-06:00,36
2011-05-30-09:00,40
2011-05-30-12:00,39
2011-05-30-15:00,34
2011-05-30-18:00,32
2011-05-30-21:00,30
2011-05-31-00:00,28
2011-05-31-03:00,30
2011-05-31-06:00,35
2011-05-31-09:00,40
2011-05-31-12:00,40
2011-05-31-15:00,34
2011-05-31-18:00,31
2011-05-31-21:00,30
2011-06-01-00:00,29
2011-06-01-03:00,27
2011-06-01-06:00,32
2011-06-01-09:00,36
2011-06-01-12:00,34
2011-06-01-15:00,32
2011-06-01-18:00,30
2011-06-01-21:00,24
2011-06-02-00:00,25
2011-06-02-03:00,26
2011-06-02-06:00,31
2011-06-02-09:00,36
2011-06-02-12:00,36
2011-06-02-21:00,27
2011-06-03-00:00,25
2011-06-03-06:00,36
2011-06-03-09:00,39
2011-06-03-12:00,38
2011-06-03-15:00,33
2011-06-03-18:00,29
2011-06-03-21:00,27
2011-06-04-00:00,26
2011-06-04-03:00,33
2011-06-04-06:00,38
2011-06-04-09:00,40
2011-06-04-12:00,39
2011-06-04-15:00,34
2011-06-04-18:00,30
2011-06-04-21:00,27
2011-06-05-00:00,27
2011-06-05-03:00,32
2011-06-05-09:00,42
2011-06-05-12:00,41
2011-06-05-15:00,35
2011-06-05-18:00,33
2011-06-05-21:00,31
2011-06-06-00:00,31
2011-06-06-03:00,34
2011-06-06-06:00,41
2011-06-06-09:00,43
2011-06-06-12:00,42
2011-06-06-15:00,36
2011-06-06-18:00,35
2011-06-06-21:00,32
2011-06-07-00:00,30
2011-06-07-03:00,33
2011-06-07-06:00,40
2011-06-07-09:00,43
2011-06-07-18:00,32
2011-06-07-21:00,31
2011-06-08-00:00,29
2011-06-08-06:00,35
2011-06-08-09:00,38
2011-06-08-12:00,38
2011-06-08-15:00,33
2011-06-08-18:00,31
2011-06-09-18:30,31
2011-06-09-19:00,30
2011-06-09-19:30,30
2011-06-09-20:00,30
2011-06-09-20:30,29
2011-06-09-21:00,29
2011-06-09-21:30,28
2011-06-09-22:00,27
2011-06-10-01:30,22
2011-06-10-02:30,24
2011-06-10-03:00,24
2011-06-10-03:30,24
2011-06-10-04:00,25
2011-06-10-04:30,27
2011-06-10-05:00,28
2011-06-10-05:30,29
2011-06-10-06:00,30
2011-06-10-06:30,31
2011-06-10-07:00,32
2011-06-10-07:30,32
2011-06-10-08:30,33
2011-06-10-09:00,33
2011-06-10-09:30,33
2011-06-10-10:00,33
2011-06-10-10:30,33
2011-06-10-11:00,32
2011-06-10-11:30,32
2011-06-10-12:00,31
2011-06-10-12:30,31
2011-06-10-13:00,31
2011-06-10-13:30,30
2011-06-10-14:00,30
2011-06-10-14:30,29
2011-06-10-15:00,29
2011-06-10-15:30,28
2011-06-10-16:00,28
2011-06-10-16:30,28
2011-06-10-17:00,28
2011-06-10-17:30,28
2011-06-10-18:00,28
2011-06-10-18:30,28
2011-06-10-19:00,28
2011-06-10-19:30,28
2011-06-10-20:00,28
2011-06-10-20:30,28
2011-06-10-21:00,28
2011-06-10-21:30,28
2011-06-10-22:00,28
2011-06-10-22:30,28
2011-06-10-23:00,28
2011-06-11-00:00,27
2011-06-11-00:30,27
2011-06-11-01:30,28
2011-06-11-02:00,29
2011-06-11-02:30,30
2011-06-11-03:00,31
2011-06-11-03:30,32
2011-06-11-04:00,32
2011-06-11-04:30,33
2011-06-11-05:00,34
2011-06-11-05:30,35
2011-06-11-06:00,37
2011-06-11-06:30,38
2011-06-11-07:00,38
2011-06-11-07:30,39
2011-06-11-08:00,39
2011-06-11-08:30,40
2011-06-11-09:00,41
2011-06-11-09:30,41
2011-06-11-10:00,41
2011-06-11-10:30,40
2011-06-11-11:00,40
2011-06-11-11:30,39
2011-06-11-12:00,38
2011-06-11-12:30,37
2011-06-11-13:00,36
2011-06-11-13:30,35
2011-06-11-14:00,34
2011-06-11-14:30,34
2011-06-11-15:00,34
2011-06-11-15:30,33
2011-06-11-16:00,33
2011-06-11-16:30,33
2011-06-11-17:00,33
2011-06-11-17:30,33
2011-06-11-18:00,33
2011-06-11-18:30,32
2011-06-11-19:00,32
2011-06-11-19:30,32
2011-06-11-20:00,31
2011-06-11-20:30,31
2011-06-11-21:00,31
2011-06-11-21:30,31
2011-06-11-22:00,31
2011-06-11-22:30,31
2011-06-11-23:00,30
2011-06-11-23:30,30
2011-06-12-00:00,30
2011-06-12-01:00,30
2011-06-12-01:30,30
2011-06-12-02:00,31
2011-06-12-02:30,32
2011-06-12-03:00,33
2011-06-12-04:00,34
2011-06-12-04:30,34
2011-06-12-05:00,35
2011-06-12-05:30,35
2011-06-12-06:00,34
2011-06-12-06:30,33
2011-06-12-07:00,34
2011-06-12-07:30,34
2011-06-12-08:00,34
2011-06-12-08:30,35
2011-06-12-09:00,35
2011-06-12-09:30,35
2011-06-12-10:00,36
2011-06-12-10:30,36
2011-06-12-11:00,36
2011-06-12-11:30,36
2011-06-12-12:00,35
2011-06-12-12:30,35
2011-06-12-13:30,30
2011-06-12-14:30,30
2011-06-12-15:00,31
2011-06-12-15:30,31
2011-06-12-16:00,31
2011-06-12-16:30,31
2011-06-12-17:00,30
2011-06-12-17:30,30
2011-06-12-18:00,30
2011-06-13-09:00,39
2011-06-13-12:00,38
2011-06-13-15:00,35
2011-06-13-18:00,33
2011-06-13-21:00,31
2011-06-14-00:00,31
2011-06-14-03:00,34
2011-06-14-06:00,39
2011-06-14-09:00,41
2011-06-14-12:00,40
2011-06-14-15:00,37
2011-06-14-21:00,26
2011-06-15-00:00,27
2011-06-15-03:00,29
2011-06-15-06:00,33
2011-06-15-09:00,33
2011-06-15-12:00,34
2011-06-15-15:00,31
2011-06-15-18:00,30
2011-06-15-21:00,28
2011-06-16-00:00,28
2011-06-16-03:00,29
2011-06-16-06:00,33
2011-06-16-09:00,36
2011-06-16-12:00,36
2011-06-16-15:00,32
2011-06-16-21:00,30
2011-06-17-00:00,29
2011-06-17-03:00,30
2011-06-17-06:00,35
2011-06-17-09:00,36
2011-06-17-12:00,26
2011-06-17-15:00,28
2011-06-17-18:00,28
2011-06-17-21:00,27
2011-06-18-00:00,27
2011-06-18-03:00,30
2011-06-18-06:00,35
2011-06-18-09:00,37
2011-06-18-12:00,36
2011-06-18-15:00,27
2011-06-18-18:00,27
2011-06-18-21:00,26
2011-06-19-00:00,25
2011-06-19-03:00,27
2011-06-19-06:00,34
2011-06-19-09:00,37
2011-06-19-12:00,35
2011-06-19-15:00,32
2011-06-19-18:00,30
2011-06-19-21:00,29
2011-06-20-00:00,28
2011-06-20-03:00,29
2011-06-20-06:00,34
2011-06-20-09:00,35
2011-06-20-12:00,36
2011-06-20-15:00,33
2011-06-20-18:00,32
2011-06-20-21:00,31
2011-06-21-00:00,30
2011-06-21-03:00,33
2011-06-21-09:00,36
2011-06-21-12:00,38
2011-06-21-18:00,33
2011-06-21-21:00,32
2011-06-22-03:00,32
2011-06-22-06:00,37
2011-06-22-09:00,38
2011-06-22-12:00,37
2011-06-22-15:00,34
2011-06-22-18:00,33
2011-06-22-21:00,31
2011-06-23-00:00,30
2011-06-23-03:00,34
2011-06-23-06:00,37
2011-06-23-09:00,38
2011-06-23-15:00,34
2011-06-23-18:00,33
2011-06-23-21:00,31
2011-06-24-00:00,30
2011-06-24-03:00,32
2011-06-24-06:00,36
2011-06-24-09:00,38
2011-06-24-12:00,37
2011-06-24-15:00,35
2011-06-25-00:00,30
2011-06-25-03:00,31
2011-06-25-06:00,33
2011-06-25-09:00,36
2011-06-25-12:00,36
2011-06-25-18:00,31
2011-06-25-21:00,30
2011-06-26-00:00,28
2011-06-26-03:00,27
2011-06-26-06:00,26
2011-06-26-09:00,29
2011-06-26-12:00,30
2011-06-26-15:00,29
2011-06-26-18:00,28
2011-06-27-00:00,28
2011-06-27-03:00,29
2011-06-27-06:00,31
2011-06-27-09:00,33
2011-06-27-12:00,30
2011-06-27-15:00,30
2011-06-27-18:00,29
2011-06-27-21:00,29
2011-06-28-00:00,28
2011-06-28-03:00,28
2011-06-28-06:00,32
2011-06-28-09:00,33
2011-06-28-12:00,33
2011-06-28-15:00,30
2011-06-28-18:00,29
2011-06-28-21:00,29
2011-06-29-00:00,28
2011-06-29-03:00,29
2011-06-29-09:00,30
2011-06-29-12:00,30
2011-06-29-15:00,29
2011-06-29-18:00,28
2011-06-29-21:00,28
2011-06-30-00:00,27
2011-06-30-03:00,29
2011-06-30-06:00,29
2011-06-30-09:00,34
2011-06-30-12:00,33
2011-06-30-18:00,28
2011-06-30-21:00,28
2011-07-01-00:00,27
2011-07-01-03:00,31
2011-07-01-06:00,34
2011-07-01-09:00,34
2011-07-01-12:00,33
2011-07-01-15:00,31
2011-07-01-18:00,30
2011-07-01-21:00,29
2011-07-02-00:00,28
2011-07-02-03:00,31
2011-07-02-06:00,35
2011-07-02-09:00,29
2011-07-02-12:00,34
2011-07-02-15:00,31
2011-07-02-18:00,30
2011-07-02-21:00,29
2011-07-03-00:00,29
2011-07-03-03:00,32
2011-07-03-06:00,36
2011-07-03-09:00,38
2011-07-03-12:00,38
2011-07-03-15:00,32
2011-07-03-18:00,29
2011-07-03-21:00,29
2011-07-04-00:00,28
2011-07-04-03:00,31
2011-07-04-06:00,35
2011-07-04-09:00,37
2011-07-04-12:00,37
2011-07-04-15:00,34
2011-07-04-18:00,33
2011-07-04-21:00,32
2011-07-05-00:00,31
2011-07-05-03:00,34
2011-07-05-06:00,37
2011-07-05-09:00,28
2011-07-05-15:00,30
2011-07-05-18:00,29
2011-07-05-21:00,29
2011-07-06-00:00,28
2011-07-06-03:00,30
2011-07-06-06:00,30
2011-07-06-09:00,33
2011-07-06-12:00,33
2011-07-06-15:00,30
2011-07-06-18:00,29
2011-07-06-21:00,28
2011-07-07-00:00,28
2011-07-07-03:00,30
2011-07-07-06:00,33
2011-07-07-09:00,36
2011-07-07-12:00,33
2011-07-07-15:00,30
2011-07-07-18:00,29
2011-07-07-21:00,28
2011-07-08-00:00,28
2011-07-08-03:00,29
2011-07-08-06:00,30
2011-07-08-15:00,27
2011-07-08-18:00,27
2011-07-08-21:00,27
2011-07-09-00:00,27
2011-07-09-03:00,28
2011-07-09-06:00,30
2011-07-09-09:00,29
2011-07-09-12:00,32
2011-07-09-15:00,29
2011-07-09-18:00,28
2011-07-09-21:00,27
2011-07-10-00:00,27
2011-07-10-03:00,29
2011-07-10-12:00,31
2011-07-10-15:00,29
2011-07-10-18:00,28
2011-07-11-00:00,27
2011-07-11-03:00,30
2011-07-11-06:00,34
2011-07-11-09:00,36
2011-07-11-12:00,33
2011-07-11-15:00,31
2011-07-11-18:00,31
2011-07-11-21:00,29
2011-07-12-00:00,29
2011-07-12-03:00,31
2011-07-12-06:00,33
2011-07-12-09:00,34
2011-07-12-12:00,34
2011-07-12-15:00,32
2011-07-12-18:00,31
2011-07-12-21:00,30
2011-07-13-03:00,31
2011-07-13-06:00,35
2011-07-13-09:00,36
2011-07-13-12:00,35
2011-07-13-15:00,32
2011-07-13-18:00,31
2011-07-13-21:00,31
2011-07-14-00:00,29
2011-07-14-03:00,29
2011-07-14-06:00,34
2011-07-14-09:00,32
2011-07-14-15:00,29
2011-07-14-18:00,28
2011-07-14-21:00,27
2011-07-15-00:00,27
2011-07-15-03:00,29
2011-07-15-06:00,32
2011-07-15-09:00,31
2011-07-15-12:00,30
2011-07-15-15:00,28
2011-07-15-18:00,27
2011-07-15-21:00,27
2011-07-16-00:00,26
2011-07-16-03:00,28
2011-07-16-06:00,33
2011-07-16-09:00,34
2011-07-16-12:00,34
2011-07-16-15:00,28
2011-07-16-18:00,28
2011-07-16-21:00,27
2011-07-17-00:00,27
2011-07-17-03:00,29
2011-07-17-06:00,31
2011-07-17-09:00,33
2011-07-17-15:00,29
2011-07-17-18:00,28
2011-07-17-21:00,27
2011-07-18-03:00,29
2011-07-18-06:00,29
2011-07-18-09:00,32
2011-07-18-12:00,33
2011-07-18-15:00,30
2011-07-18-18:00,29
2011-07-18-21:00,29
2011-07-19-00:00,28
2011-07-19-03:00,29
2011-07-19-06:00,34
2011-07-19-09:00,35
2011-07-19-15:00,32
2011-07-19-21:00,30
2011-07-20-03:00,31
2011-07-20-06:00,35
2011-07-20-09:00,37
2011-07-20-12:00,35
2011-07-20-15:00,30
2011-07-20-18:00,29
2011-07-21-00:00,27
2011-07-21-03:00,29
2011-07-21-06:00,32
2011-07-21-09:00,34
2011-07-21-12:00,34
2011-07-21-15:00,32
2011-07-21-18:00,31
2011-07-21-21:00,30
2011-07-22-00:00,28
2011-07-22-03:00,29
2011-07-22-06:00,32
2011-07-22-09:00,34
2011-07-22-12:00,34
2011-07-22-15:00,32
2011-07-22-18:00,31
2011-07-22-21:00,30
2011-07-23-00:00,29
2011-07-23-03:00,28
2011-07-23-06:00,32
2011-07-23-09:00,33
2011-07-23-12:00,33
2011-07-23-15:00,31
2011-07-23-18:00,27
2011-07-23-21:00,27
2011-07-24-00:00,27
2011-07-24-06:00,32
2011-07-24-09:00,34
2011-07-24-12:00,34
2011-07-24-15:00,31
2011-07-24-18:00,30
2011-07-25-00:00,28
2011-07-25-03:00,29
2011-07-25-09:00,33
2011-07-25-12:00,33
2011-07-25-15:00,30
2011-07-25-18:00,30
2011-07-25-21:00,29
2011-07-26-00:00,29
2011-07-26-03:00,31
2011-07-26-06:00,35
2011-07-26-09:00,26
2011-07-26-15:00,29
2011-07-26-18:00,28
2011-07-26-21:00,28
2011-07-27-00:00,28
2011-07-27-03:00,30
2011-07-27-06:00,34
2011-07-27-09:00,29
2011-07-27-12:00,29
2011-07-27-15:00,28
2011-07-27-18:00,28
2011-07-27-21:00,27
2011-07-28-00:00,27
2011-07-28-03:00,28
2011-07-28-06:00,30
2011-07-28-09:00,33
2011-07-28-12:00,33
2011-07-28-15:00,28
2011-07-28-18:00,28
2011-07-28-21:00,28
2011-07-29-00:00,27
2011-07-29-03:00,28
2011-07-29-06:00,31
2011-07-29-09:00,34
2011-07-29-12:00,33
2011-07-29-15:00,30
2011-07-29-18:00,29
2011-07-29-21:00,28
2011-07-30-00:00,28
2011-07-30-03:00,29
2011-07-30-06:00,31
2011-07-30-09:00,34
2011-07-30-12:00,34
2011-07-30-15:00,32
2011-07-30-18:00,30
2011-07-30-21:00,29
2011-07-31-00:00,29
2011-07-31-09:00,36
2011-07-31-12:00,36
2011-07-31-15:00,33
2011-07-31-18:00,32
2011-07-31-21:00,31
2011-08-01-00:00,29
2011-08-01-03:00,31
2011-08-01-06:00,34
2011-08-01-09:00,36
2011-08-01-12:00,35
2011-08-01-15:00,33
2011-08-01-18:00,31
2011-08-01-21:00,30
2011-08-02-00:00,29
2011-08-02-03:00,31
2011-08-02-06:00,36
2011-08-02-09:00,37
2011-08-02-12:00,37
2011-08-02-15:00,34
2011-08-02-18:00,32
2011-08-02-21:00,31
2011-08-03-00:00,30
2011-08-03-03:00,29
2011-08-03-06:00,30
2011-08-03-09:00,33
2011-08-03-12:00,34
2011-08-03-15:00,32
2011-08-03-18:00,30
2011-08-03-21:00,29
2011-08-04-00:00,29
2011-08-04-06:00,27
2011-08-04-09:00,30
2011-08-04-12:00,32
2011-08-04-15:00,30
2011-08-04-18:00,30
2011-08-04-21:00,29
2011-08-05-00:00,28
2011-08-05-03:00,30
2011-08-05-06:00,29
2011-08-05-09:00,34
2011-08-05-12:00,32
2011-08-05-15:00,31
2011-08-05-21:00,28
2011-08-06-00:00,27
2011-08-06-03:00,28
2011-08-06-06:00,30
2011-08-06-09:00,32
2011-08-06-12:00,32
2011-08-06-15:00,30
2011-08-06-18:00,29
2011-08-07-00:00,28
2011-08-07-03:00,30
2011-08-07-06:00,33
2011-08-07-09:00,34
2011-08-07-12:00,34
2011-08-07-15:00,30
2011-08-07-18:00,30
2011-08-07-21:00,35
2011-08-08-00:00,28
2011-08-08-03:00,30
2011-08-08-06:00,33
2011-08-08-09:00,34
2011-08-08-15:00,31
2011-08-08-18:00,30
2011-08-08-21:00,29
2011-08-09-03:00,30
2011-08-09-06:00,33
2011-08-09-09:00,35
2011-08-09-12:00,33
2011-08-09-15:00,30
2011-08-09-18:00,29
2011-08-09-21:00,28
2011-08-10-03:00,27
2011-08-10-06:00,28
2011-08-10-09:00,32
2011-08-10-12:00,31
2011-08-10-15:00,28
2011-08-10-18:00,27
2011-08-11-00:00,27
2011-08-11-03:00,28
2011-08-11-06:00,31
2011-08-11-09:00,29
2011-08-11-12:00,31
2011-08-11-15:00,29
2011-08-11-18:00,28
2011-08-11-21:00,27
2011-08-12-00:00,26
2011-08-12-03:00,26
2011-08-12-06:00,28
2011-08-12-09:00,29
2011-08-12-12:00,30
2011-08-12-15:00,28
2011-08-12-21:00,26
2011-08-13-00:00,26
2011-08-13-03:00,29
2011-08-13-06:00,33
2011-08-13-09:00,34
2011-08-13-18:00,28
2011-08-13-21:00,27
2011-08-14-00:00,26
2011-08-14-03:00,29
2011-08-14-06:00,31
2011-08-14-09:00,29
2011-08-14-12:00,29
2011-08-14-18:00,27
2011-08-14-21:00,26
2011-08-15-00:00,26
2011-08-15-03:00,26
2011-08-15-06:00,26
2011-08-15-09:00,27
2011-08-15-12:00,28
2011-08-15-15:00,27
2011-08-15-18:00,27
2011-08-15-21:00,27
2011-08-16-00:00,26
2011-08-16-03:00,28
2011-08-16-06:00,25
2011-08-16-09:00,27
2011-08-16-12:00,27
2011-08-16-15:00,27
2011-08-16-21:00,26
2011-08-17-03:00,27
2011-08-17-06:00,30
2011-08-17-09:00,33
2011-08-17-12:00,33
2011-08-17-15:00,30
2011-08-17-18:00,28
2011-08-17-21:00,27
2011-08-18-00:00,26
2011-08-18-03:00,28
2011-08-18-06:00,32
2011-08-18-09:00,35
2011-08-18-12:00,33
2011-08-18-15:00,30
2011-08-18-18:00,30
2011-08-18-21:00,29
2011-08-19-00:00,27
2011-08-19-03:00,28
2011-08-19-06:00,30
2011-08-19-09:00,30
2011-08-19-12:00,29
2011-08-19-15:00,28
2011-08-19-18:00,28
2011-08-19-21:00,27
2011-08-20-00:00,26
2011-08-20-03:00,27
2011-08-20-06:00,31
2011-08-20-09:00,34
2011-08-20-12:00,33
2011-08-20-15:00,30
2011-08-20-18:00,28
2011-08-20-21:00,27
2011-08-21-00:00,27
2011-08-21-03:00,29
2011-08-21-06:00,33
2011-08-21-09:00,35
2011-08-21-12:00,35
2011-08-21-15:00,31
2011-08-21-18:00,30
2011-08-21-21:00,29
2011-08-22-00:00,28
2011-08-22-03:00,30
2011-08-22-06:00,34
2011-08-22-09:00,35
2011-08-22-15:00,33
2011-08-22-18:00,31
2011-08-22-21:00,30
2011-08-23-00:00,29
2011-08-23-03:00,31
2011-08-23-06:00,34
2011-08-23-09:00,28
2011-08-23-12:00,26
2011-08-23-15:00,26
2011-08-23-18:00,26
2011-08-23-21:00,25
2011-08-24-00:00,25
2011-08-24-03:00,26
2011-08-24-09:00,32
2011-08-24-12:00,28
2011-08-24-15:00,27
2011-08-24-18:00,27
2011-08-24-21:00,26
2011-08-25-00:00,26
2011-08-25-03:00,28
2011-08-25-06:00,31
2011-08-25-09:00,33
2011-08-25-12:00,34
2011-08-25-15:00,31
2011-08-25-18:00,30
2011-08-25-21:00,27
2011-08-26-00:00,26
2011-08-26-03:00,28
2011-08-26-06:00,31
2011-08-26-09:00,31
2011-08-26-12:00,31
2011-08-26-18:00,28
2011-08-26-21:00,27
2011-08-27-00:00,27
2011-08-27-03:00,29
2011-08-27-06:00,30
2011-08-27-09:00,32
2011-08-27-12:00,32
2011-08-27-15:00,30
2011-08-27-18:00,28
2011-08-27-21:00,27
2011-08-28-00:00,27
2011-08-28-03:00,29
2011-08-28-06:00,33
2011-08-28-09:00,35
2011-08-28-12:00,35
2011-08-28-15:00,31
2011-08-28-18:00,30
2011-08-28-21:00,29
2011-08-29-03:00,30
2011-08-29-06:00,35
2011-08-29-12:00,35
2011-08-29-15:00,32
2011-08-29-21:00,29
2011-08-30-00:00,29
2011-08-30-03:00,30
2011-08-30-06:00,34
2011-08-30-09:00,35
2011-08-30-12:00,35
2011-08-30-15:00,29
2011-08-30-18:00,29
2011-08-30-21:00,28
2011-08-31-00:00,28
2011-08-31-03:00,30
2011-08-31-06:00,34
2011-08-31-09:00,35
2011-08-31-12:00,35
2011-08-31-15:00,32
2011-08-31-18:00,31
2011-08-31-21:00,29
2011-09-01-00:00,29
2011-09-01-03:00,30
2011-09-01-06:00,34
2011-09-01-09:00,36
2011-09-01-12:00,35
2011-09-01-15:00,32
2011-09-01-21:00,30
2011-09-02-00:00,30
2011-09-02-03:00,31
2011-09-02-06:00,35
2011-09-02-09:00,36
2011-09-02-12:00,36
2011-09-02-15:00,32
2011-09-02-18:00,31
2011-09-02-21:00,25
2011-09-03-00:00,25
2011-09-03-09:00,33
2011-09-03-12:00,32
2011-09-03-18:00,30
2011-09-03-21:00,28
2011-09-04-00:00,26
2011-09-04-03:00,27
2011-09-04-06:00,29
2011-09-04-09:00,30
2011-09-04-12:00,30
2011-09-04-15:00,29
2011-09-04-21:00,26
2011-09-05-00:00,25
2011-09-05-06:00,29
2011-09-05-09:00,32
2011-09-05-12:00,27
2011-09-05-15:00,27
2011-09-05-18:00,27
2011-09-05-21:00,27
2011-09-06-00:00,25
2011-09-06-03:00,26
2011-09-06-06:00,28
2011-09-06-09:00,29
2011-09-06-12:00,31
2011-09-06-15:00,29
2011-09-06-18:00,28
2011-09-06-21:00,28
2011-09-07-00:00,27
2011-09-07-03:00,29
2011-09-07-06:00,32
2011-09-07-09:00,29
2011-09-07-12:00,29
2011-09-07-15:00,28
2011-09-07-18:00,28
2011-09-07-21:00,27
2011-09-08-03:00,28
2011-09-08-06:00,31
2011-09-08-09:00,34
2011-09-08-12:00,29
2011-09-08-18:00,28
2011-09-08-21:00,27
2011-09-09-03:00,27
2011-09-09-06:00,26
2011-09-09-09:00,28
2011-09-09-12:00,29
2011-09-09-15:00,27
2011-09-09-18:00,27
2011-09-09-21:00,27
2011-09-10-00:00,26
2011-09-10-06:00,33
2011-09-10-09:00,33
2011-09-10-12:00,33
2011-09-10-15:00,30
2011-09-10-18:00,29
2011-09-10-21:00,28
2011-09-11-00:00,28
2011-09-11-03:00,28
2011-09-11-06:00,33
2011-09-11-09:00,34
2011-09-11-12:00,33
2011-09-11-18:00,29
2011-09-11-21:00,28
2011-09-12-00:00,27
2011-09-12-03:00,28
2011-09-12-09:00,34
2011-09-12-12:00,33
2011-09-12-18:00,29
2011-09-12-21:00,28
2011-09-13-00:00,28
2011-09-13-03:00,29
2011-09-13-06:00,33
2011-09-13-09:00,35
2011-09-13-12:00,34
2011-09-13-15:00,31
2011-09-13-21:00,29
2011-09-14-00:00,28
2011-09-14-03:00,28
2011-09-14-06:00,34
2011-09-14-09:00,34
2011-09-14-12:00,35
2011-09-14-15:00,32
2011-09-14-18:00,30
2011-09-14-21:00,29
2011-09-15-00:00,28
2011-09-15-03:00,26
2011-09-15-09:00,33
2011-09-15-12:00,26
2011-09-15-15:00,26
2011-09-15-18:00,27
2011-09-15-21:00,26
2011-09-16-00:00,26
2011-09-16-03:00,27
2011-09-16-06:00,28
2011-09-16-09:00,32
2011-09-16-12:00,31
2011-09-16-15:00,29
2011-09-16-18:00,28
2011-09-16-21:00,27
2011-09-17-00:00,25
2011-09-17-03:00,26
2011-09-17-06:00,31
2011-09-17-09:00,33
2011-09-17-12:00,32
2011-09-17-15:00,29
2011-09-17-18:00,28
2011-09-17-21:00,27
2011-09-18-00:00,26
2011-09-18-03:00,27
2011-09-18-06:00,30
2011-09-18-09:00,33
2011-09-18-15:00,29
2011-09-18-18:00,28
2011-09-18-21:00,27
2011-09-19-00:00,26
2011-09-19-03:00,27
2011-09-19-06:00,31
2011-09-19-12:00,32
2011-09-19-15:00,29
2011-09-19-18:00,28
2011-09-19-21:00,27
2011-09-20-00:00,26
2011-09-20-03:00,27
2011-09-20-06:00,32
2011-09-20-09:00,33
2011-09-20-12:00,32
2011-09-20-15:00,29
2011-09-20-18:00,27
2011-09-20-21:00,26
2011-09-21-00:00,25
2011-09-21-03:00,27
2011-09-21-06:00,32
2011-09-21-09:00,33
2011-09-21-12:00,31
2011-09-21-15:00,29
2011-09-21-18:00,27
2011-09-21-21:00,26
2011-09-22-00:00,26
2011-09-22-03:00,27
2011-09-22-06:00,32
2011-09-22-09:00,33
2011-09-22-12:00,32
2011-09-22-18:00,28
2011-09-22-21:00,27
2011-09-23-03:00,27
2011-09-23-06:00,32
2011-09-23-09:00,33
2011-09-23-15:00,28
2011-09-23-18:00,27
2011-09-23-21:00,26
2011-09-24-00:00,24
2011-09-24-03:00,26
2011-09-24-06:00,32
2011-09-24-12:00,32
2011-09-24-15:00,29
2011-09-24-18:00,26
2011-09-24-21:00,25
2011-09-25-00:00,25
2011-09-25-03:00,27
2011-09-25-06:00,32
2011-09-25-09:00,34
2011-09-25-15:00,29
2011-09-25-18:00,28
2011-09-25-21:00,26
2011-09-26-00:00,25
2011-09-26-03:00,27
2011-09-26-06:00,32
2011-09-26-09:00,34
2011-09-26-12:00,33
2011-09-26-15:00,29
2011-09-26-18:00,28
2011-09-26-21:00,27
2011-09-27-00:00,25
2011-09-27-03:00,26
2011-09-27-06:00,31
2011-09-27-09:00,33
2011-09-27-15:00,29
2011-09-27-18:00,27
2011-09-27-21:00,26
2011-09-28-00:00,25
2011-09-28-06:00,32
2011-09-28-09:00,33
2011-09-28-15:00,29
2011-09-28-18:00,26
2011-09-28-21:00,25
2011-09-29-00:00,25
2011-09-29-03:00,26
2011-09-29-06:00,32
2011-09-29-09:00,34
2011-09-29-15:00,28
2011-09-29-18:00,26
2011-09-29-21:00,24
2011-09-30-00:00,24
2011-09-30-03:00,26
2011-09-30-09:00,34
2011-09-30-12:00,33
2011-09-30-15:00,28
2011-09-30-18:00,26
2011-09-30-21:00,25
2011-10-01-00:00,24
2011-10-01-03:00,25
2011-10-01-06:00,32
2011-10-01-09:00,34
2011-10-01-12:00,32
2011-10-01-15:00,28
2011-10-01-18:00,26
2011-10-01-21:00,25
2011-10-02-00:00,24
2011-10-02-03:00,26
2011-10-02-06:00,31
2011-10-02-09:00,34
2011-10-02-12:00,32
2011-10-02-15:00,27
2011-10-02-18:00,26
2011-10-02-21:00,25
2011-10-03-00:00,25
2011-10-03-06:00,32
2011-10-03-09:00,34
2011-10-03-12:00,33
2011-10-03-15:00,28
2011-10-03-18:00,26
2011-10-03-21:00,25
2011-10-04-00:00,24
2011-10-04-03:00,26
2011-10-04-06:00,31
2011-10-04-09:00,34
2011-10-04-12:00,33
2011-10-04-15:00,28
2011-10-04-18:00,26
2011-10-04-21:00,25
2011-10-05-00:00,24
2011-10-05-03:00,26
2011-10-05-06:00,32
2011-10-05-09:00,34
2011-10-05-12:00,32
2011-10-05-15:00,28
2011-10-05-18:00,26
2011-10-05-21:00,25
2011-10-06-00:00,24
2011-10-06-03:00,26
2011-10-06-06:00,32
2011-10-06-09:00,34
2011-10-06-12:00,32
2011-10-06-15:00,27
2011-10-06-18:00,25
2011-10-06-21:00,24
2011-10-07-00:00,24
2011-10-07-03:00,26
2011-10-07-06:00,31
2011-10-07-09:00,34
2011-10-07-12:00,32
2011-10-07-15:00,27
2011-10-07-18:00,25
2011-10-07-21:00,24
2011-10-08-00:00,24
2011-10-08-03:00,27
2011-10-08-06:00,31
2011-10-08-09:00,34
2011-10-08-12:00,31
2011-10-08-15:00,28
2011-10-08-18:00,26
2011-10-08-21:00,25
2011-10-09-00:00,24
2011-10-09-03:00,26
2011-10-09-06:00,32
2011-10-09-12:00,31
2011-10-09-18:00,24
2011-10-09-21:00,23
2011-10-10-03:00,25
2011-10-10-06:00,32
2011-10-10-09:00,33
2011-10-10-12:00,31
2011-10-10-15:00,26
2011-10-10-18:00,24
2011-10-10-21:00,22
2011-10-11-00:00,22
2011-10-11-03:00,25
2011-10-11-06:00,31
2011-10-11-09:00,33
2011-10-11-12:00,32
2011-10-11-15:00,26
2011-10-11-18:00,25
2011-10-11-21:00,24
2011-10-12-00:00,23
2011-10-12-03:00,25
2011-10-12-09:00,33
2011-10-12-12:00,31
2011-10-12-15:00,27
2011-10-12-18:00,24
2011-10-12-21:00,23
2011-10-13-00:00,22
2011-10-13-06:00,32
2011-10-13-09:00,34
2011-10-13-12:00,30
2011-10-13-15:00,26
2011-10-13-18:00,25
2011-10-13-21:00,24
2011-10-14-00:00,23
2011-10-14-03:00,27
2011-10-14-06:00,32
2011-10-14-09:00,35
2011-10-14-12:00,32
2011-10-14-15:00,27
2011-10-14-18:00,26
2011-10-14-21:00,22
2011-10-15-00:00,22
2011-10-15-03:00,24
2011-10-15-06:00,31
2011-10-15-09:00,34
2011-10-15-12:00,32
2011-10-15-15:00,24
2011-10-15-18:00,22
2011-10-15-21:00,21
2011-10-16-00:00,19
2011-10-16-03:00,22
2011-10-16-06:00,32
2011-10-16-09:00,34
2011-10-16-12:00,30
2011-10-16-15:00,24
2011-10-16-18:00,22
2011-10-16-21:00,21
2011-10-17-00:00,19
2011-10-17-03:00,21
2011-10-17-06:00,31
2011-10-17-09:00,33
2011-10-17-15:00,23
2011-10-17-18:00,21
2011-10-17-21:00,20
2011-10-18-00:00,19
2011-10-18-03:00,22
2011-10-18-09:00,32
2011-10-18-12:00,29
2011-10-18-15:00,24
2011-10-18-18:00,23
2011-10-18-21:00,21
2011-10-19-00:00,19
2011-10-19-03:00,22
2011-10-19-06:00,30
2011-10-19-09:00,33
2011-10-19-12:00,31
2011-10-19-15:00,23
2011-10-19-18:00,20
2011-10-19-21:00,19
2011-10-20-00:00,18
2011-10-20-03:00,20
2011-10-20-06:00,30
2011-10-20-09:00,33
2011-10-20-12:00,30
2011-10-20-15:00,24
2011-10-20-18:00,22
2011-10-20-21:00,21
2011-10-21-00:00,20
2011-10-21-03:00,21
2011-10-21-06:00,30
2011-10-21-09:00,32
2011-10-21-12:00,29
2011-10-21-15:00,24
2011-10-21-18:00,21
2011-10-21-21:00,21
2011-10-22-00:00,19
2011-10-22-03:00,21
2011-10-22-06:00,30
2011-10-22-09:00,32
2011-10-22-12:00,30
2011-10-22-15:00,23
2011-10-22-18:00,21
2011-10-22-21:00,20
2011-10-23-00:00,20
2011-10-23-03:00,21
2011-10-23-06:00,31
2011-10-23-09:00,33
2011-10-23-12:00,30
2011-10-23-15:00,23
2011-10-23-21:00,20
2011-10-24-00:00,20
2011-10-24-03:00,22
2011-10-24-06:00,31
2011-10-24-18:00,21
2011-10-24-21:00,20
2011-10-25-00:00,18
2011-10-25-03:00,21
2011-10-25-09:00,30
2011-10-25-12:00,28
2011-10-25-15:00,22
2011-10-25-18:00,20
2011-10-25-21:00,19
2011-10-26-00:00,19
2011-10-26-03:00,20
2011-10-26-06:00,28
2011-10-26-09:00,31
2011-10-26-12:00,27
2011-10-26-15:00,20
2011-10-26-18:00,20
2011-10-26-21:00,18
2011-10-27-00:00,18
2011-10-27-03:00,19
2011-10-27-06:00,28
2011-10-27-09:00,30
2011-10-27-12:00,28
2011-10-27-15:00,20
2011-10-27-18:00,18
2011-10-27-21:00,19
2011-10-28-00:00,17
2011-10-28-03:00,19
2011-10-28-06:00,27
2011-10-28-09:00,30
2011-10-28-12:00,27
2011-10-28-15:00,20
2011-10-28-18:00,18
2011-10-28-21:00,17
2011-10-29-00:00,16
2011-10-29-03:00,18
2011-10-29-06:00,29
2011-10-29-12:00,26
2011-10-29-15:00,20
2011-10-29-18:00,19
2011-10-29-21:00,17
2011-10-30-00:00,17
2011-10-30-03:00,20
2011-10-30-06:00,27
2011-10-30-09:00,30
2011-10-30-12:00,27
2011-10-30-21:00,17
2011-10-31-00:00,16
2011-10-31-03:00,18
2011-10-31-06:00,27
2011-10-31-09:00,31
2011-10-31-12:00,27
2011-10-31-15:00,20
2011-10-31-18:00,18
2011-10-31-21:00,17
2011-11-01-00:00,16
2011-11-01-03:00,18
2011-11-01-06:00,30
2011-11-01-09:00,32
2011-11-01-12:00,28
2011-11-01-15:00,20
2011-11-01-18:00,18
2011-11-01-21:00,17
2011-11-02-00:00,16
2011-11-02-03:00,19
2011-11-02-06:00,29
2011-11-02-12:00,28
2011-11-02-15:00,21
2011-11-02-18:00,19
2011-11-02-21:00,18
2011-11-03-00:00,17
2011-11-03-03:00,20
2011-11-03-06:00,29
2011-11-03-09:00,32
2011-11-03-12:00,28
2011-11-03-15:00,21
2011-11-03-18:00,18
2011-11-03-21:00,17
2011-11-04-00:00,16
2011-11-04-03:00,18
2011-11-04-06:00,29
2011-11-04-09:00,31
2011-11-04-15:00,21
2011-11-04-18:00,20
2011-11-04-21:00,19
2011-11-05-00:00,18
2011-11-05-03:00,19
2011-11-05-06:00,27
2011-11-05-09:00,30
2011-11-05-12:00,27
2011-11-05-15:00,21
2011-11-05-18:00,21
2011-11-05-21:00,19
2011-11-06-00:00,18
2011-11-06-03:00,20
2011-11-06-06:00,27
2011-11-06-09:00,30
2011-11-06-12:00,26
2011-11-06-15:00,20
2011-11-06-18:00,19
2011-11-07-00:00,17
2011-11-07-03:00,19
2011-11-07-06:00,27
2011-11-07-09:00,29
2011-11-07-12:00,26
2011-11-07-15:00,20
2011-11-07-18:00,17
2011-11-07-21:00,15
2011-11-08-00:00,15
2011-11-08-06:00,28
2011-11-08-09:00,30
2011-11-08-12:00,27
2011-11-08-18:00,18
2011-11-08-21:00,17
2011-11-09-00:00,17
2011-11-09-03:00,20
2011-11-09-06:00,28
2011-11-09-09:00,30
2011-11-09-12:00,28
2011-11-09-18:00,22
2011-11-09-21:00,20
2011-11-10-00:00,19
2011-11-10-03:00,21
2011-11-10-09:00,30
2011-11-10-12:00,28
2011-11-10-15:00,23
2011-11-10-21:00,21
2011-11-11-00:00,19
2011-11-11-03:00,21
2011-11-11-06:00,27
2011-11-11-09:00,29
2011-11-11-15:00,23
2011-11-11-18:00,21
2011-11-11-21:00,20
2011-11-12-03:00,20
2011-11-12-06:00,27
2011-11-12-09:00,29
2011-11-12-12:00,26
2011-11-12-15:00,20
2011-11-12-21:00,16
2011-11-13-00:00,15
2011-11-13-03:00,17
2011-11-13-09:00,29
2011-11-13-12:00,26
2011-11-13-15:00,20
2011-11-13-18:00,17
2011-11-13-21:00,16
2011-11-14-00:00,15
2011-11-14-03:00,19
2011-11-14-06:00,27
2011-11-14-09:00,29
2011-11-14-12:00,25
2011-11-14-15:00,19
2011-11-14-18:00,18
2011-11-14-21:00,17
2011-11-15-00:00,16
2011-11-15-03:00,17
2011-11-15-09:00,29
2011-11-15-15:00,20
2011-11-15-18:00,18
2011-11-15-21:00,17
2011-11-16-00:00,16
2011-11-16-03:00,19
2011-11-16-06:00,27
2011-11-16-09:00,29
2011-11-16-12:00,26
2011-11-16-15:00,20
2011-11-16-18:00,18
2011-11-16-21:00,17
2011-11-17-03:00,18
2011-11-17-06:00,26
2011-11-17-09:00,29
2011-11-17-12:00,25
2011-11-17-15:00,20
2011-11-17-18:00,17
2011-11-17-21:00,17
2011-11-18-00:00,16
2011-11-18-03:00,18
2011-11-18-06:00,27
2011-11-18-09:00,30
2011-11-18-12:00,27
2011-11-18-15:00,21
2011-11-18-18:00,18
2011-11-18-21:00,16
2011-11-19-00:00,16
2011-11-19-03:00,18
2011-11-19-09:00,26
2011-11-19-12:00,24
2011-11-19-15:00,20
2011-11-19-18:00,18
2011-11-19-21:00,16
2011-11-20-00:00,15
2011-11-20-03:00,16
2011-11-20-09:00,27
2011-11-20-12:00,24
2011-11-20-15:00,19
2011-11-20-18:00,17
2011-11-20-21:00,16
2011-11-21-00:00,16
2011-11-21-03:00,17
2011-11-21-09:00,27
2011-11-21-12:00,24
2011-11-21-15:00,20
2011-11-21-18:00,19
2011-11-21-21:00,17
2011-11-22-00:00,16
2011-11-22-03:00,16
2011-11-22-06:00,25
2011-11-22-12:00,24
2011-11-22-15:00,20
2011-11-22-18:00,18
2011-11-23-00:00,16
2011-11-23-03:00,17
2011-11-23-06:00,24
2011-11-23-09:00,27
2011-11-23-12:00,24
2011-11-23-15:00,19
2011-11-23-18:00,17
2011-11-24-00:00,14
2011-11-24-03:00,16
2011-11-24-06:00,24
2011-11-24-12:00,24
2011-11-24-15:00,19
2011-11-24-18:00,17
2011-11-24-21:00,15
2011-11-25-00:00,14
2011-11-25-03:00,15
2011-11-25-06:00,24
2011-11-25-09:00,28
2011-11-25-12:00,23
2011-11-25-15:00,18
2011-11-25-18:00,16
2011-11-25-21:00,14
2011-11-26-00:00,14
2011-11-26-03:00,15
2011-11-26-09:00,26
2011-11-26-12:00,22
2011-11-26-15:00,18
2011-11-26-18:00,15
2011-11-26-21:00,14
2011-11-27-00:00,13
2011-11-27-03:00,14
2011-11-27-09:00,25
2011-11-27-12:00,22
2011-11-27-15:00,17
2011-11-27-18:00,15
2011-11-27-21:00,14
2011-11-28-00:00,13
2011-11-28-03:00,14
2011-11-28-06:00,23
2011-11-28-09:00,25
2011-11-28-12:00,21
2011-11-28-21:00,14
2011-11-29-03:00,14
2011-11-29-06:00,22
2011-11-29-09:00,25
2011-11-29-12:00,23
2011-11-29-15:00,17
2011-11-29-18:00,16
2011-11-29-21:00,15
2011-11-30-00:00,14
2011-11-30-03:00,14
2011-11-30-06:00,22
2011-11-30-09:00,25
2011-11-30-12:00,22
2011-11-30-18:00,13
2011-12-01-00:00,11
2011-12-01-03:00,12
2011-12-01-06:00,22
2011-12-01-09:00,25
2011-12-01-12:00,22
2011-12-01-15:00,17
2011-12-01-21:00,14
2011-12-02-00:00,14
2011-12-02-03:00,14
2011-12-02-06:00,24
2011-12-02-09:00,27
2011-12-02-15:00,18
2011-12-02-18:00,17
2011-12-02-21:00,16
2011-12-03-00:00,15
2011-12-03-03:00,16
2011-12-03-06:00,24
2011-12-03-09:00,26
2011-12-03-12:00,24
2011-12-03-15:00,18
2011-12-04-00:00,13
2011-12-04-06:00,24
2011-12-04-09:00,27
2011-12-04-12:00,22
2011-12-04-15:00,17
2011-12-04-18:00,14
2011-12-04-21:00,13
2011-12-05-00:00,11
2011-12-05-03:00,12
2011-12-05-06:00,26
2011-12-05-09:00,29
2011-12-05-12:00,24
2011-12-05-15:00,17
2011-12-05-21:00,14
2011-12-06-00:00,13
2011-12-06-03:00,14
2011-12-06-06:00,26
2011-12-06-09:00,28
2011-12-06-15:00,20
2011-12-06-18:00,18
2011-12-06-21:00,18
2011-12-07-00:00,16
2011-12-07-03:00,16
2011-12-07-06:00,21
2011-12-07-09:00,27
2011-12-07-12:00,24
2011-12-07-15:00,19
2011-12-07-18:00,18
2011-12-07-21:00,16
2011-12-08-00:00,15
2011-12-08-03:00,17
2011-12-08-06:00,25
2011-12-08-12:00,25
2011-12-08-15:00,21
2011-12-08-18:00,20
2011-12-09-00:00,18
2011-12-09-03:00,17
2011-12-09-06:00,20
2011-12-09-09:00,23
2011-12-09-12:00,21
2011-12-09-15:00,17
2011-12-09-18:00,16
2011-12-09-21:00,17
2011-12-10-00:00,17
2011-12-10-03:00,16
2011-12-10-06:00,20
2011-12-10-09:00,23
2011-12-10-12:00,20
2011-12-10-15:00,15
2011-12-10-21:00,13
2011-12-11-00:00,11
2011-12-11-03:00,12
2011-12-11-06:00,20
2011-12-11-09:00,22
2011-12-11-12:00,19
2011-12-11-15:00,13
2011-12-11-18:00,11
2011-12-11-21:00,10
2011-12-12-00:00,8
2011-12-12-03:00,10
2011-12-12-06:00,21
2011-12-12-09:00,24
2011-12-12-12:00,20
2011-12-12-15:00,13
2011-12-12-18:00,11
2011-12-12-21:00,9
2011-12-13-00:00,8
2011-12-13-03:00,10
2011-12-13-06:00,20
2011-12-13-09:00,23
2011-12-13-15:00,12
2011-12-13-21:00,8
2011-12-14-03:00,10
2011-12-14-06:00,19
2011-12-14-09:00,22
2011-12-14-15:00,12
2011-12-14-18:00,10
2011-12-14-21:00,8
2011-12-15-00:00,7
2011-12-15-03:00,8
2011-12-15-06:00,20
2011-12-15-09:00,22
2011-12-15-12:00,18
2011-12-15-15:00,11
2011-12-15-18:00,8
2011-12-15-21:00,7
2011-12-16-00:00,6
2011-12-16-03:00,7
2011-12-16-06:00,19
2011-12-16-09:00,22
2011-12-16-12:00,17
2011-12-16-15:00,11
2011-12-16-18:00,9
2011-12-16-21:00,8
2011-12-17-00:00,6
2011-12-17-03:00,7
2011-12-17-06:00,19
2011-12-17-12:00,17
2011-12-17-15:00,11
2011-12-17-18:00,9
2011-12-17-21:00,7
2011-12-18-03:00,7
2011-12-18-06:00,20
2011-12-18-09:00,23
2011-12-18-15:00,11
2011-12-18-18:00,9
2011-12-18-21:00,7
2011-12-19-00:00,6
2011-12-19-03:00,6
2011-12-19-06:00,16
2011-12-19-09:00,21
2011-12-19-12:00,16
2011-12-19-15:00,11
2011-12-19-18:00,9
2011-12-19-21:00,8
2011-12-20-00:00,6
2011-12-20-03:00,7
2011-12-20-06:00,15
2011-12-20-09:00,20
2011-12-20-12:00,17
2011-12-20-15:00,13
2011-12-20-18:00,10
2011-12-20-21:00,8
2011-12-21-06:00,18
2011-12-21-09:00,23
2011-12-21-12:00,18
2011-12-21-15:00,12
2011-12-21-18:00,9
2011-12-21-21:00,8
2011-12-22-00:00,7
2011-12-22-03:00,7
2011-12-22-06:00,19
2011-12-22-09:00,21
2011-12-22-12:00,18
2011-12-22-15:00,11
2011-12-22-18:00,9
2011-12-22-21:00,8
2011-12-23-00:00,7
2011-12-23-03:00,7
2011-12-23-06:00,15
2011-12-23-09:00,19
2011-12-23-12:00,16
2011-12-23-15:00,9
2011-12-23-18:00,7
2011-12-23-21:00,5
2011-12-24-03:00,6
2011-12-24-06:00,17
2011-12-24-09:00,19
2011-12-24-12:00,16
2011-12-24-15:00,9
2011-12-24-18:00,7
2011-12-24-21:00,6
2011-12-25-00:00,4
2011-12-25-03:00,5
2011-12-25-06:00,17
2011-12-25-09:00,19
2011-12-25-15:00,9
2011-12-25-18:00,7
2011-12-25-21:00,5
2011-12-26-00:00,4
2011-12-26-03:00,5
2011-12-26-06:00,17
2011-12-26-12:00,17
2011-12-26-18:00,7
2011-12-26-21:00,6
2011-12-27-00:00,5
2011-12-27-03:00,5
2011-12-27-09:00,22
2011-12-27-12:00,16
2011-12-27-15:00,10
2011-12-27-18:00,8
2011-12-27-21:00,6
2011-12-28-00:00,6
2011-12-28-06:00,20
2011-12-28-09:00,23
2011-12-28-12:00,18
2011-12-28-15:00,12
2011-12-28-18:00,10
2011-12-28-21:00,8
2011-12-29-00:00,7
2011-12-29-03:00,9
2011-12-29-06:00,18
2011-12-29-12:00,18
2011-12-29-15:00,13
2011-12-29-18:00,11
2011-12-29-21:00,9
2011-12-30-00:00,8
2011-12-30-03:00,8
2011-12-30-06:00,16
2011-12-30-09:00,21
2011-12-30-12:00,17
2011-12-30-15:00,12
2011-12-30-18:00,10
2011-12-30-21:00,8
2011-12-31-00:00,8
2011-12-31-09:00,23
2011-12-31-12:00,20
2011-12-31-15:00,15
2011-12-31-18:00,12
2011-12-31-21:00,13
2012-01-01-00:00,14
2012-01-01-03:00,14
2012-01-01-06:00,18
2012-01-01-09:00,18
2012-01-01-12:00,17
2012-01-01-15:00,17
2012-01-01-18:00,16
2012-01-02-00:00,14
2012-01-02-03:00,13
2012-01-02-06:00,17
2012-01-02-09:00,19
2012-01-02-15:00,15
2012-01-02-18:00,12
2012-01-02-21:00,11
2012-01-03-00:00,10
2012-01-03-03:00,9
2012-01-03-06:00,17
2012-01-03-09:00,20
2012-01-03-12:00,18
2012-01-03-21:00,11
2012-01-04-00:00,9
2012-01-04-03:00,9
2012-01-04-06:00,19
2012-01-04-09:00,21
2012-01-04-12:00,19
2012-01-04-15:00,15
2012-01-04-18:00,13
2012-01-04-21:00,13
2012-01-05-00:00,13
2012-01-05-03:00,13
2012-01-05-06:00,16
2012-01-05-09:00,18
2012-01-05-12:00,17
2012-01-05-15:00,14
2012-01-05-18:00,14
2012-01-05-21:00,12
2012-01-06-00:00,13
2012-01-06-03:00,13
2012-01-06-06:00,15
2012-01-06-09:00,17
2012-01-06-12:00,16
2012-01-06-15:00,15
2012-01-06-18:00,14
2012-01-06-21:00,13
2012-01-07-00:00,13
2012-01-07-03:00,13
2012-01-07-09:00,17
2012-01-07-12:00,16
2012-01-07-21:00,13
2012-01-08-00:00,13
2012-01-08-03:00,13
2012-01-08-06:00,15
2012-01-08-09:00,17
2012-01-08-12:00,15
2012-01-08-15:00,12
2012-01-08-18:00,10
2012-01-08-21:00,9
2012-01-09-00:00,10
2012-01-09-03:00,9
2012-01-09-06:00,13
2012-01-09-09:00,17
2012-01-09-12:00,15
2012-01-09-15:00,10
2012-01-09-18:00,8
2012-01-09-21:00,7
2012-01-10-00:00,6
2012-01-10-03:00,6
2012-01-10-06:00,14
2012-01-10-09:00,18
2012-01-10-12:00,15
2012-01-10-15:00,9
2012-01-10-18:00,7
2012-01-10-21:00,6
2012-01-11-00:00,5
2012-01-11-03:00,6
2012-01-11-06:00,15
2012-01-11-12:00,16
2012-01-11-15:00,10
2012-01-11-18:00,8
2012-01-11-21:00,7
2012-01-12-03:00,6
2012-01-12-09:00,18
2012-01-12-15:00,12
2012-01-12-18:00,9
2012-01-12-21:00,8
2012-01-13-00:00,7
2012-01-13-03:00,8
2012-01-13-06:00,16
2012-01-13-09:00,19
2012-01-13-12:00,17
2012-01-13-15:00,11
2012-01-13-18:00,9
2012-01-14-00:00,8
2012-01-14-03:00,10
2012-01-14-06:00,18
2012-01-14-09:00,22
2012-01-14-12:00,19
2012-01-14-15:00,13
2012-01-14-18:00,13
2012-01-14-21:00,13
2012-01-15-00:00,11
2012-01-15-03:00,11
2012-01-15-09:00,25
2012-01-15-12:00,21
2012-01-15-15:00,17
2012-01-15-18:00,16
2012-01-15-21:00,15
2012-01-16-00:00,14
2012-01-16-09:00,20
2012-01-16-12:00,17
2012-01-16-15:00,16
2012-01-16-18:00,14
2012-01-16-21:00,12
2012-01-17-00:00,10
2012-01-17-03:00,10
2012-01-17-09:00,13
2012-01-17-15:00,11
2012-01-17-18:00,10
2012-01-17-21:00,8
2012-01-18-00:00,7
2012-01-18-03:00,7
2012-01-18-06:00,12
2012-01-18-09:00,15
2012-01-18-12:00,13
2012-01-18-15:00,9
2012-01-18-18:00,8
2012-01-18-21:00,7
2012-01-19-00:00,5
2012-01-19-03:00,8
2012-01-19-06:00,14
2012-01-19-09:00,17
2012-01-19-12:00,15
2012-01-19-15:00,11
2012-01-19-18:00,8
2012-01-19-21:00,7
2012-01-20-00:00,6
2012-01-20-03:00,7
2012-01-20-06:00,8
2012-01-20-09:00,13
2012-01-20-12:00,13
2012-01-20-15:00,10
2012-01-20-18:00,8
2012-01-20-21:00,8
2012-01-21-00:00,7
2012-01-21-03:00,7
2012-01-21-06:00,16
2012-01-21-09:00,18
2012-01-21-12:00,16
2012-01-21-15:00,10
2012-01-21-18:00,7
2012-01-21-21:00,7
2012-01-22-03:00,9
2012-01-22-06:00,15
2012-01-22-09:00,18
2012-01-22-12:00,16
2012-01-22-18:00,8
2012-01-22-21:00,6
2012-01-23-00:00,6
2012-01-23-03:00,7
2012-01-23-06:00,18
2012-01-23-12:00,19
2012-01-23-15:00,13
2012-01-23-18:00,10
2012-01-23-21:00,8
2012-01-24-00:00,8
2012-01-24-03:00,10
2012-01-24-06:00,19
2012-01-24-09:00,21
2012-01-24-12:00,18
2012-01-24-21:00,12
2012-01-25-00:00,11
2012-01-25-03:00,11
2012-01-25-09:00,21
2012-01-25-12:00,19
2012-01-25-18:00,11
2012-01-26-00:00,10
2012-01-26-03:00,12
2012-01-26-06:00,19
2012-01-26-09:00,21
2012-01-26-12:00,18
2012-01-26-15:00,13
2012-01-26-18:00,11
2012-01-26-21:00,10
2012-01-27-00:00,9
2012-01-27-03:00,9
2012-01-27-06:00,18
2012-01-27-12:00,19
2012-01-27-15:00,11
2012-01-27-18:00,9
2012-01-27-21:00,7
2012-01-28-00:00,6
2012-01-28-03:00,7
2012-01-28-06:00,18
2012-01-28-09:00,21
2012-01-28-12:00,18
2012-01-28-15:00,12
2012-01-28-18:00,10
2012-01-28-21:00,7
2012-01-29-00:00,6
2012-01-29-03:00,8
2012-01-29-06:00,17
2012-01-29-09:00,21
2012-01-29-12:00,19
2012-01-29-15:00,13
2012-01-29-18:00,9
2012-01-29-21:00,8
2012-01-30-00:00,8
2012-01-30-06:00,27
2012-01-30-09:00,21
2012-01-30-12:00,20
2012-01-30-15:00,11
2012-01-30-18:00,9
2012-01-30-21:00,7
2012-01-31-00:00,5
2012-01-31-03:00,7
2012-01-31-06:00,18
2012-01-31-09:00,21
2012-01-31-18:00,10
2012-01-31-21:00,9
2012-02-01-00:00,8
2012-02-01-03:00,9
2012-02-01-06:00,18
2012-02-01-09:00,21
2012-02-01-12:00,19
2012-02-01-15:00,14
2012-02-01-18:00,11
2012-02-01-21:00,9
2012-02-02-03:00,10
2012-02-02-09:00,22
2012-02-02-12:00,20
2012-02-02-15:00,14
2012-02-02-18:00,12
2012-02-02-21:00,11
2012-02-03-00:00,12
2012-02-03-03:00,13
2012-02-03-06:00,20
2012-02-03-09:00,21
2012-02-03-12:00,21
2012-02-03-15:00,15
2012-02-03-18:00,12
2012-02-03-21:00,11
2012-02-04-00:00,11
2012-02-04-03:00,12
2012-02-04-12:00,21
2012-02-04-15:00,18
2012-02-04-18:00,17
2012-02-05-00:00,13
2012-02-05-03:00,13
2012-02-05-06:00,20
2012-02-05-09:00,23
2012-02-05-12:00,22
2012-02-05-15:00,16
2012-02-05-18:00,15
2012-02-05-21:00,14
2012-02-06-00:00,12
2012-02-06-06:00,18
2012-02-06-09:00,21
2012-02-06-12:00,19
2012-02-06-15:00,15
2012-02-06-18:00,13
2012-02-06-21:00,12
2012-02-07-00:00,10
2012-02-07-03:00,9
2012-02-07-06:00,17
2012-02-07-09:00,20
2012-02-07-12:00,16
2012-02-07-15:00,14
2012-02-07-18:00,11
2012-02-07-21:00,11
2012-02-08-00:00,10
2012-02-08-03:00,10
2012-02-08-09:00,19
2012-02-08-12:00,16
2012-02-08-15:00,12
2012-02-09-03:00,7
2012-02-09-06:00,16
2012-02-09-09:00,19
2012-02-09-12:00,17
2012-02-09-15:00,13
2012-02-09-18:00,10
2012-02-09-21:00,9
2012-02-10-00:00,8
2012-02-10-03:00,8
2012-02-10-06:00,17
2012-02-10-09:00,20
2012-02-10-12:00,19
2012-02-10-18:00,10
2012-02-10-21:00,9
2012-02-11-00:00,8
2012-02-11-03:00,9
2012-02-11-06:00,19
2012-02-11-09:00,21
2012-02-11-12:00,19
2012-02-11-15:00,15
2012-02-11-18:00,15
2012-02-11-21:00,13
2012-02-12-00:00,10
2012-02-12-03:00,11
2012-02-12-06:00,23
2012-02-12-09:00,26
2012-02-12-12:00,22
2012-02-12-15:00,18
2012-02-12-18:00,16
2012-02-13-00:00,14
2012-02-13-03:00,15
2012-02-13-06:00,20
2012-02-13-12:00,23
2012-02-13-15:00,16
2012-02-13-21:00,13
2012-02-14-00:00,13
2012-02-14-03:00,14
2012-02-14-06:00,19
2012-02-14-09:00,23
2012-02-14-12:00,21
2012-02-14-15:00,16
2012-02-14-18:00,15
2012-02-14-21:00,14
2012-02-15-00:00,13
2012-02-15-03:00,13
2012-02-15-06:00,19
2012-02-15-09:00,21
2012-02-15-12:00,19
2012-02-15-15:00,15
2012-02-15-18:00,12
2012-02-15-21:00,11
2012-02-16-00:00,9
2012-02-16-03:00,9
2012-02-16-06:00,19
2012-02-16-09:00,21
2012-02-16-12:00,19
2012-02-16-15:00,14
2012-02-16-18:00,11
2012-02-16-21:00,9
2012-02-17-00:00,7
2012-02-17-03:00,10
2012-02-17-06:00,18
2012-02-17-09:00,22
2012-02-17-12:00,19
2012-02-17-15:00,16
2012-02-17-18:00,15
2012-02-17-21:00,12
2012-02-18-00:00,10
2012-02-18-03:00,10
2012-02-18-06:00,19
2012-02-18-12:00,21
2012-02-18-18:00,14
2012-02-18-21:00,13
2012-02-19-00:00,12
2012-02-19-03:00,14
2012-02-19-06:00,20
2012-02-19-09:00,23
2012-02-19-12:00,23
2012-02-19-15:00,19
2012-02-19-18:00,14
2012-02-19-21:00,13
2012-02-20-00:00,13
2012-02-20-03:00,14
2012-02-20-09:00,25
2012-02-20-12:00,23
2012-02-20-15:00,17
2012-02-20-18:00,15
2012-02-20-21:00,13
2012-02-21-00:00,12
2012-02-21-03:00,13
2012-02-21-06:00,26
2012-02-21-09:00,29
2012-02-21-15:00,20
2012-02-21-21:00,16
2012-02-22-00:00,14
2012-02-22-06:00,28
2012-02-22-09:00,30
2012-02-22-12:00,28
2012-02-22-15:00,21
2012-02-22-21:00,17
2012-02-23-03:00,15
2012-02-23-06:00,23
2012-02-23-15:00,20
2012-02-23-18:00,16
2012-02-23-21:00,14
2012-02-24-00:00,13
2012-02-24-03:00,15
2012-02-24-06:00,23
2012-02-24-09:00,26
2012-02-24-12:00,23
2012-02-24-15:00,18
2012-02-24-18:00,15
2012-02-24-21:00,12
2012-02-25-03:00,13
2012-02-25-06:00,20
2012-02-25-09:00,23
2012-02-25-15:00,17
2012-02-25-18:00,15
2012-02-25-21:00,13
2012-02-26-00:00,11
2012-02-26-03:00,12
2012-02-26-09:00,24
2012-02-26-12:00,21
2012-02-26-15:00,16
2012-02-26-18:00,15
2012-02-27-00:00,12
2012-02-27-03:00,13
2012-02-27-06:00,22
2012-02-27-09:00,25
2012-02-27-15:00,19
2012-02-27-18:00,16
2012-02-27-21:00,15
2012-02-28-00:00,13
2012-02-28-03:00,15
2012-02-28-06:00,23
2012-02-28-09:00,26
2012-02-28-15:00,19
2012-02-28-18:00,16
2012-02-28-21:00,13
2012-02-29-00:00,13
2012-02-29-03:00,15
2012-02-29-06:00,23
2012-02-29-09:00,26
2012-02-29-15:00,18
2012-02-29-21:00,13
2012-03-01-00:00,11
2012-03-01-03:00,14
2012-03-01-06:00,26
2012-03-01-09:00,29
2012-03-01-15:00,19
2012-03-01-18:00,17
2012-03-01-21:00,15
2012-03-02-00:00,14
2012-03-02-03:00,15
2012-03-02-06:00,26
2012-03-02-09:00,29
2012-03-02-12:00,27
2012-03-02-15:00,20
2012-03-02-18:00,16
2012-03-02-21:00,14
2012-03-03-00:00,13
2012-03-03-03:00,16
2012-03-03-06:00,25
2012-03-03-09:00,29
2012-03-03-12:00,28
2012-03-03-18:00,17
2012-03-04-00:00,15
2012-03-04-03:00,18
2012-03-04-06:00,29
2012-03-04-09:00,32
2012-03-04-12:00,31
2012-03-04-21:00,21
2012-03-05-00:00,19
2012-03-05-03:00,22
2012-03-05-06:00,29
2012-03-05-09:00,33
2012-03-05-12:00,31
2012-03-05-15:00,24
2012-03-05-18:00,22
2012-03-05-21:00,21
2012-03-06-00:00,21
2012-03-06-03:00,21
2012-03-06-06:00,27
2012-03-06-09:00,28
2012-03-06-12:00,26
2012-03-06-15:00,23
2012-03-06-21:00,16
2012-03-07-03:00,16
2012-03-07-06:00,26
2012-03-07-09:00,28
2012-03-07-12:00,28
2012-03-07-15:00,22
2012-03-07-18:00,19
2012-03-07-21:00,16
2012-03-08-00:00,15
2012-03-08-03:00,15
2012-03-08-09:00,27
2012-03-08-12:00,25
2012-03-08-15:00,19
2012-03-08-18:00,18
2012-03-08-21:00,16
2012-03-09-03:00,14
2012-03-09-06:00,22
2012-03-09-09:00,25
2012-03-09-15:00,18
2012-03-09-18:00,14
2012-03-09-21:00,13
2012-03-10-00:00,11
2012-03-10-03:00,14
2012-03-10-06:00,23
2012-03-10-12:00,24
2012-03-10-15:00,20
2012-03-10-18:00,15
2012-03-10-21:00,12
2012-03-11-00:00,11
2012-03-11-03:00,14
2012-03-11-06:00,24
2012-03-11-09:00,27
2012-03-11-12:00,26
2012-03-11-15:00,18
2012-03-11-21:00,13
2012-03-12-00:00,11
2012-03-12-03:00,16
2012-03-12-09:00,30
2012-03-12-15:00,21
2012-03-12-18:00,20
2012-03-12-21:00,17
2012-03-13-00:00,16
2012-03-13-03:00,16
2012-03-13-06:00,22
2012-03-13-09:00,27
2012-03-13-15:00,20
2012-03-13-21:00,16
2012-03-14-00:00,14
2012-03-14-03:00,15
2012-03-14-09:00,26
2012-03-14-15:00,21
2012-03-14-18:00,18
2012-03-14-21:00,16
2012-03-15-00:00,15
2012-03-15-03:00,17
2012-03-15-06:00,24
2012-03-15-09:00,27
2012-03-15-15:00,21
2012-03-15-18:00,19
2012-03-15-21:00,17
2012-03-16-00:00,15
2012-03-16-03:00,17
2012-03-16-06:00,27
2012-03-16-09:00,30
2012-03-16-15:00,23
2012-03-16-18:00,20
2012-03-16-21:00,18
2012-03-17-00:00,16
2012-03-17-03:00,20
2012-03-17-06:00,30
2012-03-17-09:00,35
2012-03-17-15:00,25
2012-03-17-21:00,20
2012-03-18-00:00,18
2012-03-18-03:00,20
2012-03-18-06:00,31
2012-03-18-09:00,35
2012-03-18-15:00,27
2012-03-18-18:00,23
2012-03-18-21:00,21
2012-03-19-00:00,20
2012-03-19-03:00,23
2012-03-19-06:00,33
2012-03-19-09:00,36
2012-03-19-12:00,35
2012-03-19-15:00,29
2012-03-19-21:00,24
2012-03-20-00:00,22
2012-03-20-03:00,23
2012-03-20-06:00,31
2012-03-20-09:00,33
2012-03-20-12:00,31
2012-03-20-15:00,28
2012-03-20-18:00,22
2012-03-20-21:00,19
2012-03-21-00:00,16
2012-03-21-03:00,16
2012-03-21-06:00,23
2012-03-21-15:00,20
2012-03-21-18:00,19
2012-03-21-21:00,17
2012-03-22-00:00,16
2012-03-22-03:00,17
2012-03-22-06:00,23
2012-03-22-18:00,19
2012-03-22-21:00,17
2012-03-23-00:00,16
2012-03-23-03:00,19
2012-03-23-06:00,26
2012-03-23-12:00,29
2012-03-23-15:00,23
2012-03-23-18:00,22
2012-03-23-21:00,20
2012-03-24-00:00,19
2012-03-24-03:00,21
2012-03-24-06:00,31
2012-03-24-09:00,33
2012-03-24-12:00,31
2012-03-24-15:00,25
2012-03-24-18:00,22
2012-03-24-21:00,21
2012-03-25-00:00,19
2012-03-25-03:00,20
2012-03-25-06:00,30
2012-03-25-09:00,33
2012-03-25-12:00,32
2012-03-25-15:00,25
2012-03-25-18:00,21
2012-03-25-21:00,20
2012-03-26-03:00,23
2012-03-26-06:00,33
2012-03-26-09:00,35
2012-03-26-18:00,22
2012-03-26-21:00,21
2012-03-27-00:00,20
2012-03-27-03:00,23
2012-03-27-09:00,34
2012-03-27-12:00,31
2012-03-27-15:00,26
2012-03-27-18:00,23
2012-03-27-21:00,21
2012-03-28-00:00,19
2012-03-28-03:00,23
2012-03-28-06:00,31
2012-03-28-09:00,33
2012-03-28-12:00,32
2012-03-28-15:00,27
2012-03-28-18:00,24
2012-03-28-21:00,22
2012-03-29-00:00,20
2012-03-29-03:00,23
2012-03-29-09:00,33
2012-03-29-12:00,31
2012-03-29-15:00,26
2012-03-29-18:00,24
2012-03-29-21:00,22
2012-03-30-00:00,20
2012-03-30-03:00,23
2012-03-30-06:00,31
2012-03-30-09:00,34
2012-03-30-12:00,33
2012-03-30-18:00,22
2012-03-30-21:00,21
2012-03-31-00:00,20
2012-03-31-03:00,24
2012-03-31-06:00,33
2012-03-31-09:00,36
2012-03-31-12:00,35
2012-03-31-15:00,28
2012-03-31-18:00,25
2012-03-31-21:00,22
2012-04-01-03:00,26
2012-04-01-06:00,34
2012-04-01-09:00,37
2012-04-01-12:00,35
2012-04-01-15:00,29
2012-04-01-18:00,25
2012-04-01-21:00,24
2012-04-02-00:00,23
2012-04-02-03:00,27
2012-04-02-06:00,35
2012-04-02-12:00,37
2012-04-02-15:00,29
2012-04-02-18:00,27
2012-04-02-21:00,21
2012-04-03-00:00,25
2012-04-03-06:00,35
2012-04-03-09:00,38
2012-04-03-12:00,35
2012-04-03-15:00,31
2012-04-03-18:00,29
2012-04-03-21:00,25
2012-04-04-00:00,23
2012-04-04-03:00,26
2012-04-04-06:00,34
2012-04-04-09:00,37
2012-04-04-15:00,30
2012-04-04-18:00,26
2012-04-04-21:00,24
2012-04-05-00:00,24
2012-04-05-03:00,27
2012-04-05-06:00,34
2012-04-05-12:00,36
2012-04-05-15:00,30
2012-04-05-18:00,27
2012-04-05-21:00,25
2012-04-06-00:00,24
2012-04-06-03:00,28
2012-04-06-06:00,35
2012-04-06-09:00,36
2012-04-06-15:00,29
2012-04-06-18:00,26
2012-04-06-21:00,25
2012-04-07-00:00,23
2012-04-07-03:00,27
2012-04-07-06:00,33
2012-04-07-09:00,37
2012-04-07-12:00,36
2012-04-07-15:00,31
2012-04-07-18:00,26
2012-04-07-21:00,25
2012-04-08-00:00,23
2012-04-08-03:00,26
2012-04-08-06:00,34
2012-04-08-09:00,36
2012-04-08-15:00,29
2012-04-08-18:00,26
2012-04-08-21:00,24
2012-04-09-00:00,26
2012-04-09-03:00,26
2012-04-09-06:00,35
2012-04-09-09:00,38
2012-04-09-15:00,31
2012-04-09-18:00,26
2012-04-09-21:00,25
2012-04-10-00:00,23
2012-04-10-03:00,26
2012-04-10-06:00,34
2012-04-10-09:00,37
2012-04-10-12:00,23
2012-04-10-18:00,26
2012-04-10-21:00,24
2012-04-11-00:00,22
2012-04-11-12:00,28
2012-04-11-15:00,25
2012-04-11-18:00,24
2012-04-11-21:00,23
2012-04-12-00:00,20
2012-04-12-03:00,24
2012-04-12-06:00,31
2012-04-12-09:00,35
2012-04-12-15:00,29
2012-04-12-21:00,24
2012-04-13-00:00,24
2012-04-13-03:00,26
2012-04-13-09:00,27
2012-04-13-12:00,29
2012-04-13-18:00,24
2012-04-13-21:00,23
2012-04-14-00:00,22
2012-04-14-03:00,24
2012-04-14-06:00,29
2012-04-14-12:00,27
2012-04-14-15:00,23
2012-04-14-18:00,21
2012-04-14-21:00,20
2012-04-15-00:00,20
2012-04-15-03:00,22
2012-04-15-06:00,27
2012-04-15-09:00,30
2012-04-15-12:00,31
2012-04-15-15:00,25
2012-04-15-18:00,22
2012-04-15-21:00,21
2012-04-16-00:00,20
2012-04-16-03:00,25
2012-04-16-06:00,33
2012-04-16-09:00,35
2012-04-16-12:00,34
2012-04-16-15:00,29
2012-04-16-18:00,25
2012-04-16-21:00,20
2012-04-17-03:00,23
2012-04-17-06:00,30
2012-04-17-09:00,33
2012-04-17-12:00,33
2012-04-17-15:00,28
2012-04-17-18:00,25
2012-04-17-21:00,24
2012-04-18-00:00,24
2012-04-18-03:00,25
2012-04-18-06:00,27
2012-04-18-09:00,32
2012-04-18-12:00,33
2012-04-18-15:00,28
2012-04-18-18:00,26
2012-04-18-21:00,24
2012-04-19-00:00,22
2012-04-19-03:00,27
2012-04-19-06:00,33
2012-04-19-09:00,36
2012-04-19-12:00,36
2012-04-19-18:00,30
2012-04-19-21:00,27
2012-04-20-00:00,26
2012-04-20-03:00,28
2012-04-20-12:00,34
2012-04-20-18:00,28
2012-04-20-21:00,27
2012-04-21-00:00,24
2012-04-21-06:00,32
2012-04-21-09:00,34
2012-04-21-12:00,34
2012-04-21-15:00,30
2012-04-21-18:00,27
2012-04-21-21:00,25
2012-04-22-00:00,24
2012-04-22-03:00,28
2012-04-22-06:00,35
2012-04-22-09:00,35
2012-04-22-12:00,33
2012-04-22-18:00,27
2012-04-22-21:00,22
2012-04-23-00:00,20
2012-04-23-03:00,26
2012-04-23-06:00,33
2012-04-23-09:00,35
2012-04-23-12:00,34
2012-04-23-15:00,30
2012-04-23-18:00,25
2012-04-23-21:00,24
2012-04-24-00:00,23
2012-04-24-03:00,28
2012-04-24-06:00,35
2012-04-24-09:00,37
2012-04-24-12:00,31
2012-04-24-18:00,26
2012-04-24-21:00,24
2012-04-25-00:00,22
2012-04-25-03:00,27
2012-04-25-06:00,33
2012-04-25-09:00,35
2012-04-25-12:00,35
2012-04-25-15:00,29
2012-04-25-18:00,25
2012-04-25-21:00,24
2012-04-26-00:00,23
2012-04-26-03:00,27
2012-04-26-06:00,33
2012-04-26-09:00,29
2012-04-26-12:00,29
2012-04-26-15:00,22
2012-04-26-21:00,22
2012-04-27-00:00,20
2012-04-27-03:00,24
2012-04-27-06:00,30
2012-04-27-09:00,34
2012-04-27-15:00,30
2012-04-27-18:00,26
2012-04-27-21:00,25
2012-04-28-00:00,22
2012-04-28-03:00,27
2012-04-28-09:00,37
2012-04-28-12:00,34
2012-04-28-15:00,30
2012-04-28-18:00,27
2012-04-28-21:00,25
2012-04-29-03:00,27
2012-04-29-06:00,35
2012-04-29-09:00,37
2012-04-29-21:00,24
2012-04-30-03:00,25
2012-04-30-06:00,34
2012-04-30-09:00,37
2012-04-30-12:00,36
2012-04-30-15:00,29
2012-04-30-18:00,26
2012-04-30-21:00,24
2012-05-01-00:00,22
2012-05-01-03:00,26
2012-05-01-06:00,31
2012-05-01-09:00,35
2012-05-01-12:00,36
2012-05-01-18:00,27
2012-05-01-21:00,25
2012-05-02-00:00,21
2012-05-02-06:00,35
2012-05-02-09:00,37
2012-05-02-12:00,35
2012-05-02-15:00,29
2012-05-02-18:00,25
2012-05-02-21:00,23
2012-05-03-00:00,22
2012-05-03-03:00,28
2012-05-03-06:00,35
2012-05-03-09:00,37
2012-05-03-12:00,36
2012-05-03-15:00,30
2012-05-03-18:00,26
2012-05-03-21:00,24
2012-05-04-03:00,28
2012-05-04-06:00,37
2012-05-04-09:00,38
2012-05-04-12:00,36
2012-05-04-18:00,28
2012-05-05-00:00,26
2012-05-05-03:00,29
2012-05-05-06:00,36
2012-05-05-09:00,39
2012-05-05-12:00,38
2012-05-05-18:00,30
2012-05-05-21:00,28
2012-05-06-00:00,26
2012-05-06-03:00,29
2012-05-06-09:00,39
2012-05-06-12:00,37
2012-05-06-15:00,32
2012-05-06-18:00,30
2012-05-06-21:00,28
2012-05-07-00:00,25
2012-05-07-03:00,30
2012-05-07-06:00,37
2012-05-07-09:00,40
2012-05-07-12:00,38
2012-05-07-15:00,33
2012-05-07-18:00,31
2012-05-07-21:00,29
2012-05-08-00:00,28
2012-05-08-03:00,30
2012-05-08-06:00,36
2012-05-08-12:00,40
2012-05-08-18:00,32
2012-05-08-21:00,30
2012-05-09-00:00,29
2012-05-09-03:00,32
2012-05-09-06:00,38
2012-05-09-09:00,40
2012-05-09-12:00,40
2012-05-09-15:00,32
2012-05-09-18:00,30
2012-05-09-21:00,28
2012-05-10-00:00,29
2012-05-10-03:00,34
2012-05-10-06:00,40
2012-05-10-09:00,42
2012-05-10-12:00,38
2012-05-10-15:00,33
2012-05-10-18:00,32
2012-05-10-21:00,29
2012-05-11-00:00,27
2012-05-11-03:00,30
2012-05-11-06:00,36
2012-05-11-09:00,39
2012-05-11-12:00,32
2012-05-11-15:00,31
2012-05-11-18:00,30
2012-05-11-21:00,27
2012-05-12-00:00,26
2012-05-12-03:00,30
2012-05-12-09:00,39
2012-05-12-12:00,29
2012-05-12-15:00,25
2012-05-12-18:00,25
2012-05-12-21:00,24
2012-05-13-00:00,25
2012-05-13-03:00,28
2012-05-13-06:00,34
2012-05-13-09:00,37
2012-05-13-12:00,36
2012-05-13-15:00,33
2012-05-13-18:00,31
2012-05-13-21:00,29
2012-05-14-00:00,27
2012-05-14-03:00,29
2012-05-14-06:00,31
2012-05-14-12:00,34
2012-05-14-15:00,28
2012-05-14-18:00,28
2012-05-14-21:00,27
2012-05-15-00:00,28
2012-05-15-03:00,28
2012-05-15-06:00,37
2012-05-15-09:00,39
2012-05-15-12:00,38
2012-05-16-00:00,26
2012-05-16-03:00,33
2012-05-16-09:00,42
2012-05-16-12:00,41
2012-05-16-15:00,34
2012-05-16-18:00,30
2012-05-17-00:00,28
2012-05-17-03:00,32
2012-05-17-06:00,35
2012-05-17-09:00,37
2012-05-17-12:00,38
2012-05-17-15:00,32
2012-05-17-18:00,30
2012-05-17-21:00,29
2012-05-18-03:00,31
2012-05-18-06:00,37
2012-05-18-09:00,40
2012-05-18-12:00,40
2012-05-18-15:00,33
2012-05-18-18:00,33
2012-05-18-21:00,32
2012-05-19-00:00,30
2012-05-19-03:00,32
2012-05-19-06:00,38
2012-05-19-09:00,40
2012-05-19-12:00,40
2012-05-19-15:00,36
2012-05-19-18:00,33
2012-05-19-21:00,31
2012-05-20-00:00,26
2012-05-20-03:00,32
2012-05-20-06:00,38
2012-05-20-09:00,41
2012-05-20-15:00,35
2012-05-20-18:00,30
2012-05-20-21:00,30
2012-05-21-00:00,29
2012-05-21-03:00,33
2012-05-21-06:00,39
2012-05-21-09:00,42
2012-05-21-12:00,40
2012-05-21-15:00,34
2012-05-21-18:00,31
2012-05-21-21:00,29
2012-05-22-03:00,33
2012-05-22-09:00,42
2012-05-22-15:00,34
2012-05-22-18:00,30
2012-05-22-21:00,29
2012-05-23-00:00,27
2012-05-23-03:00,32
2012-05-23-09:00,42
2012-05-23-12:00,41
2012-05-23-15:00,35
2012-05-23-18:00,30
2012-05-23-21:00,29
2012-05-24-00:00,28
2012-05-24-03:00,32
2012-05-24-06:00,40
2012-05-24-09:00,42
2012-05-24-12:00,42
2012-05-24-15:00,36
2012-05-24-21:00,31
2012-05-25-00:00,29
2012-05-25-03:00,35
2012-05-25-06:00,41
2012-05-25-09:00,43
2012-05-25-15:00,36
2012-05-25-18:00,37
2012-05-25-21:00,34
2012-05-26-00:00,34
2012-05-26-03:00,35
2012-05-26-06:00,39
2012-05-26-12:00,41
2012-05-26-15:00,36
2012-05-26-18:00,33
2012-05-26-21:00,33
2012-05-27-00:00,31
2012-05-27-03:00,34
2012-05-27-06:00,40
2012-05-27-09:00,41
2012-05-27-12:00,41
2012-05-27-15:00,36
2012-05-27-18:00,33
2012-05-27-21:00,30
2012-05-28-00:00,27
2012-05-28-03:00,34
2012-05-28-06:00,39
2012-05-28-12:00,41
2012-05-28-15:00,35
2012-05-28-18:00,31
2012-05-28-21:00,29
2012-05-29-00:00,29
2012-05-29-03:00,35
2012-05-29-06:00,41
2012-05-29-09:00,43
2012-05-29-12:00,43
2012-05-29-15:00,36
2012-05-29-18:00,33
2012-05-29-21:00,31
2012-05-30-00:00,29
2012-05-30-03:00,35
2012-05-30-06:00,43
2012-05-30-09:00,45
2012-05-30-12:00,44
2012-05-30-15:00,38
2012-05-30-18:00,34
2012-05-30-21:00,34
2012-05-31-00:00,33
2012-05-31-03:00,38
2012-05-31-06:00,41
2012-05-31-12:00,45
2012-05-31-15:00,38
2012-05-31-18:00,37
2012-05-31-21:00,36
2012-06-01-00:00,35
2012-06-01-03:00,37
2012-06-01-06:00,41
2012-06-01-09:00,44
2012-06-01-12:00,44
2012-06-01-15:00,37
2012-06-01-18:00,35
2012-06-01-21:00,34
2012-06-02-03:00,37
2012-06-02-06:00,41
2012-06-02-09:00,44
2012-06-02-12:00,38
2012-06-02-15:00,35
2012-06-02-18:00,38
2012-06-02-21:00,33
2012-06-03-00:00,31
2012-06-03-03:00,33
2012-06-03-06:00,37
2012-06-03-09:00,42
2012-06-03-15:00,32
2012-06-03-18:00,32
2012-06-03-21:00,31
2012-06-04-03:00,34
2012-06-04-06:00,38
2012-06-04-09:00,41
2012-06-04-12:00,42
2012-06-04-15:00,35
2012-06-04-18:00,32
2012-06-04-21:00,31
2012-06-05-00:00,30
2012-06-05-03:00,35
2012-06-05-06:00,39
2012-06-05-09:00,40
2012-06-05-12:00,30
2012-06-05-15:00,29
2012-06-05-18:00,29
2012-06-05-21:00,27
2012-06-06-00:00,27
2012-06-06-03:00,31
2012-06-06-06:00,36
2012-06-06-09:00,38
2012-06-06-12:00,37
2012-06-06-18:00,30
2012-06-06-21:00,29
2012-06-07-03:00,30
2012-06-07-06:00,35
2012-06-07-12:00,38
2012-06-07-15:00,34
2012-06-07-18:00,32
2012-06-08-00:00,27
2012-06-08-03:00,31
2012-06-08-06:00,36
2012-06-08-12:00,38
2012-06-08-15:00,35
2012-06-08-18:00,33
2012-06-08-21:00,31
2012-06-09-03:00,32
2012-06-09-06:00,39
2012-06-09-12:00,39
2012-06-09-15:00,36
2012-06-09-18:00,35
2012-06-09-21:00,33
2012-06-10-00:00,32
2012-06-10-03:00,34
2012-06-10-09:00,41
2012-06-10-12:00,41
2012-06-10-15:00,37
2012-06-10-18:00,32
2012-06-10-21:00,32
2012-06-11-00:00,30
2012-06-11-03:00,33
2012-06-11-09:00,40
2012-06-11-12:00,41
2012-06-11-18:00,31
2012-06-11-21:00,30
2012-06-12-00:00,29
2012-06-12-03:00,34
2012-06-12-06:00,39
2012-06-12-09:00,41
2012-06-12-12:00,42
2012-06-12-15:00,37
2012-06-12-18:00,36
2012-06-12-21:00,33
2012-06-13-03:00,34
2012-06-13-06:00,40
2012-06-13-09:00,43
2012-06-13-12:00,42
2012-06-13-15:00,39
2012-06-13-18:00,37
2012-06-13-21:00,36
2012-06-14-00:00,33
2012-06-14-03:00,36
2012-06-14-06:00,41
2012-06-14-09:00,41
2012-06-14-12:00,42
2012-06-14-15:00,36
2012-06-14-21:00,34
2012-06-15-00:00,33
2012-06-15-03:00,35
2012-06-15-12:00,42
2012-06-15-15:00,39
2012-06-15-18:00,36.5
2012-06-15-21:00,34
2012-06-16-00:00,33
2012-06-16-03:00,35
2012-06-16-06:00,39
2012-06-16-09:00,42
2012-06-16-12:00,42
2012-06-16-15:00,39
2012-06-16-21:00,35
2012-06-17-03:00,36
2012-06-17-06:00,40
2012-06-17-09:00,43
2012-06-17-12:00,43
2012-06-17-15:00,39
2012-06-17-18:00,37
2012-06-17-21:00,36
2012-06-18-00:00,34
2012-06-18-03:00,30
2012-06-18-06:00,35
2012-06-18-09:00,36
2012-06-18-12:00,34
2012-06-18-15:00,33
2012-06-18-18:00,31
2012-06-18-21:00,29
2012-06-19-00:00,29
2012-06-19-03:00,32
2012-06-19-06:00,38
2012-06-19-09:00,40
2012-06-19-12:00,40
2012-06-19-15:00,36
2012-06-19-18:00,33
2012-06-19-21:00,31
2012-06-20-00:00,32
2012-06-20-03:00,35
2012-06-20-06:00,41
2012-06-20-09:00,43
2012-06-20-12:00,41
2012-06-20-15:00,39
2012-06-20-18:00,36
2012-06-20-21:00,35
2012-06-21-00:00,35
2012-06-21-03:00,35
2012-06-21-06:00,39
2012-06-21-09:00,42
2012-06-21-12:00,42
2012-06-21-15:00,39
2012-06-21-18:00,37
2012-06-22-00:00,33
2012-06-22-03:00,35
2012-06-22-09:00,42
2012-06-22-12:00,43
2012-06-22-18:00,34
2012-06-22-21:00,32
2012-06-23-00:00,32
2012-06-23-03:00,35
2012-06-23-09:00,42
2012-06-23-12:00,42
2012-06-23-15:00,39
2012-06-23-18:00,35
2012-06-23-21:00,35
2012-06-24-00:00,34
2012-06-24-03:00,36
2012-06-24-06:00,39
2012-06-24-09:00,42
2012-06-24-12:00,41
2012-06-24-15:00,39
2012-06-24-18:00,37
2012-06-24-21:00,34
2012-06-25-00:00,32
2012-06-25-03:00,35
2012-06-25-06:00,39
2012-06-25-09:00,42
2012-06-25-12:00,39
2012-06-25-15:00,39
2012-06-25-18:00,37
2012-06-25-21:00,35
2012-06-26-00:00,34
2012-06-26-03:00,35
2012-06-26-06:00,37
2012-06-26-09:00,40
2012-06-26-12:00,40
2012-06-26-15:00,37
2012-06-26-18:00,32
2012-06-26-21:00,31
2012-06-27-00:00,34
2012-06-27-03:00,34
2012-06-27-06:00,37
2012-06-27-09:00,40
2012-06-27-12:00,38
2012-06-27-15:00,35
2012-06-27-21:00,33
2012-06-28-00:00,30
2012-06-28-03:00,35
2012-06-28-06:00,39
2012-06-28-09:00,41
2012-06-28-12:00,41
2012-06-28-15:00,38
2012-06-28-21:00,34
2012-06-29-00:00,33
2012-06-29-03:00,35
2012-06-29-06:00,39
2012-06-29-09:00,42
2012-06-29-12:00,38
2012-06-29-18:00,34
2012-06-30-00:00,32
2012-06-30-03:00,35
2012-06-30-09:00,42
2012-06-30-12:00,42
2012-06-30-15:00,38
2012-06-30-18:00,35
2012-06-30-21:00,33
2012-07-01-00:00,32
2012-07-01-03:00,36
2012-07-01-06:00,41
2012-07-01-09:00,43
2012-07-01-12:00,42
2012-07-01-15:00,38
2012-07-01-18:00,36
2012-07-01-21:00,34
2012-07-02-00:00,33
2012-07-02-03:00,35
2012-07-02-06:00,39
2012-07-02-09:00,41
2012-07-02-12:00,41
2012-07-02-18:00,35
2012-07-02-21:00,35
2012-07-03-00:00,33
2012-07-03-03:00,35
2012-07-03-09:00,36
2012-07-03-12:00,33
2012-07-03-15:00,33
2012-07-04-00:00,33
2012-07-04-03:00,33
2012-07-04-06:00,39
2012-07-04-09:00,41
2012-07-04-12:00,36
2012-07-04-15:00,32
2012-07-04-18:00,31
2012-07-04-21:00,31
2012-07-05-00:00,30
2012-07-05-03:00,32
2012-07-05-06:00,37
2012-07-05-15:00,35
2012-07-05-18:00,32
2012-07-05-21:00,30
2012-07-06-03:00,30
2012-07-06-06:00,35
2012-07-06-12:00,36
2012-07-06-15:00,26
2012-07-06-18:00,25
2012-07-06-21:00,25
2012-07-07-00:00,25
2012-07-07-03:00,25
2012-07-07-06:00,27
2012-07-07-09:00,28
2012-07-07-15:00,28
2012-07-07-18:00,27
2012-07-07-21:00,27
2012-07-08-00:00,27
2012-07-08-03:00,30
2012-07-08-06:00,32
2012-07-08-09:00,32
2012-07-08-12:00,33
2012-07-08-15:00,30
2012-07-08-18:00,29
2012-07-08-21:00,28
2012-07-09-00:00,28
2012-07-09-06:00,28
2012-07-09-09:00,33
2012-07-09-12:00,34
2012-07-09-15:00,32
2012-07-09-18:00,31
2012-07-09-21:00,29
2012-07-10-00:00,29
2012-07-10-03:00,30
2012-07-10-06:00,34
2012-07-10-09:00,35
2012-07-10-12:00,35
2012-07-10-15:00,32
2012-07-10-21:00,28
2012-07-11-00:00,28
2012-07-11-06:00,30
2012-07-11-09:00,33
2012-07-11-12:00,32
2012-07-11-15:00,31
2012-07-11-18:00,30
2012-07-11-21:00,29
2012-07-12-03:00,30
2012-07-12-06:00,32
2012-07-12-09:00,28
2012-07-12-15:00,28
2012-07-12-21:00,28
2012-07-13-00:00,28
2012-07-13-06:00,32
2012-07-13-09:00,35
2012-07-13-12:00,33
2012-07-13-15:00,26
2012-07-13-18:00,27
2012-07-13-21:00,27
2012-07-14-00:00,27
2012-07-14-06:00,30
2012-07-14-09:00,31
2012-07-14-12:00,33
2012-07-14-15:00,31
2012-07-14-18:00,30
2012-07-14-21:00,29
2012-07-15-00:00,29
2012-07-15-03:00,31
2012-07-15-06:00,34
2012-07-15-09:00,36
2012-07-15-12:00,36
2012-07-15-15:00,32
2012-07-15-18:00,30
2012-07-15-21:00,29
2012-07-16-00:00,28
2012-07-16-03:00,32
2012-07-16-09:00,37
2012-07-16-12:00,37
2012-07-16-15:00,31
2012-07-16-21:00,30
2012-07-17-00:00,30
2012-07-17-03:00,31
2012-07-17-06:00,36
2012-07-17-09:00,37
2012-07-17-12:00,38
2012-07-17-15:00,34
2012-07-17-18:00,32
2012-07-17-21:00,31
2012-07-18-00:00,30
2012-07-18-03:00,33
2012-07-18-06:00,38
2012-07-18-15:00,37
2012-07-18-18:00,34
2012-07-18-21:00,33
2012-07-19-00:00,33
2012-07-19-03:00,34
2012-07-19-06:00,37
2012-07-19-09:00,40
2012-07-19-12:00,40
2012-07-19-15:00,36
2012-07-19-18:00,34
2012-07-19-21:00,33
2012-07-20-03:00,34
2012-07-20-06:00,36
2012-07-20-09:00,36
2012-07-20-12:00,34
2012-07-20-15:00,33
2012-07-20-18:00,31
2012-07-20-21:00,30
2012-07-21-00:00,29
2012-07-21-03:00,31
2012-07-21-09:00,36
2012-07-21-12:00,35
2012-07-21-15:00,31
2012-07-21-18:00,31
2012-07-21-21:00,30
2012-07-22-00:00,29
2012-07-22-03:00,32
2012-07-22-06:00,35
2012-07-22-09:00,36
2012-07-22-15:00,34
2012-07-22-18:00,33
2012-07-22-21:00,32
2012-07-23-03:00,32
2012-07-23-06:00,36
2012-07-23-09:00,36
2012-07-23-12:00,35
2012-07-23-15:00,32
2012-07-23-18:00,31
2012-07-23-21:00,30
2012-07-24-00:00,30
2012-07-24-03:00,32
2012-07-24-06:00,36
2012-07-24-09:00,38
2012-07-24-12:00,38
2012-07-24-18:00,30
2012-07-24-21:00,29
2012-07-25-00:00,28
2012-07-25-03:00,30
2012-07-25-06:00,33
2012-07-25-12:00,33
2012-07-25-15:00,31
2012-07-25-18:00,29
2012-07-25-21:00,28
2012-07-26-00:00,28
2012-07-26-03:00,29
2012-07-26-06:00,31
2012-07-26-09:00,32
2012-07-26-15:00,31
2012-07-26-18:00,31
2012-07-26-21:00,30
2012-07-27-00:00,29
2012-07-27-03:00,32
2012-07-27-06:00,35
2012-07-27-15:00,29
2012-07-27-21:00,29
2012-07-28-03:00,30
2012-07-28-06:00,30
2012-07-28-09:00,34
2012-07-28-12:00,34
2012-07-28-15:00,30
2012-07-28-18:00,30
2012-07-28-21:00,29
2012-07-29-03:00,31
2012-07-29-06:00,32
2012-07-29-09:00,30
2012-07-29-12:00,31
2012-07-29-15:00,30
2012-07-29-18:00,29
2012-07-29-21:00,29
2012-07-30-06:00,29
2012-07-30-09:00,30
2012-07-30-12:00,32
2012-07-30-15:00,31
2012-07-30-18:00,30
2012-07-30-21:00,30
2012-07-31-00:00,29
2012-07-31-03:00,26
2012-07-31-06:00,26
2012-07-31-09:00,27
2012-07-31-12:00,28
2012-07-31-15:00,28
2012-07-31-18:00,27
2012-07-31-21:00,27
2012-08-01-03:00,27
2012-08-01-06:00,27
2012-08-01-09:00,28
2012-08-01-12:00,29
2012-08-01-15:00,29
2012-08-01-18:00,28
2012-08-02-00:00,28
2012-08-02-03:00,29
2012-08-02-09:00,37
2012-08-02-12:00,34
2012-08-02-15:00,32
2012-08-02-18:00,31
2012-08-02-21:00,30
2012-08-03-00:00,30
2012-08-03-06:00,34
2012-08-03-09:00,36
2012-08-03-15:00,32
2012-08-03-21:00,29
2012-08-04-00:00,28
2012-08-04-03:00,30
2012-08-04-06:00,31
2012-08-04-09:00,34
2012-08-04-15:00,30
2012-08-04-21:00,29
2012-08-05-00:00,28
2012-08-05-06:00,34
2012-08-05-09:00,35
2012-08-05-15:00,32
2012-08-05-21:00,30
2012-08-06-00:00,29
2012-08-06-03:00,31
2012-08-06-06:00,34
2012-08-06-09:00,34
2012-08-06-12:00,33
2012-08-06-15:00,31
2012-08-06-18:00,29
2012-08-06-21:00,28
2012-08-07-00:00,28
2012-08-07-03:00,29
2012-08-07-06:00,28
2012-08-07-09:00,31
2012-08-07-12:00,32
2012-08-07-15:00,30
2012-08-07-18:00,29
2012-08-07-21:00,29
2012-08-08-00:00,29
2012-08-08-03:00,30
2012-08-08-06:00,34
2012-08-08-09:00,28
2012-08-08-12:00,27
2012-08-08-15:00,27
2012-08-08-21:00,26
2012-08-09-03:00,29
2012-08-09-06:00,31
2012-08-09-09:00,30
2012-08-09-12:00,31
2012-08-09-15:00,29
2012-08-09-18:00,28
2012-08-09-21:00,27
2012-08-10-00:00,27
2012-08-10-06:00,32
2012-08-10-09:00,32
2012-08-10-12:00,33
2012-08-10-15:00,32
2012-08-10-18:00,30
2012-08-11-03:00,30
2012-08-11-06:00,33
2012-08-11-09:00,27
2012-08-11-12:00,27
2012-08-11-15:00,27
2012-08-11-18:00,27
2012-08-11-21:00,26
2012-08-12-00:00,26
2012-08-12-03:00,29
2012-08-12-06:00,33
2012-08-12-09:00,34
2012-08-12-18:00,30
2012-08-12-21:00,29
2012-08-13-00:00,27
2012-08-13-03:00,29
2012-08-13-06:00,31
2012-08-13-09:00,30
2012-08-13-12:00,28
2012-08-13-15:00,28
2012-08-13-21:00,26
2012-08-14-00:00,26
2012-08-14-03:00,28
2012-08-14-06:00,31
2012-08-14-09:00,31
2012-08-14-15:00,29
2012-08-14-18:00,28
2012-08-14-21:00,27
2012-08-15-00:00,27
2012-08-15-03:00,29
2012-08-15-09:00,33
2012-08-15-12:00,32
2012-08-15-15:00,30
2012-08-15-18:00,29
2012-08-15-21:00,27
2012-08-16-00:00,26
2012-08-16-12:00,32
2012-08-16-15:00,30
2012-08-16-18:00,29
2012-08-16-21:00,28
2012-08-17-00:00,27
2012-08-17-03:00,29
2012-08-17-06:00,32
2012-08-17-09:00,34
2012-08-17-12:00,35
2012-08-18-00:00,29
2012-08-18-03:00,30
2012-08-18-09:00,34
2012-08-18-12:00,35
2012-08-18-15:00,33
2012-08-18-18:00,32
2012-08-18-21:00,31
2012-08-19-03:00,31
2012-08-19-06:00,32
2012-08-19-18:00,30
2012-08-19-21:00,29
2012-08-20-00:00,28
2012-08-20-03:00,30
2012-08-20-06:00,33
2012-08-20-12:00,28
2012-08-20-15:00,28
2012-08-20-18:00,27
2012-08-20-21:00,27
2012-08-21-00:00,27
2012-08-21-03:00,26
2012-08-21-09:00,28
2012-08-21-12:00,29
2012-08-21-18:00,27
2012-08-21-21:00,27
2012-08-22-00:00,26
2012-08-22-03:00,28
2012-08-22-06:00,32
2012-08-22-09:00,32
2012-08-22-12:00,28
2012-08-22-15:00,27
2012-08-22-18:00,26
2012-08-22-21:00,26
2012-08-23-00:00,26
2012-08-23-03:00,26
2012-08-23-06:00,30
2012-08-23-09:00,28
2012-08-23-12:00,30
2012-08-23-15:00,28
2012-08-23-21:00,26
2012-08-24-00:00,26
2012-08-24-03:00,27
2012-08-24-09:00,30
2012-08-24-12:00,28
2012-08-24-15:00,27
2012-08-24-18:00,27
2012-08-24-21:00,26
2012-08-25-00:00,26
2012-08-25-09:00,28
2012-08-25-12:00,28
2012-08-25-15:00,27
2012-08-25-18:00,27
2012-08-25-21:00,26
2012-08-26-03:00,27
2012-08-26-06:00,30
2012-08-26-09:00,32
2012-08-26-15:00,28
2012-08-26-21:00,27
2012-08-27-03:00,28
2012-08-27-09:00,33
2012-08-27-12:00,30
2012-08-27-15:00,26
2012-08-27-18:00,27
2012-08-27-21:00,26
2012-08-28-00:00,26
2012-08-28-03:00,28
2012-08-28-06:00,31
2012-08-28-09:00,30
2012-08-28-15:00,27
2012-08-28-18:00,27
2012-08-28-21:00,26
2012-08-29-00:00,25
2012-08-29-03:00,24
2012-08-29-09:00,30
2012-08-29-12:00,31
2012-08-29-15:00,28
2012-08-29-18:00,28
2012-08-29-21:00,27
2012-08-30-00:00,27
2012-08-30-03:00,26
2012-08-30-06:00,28
2012-08-30-12:00,30
2012-08-30-15:00,27
2012-08-30-18:00,26
2012-08-30-21:00,26
2012-08-31-00:00,25
2012-08-31-03:00,28
2012-08-31-06:00,32
2012-08-31-09:00,33
2012-08-31-12:00,33
2012-08-31-15:00,30
2012-08-31-21:00,28
2012-09-01-00:00,28
2012-09-01-03:00,30
2012-09-01-06:00,33
2012-09-01-09:00,34
2012-09-01-12:00,34
2012-09-01-15:00,31
2012-09-01-21:00,29
2012-09-02-00:00,29
2012-09-02-06:00,35
2012-09-02-09:00,31
2012-09-02-12:00,28
2012-09-02-15:00,28
2012-09-02-18:00,27
2012-09-02-21:00,27
2012-09-03-00:00,26
2012-09-03-06:00,32
2012-09-03-12:00,33
2012-09-03-15:00,30
2012-09-03-18:00,29
2012-09-03-21:00,28
2012-09-04-03:00,28
2012-09-04-09:00,32
2012-09-04-15:00,30
2012-09-04-18:00,29
2012-09-04-21:00,28
2012-09-05-00:00,27
2012-09-05-03:00,29
2012-09-05-06:00,33
2012-09-05-09:00,34
2012-09-05-12:00,33
2012-09-05-15:00,30
2012-09-05-21:00,29
2012-09-06-00:00,27
2012-09-06-03:00,29
2012-09-06-06:00,32
2012-09-06-09:00,33
2012-09-06-12:00,33
2012-09-06-15:00,28
2012-09-06-18:00,29
2012-09-07-00:00,27
2012-09-07-03:00,27
2012-09-07-06:00,30
2012-09-07-12:00,31
2012-09-07-15:00,29
2012-09-07-21:00,27
2012-09-08-00:00,25
2012-09-08-03:00,26
2012-09-08-09:00,33
2012-09-08-12:00,32
2012-09-08-15:00,29
2012-09-08-21:00,28
2012-09-09-03:00,29
2012-09-09-06:00,33
2012-09-09-09:00,35
2012-09-09-12:00,34
2012-09-09-15:00,30
2012-09-09-18:00,30
2012-09-09-21:00,28
2012-09-10-00:00,28
2012-09-10-03:00,31
2012-09-10-09:00,36
2012-09-10-12:00,34
2012-09-10-15:00,32
2012-09-10-18:00,30
2012-09-10-21:00,29
2012-09-11-00:00,29
2012-09-11-03:00,30
2012-09-11-06:00,32
2012-09-11-09:00,34
2012-09-11-12:00,32
2012-09-11-15:00,30
2012-09-11-18:00,29
2012-09-11-21:00,28
2012-09-12-00:00,28
2012-09-12-03:00,30
2012-09-12-09:00,33
2012-09-12-15:00,29
2012-09-12-18:00,29
2012-09-13-00:00,28
2012-09-13-03:00,29
2012-09-13-06:00,32
2012-09-13-09:00,35
2012-09-13-12:00,32
2012-09-13-15:00,30
2012-09-13-18:00,29
2012-09-13-21:00,28
2012-09-14-00:00,28
2012-09-14-03:00,29
2012-09-14-06:00,31
2012-09-14-09:00,29
2012-09-14-12:00,29
2012-09-14-18:00,26
2012-09-14-21:00,26
2012-09-15-00:00,25
2012-09-15-03:00,27
2012-09-15-06:00,32
2012-09-15-09:00,32
2012-09-15-12:00,32
2012-09-15-15:00,27
2012-09-15-18:00,26
2012-09-15-21:00,25
2012-09-16-00:00,26
2012-09-16-03:00,28
2012-09-16-06:00,31
2012-09-16-09:00,32
2012-09-16-12:00,32
2012-09-16-15:00,30
2012-09-16-21:00,28
2012-09-17-00:00,27
2012-09-17-03:00,28
2012-09-17-09:00,31
2012-09-17-12:00,29
2012-09-17-15:00,28
2012-09-17-18:00,27
2012-09-17-21:00,27
2012-09-18-00:00,26
2012-09-18-03:00,27
2012-09-18-06:00,29
2012-09-18-09:00,30
2012-09-18-12:00,28
2012-09-18-15:00,28
2012-09-18-18:00,27
2012-09-18-21:00,26
2012-09-19-03:00,27
2012-09-19-06:00,31
2012-09-19-09:00,33
2012-09-19-12:00,31
2012-09-19-15:00,29
2012-09-19-18:00,27
2012-09-19-21:00,26
2012-09-20-00:00,25
2012-09-20-03:00,27
2012-09-20-06:00,31
2012-09-20-09:00,33
2012-09-20-12:00,31
2012-09-20-15:00,29
2012-09-20-18:00,27
2012-09-20-21:00,26
2012-09-21-03:00,27
2012-09-21-06:00,31
2012-09-21-09:00,33
2012-09-21-12:00,32
2012-09-21-15:00,28
2012-09-21-18:00,26
2012-09-21-21:00,25
2012-09-22-03:00,27
2012-09-22-06:00,33
2012-09-22-09:00,35
2012-09-22-12:00,33
2012-09-22-15:00,28
2012-09-22-18:00,26
2012-09-22-21:00,25
2012-09-23-03:00,26
2012-09-23-06:00,32
2012-09-23-09:00,35
2012-09-23-12:00,33
2012-09-23-18:00,25
2012-09-23-21:00,24
2012-09-24-00:00,24
2012-09-24-03:00,26
2012-09-24-06:00,32
2012-09-24-09:00,34
2012-09-24-12:00,33
2012-09-24-15:00,29
2012-09-24-18:00,26
2012-09-24-21:00,25
2012-09-25-00:00,24
2012-09-25-03:00,26
2012-09-25-06:00,32
2012-09-25-09:00,34
2012-09-25-18:00,26
2012-09-26-00:00,24
2012-09-26-06:00,33
2012-09-26-09:00,34
2012-09-26-15:00,28
2012-09-26-21:00,25
2012-09-27-00:00,24
2012-09-27-03:00,26
2012-09-27-06:00,32
2012-09-27-09:00,34
2012-09-27-15:00,28
2012-09-27-18:00,26
2012-09-27-21:00,25
2012-09-28-00:00,24
2012-09-28-03:00,26
2012-09-28-09:00,35
2012-09-28-12:00,32
2012-09-28-15:00,27
2012-09-28-18:00,25
2012-09-28-21:00,25
2012-09-29-00:00,23
2012-09-29-06:00,32
2012-09-29-09:00,34
2012-09-29-12:00,32
2012-09-29-15:00,28
2012-09-29-21:00,24
2012-09-30-00:00,23
2012-09-30-06:00,32
2012-09-30-12:00,33
2012-09-30-15:00,27
2012-09-30-18:00,25
2012-09-30-21:00,23
2012-10-01-00:00,22
2012-10-01-03:00,25
2012-10-01-09:00,34
2012-10-01-18:00,26
2012-10-02-03:00,25
2012-10-02-06:00,31
2012-10-02-09:00,34
2012-10-02-12:00,32
2012-10-02-15:00,27
2012-10-02-18:00,27
2012-10-02-20:30,35
2012-10-02-21:00,26
2012-10-03-03:00,27
2012-10-03-06:00,33
2012-10-03-15:00,27
2012-10-03-18:00,25
2012-10-03-21:00,24
2012-10-04-03:00,26
2012-10-04-06:00,32
2012-10-04-09:00,36
2012-10-04-12:00,34
2012-10-05-00:00,22
2012-10-05-03:00,24
2012-10-05-09:00,36
2012-10-05-12:00,33
2012-10-05-15:00,25
2012-10-05-21:00,23
2012-10-06-00:00,20
2012-10-06-03:00,24
2012-10-06-06:00,33
2012-10-06-12:00,33
2012-10-06-15:00,26
2012-10-06-18:00,23
2012-10-06-21:00,22
2012-10-07-00:00,22
2012-10-07-03:00,24
2012-10-07-06:00,32
2012-10-07-09:00,34
2012-10-07-12:00,32
2012-10-07-15:00,26
2012-10-07-18:00,23
2012-10-07-21:00,22
2012-10-08-00:00,20
2012-10-08-03:00,24
2012-10-08-15:00,25
2012-10-08-18:00,23
2012-10-08-21:00,21
2012-10-09-00:00,21
2012-10-09-03:00,24
2012-10-09-12:00,31
2012-10-09-15:00,25
2012-10-09-18:00,23
2012-10-09-21:00,21
2012-10-10-00:00,20
2012-10-10-03:00,24
2012-10-10-09:00,33
2012-10-10-15:00,25
2012-10-10-18:00,23
2012-10-10-21:00,22
2012-10-11-00:00,21
2012-10-11-03:00,23
2012-10-11-06:00,31
2012-10-11-09:00,33
2012-10-11-12:00,30
2012-10-11-15:00,24
2012-10-11-18:00,23
2012-10-12-09:00,34
2012-10-12-18:00,23
2012-10-12-21:00,22
2012-10-13-00:00,20
2012-10-13-03:00,23
2012-10-13-06:00,32
2012-10-13-15:00,25
2012-10-13-18:00,23
2012-10-13-21:00,22
2012-10-14-03:00,24
2012-10-14-09:00,35
2012-10-14-12:00,33
2012-10-14-15:00,26
2012-10-14-18:00,24
2012-10-14-21:00,22
2012-10-15-00:00,21
2012-10-15-03:00,25
2012-10-15-06:00,31
2012-10-15-09:00,34
2012-10-15-12:00,31
2012-10-15-15:00,28
2012-10-15-18:00,24
2012-10-15-21:00,22
2012-10-16-00:00,20
2012-10-16-03:00,22
2012-10-16-06:00,30
2012-10-16-09:00,31
2012-10-16-12:00,30
2012-10-16-15:00,25
2012-10-16-18:00,23
2012-10-16-21:00,21
2012-10-17-00:00,20
2012-10-17-03:00,23
2012-10-17-06:00,29
2012-10-17-09:00,32
2012-10-17-15:00,25
2012-10-17-18:00,23
2012-10-17-21:00,22
2012-10-18-00:00,20
2012-10-18-03:00,22
2012-10-18-06:00,30
2012-10-18-09:00,32
2012-10-18-12:00,29
2012-10-18-15:00,24
2012-10-18-18:00,21
2012-10-19-00:00,19
2012-10-19-03:00,22
2012-10-19-06:00,28
2012-10-19-12:00,29
2012-10-19-15:00,23
2012-10-19-18:00,21
2012-10-19-21:00,20
2012-10-20-00:00,19
2012-10-20-03:00,21
2012-10-20-06:00,29
2012-10-20-18:00,21
2012-10-20-21:00,20
2012-10-21-03:00,21
2012-10-21-06:00,29
2012-10-21-12:00,28
2012-10-21-18:00,20
2012-10-22-06:00,30
2012-10-22-09:00,31
2012-10-22-15:00,23
2012-10-22-18:00,21
2012-10-22-21:00,19
2012-10-23-00:00,19
2012-10-23-03:00,21
2012-10-23-06:00,29
2012-10-23-12:00,21
2012-10-23-15:00,21
2012-10-24-03:00,19
2012-10-24-06:00,27
2012-10-24-09:00,28
2012-10-24-12:00,26
2012-10-24-15:00,20
2012-10-25-00:00,16
2012-10-25-03:00,18
2012-10-25-06:00,25
2012-10-25-09:00,27
2012-10-25-15:00,21
2012-10-25-18:00,19
2012-10-25-21:00,17
2012-10-26-03:00,18
2012-10-26-09:00,29
2012-10-26-12:00,26
2012-10-26-18:00,17
2012-10-26-21:00,16
2012-10-27-03:00,18
2012-10-27-09:00,29
2012-10-27-12:00,25
2012-10-27-15:00,20
2012-10-27-21:00,17
2012-10-28-03:00,17
2012-10-28-06:00,26
2012-10-28-12:00,22.5
2012-10-28-15:00,19
2012-10-28-18:00,17
2012-10-29-00:00,16
2012-10-29-06:00,26
2012-10-29-09:00,29
2012-10-29-12:00,26
2012-10-29-15:00,21
2012-10-29-18:00,19
2012-10-29-21:00,18
2012-10-30-03:00,17
2012-10-30-06:00,25
2012-10-30-09:00,29
2012-10-30-12:00,26
2012-10-30-21:00,17
2012-10-31-00:00,16
2012-10-31-03:00,17
2012-10-31-06:00,26
2012-10-31-09:00,28
2012-10-31-12:00,27
2012-10-31-18:00,18
2012-10-31-21:00,17
2012-11-01-00:00,16
2012-11-01-03:00,18
2012-11-01-06:00,25
2012-11-01-09:00,28
2012-11-01-15:00,20
2012-11-01-18:00,18
2012-11-01-21:00,17
2012-11-02-00:00,17
2012-11-02-03:00,18
2012-11-02-06:00,23
2012-11-02-12:00,25
2012-11-02-18:00,18
2012-11-03-00:00,17
2012-11-03-03:00,18
2012-11-03-06:00,26
2012-11-03-21:00,17
2012-11-04-00:00,17
2012-11-04-03:00,18
2012-11-04-06:00,24
2012-11-04-09:00,26
2012-11-04-12:00,24
2012-11-04-15:00,19
2012-11-04-18:00,18
2012-11-04-21:00,17
2012-11-05-00:00,16
2012-11-05-03:00,17
2012-11-05-06:00,25
2012-11-05-12:00,24
2012-11-05-15:00,19
2012-11-05-18:00,17
2012-11-05-21:00,16
2012-11-06-00:00,15
2012-11-06-03:00,16
2012-11-06-06:00,25
2012-11-06-09:00,27
2012-11-06-12:00,23
2012-11-06-18:00,17
2012-11-06-21:00,16
2012-11-07-00:00,15
2012-11-07-06:00,26
2012-11-07-09:00,29
2012-11-07-12:00,26
2012-11-07-15:00,19
2012-11-07-18:00,17
2012-11-07-21:00,16
2012-11-08-00:00,15
2012-11-08-03:00,17
2012-11-08-06:00,24
2012-11-08-09:00,28
2012-11-08-12:00,26
2012-11-08-15:00,18
2012-11-08-18:00,16
2012-11-08-21:00,15
2012-11-09-03:00,16
2012-11-09-06:00,26
2012-11-09-09:00,30
2012-11-09-15:00,19
2012-11-09-21:00,16
2012-11-10-00:00,15
2012-11-10-03:00,17
2012-11-10-06:00,26
2012-11-10-09:00,30
2012-11-10-15:00,22
2012-11-10-21:00,17
2012-11-11-03:00,17
2012-11-11-06:00,27
2012-11-11-12:00,25
2012-11-11-15:00,20
2012-11-11-18:00,18
2012-11-11-21:00,16
2012-11-12-00:00,15
2012-11-12-03:00,17
2012-11-12-06:00,26
2012-11-12-09:00,29
2012-11-12-12:00,25
2012-11-12-15:00,20
2012-11-12-21:00,16
2012-11-13-03:00,15
2012-11-13-12:00,23
2012-11-13-15:00,17
2012-11-13-18:00,15
2012-11-13-21:00,14
2012-11-14-00:00,14
2012-11-14-03:00,16
2012-11-14-06:00,24
2012-11-14-09:00,27
2012-11-14-12:00,23
2012-11-14-15:00,17
2012-11-14-21:00,14
2012-11-15-00:00,14
2012-11-15-03:00,15
2012-11-15-06:00,23
2012-11-15-09:00,27
2012-11-15-12:00,23
2012-11-15-15:00,17
2012-11-15-18:00,16
2012-11-16-00:00,14
2012-11-16-06:00,23
2012-11-16-09:00,27
2012-11-16-21:00,14
2012-11-17-00:00,12
2012-11-17-03:00,13
2012-11-17-09:00,27
2012-11-17-15:00,17
2012-11-17-21:00,13
2012-11-18-00:00,12
2012-11-18-09:00,28
2012-11-18-12:00,23
2012-11-18-18:00,16
2012-11-19-00:00,13
2012-11-19-03:00,14
2012-11-19-06:00,25
2012-11-19-09:00,27
2012-11-19-18:00,16
2012-11-19-21:00,14
2012-11-20-00:00,13
2012-11-20-03:00,15
2012-11-20-06:00,24
2012-11-20-09:00,27
2012-11-20-12:00,25
2012-11-20-18:00,14
2012-11-21-00:00,11
2012-11-21-03:00,13
2012-11-21-06:00,23
2012-11-21-09:00,26
2012-11-21-12:00,22
2012-11-21-15:00,15
2012-11-21-21:00,12
2012-11-22-00:00,11
2012-11-22-03:00,14
2012-11-22-06:00,24
2012-11-22-09:00,25
2012-11-22-15:00,16
2012-11-22-18:00,13
2012-11-23-00:00,10
2012-11-23-06:00,24
2012-11-23-12:00,21
2012-11-23-15:00,15
2012-11-23-21:00,11
2012-11-24-03:00,12
2012-11-24-06:00,24
2012-11-24-09:00,25
2012-11-24-12:00,22
2012-11-24-15:00,16
2012-11-24-21:00,13
2012-11-25-00:00,12
2012-11-25-03:00,13
2012-11-25-06:00,23
2012-11-25-15:00,15
2012-11-25-18:00,14
2012-11-25-21:00,12
2012-11-26-00:00,11
2012-11-26-03:00,15
2012-11-26-06:00,23
2012-11-26-09:00,25
2012-11-26-12:00,21
2012-11-26-15:00,15
2012-11-26-18:00,13
2012-11-26-21:00,12
2012-11-27-03:00,15
2012-11-27-06:00,23
2012-11-27-09:00,25
2012-11-27-12:00,21
2012-11-27-15:00,14
2012-11-27-18:00,14
2012-11-27-21:00,10
2012-11-28-00:00,10
2012-11-28-03:00,13
2012-11-28-06:00,23
2012-11-28-09:00,25
2012-11-28-12:00,21
2012-11-28-18:00,13
2012-11-28-21:00,11
2012-11-29-00:00,10
2012-11-29-03:00,13
2012-11-29-09:00,27
2012-11-29-12:00,23
2012-11-29-15:00,18
2012-11-30-03:00,13
2012-11-30-06:00,20
2012-11-30-09:00,21
2012-11-30-12:00,19
2012-11-30-15:00,15
2012-11-30-18:00,14
2012-11-30-21:00,13
2012-12-01-00:00,11
2012-12-01-06:00,20
2012-12-01-09:00,23
2012-12-01-12:00,20
2012-12-01-15:00,12
2012-12-01-21:00,10
2012-12-02-03:00,11
2012-12-02-06:00,20
2012-12-02-09:00,24
2012-12-02-12:00,20
2012-12-02-15:00,13
2012-12-02-21:00,10
2012-12-03-00:00,8
2012-12-03-03:00,10
2012-12-03-06:00,21
2012-12-03-09:00,23
2012-12-03-12:00,21
2012-12-03-15:00,12
2012-12-03-18:00,10
2012-12-03-21:00,8
2012-12-04-03:00,10
2012-12-04-09:00,24
2012-12-04-12:00,20
2012-12-04-18:00,12
2012-12-04-21:00,10
2012-12-05-00:00,10
2012-12-05-06:00,21
2012-12-05-09:00,24
2012-12-05-12:00,20
2012-12-05-21:00,10
2012-12-06-06:00,21
2012-12-06-09:00,25
2012-12-06-12:00,23
2012-12-06-15:00,16
2012-12-06-21:00,11
2012-12-07-00:00,11
2012-12-07-03:00,13
2012-12-07-06:00,23
2012-12-07-09:00,26
2012-12-07-15:00,19
2012-12-07-18:00,14
2012-12-07-21:00,12
2012-12-08-03:00,13
2012-12-08-06:00,23
2012-12-08-12:00,22
2012-12-08-15:00,14
2012-12-08-18:00,13
2012-12-08-21:00,11
2012-12-09-03:00,12
2012-12-09-06:00,24
2012-12-09-09:00,28
2012-12-09-12:00,22
2012-12-09-15:00,15
2012-12-09-18:00,13
2012-12-09-21:00,12
2012-12-10-00:00,11
2012-12-10-03:00,13
2012-12-10-06:00,24
2012-12-10-09:00,27
2012-12-10-12:00,23
2012-12-10-18:00,14
2012-12-10-21:00,14
2012-12-11-00:00,13
2012-12-11-03:00,15
2012-12-11-06:00,17
2012-12-11-09:00,16
2012-12-11-12:00,17
2012-12-11-15:00,15
2012-12-11-18:00,12
2012-12-11-21:00,10
2012-12-12-00:00,10
2012-12-12-03:00,10
2012-12-12-06:00,21
2012-12-12-09:00,22
2012-12-12-15:00,16
2012-12-12-21:00,14
2012-12-13-00:00,14
2012-12-13-03:00,14
2012-12-13-06:00,22
2012-12-13-09:00,25
2012-12-13-15:00,19
2012-12-13-18:00,19
2012-12-14-03:00,15
2012-12-14-06:00,18
2012-12-14-09:00,22
2012-12-14-12:00,21
2012-12-14-15:00,17
2012-12-14-18:00,16
2012-12-14-21:00,16
2012-12-15-03:00,15
2012-12-15-06:00,21
2012-12-15-09:00,25
2012-12-15-12:00,21
2012-12-15-15:00,17
2012-12-15-18:00,15
2012-12-15-21:00,15
2012-12-16-03:00,16
2012-12-16-06:00,21
2012-12-16-12:00,19
2012-12-16-15:00,16
2012-12-16-18:00,15
2012-12-16-21:00,14
2012-12-17-00:00,13
2012-12-17-03:00,13
2012-12-17-06:00,19
2012-12-17-09:00,22
2012-12-17-12:00,19
2012-12-17-18:00,15
2012-12-18-00:00,12
2012-12-18-03:00,13
2012-12-18-06:00,20
2012-12-18-09:00,24
2012-12-18-15:00,17
2012-12-18-21:00,14
2012-12-19-00:00,13
2012-12-19-06:00,19
2012-12-19-09:00,22
2012-12-19-18:00,14
2012-12-19-21:00,13
2012-12-20-00:00,11
2012-12-20-03:00,12
2012-12-20-09:00,21
2012-12-20-18:00,11
2012-12-20-21:00,10
2012-12-21-00:00,9
2012-12-21-03:00,11
2012-12-21-06:00,19
2012-12-21-09:00,22
2012-12-21-12:00,19
2012-12-21-15:00,12
2012-12-21-21:00,9
2012-12-22-03:00,9
2012-12-22-09:00,22
2012-12-22-12:00,19
2012-12-22-15:00,11
2012-12-22-18:00,10
2012-12-22-21:00,8
2012-12-23-06:00,12
2012-12-23-09:00,17
2012-12-23-12:00,15
2012-12-23-15:00,11
2012-12-23-18:00,11
2012-12-23-21:00,9
2012-12-24-00:00,9
2012-12-24-03:00,9
2012-12-24-09:00,19
2012-12-24-12:00,16
2012-12-24-21:00,7
2012-12-25-00:00,10
2012-12-25-03:00,8
2012-12-25-06:00,11
2012-12-25-09:00,16
2012-12-25-15:00,10
2012-12-25-18:00,11
2012-12-25-21:00,10
2012-12-26-03:00,9
2012-12-26-06:00,12
2012-12-26-09:00,18
2012-12-26-12:00,15
2012-12-26-15:00,12
2012-12-26-18:00,11
2012-12-27-00:00,10
2012-12-27-15:00,11
2012-12-27-21:00,8
2012-12-28-00:00,8
2012-12-28-03:00,8
2012-12-28-06:00,12
2012-12-28-15:00,12
2012-12-28-18:00,12
2012-12-29-03:00,11
2012-12-29-06:00,18
2012-12-29-09:00,21
2012-12-29-15:00,13
2012-12-29-18:00,11
2012-12-30-03:00,9
2012-12-30-06:00,16
2012-12-30-09:00,17
2012-12-30-12:00,15
2012-12-30-15:00,9
2012-12-30-18:00,8
2012-12-30-21:00,8
2012-12-31-03:00,7
2012-12-31-06:00,11
2012-12-31-09:00,13
2013-01-01-03:00,7
2013-01-01-06:00,9
2013-01-01-09:00,14
2013-01-01-12:00,13
2013-01-01-15:00,10
2013-01-01-21:00,7
2013-01-02-03:00,7
2013-01-02-06:00,8
2013-01-02-12:00,9
2013-01-02-15:00,7
2013-01-02-18:00,6
2013-01-03-00:00,7
2013-01-03-03:00,7
2013-01-03-09:00,13
2013-01-03-15:00,7
2013-01-03-18:00,5
2013-01-03-21:00,4
2013-01-04-03:00,4
2013-01-04-06:00,10
2013-01-04-09:00,15
2013-01-04-12:00,13
2013-01-04-15:00,6
2013-01-04-21:00,4
2013-01-05-00:00,5
2013-01-05-03:00,5
2013-01-05-09:00,12
2013-01-05-15:00,6
2013-01-05-18:00,4
2013-01-05-21:00,4
2013-01-06-03:00,5
2013-01-06-09:00,11
2013-01-06-12:00,9
2013-01-06-15:00,6
2013-01-06-21:00,4
2013-01-07-03:00,4
2013-01-07-06:00,7
2013-01-07-09:00,13
2013-01-07-15:00,7
2013-01-07-21:00,4
2013-01-08-03:00,4
2013-01-08-06:00,9
2013-01-08-09:00,14
2013-01-08-12:00,13
2013-01-08-15:00,9
2013-01-08-18:00,7
2013-01-08-21:00,6
2013-01-09-03:00,6
2013-01-09-09:00,21
2013-01-09-12:00,18
2013-01-09-21:00,11
2013-01-10-00:00,9
2013-01-10-18:00,13
2013-01-10-21:00,11
2013-01-11-03:00,11
2013-01-11-06:00,18
2013-01-11-09:00,22
2013-01-11-12:00,20
2013-01-11-15:00,15
2013-01-11-18:00,13
2013-01-11-21:00,11
2013-01-12-00:00,8
2013-01-12-03:00,10
2013-01-12-09:00,15.5
2013-01-12-12:00,21
2013-01-12-15:00,16
2013-01-12-18:00,15
2013-01-12-21:00,14
2013-01-13-00:00,12
2013-01-13-03:00,12
2013-01-13-06:00,19
2013-01-13-09:00,23
2013-01-13-15:00,16
2013-01-13-21:00,13
2013-01-14-00:00,12
2013-01-14-03:00,11
2013-01-14-06:00,13
2013-01-14-12:00,19
2013-01-14-15:00,13
2013-01-14-21:00,9
2013-01-15-00:00,8
2013-01-15-03:00,9
2013-01-15-06:00,18
2013-01-15-09:00,22
2013-01-15-12:00,21
2013-01-15-15:00,14
2013-01-15-21:00,11
2013-01-16-00:00,10
2013-01-16-03:00,10
2013-01-16-12:00,21
2013-01-16-15:00,15
2013-01-16-18:00,14
2013-01-16-21:00,13
2013-01-17-03:00,16
2013-01-17-06:00,18
2013-01-17-09:00,21
2013-01-17-15:00,16
2013-01-17-18:00,15
2013-01-17-21:00,13
2013-01-18-00:00,13
2013-01-18-03:00,13
2013-01-18-06:00,14
2013-01-18-09:00,16
2013-01-18-12:00,14
2013-01-18-15:00,13
2013-01-19-03:00,10
2013-01-19-06:00,16
2013-01-19-09:00,18
2013-01-19-15:00,12
2013-01-19-18:00,10
2013-01-19-21:00,9
2013-01-20-00:00,9
2013-01-20-03:00,8
2013-01-20-06:00,13
2013-01-20-09:00,17
2013-01-20-15:00,12
2013-01-20-18:00,11
2013-01-20-21:00,9
2013-01-21-03:00,8
2013-01-21-12:00,17
2013-01-21-15:00,12
2013-01-21-18:00,10
2013-01-21-21:00,9
2013-01-22-00:00,6
2013-01-22-03:00,7
2013-01-22-06:00,17
2013-01-22-15:00,11
2013-01-22-18:00,9
2013-01-22-21:00,7
2013-01-23-06:00,17
2013-01-23-09:00,20
2013-01-23-12:00,18
2013-01-23-15:00,11
2013-01-23-18:00,9
2013-01-23-21:00,9
2013-01-24-00:00,7
2013-01-24-03:00,8
2013-01-24-06:00,18
2013-01-24-09:00,20
2013-01-24-12:00,19
2013-01-24-15:00,11
2013-01-25-03:00,9
2013-01-25-06:00,18
2013-01-25-15:00,12
2013-01-25-18:00,10
2013-01-26-00:00,8
2013-01-26-03:00,9
2013-01-26-06:00,17
2013-01-26-12:00,19
2013-01-26-15:00,14
2013-01-26-21:00,9
2013-01-27-00:00,8
2013-01-27-03:00,9
2013-01-27-09:00,22
2013-01-27-12:00,20
2013-01-27-15:00,12
2013-01-27-18:00,10
2013-01-27-21:00,9
2013-01-28-03:00,10
2013-01-28-06:00,18
2013-01-28-09:00,21
2013-01-28-12:00,20
2013-01-28-15:00,12
2013-01-28-21:00,8
2013-01-29-00:00,8
2013-01-29-03:00,11
2013-01-29-06:00,20
2013-01-29-09:00,23
2013-01-29-12:00,21
2013-01-29-15:00,12
2013-01-29-18:00,10
2013-01-29-21:00,8
2013-01-30-00:00,7
2013-01-30-03:00,8
2013-01-30-06:00,21
2013-01-30-09:00,24
2013-01-30-12:00,21
2013-01-30-18:00,12
2013-01-30-21:00,10
2013-01-31-03:00,9
2013-01-31-06:00,18
2013-01-31-09:00,22
2013-01-31-12:00,20
2013-01-31-18:00,12
2013-02-01-00:00,9
2013-02-01-09:00,23
2013-02-01-12:00,21
2013-02-01-15:00,15
2013-02-01-21:00,12
2013-02-02-00:00,13
2013-02-02-03:00,15
2013-02-02-06:00,21
2013-02-02-09:00,24
2013-02-02-15:00,16
2013-02-02-18:00,13
2013-02-02-21:00,12
2013-02-03-00:00,11
2013-02-03-03:00,12
2013-02-03-09:00,26
2013-02-03-12:00,22
2013-02-03-15:00,19
2013-02-03-18:00,18
2013-02-03-21:00,18
2013-02-04-00:00,17
2013-02-04-03:00,18
2013-02-04-06:00,19
2013-02-04-09:00,18
2013-02-04-12:00,18
2013-02-04-15:00,17
2013-02-04-21:00,15
2013-02-05-00:00,15
2013-02-05-03:00,16
2013-02-05-06:00,16
2013-02-05-09:00,17
2013-02-05-12:00,18
2013-02-05-15:00,17
2013-02-05-18:00,17
2013-02-05-21:00,17
2013-02-06-03:00,17
2013-02-06-06:00,17
2013-02-06-09:00,20
2013-02-06-12:00,19
2013-02-06-15:00,15
2013-02-06-21:00,12
2013-02-07-03:00,11
2013-02-07-06:00,18
2013-02-07-09:00,20
2013-02-07-12:00,19
2013-02-07-21:00,10
2013-02-08-00:00,10
2013-02-08-03:00,10
2013-02-08-06:00,18
2013-02-08-12:00,20
2013-02-08-15:00,15
2013-02-08-18:00,13
2013-02-08-21:00,12
2013-02-09-00:00,11
2013-02-09-03:00,11
2013-02-09-06:00,18
2013-02-09-09:00,22
2013-02-09-12:00,21
2013-02-09-15:00,14
2013-02-09-18:00,11
2013-02-10-00:00,8
2013-02-10-03:00,10
2013-02-10-06:00,20
2013-02-10-09:00,23
2013-02-10-12:00,21
2013-02-10-15:00,15
2013-02-10-18:00,13
2013-02-10-21:00,12
2013-02-11-00:00,10
2013-02-11-03:00,10
2013-02-11-06:00,20
2013-02-11-09:00,23
2013-02-11-12:00,22
2013-02-11-15:00,16
2013-02-11-18:00,14
2013-02-11-21:00,12
2013-02-12-00:00,11
2013-02-12-03:00,12
2013-02-12-06:00,19
2013-02-12-09:00,23
2013-02-12-15:00,15
2013-02-12-21:00,12
2013-02-13-00:00,12
2013-02-13-03:00,12
2013-02-13-06:00,21
2013-02-13-12:00,23
2013-02-13-15:00,17
2013-02-13-18:00,15
2013-02-13-21:00,14
2013-02-14-00:00,12
2013-02-14-03:00,14
2013-02-14-06:00,23
2013-02-14-12:00,24
2013-02-14-15:00,17
2013-02-14-21:00,14
2013-02-15-00:00,16
2013-02-15-03:00,16
2013-02-15-06:00,23
2013-02-15-09:00,21
2013-02-15-12:00,20
2013-02-15-15:00,19
2013-02-16-00:00,15
2013-02-16-03:00,15
2013-02-16-06:00,16
2013-02-16-12:00,15
2013-02-16-15:00,14
2013-02-16-18:00,13
2013-02-16-21:00,13
2013-02-17-00:00,13
2013-02-17-03:00,13
2013-02-17-09:00,17
2013-02-17-15:00,15
2013-02-17-18:00,13
2013-02-17-21:00,11
2013-02-18-03:00,11
2013-02-18-06:00,18
2013-02-18-09:00,20
2013-02-18-15:00,16
2013-02-18-21:00,13
2013-02-19-00:00,12
2013-02-19-03:00,13
2013-02-19-06:00,18
2013-02-19-09:00,22
2013-02-19-15:00,18
2013-02-19-18:00,15
2013-02-19-21:00,13
2013-02-20-03:00,13
2013-02-20-06:00,21
2013-02-20-09:00,22
2013-02-20-12:00,22
2013-02-20-15:00,17
2013-02-20-18:00,15
2013-02-20-21:00,14
2013-02-21-00:00,13
2013-02-21-06:00,22
2013-02-21-09:00,25
2013-02-21-12:00,25
2013-02-21-15:00,19
2013-02-21-18:00,18
2013-02-21-21:00,18
2013-02-22-00:00,17
2013-02-22-03:00,17
2013-02-22-06:00,23
2013-02-22-09:00,26
2013-02-22-12:00,24
2013-02-22-15:00,20
2013-02-22-18:00,19
2013-02-22-21:00,18
2013-02-23-00:00,18
2013-02-23-06:00,18
2013-02-23-09:00,20
2013-02-23-12:00,21
2013-02-23-15:00,18
2013-02-23-18:00,14
2013-02-23-21:00,13
2013-02-24-00:00,13
2013-02-24-03:00,13
2013-02-24-09:00,23
2013-02-24-12:00,22
2013-02-24-15:00,17
2013-02-24-18:00,16
2013-02-24-21:00,14
2013-02-25-00:00,12
2013-02-25-03:00,13
2013-02-25-06:00,20
2013-02-25-09:00,24
2013-02-25-12:00,23
2013-02-25-15:00,17
2013-02-25-18:00,14
2013-02-25-21:00,12
2013-02-26-00:00,11
2013-02-26-03:00,12
2013-02-26-06:00,24
2013-02-26-09:00,24
2013-02-26-12:00,24
2013-02-26-15:00,19
2013-02-26-18:00,18
2013-02-26-21:00,17
2013-02-27-09:00,27
2013-02-27-12:00,27
2013-02-27-15:00,19
2013-02-27-18:00,16
2013-02-27-21:00,15
2013-02-28-00:00,14
2013-02-28-03:00,16
2013-02-28-06:00,23
2013-02-28-09:00,26
2013-02-28-12:00,24
2013-02-28-18:00,17
2013-02-28-21:00,16
2013-03-01-00:00,14
2013-03-01-03:00,14
2013-03-01-06:00,21
2013-03-01-12:00,22
2013-03-01-15:00,19
2013-03-01-21:00,14
2013-03-02-03:00,15
2013-03-02-12:00,25
2013-03-02-15:00,20
2013-03-02-18:00,16
2013-03-03-00:00,14
2013-03-03-03:00,16
2013-03-03-06:00,24
2013-03-03-12:00,27
2013-03-03-15:00,19
2013-03-03-18:00,16
2013-03-04-00:00,14
2013-03-04-03:00,16
2013-03-04-09:00,29
2013-03-04-18:00,15
2013-03-04-21:00,14
2013-03-05-00:00,13
2013-03-05-03:00,15
2013-03-05-06:00,26
2013-03-05-09:00,30
2013-03-05-12:00,28
2013-03-05-15:00,20
2013-03-05-18:00,18
2013-03-05-21:00,17
2013-03-06-00:00,15
2013-03-06-03:00,18
2013-03-06-09:00,29
2013-03-06-12:00,28
2013-03-06-15:00,21
2013-03-06-18:00,18
2013-03-06-21:00,17
2013-03-07-03:00,19
2013-03-07-06:00,28
2013-03-07-09:00,30
2013-03-07-12:00,29
2013-03-07-15:00,22
2013-03-07-18:00,19
2013-03-07-21:00,17
2013-03-08-03:00,18
2013-03-08-06:00,28
2013-03-08-09:00,31
2013-03-08-12:00,30
2013-03-08-15:00,21
2013-03-08-21:00,17
2013-03-09-03:00,17
2013-03-09-06:00,30
2013-03-09-09:00,34
2013-03-09-12:00,33
2013-03-09-15:00,24
2013-03-09-18:00,21
2013-03-09-21:00,19
2013-03-10-00:00,18
2013-03-10-03:00,21
2013-03-10-06:00,29
2013-03-10-12:00,30
2013-03-10-15:00,23
2013-03-10-18:00,21
2013-03-10-21:00,20
2013-03-11-03:00,20
2013-03-11-06:00,28
2013-03-11-09:00,30
2013-03-11-15:00,24
2013-03-11-18:00,22
2013-03-11-21:00,20
2013-03-12-03:00,21
2013-03-12-06:00,28
2013-03-12-09:00,31
2013-03-12-15:00,23
2013-03-12-18:00,20
2013-03-12-21:00,18
2013-03-13-15:00,24
2013-03-13-21:00,19
2013-03-14-00:00,20
2013-03-14-03:00,20
2013-03-14-06:00,25
2013-03-14-09:00,28
2013-03-14-15:00,22
2013-03-14-21:00,19
2013-03-15-03:00,18
2013-03-15-06:00,26
2013-03-15-09:00,29
2013-03-15-12:00,28
2013-03-15-15:00,23
2013-03-15-18:00,21
2013-03-16-00:00,15
2013-03-16-03:00,19
2013-03-16-09:00,28
2013-03-16-15:00,23
2013-03-16-18:00,19
2013-03-16-21:00,18
2013-03-17-00:00,16
2013-03-17-03:00,19
2013-03-17-06:00,28
2013-03-17-12:00,29
2013-03-17-15:00,23
2013-03-17-18:00,21
2013-03-18-00:00,18
2013-03-18-03:00,20
2013-03-18-06:00,27
2013-03-18-09:00,30
2013-03-18-15:00,24
2013-03-18-18:00,23
2013-03-18-21:00,22
2013-03-19-00:00,19
2013-03-19-03:00,20
2013-03-19-06:00,27
2013-03-19-15:00,26
2013-03-19-18:00,22
2013-03-19-21:00,21
2013-03-20-06:00,30
2013-03-20-09:00,34
2013-03-20-12:00,33
2013-03-20-15:00,27
2013-03-20-18:00,28
2013-03-20-21:00,23
2013-03-21-00:00,19
2013-03-21-03:00,21
2013-03-21-12:00,31
2013-03-21-15:00,26
2013-03-21-18:00,24
2013-03-21-21:00,22
2013-03-22-00:00,21
2013-03-22-03:00,22
2013-03-22-06:00,28
2013-03-22-09:00,32
2013-03-22-12:00,29
2013-03-22-15:00,25
2013-03-22-18:00,23
2013-03-22-21:00,22
2013-03-23-00:00,21
2013-03-23-03:00,22
2013-03-23-06:00,31
2013-03-23-09:00,34
2013-03-23-12:00,32
2013-03-23-15:00,28
2013-03-23-18:00,26
2013-03-23-21:00,25
2013-03-24-00:00,23
2013-03-24-03:00,24
2013-03-24-06:00,30
2013-03-24-09:00,33
2013-03-24-12:00,32
2013-03-24-15:00,28
2013-03-24-18:00,24
2013-03-24-21:00,22
2013-03-25-00:00,19
2013-03-25-03:00,21
2013-03-25-06:00,27
2013-03-25-09:00,29
2013-03-25-12:00,28
2013-03-25-15:00,23
2013-03-25-18:00,21
2013-03-25-21:00,20
2013-03-26-03:00,21
2013-03-26-06:00,26
2013-03-26-09:00,29
2013-03-26-12:00,28
2013-03-26-15:00,24
2013-03-26-18:00,21
2013-03-26-21:00,20
2013-03-27-00:00,18
2013-03-27-15:00,24
2013-03-27-18:00,22
2013-03-27-21:00,20
2013-03-28-00:00,18
2013-03-28-03:00,22
2013-03-28-06:00,29
2013-03-28-12:00,29
2013-03-28-15:00,20
2013-03-28-18:00,20
2013-03-28-21:00,19
2013-03-29-00:00,19
2013-03-29-03:00,21
2013-03-29-06:00,28
2013-03-29-09:00,22
2013-03-29-12:00,25
2013-03-29-15:00,20
2013-03-29-18:00,18
2013-03-29-21:00,17
2013-03-30-00:00,16
2013-03-30-03:00,20
2013-03-30-06:00,27
2013-03-30-09:00,29
2013-03-30-12:00,28
2013-03-30-15:00,25
2013-03-30-18:00,22
2013-03-30-21:00,21
2013-03-31-00:00,18
2013-03-31-03:00,22
2013-03-31-09:00,31
2013-03-31-15:00,25
2013-03-31-21:00,20
2013-04-01-00:00,19
2013-04-01-03:00,21
2013-04-01-06:00,31
2013-04-01-09:00,33
2013-04-01-12:00,33
2013-04-01-15:00,25
2013-04-01-18:00,21
2013-04-01-21:00,20
2013-04-02-00:00,19
2013-04-02-03:00,22
2013-04-02-06:00,32
2013-04-02-09:00,35
2013-04-02-18:00,20
2013-04-02-21:00,23
2013-04-03-03:00,22
2013-04-03-09:00,32
2013-04-03-12:00,31
2013-04-03-15:00,25
2013-04-03-21:00,21
2013-04-04-00:00,20
2013-04-04-03:00,22
2013-04-04-12:00,31
2013-04-04-15:00,27
2013-04-04-21:00,23
2013-04-05-00:00,20
2013-04-05-03:00,23
2013-04-05-06:00,30
2013-04-05-12:00,31
2013-04-05-18:00,24
2013-04-06-00:00,19
2013-04-06-03:00,22
2013-04-06-06:00,31
2013-04-06-09:00,34
2013-04-06-15:00,29
2013-04-06-18:00,25
2013-04-06-21:00,21
2013-04-07-00:00,20
2013-04-07-03:00,25
2013-04-07-09:00,37
2013-04-07-12:00,35
2013-04-07-15:00,30
2013-04-07-18:00,29
2013-04-07-21:00,28
2013-04-08-00:00,21
2013-04-08-03:00,26
2013-04-08-09:00,37
2013-04-08-12:00,36
2013-04-08-15:00,30
2013-04-08-18:00,26
2013-04-08-21:00,25
2013-04-09-00:00,24
2013-04-09-03:00,27
2013-04-09-06:00,34
2013-04-09-09:00,37
2013-04-09-15:00,30
2013-04-09-21:00,29
2013-04-10-00:00,25
2013-04-10-03:00,26
2013-04-10-06:00,34
2013-04-10-09:00,37
2013-04-10-12:00,35
2013-04-10-18:00,28
2013-04-10-21:00,25
2013-04-11-00:00,23
2013-04-11-06:00,33
2013-04-11-12:00,35
2013-04-11-15:00,31
2013-04-11-21:00,28
2013-04-12-00:00,25
2013-04-12-03:00,27
2013-04-12-09:00,35
2013-04-12-12:00,34
2013-04-12-15:00,30
2013-04-12-18:00,26
2013-04-12-21:00,25
2013-04-13-03:00,28
2013-04-13-06:00,34
2013-04-13-09:00,36
2013-04-13-18:00,28
2013-04-13-21:00,25
2013-04-14-00:00,23
2013-04-14-03:00,26
2013-04-14-06:00,34
2013-04-14-09:00,36
2013-04-14-12:00,32
2013-04-14-15:00,28
2013-04-14-18:00,25
2013-04-14-21:00,22
2013-04-15-00:00,21
2013-04-15-03:00,25
2013-04-15-06:00,33
2013-04-15-09:00,35
2013-04-15-12:00,35
2013-04-15-15:00,29
2013-04-15-18:00,25
2013-04-15-21:00,23
2013-04-16-00:00,22
2013-04-16-03:00,26
2013-04-16-06:00,37
2013-04-16-09:00,38
2013-04-16-12:00,39
2013-04-16-15:00,35
2013-04-16-18:00,31
2013-04-16-21:00,29
2013-04-17-03:00,26
2013-04-17-06:00,33
2013-04-17-09:00,36
2013-04-17-15:00,28
2013-04-17-21:00,23
2013-04-18-03:00,26
2013-04-18-06:00,36
2013-04-18-09:00,38
2013-04-18-12:00,37
2013-04-18-15:00,28
2013-04-18-18:00,25
2013-04-18-21:00,22
2013-04-19-00:00,21
2013-04-19-03:00,28
2013-04-19-09:00,37
2013-04-19-12:00,36
2013-04-19-15:00,28
2013-04-19-18:00,25
2013-04-19-21:00,23
2013-04-20-00:00,22
2013-04-20-03:00,27
2013-04-20-06:00,36
2013-04-20-09:00,38
2013-04-20-12:00,35
2013-04-20-15:00,30
2013-04-20-18:00,30
2013-04-20-21:00,27
2013-04-21-00:00,25
2013-04-21-03:00,26
2013-04-21-09:00,31
2013-04-21-12:00,32
2013-04-21-15:00,28
2013-04-21-21:00,24
2013-04-22-00:00,22
2013-04-22-03:00,24
2013-04-22-06:00,30
2013-04-22-09:00,32
2013-04-22-12:00,32
2013-04-22-15:00,28
2013-04-22-18:00,26
2013-04-22-21:00,25
2013-04-23-00:00,23
2013-04-23-03:00,27
2013-04-23-06:00,33
2013-04-23-09:00,34
2013-04-23-12:00,33
2013-04-23-15:00,29
2013-04-23-18:00,26
2013-04-23-21:00,24
2013-04-24-00:00,23
2013-04-24-06:00,35
2013-04-24-09:00,36
2013-04-24-12:00,35
2013-04-24-15:00,30
2013-04-24-18:00,27
2013-04-24-21:00,26
2013-04-25-00:00,24
2013-04-25-03:00,28
2013-04-25-06:00,35
2013-04-25-09:00,38
2013-04-25-12:00,35
2013-04-25-15:00,31
2013-04-25-21:00,27
2013-04-26-00:00,25
2013-04-26-03:00,29
2013-04-26-06:00,33
2013-04-26-09:00,34
2013-04-26-12:00,34
2013-04-26-15:00,31
2013-04-26-18:00,27
2013-04-26-21:00,26
2013-04-27-00:00,23
2013-04-27-03:00,29
2013-04-27-06:00,35
2013-04-27-09:00,38
2013-04-27-12:00,36
2013-04-27-18:00,30
2013-04-27-21:00,27
2013-04-28-00:00,26
2013-04-28-03:00,28
2013-04-28-06:00,34
2013-04-28-09:00,36
2013-04-28-12:00,36
2013-04-28-18:00,28
2013-04-28-21:00,26
2013-04-29-00:00,27
2013-04-29-03:00,30
2013-04-29-06:00,36
2013-04-29-09:00,38
2013-04-29-12:00,38
2013-04-29-15:00,32
2013-04-29-18:00,29
2013-04-29-21:00,27
2013-04-30-00:00,25
2013-04-30-03:00,29
2013-04-30-09:00,39
2013-04-30-12:00,38
2013-04-30-15:00,31
2013-04-30-18:00,29
2013-04-30-21:00,27
2013-05-01-00:00,25
2013-05-01-03:00,28
2013-05-01-06:00,36
2013-05-01-09:00,38
2013-05-01-12:00,38
2013-05-01-15:00,32
2013-05-01-21:00,26
2013-05-02-00:00,23
2013-05-02-03:00,28
2013-05-02-09:00,36
2013-05-02-12:00,35
2013-05-02-15:00,31
2013-05-02-18:00,26
2013-05-03-00:00,22
2013-05-03-03:00,29
2013-05-03-06:00,35
2013-05-03-12:00,37
2013-05-03-15:00,28
2013-05-03-18:00,25
2013-05-03-21:00,24
2013-05-04-03:00,27
2013-05-04-06:00,38
2013-05-04-09:00,42
2013-05-04-12:00,40
2013-05-04-15:00,31
2013-05-04-18:00,27
2013-05-04-21:00,25
2013-05-05-00:00,26
2013-05-05-03:00,29
2013-05-05-06:00,36
2013-05-05-09:00,41
2013-05-05-12:00,38
2013-05-05-15:00,33
2013-05-05-18:00,30
2013-05-05-21:00,28
2013-05-06-00:00,27
2013-05-06-03:00,30
2013-05-06-06:00,36
2013-05-06-09:00,41
2013-05-06-12:00,38
2013-05-06-15:00,33
2013-05-06-18:00,29
2013-05-06-21:00,28
2013-05-07-00:00,26
2013-05-07-03:00,31
2013-05-07-06:00,40
2013-05-07-09:00,41
2013-05-07-12:00,39
2013-05-07-15:00,31
2013-05-07-18:00,28
2013-05-07-21:00,27
2013-05-08-00:00,24
2013-05-08-06:00,39
2013-05-08-09:00,41
2013-05-08-12:00,40
2013-05-08-15:00,34
2013-05-08-21:00,29
2013-05-09-00:00,28
2013-05-09-03:00,31
2013-05-09-06:00,40
2013-05-09-09:00,42
2013-05-09-12:00,41
2013-05-09-18:00,30
2013-05-09-21:00,28
2013-05-10-00:00,26
2013-05-10-03:00,32
2013-05-10-06:00,38
2013-05-10-09:00,40
2013-05-10-12:00,40
2013-05-10-15:00,33
2013-05-10-21:00,29
2013-05-11-00:00,28
2013-05-11-03:00,30
2013-05-11-06:00,33
2013-05-11-09:00,35
2013-05-11-12:00,34
2013-05-11-15:00,28
2013-05-11-18:00,30
2013-05-11-21:00,28
2013-05-12-00:00,28
2013-05-12-03:00,30
2013-05-12-06:00,34
2013-05-12-09:00,36
2013-05-12-15:00,29
2013-05-12-18:00,27
2013-05-12-21:00,25
2013-05-13-03:00,27
2013-05-13-06:00,34
2013-05-13-09:00,37
2013-05-13-12:00,36
2013-05-13-15:00,32
2013-05-13-18:00,29
2013-05-13-21:00,27
2013-05-14-00:00,25
2013-05-14-03:00,32
2013-05-14-06:00,38
2013-05-14-09:00,40
2013-05-14-15:00,35
2013-05-14-18:00,28
2013-05-14-21:00,28
2013-05-15-00:00,26
2013-05-15-03:00,31
2013-05-15-06:00,37
2013-05-15-09:00,40
2013-05-15-12:00,39
2013-05-15-15:00,32
2013-05-15-18:00,30
2013-05-15-21:00,29
2013-05-16-00:00,27
2013-05-16-03:00,31
2013-05-16-06:00,40
2013-05-16-09:00,40
2013-05-16-12:00,40
2013-05-16-15:00,32
2013-05-16-18:00,28
2013-05-16-21:00,26
2013-05-17-00:00,25
2013-05-17-03:00,31
2013-05-17-06:00,39
2013-05-17-09:00,41
2013-05-17-15:00,33
2013-05-17-21:00,28
2013-05-18-00:00,26
2013-05-18-03:00,34.5
2013-05-18-09:00,43
2013-05-18-15:00,34
2013-05-18-18:00,28
2013-05-18-21:00,26
2013-05-19-00:00,28
2013-05-19-03:00,35
2013-05-19-06:00,41
2013-05-19-09:00,44
2013-05-19-18:00,33
2013-05-19-21:00,31
2013-05-20-00:00,31
2013-05-20-09:00,44
2013-05-20-12:00,43
2013-05-20-15:00,35
2013-05-20-21:00,29
2013-05-21-00:00,30
2013-05-21-03:00,33
2013-05-21-09:00,44
2013-05-21-12:00,44
2013-05-21-15:00,37
2013-05-21-18:00,33
2013-05-21-21:00,31
2013-05-22-00:00,31
2013-05-22-03:00,34
2013-05-22-06:00,41
2013-05-22-09:00,44
2013-05-22-12:00,44
2013-05-22-15:00,36
2013-05-22-18:00,32
2013-05-22-21:00,32
2013-05-23-03:00,36
2013-05-23-06:00,41
2013-05-23-09:00,45
2013-05-23-15:00,36
2013-05-23-18:00,34
2013-05-23-21:00,33
2013-05-24-03:00,35
2013-05-24-06:00,40
2013-05-24-09:00,44
2013-05-24-12:00,45
2013-05-24-15:00,37
2013-05-24-18:00,34
2013-05-24-21:00,34
2013-05-25-03:00,36
2013-05-25-06:00,41
2013-05-25-09:00,43
2013-05-25-12:00,42
2013-05-25-15:00,37
2013-05-25-18:00,37
2013-05-25-21:00,35
2013-05-26-03:00,36
2013-05-26-09:00,43
2013-05-26-12:00,42
2013-05-26-15:00,36
2013-05-26-21:00,32
2013-05-27-00:00,31
2013-05-27-03:00,36
2013-05-27-06:00,40
2013-05-27-09:00,42
2013-05-27-12:00,36
2013-05-27-15:00,34
2013-05-27-21:00,32
2013-05-28-00:00,30
2013-05-28-03:00,33
2013-05-28-06:00,40
2013-05-28-09:00,43
2013-05-28-15:00,35
2013-05-28-21:00,31
2013-05-29-00:00,29
2013-05-29-03:00,34
2013-05-29-06:00,41
2013-05-29-09:00,42
2013-05-29-15:00,34
2013-05-29-18:00,30
2013-05-29-21:00,29
2013-05-30-00:00,29
2013-05-30-03:00,31
2013-05-30-06:00,37
2013-05-30-15:00,35
2013-05-30-21:00,29
2013-05-31-00:00,26
2013-05-31-03:00,30
2013-05-31-06:00,37
2013-05-31-09:00,40
2013-05-31-12:00,39
2013-05-31-15:00,35
2013-05-31-18:00,32
2013-05-31-21:00,30
2013-06-01-00:00,28
2013-06-01-03:00,29
2013-06-01-06:00,34
2013-06-01-09:00,38
2013-06-01-12:00,37
2013-06-01-15:00,32
2013-06-01-18:00,29
2013-06-01-21:00,29
2013-06-02-03:00,30
2013-06-02-06:00,36
2013-06-02-09:00,34.5
2013-06-02-15:00,33
2013-06-02-18:00,32
2013-06-02-21:00,31
2013-06-03-03:00,32
2013-06-03-06:00,38
2013-06-03-09:00,40
2013-06-03-12:00,39
2013-06-03-21:00,29
2013-06-04-00:00,29
2013-06-04-03:00,32
2013-06-04-06:00,40
2013-06-04-09:00,41
2013-06-04-12:00,41
2013-06-04-18:00,34
2013-06-04-21:00,34
2013-06-05-03:00,34
2013-06-05-06:00,41
2013-06-05-09:00,43
2013-06-05-15:00,37
2013-06-05-18:00,35
2013-06-05-21:00,33
2013-06-06-00:00,32
2013-06-06-03:00,33
2013-06-06-09:00,43
2013-06-06-12:00,26
2013-06-06-15:00,30
2013-06-06-18:00,28
2013-06-06-21:00,27
2013-06-07-00:00,29
2013-06-07-03:00,31
2013-06-07-06:00,36
2013-06-07-09:00,39
2013-06-07-12:00,38
2013-06-07-15:00,34
2013-06-07-18:00,33
2013-06-07-21:00,32
2013-06-08-03:00,33
2013-06-08-06:00,38
2013-06-08-15:00,35
2013-06-08-18:00,33
2013-06-08-21:00,32
2013-06-09-03:00,34
2013-06-09-06:00,39
2013-06-09-09:00,39
2013-06-09-12:00,38
2013-06-09-15:00,34
2013-06-09-18:00,33
2013-06-10-00:00,31
2013-06-10-03:00,35
2013-06-10-06:00,38
2013-06-10-09:00,41
2013-06-10-12:00,40
2013-06-10-15:00,37
2013-06-10-18:00,36
2013-06-10-21:00,35
2013-06-11-03:00,30
2013-06-11-06:00,30
2013-06-11-09:00,31
2013-06-11-12:00,32
2013-06-11-15:00,30
2013-06-11-21:00,28
2013-06-12-00:00,28
2013-06-12-03:00,31
2013-06-12-06:00,36
2013-06-12-09:00,38
2013-06-12-12:00,38
2013-06-12-15:00,35
2013-06-12-21:00,33
2013-06-13-06:00,29
2013-06-13-09:00,32
2013-06-13-12:00,31
2013-06-13-15:00,29
2013-06-13-18:00,29
2013-06-13-21:00,29
2013-06-14-00:00,29
2013-06-14-06:00,37
2013-06-14-09:00,28
2013-06-14-12:00,30
2013-06-14-15:00,29
2013-06-14-18:00,29
2013-06-14-21:00,29
2013-06-15-00:00,29
2013-06-15-03:00,32
2013-06-15-06:00,36
2013-06-15-09:00,34
2013-06-15-12:00,34
2013-06-15-15:00,25
2013-06-15-21:00,25
2013-06-16-00:00,27
2013-06-16-03:00,29
2013-06-16-06:00,30
2013-06-16-09:00,26
2013-06-16-12:00,25
2013-06-16-18:00,26
2013-06-16-21:00,26
2013-06-17-00:00,26
2013-06-17-03:00,26
2013-06-17-06:00,25
2013-06-17-09:00,29
2013-06-17-12:00,30
2013-06-17-15:00,27
2013-06-17-18:00,26
2013-06-17-21:00,26
2013-06-18-00:00,26
2013-06-18-03:00,26
2013-06-18-06:00,30
2013-06-18-09:00,31
2013-06-18-15:00,29
2013-06-19-00:00,26
2013-06-19-03:00,29
2013-06-19-06:00,33
2013-06-19-09:00,35
2013-06-19-12:00,28
2013-06-19-15:00,30
2013-06-19-18:00,28
2013-06-20-00:00,26
2013-06-20-03:00,31
2013-06-20-06:00,35
2013-06-20-09:00,38
2013-06-20-12:00,37
2013-06-20-15:00,33
2013-06-20-18:00,31
2013-06-21-00:00,28
2013-06-21-03:00,32
2013-06-21-09:00,40
2013-06-21-12:00,40
2013-06-21-15:00,35
2013-06-21-18:00,34
2013-06-22-00:00,33
2013-06-22-06:00,37
2013-06-22-09:00,40
2013-06-22-15:00,35
2013-06-22-21:00,33
2013-06-23-03:00,33
2013-06-23-06:00,37
2013-06-23-09:00,39
2013-06-23-15:00,36
2013-06-23-18:00,34
2013-06-23-21:00,32
2013-06-24-00:00,32
2013-06-24-03:00,34
2013-06-24-06:00,37
2013-06-24-09:00,39
2013-06-24-15:00,31
2013-06-24-18:00,30
2013-06-24-21:00,29
2013-06-25-00:00,29
2013-06-25-03:00,29
2013-06-25-06:00,34
2013-06-25-09:00,35
2013-06-25-15:00,30
2013-06-25-18:00,29
2013-06-25-21:00,28
2013-06-26-00:00,28
2013-06-26-03:00,29
2013-06-26-06:00,33
2013-06-26-09:00,34
2013-06-26-18:00,31
2013-06-26-21:00,29
2013-06-27-03:00,31
2013-06-27-06:00,35
2013-06-27-09:00,35
2013-06-27-12:00,32
2013-06-27-15:00,30
2013-06-27-18:00,29
2013-06-27-21:00,28
2013-06-28-00:00,27
2013-06-28-03:00,29
2013-06-28-06:00,32
2013-06-28-09:00,35
2013-06-28-12:00,36
2013-06-28-15:00,32
2013-06-28-18:00,31
2013-06-28-21:00,30
2013-06-29-03:00,31
2013-06-29-09:00,39
2013-06-29-12:00,33
2013-06-29-21:00,30
2013-06-30-00:00,30
2013-06-30-03:00,29
2013-06-30-09:00,36
2013-06-30-12:00,37
2013-06-30-15:00,33
2013-06-30-18:00,32
2013-07-01-00:00,29
2013-07-01-03:00,32
2013-07-01-06:00,36
2013-07-01-09:00,38
2013-07-01-12:00,37
2013-07-01-15:00,34
2013-07-01-21:00,31
2013-07-02-03:00,32
2013-07-02-06:00,35
2013-07-02-09:00,37
2013-07-02-12:00,35
2013-07-02-15:00,33
2013-07-02-18:00,32
2013-07-02-21:00,28
2013-07-03-00:00,29
2013-07-03-03:00,30
2013-07-03-06:00,33
2013-07-03-09:00,34
2013-07-03-12:00,34
2013-07-03-18:00,31
2013-07-03-21:00,30
2013-07-04-00:00,29
2013-07-04-03:00,32
2013-07-04-06:00,35
2013-07-04-09:00,37
2013-07-04-12:00,33
2013-07-04-15:00,32
2013-07-04-18:00,31
2013-07-04-21:00,30
2013-07-05-03:00,32
2013-07-05-06:00,35
2013-07-05-09:00,36
2013-07-05-15:00,32
2013-07-05-21:00,29
2013-07-06-00:00,29
2013-07-06-03:00,30
2013-07-06-06:00,34
2013-07-06-09:00,35
2013-07-06-15:00,31
2013-07-06-18:00,29
2013-07-06-21:00,29
2013-07-07-00:00,29
2013-07-07-03:00,30
2013-07-07-06:00,33
2013-07-07-09:00,33
2013-07-07-12:00,32
2013-07-07-18:00,30
2013-07-08-03:00,30
2013-07-08-06:00,33
2013-07-08-12:00,29
2013-07-08-15:00,29
2013-07-08-18:00,29
2013-07-08-21:00,29
2013-07-09-00:00,27
2013-07-09-03:00,30
2013-07-09-06:00,33
2013-07-09-09:00,34
2013-07-09-15:00,25
2013-07-09-21:00,25
2013-07-10-00:00,26
2013-07-10-03:00,28
2013-07-10-06:00,33
2013-07-10-09:00,34
2013-07-10-12:00,34
2013-07-10-15:00,28
2013-07-10-18:00,28
2013-07-10-21:00,27
2013-07-11-00:00,28
2013-07-11-03:00,30
2013-07-11-06:00,35
2013-07-11-09:00,36
2013-07-11-12:00,35
2013-07-11-15:00,31
2013-07-12-00:00,28
2013-07-12-03:00,29
2013-07-12-06:00,29
2013-07-12-09:00,29
2013-07-12-12:00,32
2013-07-12-15:00,28
2013-07-12-18:00,28
2013-07-12-21:00,28
2013-07-13-00:00,27
2013-07-13-03:00,30
2013-07-13-06:00,33
2013-07-13-09:00,36
2013-07-13-12:00,35
2013-07-13-15:00,32
2013-07-13-18:00,31
2013-07-13-21:00,30
2013-07-14-00:00,29
2013-07-14-03:00,31
2013-07-14-06:00,33
2013-07-14-09:00,35
2013-07-14-12:00,33
2013-07-14-15:00,29
2013-07-14-18:00,28
2013-07-14-21:00,28
2013-07-15-00:00,28
2013-07-15-03:00,30
2013-07-15-06:00,34
2013-07-15-09:00,36
2013-07-15-12:00,33
2013-07-15-15:00,32
2013-07-15-18:00,31
2013-07-15-21:00,30
2013-07-16-00:00,29
2013-07-16-03:00,31
2013-07-16-06:00,33
2013-07-16-09:00,28
2013-07-16-12:00,30
2013-07-16-15:00,30
2013-07-16-18:00,29
2013-07-16-21:00,29
2013-07-17-00:00,28
2013-07-17-03:00,31
2013-07-17-06:00,31
2013-07-17-09:00,34
2013-07-17-12:00,34
2013-07-17-15:00,32
2013-07-17-18:00,30
2013-07-17-21:00,29
2013-07-18-06:00,32
2013-07-18-09:00,33
2013-07-18-12:00,34
2013-07-18-21:00,28
2013-07-19-00:00,28
2013-07-19-06:00,32
2013-07-19-09:00,35
2013-07-19-15:00,30
2013-07-19-18:00,29
2013-07-19-21:00,29
2013-07-20-00:00,28
2013-07-20-06:00,31
2013-07-20-09:00,24
2013-07-20-15:00,26
2013-07-20-18:00,26
2013-07-20-21:00,26
2013-07-21-00:00,26
2013-07-21-03:00,28
2013-07-21-15:00,30
2013-07-21-18:00,29
2013-07-21-21:00,28
2013-07-22-00:00,28
2013-07-22-03:00,29
2013-07-22-06:00,32
2013-07-22-09:00,31
2013-07-22-15:00,29
2013-07-22-21:00,28
2013-07-23-03:00,29
2013-07-23-06:00,33
2013-07-23-09:00,35
2013-07-23-12:00,35
2013-07-23-15:00,31
2013-07-23-18:00,30
2013-07-23-21:00,30
2013-07-24-00:00,29
2013-07-24-03:00,30
2013-07-24-09:00,37
2013-07-24-12:00,28
2013-07-24-15:00,28
2013-07-24-18:00,28
2013-07-24-21:00,28
2013-07-25-00:00,27
2013-07-25-06:00,34
2013-07-25-09:00,27
2013-07-25-12:00,28
2013-07-25-15:00,27
2013-07-25-21:00,27
2013-07-26-00:00,26
2013-07-26-03:00,29
2013-07-26-06:00,32
2013-07-26-12:00,33
2013-07-26-15:00,31
2013-07-26-18:00,30
2013-07-26-21:00,29
2013-07-27-00:00,28
2013-07-27-03:00,30
2013-07-27-06:00,33
2013-07-27-09:00,35
2013-07-27-12:00,28
2013-07-27-18:00,29
2013-07-27-21:00,28
2013-07-28-00:00,28
2013-07-28-03:00,31
2013-07-28-06:00,34
2013-07-28-09:00,36
2013-07-28-12:00,34
2013-07-28-18:00,32
2013-07-28-21:00,31
2013-07-29-00:00,30
2013-07-29-06:00,33
2013-07-29-09:00,35
2013-07-29-12:00,33
2013-07-29-15:00,27
2013-07-29-18:00,29
2013-07-29-21:00,30
2013-07-30-03:00,29
2013-07-30-06:00,30
2013-07-30-09:00,32
2013-07-30-12:00,33
2013-07-30-15:00,31
2013-07-30-21:00,28
2013-07-31-00:00,29
2013-07-31-03:00,29
2013-07-31-09:00,33
2013-07-31-15:00,28
2013-07-31-18:00,27
2013-07-31-21:00,27
2013-08-01-00:00,27
2013-08-01-03:00,28
2013-08-01-06:00,31
2013-08-01-12:00,34
2013-08-01-15:00,31
2013-08-01-21:00,29
2013-08-02-00:00,29
2013-08-02-03:00,31
2013-08-02-09:00,35
2013-08-02-12:00,34
2013-08-02-15:00,32
2013-08-02-18:00,31
2013-08-02-21:00,29
2013-08-03-00:00,29
2013-08-03-03:00,31
2013-08-03-06:00,34
2013-08-03-09:00,36
2013-08-03-12:00,35
2013-08-03-21:00,30
2013-08-04-09:00,35
2013-08-04-15:00,33
2013-08-04-18:00,32
2013-08-04-21:00,30
2013-08-05-03:00,30
2013-08-05-06:00,33
2013-08-05-09:00,28
2013-08-05-12:00,30
2013-08-05-15:00,28
2013-08-05-21:00,28
2013-08-06-00:00,28
2013-08-06-03:00,27
2013-08-06-09:00,28
2013-08-06-12:00,27
2013-08-06-15:00,27
2013-08-06-21:00,26
2013-08-07-00:00,27
2013-08-07-03:00,27
2013-08-07-06:00,28
2013-08-07-09:00,29
2013-08-07-12:00,30
2013-08-07-15:00,29
2013-08-07-18:00,29
2013-08-07-21:00,28
2013-08-08-03:00,27
2013-08-08-06:00,28
2013-08-08-09:00,29
2013-08-08-12:00,31
2013-08-08-15:00,29
2013-08-08-21:00,27
2013-08-09-00:00,27
2013-08-09-03:00,27
2013-08-09-06:00,27
2013-08-09-12:00,28
2013-08-09-18:00,27
2013-08-09-21:00,27
2013-08-10-00:00,26
2013-08-10-03:00,29
2013-08-10-06:00,33
2013-08-10-09:00,34
2013-08-10-15:00,29
2013-08-10-18:00,28
2013-08-10-21:00,27
2013-08-11-00:00,27
2013-08-11-06:00,31
2013-08-11-09:00,31
2013-08-11-12:00,32
2013-08-11-15:00,30
2013-08-11-21:00,29
2013-08-12-00:00,28
2013-08-12-15:00,31
2013-08-13-03:00,30
2013-08-13-09:00,31
2013-08-13-12:00,32
2013-08-13-15:00,30
2013-08-14-00:00,27
2013-08-14-03:00,28
2013-08-14-09:00,34
2013-08-14-12:00,33
2013-08-14-15:00,29
2013-08-14-18:00,27
2013-08-15-00:00,26
2013-08-15-03:00,26
2013-08-15-06:00,28
2013-08-15-09:00,30
2013-08-15-12:00,30
2013-08-15-15:00,27
2013-08-15-21:00,27
2013-08-16-03:00,26
2013-08-16-06:00,26
2013-08-16-09:00,29
2013-08-16-15:00,26
2013-08-16-21:00,26
2013-08-17-00:00,26
2013-08-17-03:00,27
2013-08-17-06:00,29
2013-08-17-12:00,31
2013-08-17-15:00,27
2013-08-17-18:00,26
2013-08-17-21:00,26
2013-08-18-00:00,26
2013-08-18-03:00,27
2013-08-18-06:00,31
2013-08-18-15:00,29
2013-08-18-18:00,29
2013-08-18-21:00,28
2013-08-19-00:00,27
2013-08-19-03:00,28
2013-08-19-06:00,27
2013-08-19-09:00,30
2013-08-19-15:00,30
2013-08-19-21:00,27
2013-08-20-00:00,27
2013-08-20-03:00,28
2013-08-20-06:00,33
2013-08-20-09:00,26
2013-08-20-12:00,26
2013-08-20-15:00,27
2013-08-20-18:00,26
2013-08-20-21:00,26
2013-08-21-00:00,26
2013-08-21-03:00,27
2013-08-21-06:00,30.5
2013-08-21-09:00,34
2013-08-21-15:00,29
2013-08-21-18:00,27
2013-08-21-21:00,27
2013-08-22-00:00,27
2013-08-22-06:00,28
2013-08-22-09:00,31
2013-08-22-12:00,32
2013-08-22-15:00,29
2013-08-22-18:00,28
2013-08-23-03:00,29
2013-08-23-06:00,33
2013-08-23-09:00,34
2013-08-23-12:00,33
2013-08-23-15:00,31
2013-08-23-18:00,30
2013-08-23-21:00,29
2013-08-24-09:00,36
2013-08-24-15:00,31
2013-08-24-18:00,31
2013-08-24-21:00,30
2013-08-25-09:00,28
2013-08-25-15:00,30
2013-08-25-18:00,29
2013-08-25-21:00,29
2013-08-26-00:00,28
2013-08-26-03:00,30
2013-08-26-06:00,33
2013-08-26-09:00,36
2013-08-26-12:00,36
2013-08-26-15:00,32
2013-08-26-18:00,31
2013-08-26-21:00,30
2013-08-27-00:00,29
2013-08-27-06:00,33
2013-08-27-09:00,35
2013-08-27-12:00,35
2013-08-27-15:00,32
2013-08-27-18:00,31
2013-08-27-21:00,30
2013-08-28-00:00,28
2013-08-28-03:00,29
2013-08-28-06:00,32
2013-08-28-09:00,33
2013-08-28-12:00,32
2013-08-28-15:00,29
2013-08-28-18:00,28
2013-08-29-00:00,27
2013-08-29-06:00,32
2013-08-29-09:00,34
2013-08-29-12:00,33
2013-08-30-00:00,28
2013-08-30-03:00,27
2013-08-30-06:00,29
2013-08-30-09:00,31
2013-08-30-12:00,31
2013-08-30-15:00,29
2013-08-31-03:00,28
2013-08-31-12:00,32
2013-08-31-18:00,28
2013-08-31-21:00,28
2013-09-01-00:00,28
2013-09-01-09:00,26
2013-09-01-12:00,35
2013-09-01-15:00,31
2013-09-01-18:00,30
2013-09-02-00:00,29
2013-09-02-03:00,30
2013-09-02-06:00,34
2013-09-02-09:00,35
2013-09-02-12:00,34
2013-09-02-15:00,31
2013-09-02-21:00,30
2013-09-03-00:00,27
2013-09-03-09:00,36
2013-09-03-12:00,35
2013-09-03-15:00,33
2013-09-04-00:00,28
2013-09-04-06:00,33
2013-09-04-09:00,35
2013-09-04-12:00,34
2013-09-04-15:00,32
2013-09-04-18:00,31
2013-09-04-21:00,29
2013-09-05-00:00,27
2013-09-05-06:00,33
2013-09-05-09:00,35
2013-09-05-12:00,34
2013-09-05-15:00,31
2013-09-05-18:00,30
2013-09-06-00:00,27
2013-09-06-06:00,33
2013-09-06-09:00,34
2013-09-06-12:00,33
2013-09-06-15:00,30
2013-09-06-18:00,29
2013-09-06-21:00,28
2013-09-07-00:00,27
2013-09-07-03:00,28
2013-09-07-09:00,35
2013-09-07-12:00,34
2013-09-07-15:00,32
2013-09-07-21:00,29
2013-09-08-00:00,27
2013-09-08-15:00,29
2013-09-08-18:00,28
2013-09-08-21:00,28
2013-09-09-06:00,32
2013-09-09-09:00,34
2013-09-09-12:00,32
2013-09-09-15:00,29
2013-09-09-21:00,26
2013-09-10-00:00,26
2013-09-10-03:00,29
2013-09-10-09:00,35
2013-09-10-15:00,31
2013-09-10-18:00,29
2013-09-10-21:00,28
2013-09-11-00:00,27
2013-09-11-03:00,30
2013-09-11-06:00,35
2013-09-11-09:00,35
2013-09-11-15:00,31
2013-09-11-18:00,30
2013-09-11-21:00,28
2013-09-12-03:00,30
2013-09-12-06:00,35
2013-09-12-09:00,34
2013-09-12-15:00,31
2013-09-12-18:00,29
2013-09-12-21:00,28
2013-09-13-03:00,29
2013-09-13-06:00,34
2013-09-13-09:00,35
2013-09-13-12:00,32
2013-09-13-15:00,31
2013-09-13-18:00,29
2013-09-13-21:00,28
2013-09-14-00:00,27
2013-09-14-06:00,34
2013-09-14-12:00,34
2013-09-14-15:00,31
2013-09-14-18:00,29
2013-09-14-21:00,28
2013-09-15-00:00,27
2013-09-15-03:00,30
2013-09-15-06:00,35
2013-09-15-09:00,37
2013-09-15-12:00,35
2013-09-15-15:00,32
2013-09-15-18:00,29
2013-09-15-21:00,28
2013-09-16-00:00,27
2013-09-16-03:00,28
2013-09-16-09:00,34
2013-09-16-12:00,33
2013-09-16-15:00,29
2013-09-16-21:00,27
2013-09-17-00:00,24
2013-09-17-03:00,27
2013-09-17-06:00,33
2013-09-17-09:00,35
2013-09-17-12:00,34
2013-09-17-15:00,28
2013-09-17-18:00,27
2013-09-17-21:00,26
2013-09-18-00:00,25
2013-09-18-03:00,28
2013-09-18-06:00,33
2013-09-18-09:00,36
2013-09-18-15:00,29
2013-09-18-18:00,27
2013-09-18-21:00,26
2013-09-19-00:00,25
2013-09-19-09:00,35
2013-09-19-12:00,34
2013-09-19-18:00,28
2013-09-19-21:00,27
2013-09-20-00:00,26
2013-09-20-03:00,30
2013-09-20-09:00,32
2013-09-20-12:00,29
2013-09-20-15:00,28
2013-09-20-18:00,27
2013-09-21-00:00,26
2013-09-21-09:00,27
2013-09-21-12:00,25
2013-09-21-18:00,24
2013-09-21-21:00,24
2013-09-22-00:00,25
2013-09-22-03:00,27
2013-09-22-12:00,33
2013-09-22-15:00,30
2013-09-22-18:00,28
2013-09-22-21:00,27
2013-09-23-00:00,27
2013-09-23-03:00,29
2013-09-23-09:00,34
2013-09-23-12:00,34
2013-09-23-15:00,30
2013-09-23-18:00,29
2013-09-23-21:00,29
2013-09-24-00:00,27
2013-09-24-03:00,29
2013-09-24-06:00,34
2013-09-24-09:00,35
2013-09-24-12:00,34
2013-09-24-15:00,30
2013-09-24-18:00,29
2013-09-24-21:00,28
2013-09-25-03:00,27
2013-09-25-06:00,31
2013-09-25-09:00,33
2013-09-25-12:00,31
2013-09-25-15:00,26
2013-09-25-18:00,26
2013-09-25-21:00,26
2013-09-26-00:00,25
2013-09-26-03:00,27
2013-09-26-09:00,34
2013-09-26-15:00,28
2013-09-26-18:00,27
2013-09-27-00:00,26
2013-09-27-03:00,28
2013-09-27-06:00,33
2013-09-27-09:00,33
2013-09-27-12:00,31
2013-09-27-15:00,28
2013-09-27-18:00,27
2013-09-27-21:00,26
2013-09-28-00:00,26
2013-09-28-03:00,28
2013-09-28-06:00,32
2013-09-28-09:00,34
2013-09-28-15:00,31
2013-09-28-18:00,29
2013-09-29-00:00,28
2013-09-29-03:00,29
2013-09-29-06:00,31
2013-09-29-09:00,27
2013-09-29-12:00,29
2013-09-29-15:00,28
2013-09-29-21:00,25
2013-09-30-00:00,25
2013-09-30-03:00,26
2013-09-30-09:00,31
2013-09-30-12:00,27
2013-09-30-15:00,27
2013-09-30-18:00,26
2013-09-30-21:00,26
2013-10-01-00:00,25
2013-10-01-03:00,27
2013-10-01-06:00,32
2013-10-01-12:00,32
2013-10-01-15:00,29
2013-10-01-18:00,27
2013-10-01-21:00,26
2013-10-02-00:00,26
2013-10-02-03:00,26
2013-10-02-06:00,33
2013-10-02-09:00,34
2013-10-02-18:00,27
2013-10-03-00:00,25
2013-10-03-03:00,28
2013-10-03-06:00,33
2013-10-03-09:00,33
2013-10-03-21:00,24
2013-10-04-03:00,24
2013-10-04-06:00,25
2013-10-04-09:00,25
2013-10-04-12:00,26
2013-10-04-18:00,25
2013-10-04-21:00,24
2013-10-05-00:00,24
2013-10-05-03:00,26
2013-10-05-06:00,31
2013-10-05-09:00,33
2013-10-05-12:00,32
2013-10-05-15:00,29
2013-10-05-18:00,27
2013-10-05-21:00,26
2013-10-06-00:00,25
2013-10-06-09:00,33
2013-10-06-12:00,32
2013-10-06-15:00,29
2013-10-07-00:00,26
2013-10-07-06:00,32
2013-10-07-09:00,34
2013-10-07-12:00,32
2013-10-07-15:00,29
2013-10-07-18:00,28
2013-10-07-21:00,27
2013-10-08-00:00,26
2013-10-08-09:00,33
2013-10-08-15:00,30
2013-10-08-18:00,29
2013-10-08-21:00,28
2013-10-09-03:00,28
2013-10-09-06:00,33
2013-10-09-09:00,35
2013-10-09-12:00,34
2013-10-09-18:00,28
2013-10-09-21:00,27
2013-10-10-00:00,26
2013-10-10-03:00,27
2013-10-10-06:00,33
2013-10-10-09:00,35
2013-10-10-15:00,30
2013-10-10-18:00,28
2013-10-10-21:00,27
2013-10-11-00:00,26
2013-10-11-03:00,23
2013-10-11-09:00,24
2013-10-11-12:00,25
2013-10-11-15:00,23
2013-10-11-18:00,23
2013-10-11-21:00,23
2013-10-12-00:00,23
2013-10-12-03:00,24
2013-10-12-06:00,27
2013-10-12-12:00,29
2013-10-12-15:00,27
2013-10-12-18:00,27
2013-10-12-21:00,26
2013-10-13-03:00,25
2013-10-13-09:00,32
2013-10-13-12:00,28
2013-10-13-15:00,27
2013-10-13-18:00,26
2013-10-13-21:00,25
2013-10-14-00:00,25
2013-10-14-06:00,30
2013-10-14-09:00,32
2013-10-14-12:00,30
2013-10-14-15:00,27
2013-10-14-18:00,25
2013-10-14-21:00,25
2013-10-15-00:00,23
2013-10-15-03:00,24
2013-10-15-06:00,30
2013-10-15-09:00,32
2013-10-15-15:00,25
2013-10-15-18:00,24
2013-10-15-21:00,23
2013-10-16-00:00,22
2013-10-16-03:00,23
2013-10-16-09:00,33
2013-10-16-12:00,32
2013-10-16-15:00,26
2013-10-16-18:00,25
2013-10-16-21:00,24
2013-10-17-00:00,23
2013-10-17-03:00,24
2013-10-17-06:00,31
2013-10-17-12:00,32
2013-10-17-15:00,28
2013-10-17-18:00,26
2013-10-17-21:00,24
2013-10-18-00:00,24
2013-10-18-06:00,31
2013-10-18-12:00,30
2013-10-18-15:00,26
2013-10-18-18:00,24
2013-10-18-21:00,23
2013-10-19-00:00,21
2013-10-19-03:00,23
2013-10-19-06:00,31
2013-10-19-12:00,30
2013-10-19-15:00,24
2013-10-19-18:00,22
2013-10-19-21:00,21
2013-10-20-00:00,19
2013-10-20-03:00,21
2013-10-20-09:00,32
2013-10-20-12:00,29
2013-10-20-15:00,24
2013-10-20-21:00,21
2013-10-21-00:00,21
2013-10-21-03:00,22
2013-10-21-06:00,30
2013-10-21-09:00,31
2013-10-21-12:00,29
2013-10-21-15:00,23
2013-10-21-18:00,22
2013-10-21-21:00,21
2013-10-22-06:00,30
2013-10-22-09:00,32
2013-10-22-12:00,31
2013-10-22-15:00,24
2013-10-22-18:00,22
2013-10-23-00:00,20
2013-10-23-03:00,22
2013-10-23-06:00,29
2013-10-23-09:00,32
2013-10-23-12:00,30
2013-10-23-15:00,24
2013-10-23-18:00,22
2013-10-23-21:00,21
2013-10-24-00:00,20
2013-10-24-03:00,22
2013-10-24-06:00,29
2013-10-24-12:00,29
2013-10-24-15:00,24
2013-10-24-18:00,22
2013-10-24-21:00,21
2013-10-25-00:00,19
2013-10-25-09:00,29
2013-10-25-15:00,23
2013-10-25-18:00,22
2013-10-25-21:00,21
2013-10-26-00:00,20
2013-10-26-03:00,22
2013-10-26-12:00,29
2013-10-26-15:00,23
2013-10-26-21:00,21
2013-10-27-00:00,20
2013-10-27-03:00,20
2013-10-27-06:00,26
2013-10-27-09:00,30
2013-10-27-12:00,27
2013-10-27-15:00,21
2013-10-27-18:00,20
2013-10-27-21:00,19
2013-10-28-00:00,19
2013-10-28-06:00,27
2013-10-28-09:00,30
2013-10-28-15:00,21
2013-10-28-18:00,20
2013-10-28-21:00,19
2013-10-29-00:00,17
2013-10-29-03:00,20
2013-10-29-06:00,28
2013-10-29-09:00,31
2013-10-29-12:00,27
2013-10-29-15:00,21
2013-10-29-21:00,17
2013-10-30-00:00,17
2013-10-30-03:00,19
2013-10-30-06:00,29
2013-10-30-09:00,31
2013-10-30-15:00,23
2013-10-30-18:00,21
2013-10-30-21:00,20
2013-10-31-00:00,18
2013-10-31-03:00,21
2013-10-31-09:00,30
2013-10-31-12:00,28
2013-10-31-15:00,24
2013-10-31-21:00,21
2013-11-01-00:00,21
2013-11-01-03:00,22
2013-11-01-09:00,30
2013-11-01-12:00,27
2013-11-01-15:00,23
2013-11-01-18:00,21
2013-11-01-21:00,20
2013-11-02-00:00,18
2013-11-02-03:00,19
2013-11-02-06:00,26
2013-11-02-09:00,27
2013-11-02-12:00,25
2013-11-02-15:00,20
2013-11-02-18:00,20
2013-11-02-21:00,18
2013-11-03-00:00,17
2013-11-03-03:00,18
2013-11-03-06:00,25
2013-11-03-09:00,28
2013-11-03-12:00,26
2013-11-03-15:00,18
2013-11-03-18:00,17
2013-11-03-21:00,16
2013-11-04-03:00,17
2013-11-04-06:00,25
2013-11-04-09:00,28
2013-11-04-12:00,24
2013-11-04-15:00,18
2013-11-04-21:00,15
2013-11-05-03:00,16
2013-11-05-06:00,22
2013-11-05-09:00,25
2013-11-05-15:00,18
2013-11-05-18:00,17
2013-11-05-21:00,15
2013-11-06-03:00,15
2013-11-06-06:00,26
2013-11-06-09:00,27
2013-11-06-12:00,24
2013-11-06-15:00,19
2013-11-06-18:00,17
2013-11-06-21:00,16
2013-11-07-00:00,19
2013-11-07-03:00,19
2013-11-07-06:00,20
2013-11-07-09:00,26
2013-11-07-12:00,24
2013-11-07-18:00,17
2013-11-07-21:00,16
2013-11-08-00:00,16
2013-11-08-03:00,18
2013-11-08-06:00,17.5
2013-11-08-09:00,20
2013-11-08-12:00,24
2013-11-08-15:00,20.5
2013-11-08-18:00,17
2013-11-08-21:00,15
2013-11-09-03:00,16
2013-11-09-06:00,24
2013-11-09-09:00,25
2013-11-09-12:00,23
2013-11-09-15:00,18
2013-11-09-18:00,17
2013-11-09-21:00,16
2013-11-10-00:00,14
2013-11-10-03:00,16
2013-11-10-12:00,22
2013-11-10-15:00,18
2013-11-10-18:00,16
2013-11-10-21:00,15
2013-11-11-00:00,14
2013-11-11-03:00,15
2013-11-11-06:00,23
2013-11-11-09:00,26
2013-11-11-12:00,23
2013-11-11-15:00,17
2013-11-11-21:00,14
2013-11-12-00:00,13
2013-11-12-03:00,14
2013-11-12-06:00,23
2013-11-12-12:00,22
2013-11-12-15:00,16
2013-11-12-18:00,15
2013-11-12-21:00,13
2013-11-13-00:00,13
2013-11-13-03:00,14
2013-11-13-06:00,23
2013-11-13-09:00,26
2013-11-13-12:00,22
2013-11-13-15:00,15
2013-11-13-18:00,15
2013-11-13-21:00,14
2013-11-14-00:00,13
2013-11-14-03:00,14
2013-11-14-06:00,22
2013-11-14-09:00,25
2013-11-14-12:00,22
2013-11-14-15:00,16
2013-11-14-18:00,15
2013-11-14-21:00,14
2013-11-15-00:00,11
2013-11-15-03:00,13
2013-11-15-06:00,23
2013-11-15-09:00,26
2013-11-15-12:00,22
2013-11-15-15:00,15
2013-11-15-18:00,13
2013-11-15-21:00,13
2013-11-16-00:00,11
2013-11-16-03:00,12
2013-11-16-06:00,22
2013-11-16-09:00,27
2013-11-16-12:00,22
2013-11-16-15:00,15
2013-11-16-18:00,13
2013-11-16-21:00,11
2013-11-17-00:00,10
2013-11-17-03:00,12
2013-11-17-06:00,24
2013-11-17-12:00,22
2013-11-17-15:00,15
2013-11-17-18:00,14
2013-11-17-21:00,12
2013-11-18-00:00,12
2013-11-18-03:00,14
2013-11-18-06:00,23
2013-11-18-09:00,27
2013-11-18-12:00,23
2013-11-18-15:00,17
2013-11-18-18:00,17
2013-11-18-21:00,15
2013-11-19-00:00,13
2013-11-19-03:00,15
2013-11-19-06:00,23
2013-11-19-09:00,27
2013-11-19-12:00,22
2013-11-19-15:00,16
2013-11-19-18:00,14
2013-11-19-21:00,13
2013-11-20-00:00,12
2013-11-20-03:00,14
2013-11-20-06:00,25
2013-11-20-09:00,28
2013-11-20-12:00,24
2013-11-20-15:00,16
2013-11-20-18:00,14
2013-11-20-21:00,13
2013-11-21-00:00,11
2013-11-21-03:00,13
2013-11-21-06:00,24
2013-11-21-09:00,28
2013-11-21-12:00,23
2013-11-21-15:00,16
2013-11-21-18:00,15
2013-11-21-21:00,13
2013-11-22-00:00,12
2013-11-22-03:00,13
2013-11-22-06:00,24
2013-11-22-09:00,26
2013-11-22-12:00,21
2013-11-22-15:00,17
2013-11-22-18:00,15
2013-11-22-21:00,13
2013-11-23-00:00,20
2013-11-23-03:00,14
2013-11-23-06:00,24
2013-11-23-12:00,24
2013-11-23-15:00,17
2013-11-23-18:00,15
2013-11-23-21:00,13
2013-11-24-00:00,12
2013-11-24-03:00,16
2013-11-24-06:00,24
2013-11-24-09:00,27
2013-11-24-12:00,23
2013-11-24-15:00,18
2013-11-24-18:00,18
2013-11-24-21:00,15
2013-11-25-00:00,14
2013-11-25-03:00,17
2013-11-25-06:00,25
2013-11-25-09:00,29
2013-11-25-12:00,25
2013-11-25-15:00,21
2013-11-25-18:00,20
2013-11-25-21:00,19
2013-11-26-00:00,16
2013-11-26-03:00,18
2013-11-26-06:00,25
2013-11-26-09:00,28
2013-11-26-12:00,26
2013-11-26-15:00,20
2013-11-26-18:00,19
2013-11-26-21:00,18
2013-11-27-00:00,14
2013-11-27-03:00,16
2013-11-27-06:00,25
2013-11-27-09:00,28
2013-11-27-12:00,24
2013-11-27-15:00,18
2013-11-27-18:00,15
2013-11-27-21:00,13
2013-11-28-00:00,13
2013-11-28-03:00,14
2013-11-28-06:00,26
2013-11-28-09:00,28
2013-11-28-12:00,24
2013-11-28-15:00,17
2013-11-28-18:00,14
2013-11-28-21:00,13
2013-11-29-00:00,11
2013-11-29-03:00,13
2013-11-29-06:00,24
2013-11-29-09:00,27
2013-11-29-12:00,24
2013-11-29-15:00,16
2013-11-29-18:00,14
2013-11-29-21:00,13
2013-11-30-00:00,13
2013-11-30-03:00,15
2013-11-30-06:00,24
2013-11-30-09:00,26
2013-11-30-12:00,22
2013-11-30-15:00,16
2013-11-30-18:00,14
2013-11-30-21:00,13
2013-12-01-00:00,12
2013-12-01-03:00,13
2013-12-01-06:00,23
2013-12-01-09:00,27
2013-12-01-12:00,25
2013-12-01-18:00,14
2013-12-01-21:00,12
2013-12-02-00:00,11
2013-12-02-03:00,12
2013-12-02-06:00,24
2013-12-02-09:00,28
2013-12-02-12:00,23
2013-12-02-15:00,15
2013-12-02-18:00,13
2013-12-02-21:00,12
2013-12-03-00:00,11
2013-12-03-03:00,13
2013-12-03-06:00,24
2013-12-03-09:00,27
2013-12-03-12:00,22
2013-12-03-15:00,16
2013-12-03-18:00,14
2013-12-03-21:00,13
2013-12-04-00:00,11
2013-12-04-03:00,12
2013-12-04-06:00,22
2013-12-04-09:00,25
2013-12-04-12:00,21
2013-12-04-15:00,15
2013-12-04-18:00,14
2013-12-05-00:00,12
2013-12-05-03:00,13
2013-12-05-06:00,20
2013-12-05-09:00,25
2013-12-05-12:00,21
2013-12-05-15:00,15
2013-12-05-18:00,14
2013-12-06-00:00,11
2013-12-06-03:00,13
2013-12-06-06:00,21
2013-12-06-09:00,25
2013-12-06-12:00,21
2013-12-06-15:00,14
2013-12-06-18:00,13
2013-12-06-21:00,11
2013-12-07-00:00,10
2013-12-07-03:00,11
2013-12-07-06:00,21
2013-12-07-09:00,25
2013-12-07-12:00,21
2013-12-07-15:00,15
2013-12-07-18:00,13
2013-12-07-21:00,12
2013-12-08-00:00,10
2013-12-08-03:00,12
2013-12-08-06:00,22
2013-12-08-09:00,26
2013-12-08-12:00,21
2013-12-08-15:00,16
2013-12-08-18:00,13
2013-12-08-21:00,12
2013-12-09-00:00,11
2013-12-09-03:00,12
2013-12-09-06:00,22
2013-12-09-09:00,25
2013-12-09-12:00,21
2013-12-09-15:00,14
2013-12-09-18:00,13
2013-12-09-21:00,11
2013-12-10-00:00,10
2013-12-10-03:00,12
2013-12-10-06:00,21
2013-12-10-09:00,24
2013-12-10-12:00,21
2013-12-10-15:00,14
2013-12-10-18:00,12
2013-12-10-21:00,10
2013-12-11-00:00,10
2013-12-11-03:00,12
2013-12-11-06:00,22
2013-12-11-09:00,24
2013-12-11-12:00,21
2013-12-11-15:00,17
2013-12-11-18:00,14
2013-12-11-21:00,13
2013-12-12-00:00,13
2013-12-12-03:00,14
2013-12-12-06:00,20
2013-12-12-09:00,24
2013-12-12-12:00,21
2013-12-12-15:00,19
2013-12-12-18:00,16
2013-12-12-21:00,15
2013-12-13-00:00,14
2013-12-13-03:00,13
2013-12-13-06:00,21
2013-12-13-09:00,24
2013-12-13-12:00,22
2013-12-13-15:00,14
2013-12-13-18:00,12
2013-12-14-00:00,10
2013-12-14-06:00,20
2013-12-14-09:00,25
2013-12-14-12:00,21
2013-12-14-15:00,14
2013-12-14-18:00,12
2013-12-14-21:00,11
2013-12-15-00:00,10
2013-12-15-03:00,12
2013-12-15-06:00,20
2013-12-15-09:00,24
2013-12-15-12:00,20
2013-12-15-15:00,14
2013-12-15-18:00,13
2013-12-15-21:00,11
2013-12-16-00:00,10
2013-12-16-03:00,10
2013-12-16-06:00,19
2013-12-16-09:00,24
2013-12-16-12:00,19
2013-12-16-15:00,15
2013-12-16-18:00,13
2013-12-16-21:00,12
2013-12-17-00:00,11
2013-12-17-03:00,13
2013-12-17-06:00,16
2013-12-17-09:00,22
2013-12-17-12:00,19
2013-12-17-15:00,14
2013-12-17-18:00,12
2013-12-17-21:00,11
2013-12-18-00:00,10
2013-12-18-03:00,12
2013-12-18-06:00,16
2013-12-18-09:00,22
2013-12-18-12:00,19
2013-12-18-15:00,15
2013-12-18-18:00,13
2013-12-18-21:00,12
2013-12-19-00:00,12
2013-12-19-03:00,13
2013-12-19-06:00,17
2013-12-19-09:00,22
2013-12-19-12:00,20
2013-12-19-15:00,16
2013-12-19-18:00,15
2013-12-19-21:00,14
2013-12-20-00:00,14
2013-12-20-03:00,13
2013-12-20-06:00,17
2013-12-20-09:00,20
2013-12-20-12:00,17
2013-12-20-15:00,15
2013-12-20-18:00,14
2013-12-20-21:00,13
2013-12-21-00:00,13
2013-12-21-03:00,14
2013-12-21-06:00,15
2013-12-21-09:00,16
2013-12-21-12:00,16
2013-12-21-15:00,16
2013-12-21-18:00,15
2013-12-21-21:00,13
2013-12-22-00:00,14
2013-12-22-03:00,15
2013-12-22-06:00,17
2013-12-22-09:00,17
2013-12-22-12:00,17
2013-12-22-15:00,15
2013-12-22-18:00,13
2013-12-22-21:00,14
2013-12-23-00:00,13
2013-12-23-03:00,13
2013-12-23-06:00,16
2013-12-23-09:00,18
2013-12-23-12:00,17
2013-12-23-15:00,14
2013-12-23-18:00,12
2013-12-23-21:00,11
2013-12-24-00:00,10
2013-12-24-03:00,10
2013-12-24-06:00,16
2013-12-24-09:00,20
2013-12-24-12:00,17
2013-12-24-15:00,12
2013-12-24-18:00,12
2013-12-24-21:00,11
2013-12-25-00:00,9
2013-12-25-03:00,9
2013-12-25-06:00,18
2013-12-25-09:00,20
2013-12-25-12:00,18
2013-12-25-15:00,15
2013-12-25-18:00,9
2013-12-25-21:00,8
2013-12-26-00:00,7
2013-12-26-03:00,9
2013-12-26-06:00,17
2013-12-26-09:00,20
2013-12-26-12:00,18
2013-12-26-15:00,10
2013-12-26-18:00,8
2013-12-26-21:00,8
2013-12-27-00:00,9
2013-12-27-03:00,10
2013-12-27-06:00,15
2013-12-27-09:00,17
2013-12-27-12:00,15
2013-12-27-15:00,11
2013-12-27-18:00,9
2013-12-27-21:00,9
2013-12-28-00:00,6
2013-12-28-03:00,6
2013-12-28-06:00,16
2013-12-28-09:00,20
2013-12-28-12:00,17
2013-12-28-15:00,9
2013-12-28-18:00,7
2013-12-28-21:00,6
2013-12-29-00:00,5
2013-12-29-03:00,6
2013-12-29-06:00,16
2013-12-29-09:00,19
2013-12-29-12:00,16
2013-12-29-15:00,11.5
2013-12-29-18:00,7
2013-12-29-21:00,5
2013-12-30-00:00,4
2013-12-30-03:00,4
2013-12-30-06:00,17
2013-12-30-09:00,19
2013-12-30-12:00,17
2013-12-30-15:00,14
2013-12-30-18:00,12
2013-12-30-21:00,12
2013-12-31-00:00,12
2013-12-31-03:00,13
2013-12-31-06:00,14
2013-12-31-09:00,17
2013-12-31-12:00,16
2013-12-31-15:00,15
2013-12-31-18:00,15
2013-12-31-21:00,14
2014-01-01-00:00,13
2014-01-01-03:00,12
2014-01-01-06:00,16
2014-01-01-09:00,18
2014-01-01-12:00,16
2014-01-01-15:00,13
2014-01-01-18:00,10
2014-01-01-21:00,9
2014-01-02-00:00,7
2014-01-02-03:00,6
2014-01-02-06:00,14
2014-01-02-09:00,18
2014-01-02-12:00,16
2014-01-02-15:00,11
2014-01-02-18:00,9
2014-01-02-21:00,7
2014-01-03-00:00,6
2014-01-03-03:00,6
2014-01-03-06:00,16
2014-01-03-09:00,19
2014-01-03-12:00,17
2014-01-03-15:00,13
2014-01-03-18:00,12
2014-01-03-21:00,11
2014-01-04-00:00,8
2014-01-04-03:00,10
2014-01-04-06:00,16
2014-01-04-09:00,18
2014-01-04-12:00,17
2014-01-04-15:00,13
2014-01-04-18:00,11
2014-01-04-21:00,10
2014-01-05-00:00,10
2014-01-05-03:00,9
2014-01-05-06:00,16
2014-01-05-09:00,19
2014-01-05-12:00,17
2014-01-05-15:00,11
2014-01-05-18:00,9
2014-01-05-21:00,8
2014-01-06-00:00,9
2014-01-06-03:00,8
2014-01-06-06:00,13
2014-01-06-09:00,17
2014-01-06-12:00,15
2014-01-06-15:00,9
2014-01-06-18:00,9
2014-01-06-21:00,9.5
2014-01-07-00:00,12
2014-01-07-03:00,7
2014-01-07-06:00,16
2014-01-07-09:00,19
2014-01-07-12:00,18
2014-01-07-15:00,10
2014-01-07-18:00,8
2014-01-07-21:00,7
2014-01-08-00:00,5
2014-01-08-03:00,6
2014-01-08-06:00,18
2014-01-08-09:00,21
2014-01-08-12:00,18
2014-01-08-15:00,10
2014-01-08-18:00,9
2014-01-08-21:00,8
2014-01-09-00:00,9
2014-01-09-03:00,8
2014-01-09-06:00,15
2014-01-09-09:00,18
2014-01-09-12:00,16
2014-01-09-15:00,11
2014-01-10-00:00,7
2014-01-10-03:00,7
2014-01-10-06:00,15
2014-01-10-09:00,20
2014-01-10-12:00,17
2014-01-10-15:00,12
2014-01-10-18:00,11
2014-01-10-21:00,10
2014-01-11-00:00,8
2014-01-11-03:00,8
2014-01-11-06:00,14
2014-01-11-09:00,18
2014-01-11-12:00,17
2014-01-11-15:00,12
2014-01-11-18:00,11
2014-01-11-21:00,9
2014-01-12-00:00,8
2014-01-12-03:00,8
2014-01-12-06:00,17
2014-01-12-09:00,20
2014-01-12-12:00,18
2014-01-12-15:00,13
2014-01-12-18:00,10
2014-01-12-21:00,9
2014-01-13-00:00,9
2014-01-13-03:00,8
2014-01-13-06:00,18
2014-01-13-09:00,21
2014-01-13-12:00,19
2014-01-13-15:00,14
2014-01-13-18:00,12
2014-01-13-21:00,11
2014-01-14-00:00,10
2014-01-14-03:00,10
2014-01-14-06:00,18
2014-01-14-09:00,22
2014-01-14-12:00,19
2014-01-14-15:00,15
2014-01-14-18:00,13
2014-01-14-21:00,12
2014-01-15-00:00,11
2014-01-15-03:00,11
2014-01-15-06:00,12
2014-01-15-09:00,15
2014-01-15-12:00,15
2014-01-15-15:00,11
2014-01-15-18:00,10
2014-01-15-21:00,11
2014-01-16-00:00,11
2014-01-16-03:00,11
2014-01-16-06:00,15
2014-01-16-12:00,15
2014-01-16-15:00,13
2014-01-16-18:00,11
2014-01-16-21:00,10
2014-01-17-00:00,9
2014-01-17-03:00,12
2014-01-17-06:00,12
2014-01-17-09:00,13
2014-01-17-12:00,13
2014-01-17-15:00,12
2014-01-17-18:00,13
2014-01-17-21:00,12
2014-01-18-00:00,13
2014-01-18-03:00,12
2014-01-18-06:00,14
2014-01-18-09:00,15
2014-01-18-12:00,14
2014-01-18-15:00,12
2014-01-18-18:00,10
2014-01-18-21:00,10
2014-01-19-00:00,11
2014-01-19-03:00,12
2014-01-19-06:00,16
2014-01-19-09:00,20
2014-01-19-12:00,19
2014-01-19-15:00,14
2014-01-19-18:00,13
2014-01-19-21:00,11
2014-01-20-00:00,10
2014-01-20-03:00,10
2014-01-20-06:00,15
2014-01-20-09:00,22
2014-01-20-12:00,19
2014-01-20-15:00,14
2014-01-20-18:00,14
2014-01-20-21:00,13
2014-01-21-00:00,13
2014-01-21-03:00,13
2014-01-21-06:00,13
2014-01-21-09:00,14
2014-01-21-12:00,15
2014-01-21-18:00,14
2014-01-21-21:00,13
2014-01-22-00:00,14
2014-01-22-03:00,15
2014-01-22-06:00,15
2014-01-22-09:00,17
2014-01-22-12:00,16
2014-01-22-15:00,15
2014-01-22-18:00,15
2014-01-22-21:00,15
2014-01-23-00:00,14
2014-01-23-03:00,15
2014-01-23-06:00,17
2014-01-23-09:00,20
2014-01-23-12:00,19
2014-01-23-15:00,15
2014-01-23-18:00,13
2014-01-23-21:00,12
2014-01-24-00:00,12
2014-01-24-03:00,12
2014-01-24-06:00,14
2014-01-24-09:00,18
2014-01-24-12:00,17
2014-01-24-15:00,14
2014-01-24-18:00,12
2014-01-24-21:00,12
2014-01-25-00:00,11
2014-01-25-03:00,11
2014-01-25-06:00,11
2014-01-25-09:00,14
2014-01-25-12:00,14
2014-01-25-15:00,12
2014-01-25-18:00,11
2014-01-25-21:00,10
2014-01-26-00:00,11
2014-01-26-03:00,11
2014-01-26-06:00,15
2014-01-26-09:00,20
2014-01-26-12:00,20
2014-01-26-15:00,14
2014-01-26-18:00,12
2014-01-26-21:00,12
2014-01-27-00:00,11
2014-01-27-03:00,12
2014-01-27-06:00,20
2014-01-27-09:00,24
2014-01-27-12:00,22
2014-01-27-15:00,16
2014-01-27-18:00,15
2014-01-27-21:00,13
2014-01-28-00:00,11
2014-01-28-03:00,12
2014-01-28-06:00,20
2014-01-28-09:00,23
2014-01-28-12:00,23
2014-01-28-15:00,17
2014-01-28-18:00,14
2014-01-28-21:00,13
2014-01-29-00:00,11
2014-01-29-03:00,11
2014-01-29-06:00,18
2014-01-29-09:00,21
2014-01-29-12:00,18
2014-01-29-15:00,15
2014-01-29-18:00,13
2014-01-29-21:00,12
2014-01-30-00:00,12
2014-01-30-03:00,11
2014-01-30-06:00,16
2014-01-30-09:00,20
2014-01-30-12:00,20
2014-01-30-15:00,15
2014-01-30-18:00,11
2014-01-30-21:00,11
2014-01-31-00:00,12
2014-01-31-03:00,12
2014-01-31-06:00,15
2014-01-31-09:00,21
2014-01-31-12:00,17
2014-01-31-15:00,14
2014-01-31-18:00,14
2014-01-31-21:00,13
2014-02-01-00:00,12
2014-02-01-03:00,12
2014-02-01-06:00,14
2014-02-01-09:00,19
2014-02-01-12:00,18
2014-02-01-15:00,14
2014-02-01-18:00,12
2014-02-01-21:00,11
2014-02-02-00:00,8
2014-02-02-03:00,9
2014-02-02-06:00,20
2014-02-02-09:00,23
2014-02-02-12:00,21
2014-02-02-15:00,16
2014-02-02-18:00,13
2014-02-02-21:00,12
2014-02-03-00:00,10
2014-02-03-03:00,11
2014-02-03-06:00,22
2014-02-03-09:00,27
2014-02-03-12:00,25
2014-02-03-15:00,18
2014-02-03-18:00,16
2014-02-03-21:00,19.5
2014-02-04-00:00,21.75
2014-02-04-03:00,14
2014-02-04-06:00,24
2014-02-04-09:00,25
2014-02-04-12:00,23
2014-02-04-15:00,18
2014-02-04-18:00,15
2014-02-04-21:00,13
2014-02-05-00:00,14
2014-02-05-03:00,15
2014-02-05-06:00,17
2014-02-05-09:00,23
2014-02-05-12:00,23
2014-02-05-15:00,16
2014-02-05-18:00,15
2014-02-05-21:00,13
2014-02-06-00:00,11
2014-02-06-03:00,12
2014-02-06-06:00,23
2014-02-06-09:00,25
2014-02-06-12:00,23
2014-02-06-15:00,19
2014-02-06-18:00,18
2014-02-06-21:00,17
2014-02-07-00:00,16
2014-02-07-03:00,17
2014-02-07-06:00,23
2014-02-07-09:00,26
2014-02-07-12:00,24
2014-02-07-15:00,19
2014-02-07-18:00,17
2014-02-07-21:00,15
2014-02-08-00:00,15
2014-02-08-03:00,15
2014-02-08-06:00,15
2014-02-08-09:00,16
2014-02-08-12:00,15
2014-02-08-15:00,12
2014-02-08-18:00,11
2014-02-08-21:00,10
2014-02-09-00:00,8
2014-02-09-03:00,10
2014-02-09-06:00,17
2014-02-09-09:00,19
2014-02-09-12:00,19
2014-02-09-15:00,12
2014-02-09-18:00,9
2014-02-09-21:00,9
2014-02-10-00:00,6
2014-02-10-03:00,9
2014-02-10-06:00,17
2014-02-10-09:00,20
2014-02-10-12:00,17
2014-02-10-15:00,14
2014-02-10-18:00,10
2014-02-10-21:00,8
2014-02-11-00:00,7
2014-02-11-03:00,8
2014-02-11-06:00,19
2014-02-11-09:00,21
2014-02-11-12:00,19
2014-02-11-15:00,14
2014-02-11-18:00,10
2014-02-11-21:00,9
2014-02-12-00:00,8
2014-02-12-03:00,10
2014-02-12-06:00,17
2014-02-12-09:00,21
2014-02-12-12:00,19
2014-02-12-15:00,13
2014-02-12-18:00,10
2014-02-12-21:00,8
2014-02-13-00:00,7
2014-02-13-03:00,8
2014-02-13-06:00,20
2014-02-13-09:00,22
2014-02-13-12:00,19
2014-02-13-15:00,17
2014-02-13-18:00,15
2014-02-13-21:00,14
2014-02-14-00:00,12
2014-02-14-03:00,12
2014-02-14-06:00,13
2014-02-14-09:00,14
2014-02-14-12:00,14
2014-02-14-15:00,14
2014-02-14-18:00,13
2014-02-14-21:00,12
2014-02-15-00:00,11
2014-02-15-03:00,11
2014-02-15-06:00,12
2014-02-15-09:00,17
2014-02-15-12:00,16
2014-02-15-15:00,12
2014-02-15-18:00,10
2014-02-15-21:00,10
2014-02-16-00:00,9
2014-02-16-03:00,10
2014-02-16-06:00,16
2014-02-16-09:00,19
2014-02-16-12:00,18
2014-02-16-15:00,13
2014-02-16-18:00,12
2014-02-16-21:00,11
2014-02-17-00:00,10
2014-02-17-03:00,12
2014-02-17-06:00,18
2014-02-17-09:00,21
2014-02-17-12:00,20
2014-02-17-15:00,15
2014-02-17-18:00,13
2014-02-17-21:00,12
2014-02-18-00:00,11
2014-02-18-03:00,12
2014-02-18-06:00,20
2014-02-18-09:00,23
2014-02-18-12:00,21
2014-02-18-15:00,14
2014-02-18-18:00,11
2014-02-18-21:00,10
2014-02-19-00:00,8
2014-02-19-03:00,10
2014-02-19-06:00,20
2014-02-19-09:00,22
2014-02-19-12:00,22
2014-02-19-15:00,15
2014-02-19-18:00,13
2014-02-19-21:00,11
2014-02-20-00:00,10
2014-02-20-03:00,11
2014-02-20-06:00,21
2014-02-20-09:00,24
2014-02-20-12:00,23
2014-02-20-15:00,16
2014-02-20-18:00,13
2014-02-20-21:00,11
2014-02-21-00:00,10
2014-02-21-03:00,13
2014-02-21-06:00,21
2014-02-21-09:00,24
2014-02-21-12:00,22
2014-02-21-15:00,17
2014-02-21-18:00,16
2014-02-21-21:00,14
2014-02-22-00:00,14
2014-02-22-03:00,15
2014-02-22-06:00,17
2014-02-22-09:00,21
2014-02-22-12:00,21
2014-02-22-15:00,16
2014-02-22-18:00,15
2014-02-22-21:00,14
2014-02-23-00:00,13
2014-02-23-03:00,14
2014-02-23-06:00,19
2014-02-23-09:00,21
2014-02-23-12:00,21
2014-02-23-15:00,17
2014-02-23-18:00,14
2014-02-23-21:00,13
2014-02-24-00:00,12
2014-02-24-03:00,12
2014-02-24-06:00,20
2014-02-24-09:00,23
2014-02-24-12:00,21
2014-02-24-15:00,16
2014-02-24-18:00,14
2014-02-24-21:00,13
2014-02-25-00:00,12
2014-02-25-03:00,13
2014-02-25-06:00,23
2014-02-25-09:00,25
2014-02-25-12:00,23
2014-02-25-15:00,18
2014-02-25-18:00,16
2014-02-25-21:00,15
2014-02-26-00:00,14
2014-02-26-03:00,15
2014-02-26-06:00,22
2014-02-26-09:00,25
2014-02-26-12:00,24
2014-02-26-15:00,19
2014-02-26-18:00,16
2014-02-26-21:00,15
2014-02-27-00:00,14
2014-02-27-03:00,16
2014-02-27-06:00,23
2014-02-27-09:00,24
2014-02-27-12:00,23
2014-02-27-15:00,19
2014-02-27-18:00,16
2014-02-27-21:00,14
2014-02-28-00:00,13
2014-02-28-03:00,15
2014-02-28-06:00,21
2014-02-28-09:00,18
2014-02-28-12:00,17
2014-02-28-15:00,14
2014-02-28-18:00,13
2014-02-28-21:00,14
2014-03-01-00:00,14
2014-03-01-03:00,14
2014-03-01-06:00,16
2014-03-01-09:00,19
2014-03-01-12:00,20
2014-03-01-15:00,16
2014-03-01-18:00,14
2014-03-02-00:00,13
2014-03-02-03:00,14
2014-03-02-06:00,18
2014-03-02-09:00,21
2014-03-02-12:00,20
2014-03-02-15:00,16
2014-03-02-18:00,14
2014-03-02-21:00,13
2014-03-03-00:00,12
2014-03-03-03:00,14
2014-03-03-06:00,21
2014-03-03-09:00,25
2014-03-03-12:00,24
2014-03-03-15:00,18
2014-03-03-18:00,15
2014-03-03-21:00,14
2014-03-04-00:00,13
2014-03-04-03:00,15
2014-03-04-06:00,23
2014-03-04-09:00,25
2014-03-04-12:00,24
2014-03-04-15:00,18
2014-03-04-18:00,16
2014-03-04-21:00,16
2014-03-05-00:00,15
2014-03-05-03:00,17
2014-03-05-06:00,24
2014-03-05-09:00,26
2014-03-05-12:00,25
2014-03-05-15:00,15
2014-03-05-18:00,15
2014-03-05-21:00,14
2014-03-06-00:00,14
2014-03-06-03:00,15
2014-03-06-06:00,23
2014-03-06-09:00,25
2014-03-06-12:00,23
2014-03-06-15:00,18
2014-03-06-18:00,15
2014-03-06-21:00,14
2014-03-07-00:00,13
2014-03-07-03:00,15
2014-03-07-06:00,23
2014-03-07-09:00,25
2014-03-07-12:00,24
2014-03-07-15:00,19
2014-03-07-18:00,15
2014-03-07-21:00,14
2014-03-08-00:00,14
2014-03-08-03:00,16
2014-03-08-06:00,25
2014-03-08-09:00,27
2014-03-08-12:00,25
2014-03-08-15:00,20
2014-03-08-18:00,17
2014-03-08-21:00,15
2014-03-09-00:00,15
2014-03-09-03:00,17
2014-03-09-06:00,26
2014-03-09-09:00,28
2014-03-09-12:00,28
2014-03-09-15:00,22
2014-03-09-18:00,21
2014-03-09-21:00,19
2014-03-10-00:00,18
2014-03-10-03:00,20
2014-03-10-06:00,20
2014-03-10-09:00,23
2014-03-10-12:00,23
2014-03-10-15:00,20
2014-03-10-18:00,18
2014-03-10-21:00,18
2014-03-11-00:00,17
2014-03-11-03:00,19
2014-03-11-06:00,25
2014-03-11-09:00,25
2014-03-11-12:00,26
2014-03-11-18:00,17
2014-03-11-21:00,16
2014-03-12-00:00,15
2014-03-12-03:00,16
2014-03-12-06:00,24
2014-03-12-09:00,26
2014-03-12-12:00,24
2014-03-12-15:00,20
2014-03-12-18:00,18
2014-03-12-21:00,17
2014-03-13-00:00,14
2014-03-13-03:00,15
2014-03-13-06:00,23
2014-03-13-09:00,26
2014-03-13-12:00,24
2014-03-13-15:00,19
2014-03-13-18:00,16
2014-03-13-21:00,15
2014-03-14-00:00,13
2014-03-14-03:00,16
2014-03-14-06:00,24
2014-03-14-09:00,27
2014-03-14-12:00,26
2014-03-14-15:00,20
2014-03-14-18:00,16
2014-03-14-21:00,15
2014-03-15-00:00,14
2014-03-15-03:00,17
2014-03-15-06:00,26
2014-03-15-09:00,29
2014-03-15-12:00,28
2014-03-15-15:00,22
2014-03-15-18:00,19
2014-03-15-21:00,18
2014-03-16-00:00,17
2014-03-16-03:00,19
2014-03-16-06:00,28
2014-03-16-09:00,31
2014-03-16-12:00,30
2014-03-16-15:00,23
2014-03-16-18:00,20
2014-03-16-21:00,17
2014-03-17-00:00,18
2014-03-17-03:00,22
2014-03-17-06:00,30
2014-03-17-09:00,34
2014-03-17-12:00,31
2014-03-17-15:00,27
2014-03-17-18:00,25
2014-03-17-21:00,23
2014-03-18-00:00,21
2014-03-18-06:00,29
2014-03-18-09:00,30
2014-03-18-12:00,28
2014-03-18-15:00,24
2014-03-18-18:00,22
2014-03-18-21:00,20
2014-03-19-00:00,18
2014-03-19-03:00,19
2014-03-19-06:00,25
2014-03-19-09:00,28
2014-03-19-12:00,27
2014-03-19-15:00,21
2014-03-19-18:00,19
2014-03-19-21:00,17
2014-03-20-00:00,16
2014-03-20-03:00,19
2014-03-20-06:00,26
2014-03-20-09:00,27
2014-03-20-12:00,28
2014-03-20-15:00,21
2014-03-20-18:00,18
2014-03-20-21:00,17
2014-03-21-00:00,16
2014-03-21-03:00,18
2014-03-21-06:00,17
2014-03-21-09:00,32
2014-03-21-12:00,30
2014-03-21-15:00,24
2014-03-21-18:00,22
2014-03-21-21:00,21
2014-03-22-00:00,18
2014-03-22-03:00,21
2014-03-22-06:00,30
2014-03-22-09:00,32
2014-03-22-12:00,31
2014-03-22-15:00,25
2014-03-22-18:00,22
2014-03-22-21:00,21
2014-03-23-00:00,19
2014-03-23-03:00,23
2014-03-23-06:00,27
2014-03-23-09:00,25
2014-03-23-12:00,25
2014-03-23-15:00,22
2014-03-23-18:00,21
2014-03-23-21:00,20
2014-03-24-00:00,20
2014-03-24-03:00,20
2014-03-24-06:00,23
2014-03-24-09:00,28
2014-03-24-12:00,27
2014-03-24-15:00,21
2014-03-24-18:00,21
2014-03-24-21:00,19
2014-03-25-00:00,18
2014-03-25-03:00,20
2014-03-25-06:00,29
2014-03-25-09:00,31
2014-03-25-12:00,31
2014-03-25-15:00,25
2014-03-25-18:00,22
2014-03-25-21:00,21
2014-03-26-00:00,20
2014-03-26-03:00,23
2014-03-26-06:00,30
2014-03-26-09:00,32
2014-03-26-12:00,29
2014-03-26-15:00,24
2014-03-26-18:00,22
2014-03-26-21:00,21
2014-03-27-00:00,22
2014-03-27-03:00,23
2014-03-27-06:00,23
2014-03-27-09:00,28
2014-03-27-12:00,28
2014-03-27-15:00,21
2014-03-27-18:00,21
2014-03-27-21:00,22
2014-03-28-00:00,20
2014-03-28-03:00,22
2014-03-28-06:00,28
2014-03-28-09:00,32
2014-03-28-12:00,24
2014-03-28-15:00,23
2014-03-28-18:00,22
2014-03-29-00:00,20
2014-03-29-03:00,22
2014-03-29-06:00,29
2014-03-29-09:00,32
2014-03-29-12:00,31
2014-03-29-15:00,26
2014-03-29-18:00,24
2014-03-29-21:00,23
2014-03-30-00:00,19
2014-03-30-03:00,21
2014-03-30-06:00,29
2014-03-30-09:00,30
2014-03-30-12:00,29
2014-03-30-15:00,23
2014-03-30-18:00,22
2014-03-30-21:00,20
2014-03-31-00:00,18
2014-03-31-03:00,22
2014-03-31-06:00,28
2014-03-31-09:00,30
2014-03-31-12:00,30
2014-03-31-15:00,25
2014-03-31-18:00,21
2014-03-31-21:00,19
2014-04-01-00:00,18
2014-04-01-03:00,21
2014-04-01-06:00,30
2014-04-01-09:00,33
2014-04-01-12:00,32
2014-04-01-15:00,24
2014-04-01-18:00,21
2014-04-01-21:00,20
2014-04-02-00:00,19
2014-04-02-03:00,23
2014-04-02-06:00,31
2014-04-02-09:00,34
2014-04-02-12:00,34
2014-04-02-15:00,27
2014-04-02-18:00,24
2014-04-02-21:00,22
2014-04-03-00:00,19
2014-04-03-03:00,21
2014-04-03-06:00,29
2014-04-03-09:00,31
2014-04-03-12:00,30
2014-04-03-15:00,26
2014-04-03-18:00,23
2014-04-03-21:00,21
2014-04-04-00:00,19
2014-04-04-06:00,30
2014-04-04-09:00,32
2014-04-04-12:00,31
2014-04-04-15:00,22
2014-04-04-18:00,25
2014-04-04-21:00,22
2014-04-05-00:00,21
2014-04-05-03:00,24
2014-04-05-06:00,31
2014-04-05-09:00,34
2014-04-05-12:00,33
2014-04-05-15:00,29
2014-04-05-18:00,25
2014-04-05-21:00,22
2014-04-06-00:00,21
2014-04-06-03:00,26
2014-04-06-06:00,36
2014-04-06-09:00,37
2014-04-06-12:00,37
2014-04-06-15:00,29
2014-04-06-18:00,28
2014-04-06-21:00,27
2014-04-07-00:00,23
2014-04-07-03:00,26
2014-04-07-06:00,31
2014-04-07-09:00,32
2014-04-07-12:00,31
2014-04-07-15:00,27
2014-04-07-18:00,25
2014-04-07-21:00,23
2014-04-08-00:00,21
2014-04-08-03:00,22
2014-04-08-06:00,29
2014-04-08-09:00,32
2014-04-08-12:00,30
2014-04-08-15:00,27
2014-04-08-18:00,24
2014-04-08-21:00,21
2014-04-09-00:00,18
2014-04-09-03:00,23
2014-04-09-06:00,30
2014-04-09-09:00,32
2014-04-09-12:00,32
2014-04-09-15:00,26
2014-04-09-18:00,25
2014-04-09-21:00,20
2014-04-10-00:00,19
2014-04-10-03:00,23
2014-04-10-06:00,30
2014-04-10-09:00,33
2014-04-10-12:00,33
2014-04-10-15:00,27
2014-04-10-18:00,24
2014-04-10-21:00,22
2014-04-11-00:00,18
2014-04-11-03:00,25
2014-04-11-06:00,33
2014-04-11-09:00,34
2014-04-11-12:00,35
2014-04-11-15:00,28
2014-04-11-18:00,24
2014-04-12-00:00,20
2014-04-12-03:00,25
2014-04-12-06:00,34
2014-04-12-09:00,37
2014-04-12-12:00,35
2014-04-12-15:00,29
2014-04-12-18:00,27
2014-04-12-21:00,26
2014-04-13-00:00,26
2014-04-13-03:00,25
2014-04-13-06:00,29
2014-04-13-09:00,32
2014-04-13-12:00,30
2014-04-13-15:00,27
2014-04-13-18:00,23
2014-04-13-21:00,23
2014-04-14-00:00,23
2014-04-14-03:00,25
2014-04-14-06:00,29
2014-04-14-09:00,33
2014-04-14-12:00,33
2014-04-14-15:00,28
2014-04-14-18:00,26
2014-04-14-21:00,24
2014-04-15-00:00,22
2014-04-15-03:00,25
2014-04-15-06:00,35
2014-04-15-09:00,36
2014-04-15-12:00,35
2014-04-15-15:00,29
2014-04-15-18:00,26
2014-04-15-21:00,24
2014-04-16-00:00,23
2014-04-16-03:00,21
2014-04-16-06:00,28
2014-04-16-09:00,34
2014-04-16-12:00,33
2014-04-16-15:00,29
2014-04-16-18:00,26
2014-04-16-21:00,23
2014-04-17-00:00,21
2014-04-17-03:00,26
2014-04-17-06:00,29
2014-04-17-09:00,30
2014-04-17-12:00,29
2014-04-17-15:00,26
2014-04-17-18:00,25
2014-04-17-21:00,25
2014-04-18-00:00,20
2014-04-18-03:00,21
2014-04-18-06:00,26
2014-04-18-09:00,28
2014-04-18-12:00,29
2014-04-18-15:00,25
2014-04-18-18:00,23
2014-04-18-21:00,22
2014-04-19-00:00,21
2014-04-19-03:00,22
2014-04-19-06:00,28
2014-04-19-09:00,32
2014-04-19-12:00,30
2014-04-19-15:00,26
2014-04-19-18:00,24
2014-04-19-21:00,22
2014-04-20-00:00,20
2014-04-20-03:00,25
2014-04-20-06:00,32
2014-04-20-09:00,34
2014-04-20-12:00,32
2014-04-20-15:00,27
2014-04-20-18:00,24
2014-04-20-21:00,22
2014-04-21-00:00,20
2014-04-21-03:00,25
2014-04-21-06:00,33
2014-04-21-09:00,35
2014-04-21-12:00,35
2014-04-21-15:00,28
2014-04-21-18:00,25
2014-04-21-21:00,23
2014-04-22-00:00,22
2014-04-22-03:00,27
2014-04-22-06:00,33
2014-04-22-09:00,36
2014-04-22-12:00,35
2014-04-22-15:00,30
2014-04-22-18:00,27
2014-04-22-21:00,25
2014-04-23-00:00,23
2014-04-23-03:00,27
2014-04-23-06:00,34
2014-04-23-09:00,35
2014-04-23-12:00,35
2014-04-23-15:00,29
2014-04-23-18:00,26
2014-04-23-21:00,24
2014-04-24-00:00,22
2014-04-24-03:00,27
2014-04-24-06:00,35
2014-04-24-09:00,37
2014-04-24-12:00,36
2014-04-24-15:00,29
2014-04-24-18:00,25
2014-04-24-21:00,24
2014-04-25-00:00,22
2014-04-25-03:00,28
2014-04-25-06:00,36
2014-04-25-09:00,38
2014-04-25-12:00,38
2014-04-25-15:00,30
2014-04-25-18:00,28
2014-04-25-21:00,25
2014-04-26-00:00,23
2014-04-26-03:00,29
2014-04-26-06:00,36
2014-04-26-09:00,38
2014-04-26-12:00,37
2014-04-26-15:00,33
2014-04-26-18:00,29
2014-04-26-21:00,27
2014-04-27-00:00,23
2014-04-27-03:00,28
2014-04-27-06:00,36
2014-04-27-09:00,38
2014-04-27-12:00,37
2014-04-27-15:00,30
2014-04-27-18:00,28
2014-04-27-21:00,25
2014-04-28-00:00,23
2014-04-28-03:00,30
2014-04-28-06:00,37
2014-04-28-09:00,39
2014-04-28-12:00,39
2014-04-28-15:00,31
2014-04-28-18:00,28
2014-04-28-21:00,25
2014-04-29-00:00,24
2014-04-29-03:00,31
2014-04-29-06:00,39
2014-04-29-09:00,40
2014-04-29-12:00,40
2014-04-29-15:00,31
2014-04-29-18:00,27
2014-04-29-21:00,25
2014-04-30-00:00,24
2014-04-30-03:00,30
2014-04-30-06:00,40
2014-04-30-09:00,42
2014-04-30-12:00,41
2014-04-30-15:00,33
2014-04-30-18:00,29
2014-04-30-21:00,27
2014-05-01-00:00,26
2014-05-01-03:00,31
2014-05-01-06:00,40
2014-05-01-09:00,43
2014-05-01-12:00,41
2014-05-01-15:00,33
2014-05-01-18:00,33
2014-05-01-21:00,32
2014-05-02-00:00,27
2014-05-02-03:00,33
2014-05-02-06:00,38
2014-05-02-09:00,40
2014-05-02-12:00,40
2014-05-02-15:00,35
2014-05-02-18:00,32
2014-05-02-21:00,30
2014-05-03-00:00,28
2014-05-03-03:00,29
2014-05-03-06:00,35
2014-05-03-09:00,38
2014-05-03-12:00,37
2014-05-03-15:00,32
2014-05-03-18:00,29
2014-05-03-21:00,26
2014-05-04-00:00,26
2014-05-04-03:00,30
2014-05-04-06:00,36
2014-05-04-09:00,39
2014-05-04-12:00,38
2014-05-04-15:00,33
2014-05-04-18:00,22
2014-05-04-21:00,31
2014-05-05-00:00,28
2014-05-05-03:00,30
2014-05-05-06:00,36
2014-05-05-09:00,36
2014-05-05-12:00,27
2014-05-05-15:00,29
2014-05-05-18:00,26
2014-05-05-21:00,26
2014-05-06-00:00,26
2014-05-06-03:00,28
2014-05-06-06:00,33
2014-05-06-12:00,34
2014-05-06-15:00,31
2014-05-06-18:00,29
2014-05-06-21:00,26
2014-05-07-00:00,25
2014-05-07-03:00,29
2014-05-07-06:00,36
2014-05-07-09:00,38
2014-05-07-12:00,36
2014-05-07-15:00,32
2014-05-07-18:00,30
2014-05-07-21:00,28
2014-05-08-00:00,27
2014-05-08-03:00,31
2014-05-08-06:00,38
2014-05-08-09:00,39
2014-05-08-12:00,38
2014-05-08-15:00,25
2014-05-08-18:00,27
2014-05-08-21:00,26
2014-05-09-00:00,23
2014-05-09-03:00,28
2014-05-09-06:00,35
2014-05-09-09:00,38
2014-05-09-12:00,37
2014-05-09-15:00,30
2014-05-09-18:00,27
2014-05-09-21:00,26
2014-05-10-00:00,24
2014-05-10-03:00,30
2014-05-10-06:00,38
2014-05-10-09:00,37
2014-05-10-12:00,30
2014-05-10-15:00,29
2014-05-10-18:00,26
2014-05-10-21:00,26
2014-05-11-00:00,25
2014-05-11-03:00,28
2014-05-11-06:00,31
2014-05-11-09:00,35
2014-05-11-12:00,34
2014-05-11-15:00,30
2014-05-11-18:00,27
2014-05-11-21:00,27
2014-05-12-00:00,27
2014-05-12-03:00,28
2014-05-12-06:00,33
2014-05-12-09:00,32
2014-05-12-12:00,29
2014-05-12-15:00,26
2014-05-12-18:00,25
2014-05-12-21:00,24
2014-05-13-00:00,19
2014-05-13-03:00,22
2014-05-13-06:00,24
2014-05-13-09:00,30
2014-05-13-12:00,30
2014-05-13-15:00,27
2014-05-13-18:00,26
2014-05-13-21:00,24
2014-05-14-00:00,20
2014-05-14-03:00,25
2014-05-14-06:00,31
2014-05-14-09:00,31
2014-05-14-12:00,31
2014-05-14-15:00,27
2014-05-14-18:00,26
2014-05-14-21:00,24
2014-05-15-00:00,24
2014-05-15-03:00,27
2014-05-15-06:00,32
2014-05-15-09:00,34
2014-05-15-12:00,34
2014-05-15-15:00,30
2014-05-15-18:00,29
2014-05-15-21:00,26
2014-05-16-00:00,26
2014-05-16-03:00,29
2014-05-16-06:00,34
2014-05-16-09:00,37
2014-05-16-12:00,36
2014-05-16-15:00,32
2014-05-16-18:00,28
2014-05-16-21:00,27
2014-05-17-00:00,25
2014-05-17-03:00,26
2014-05-17-06:00,31
2014-05-17-09:00,36
2014-05-17-12:00,36
2014-05-17-15:00,31
2014-05-17-18:00,28
2014-05-17-21:00,26
2014-05-18-00:00,28
2014-05-18-03:00,28
2014-05-18-06:00,35
2014-05-18-09:00,39
2014-05-18-12:00,37
2014-05-18-15:00,34
2014-05-18-18:00,23
2014-05-18-21:00,28
2014-05-19-00:00,25
2014-05-19-03:00,29
2014-05-19-06:00,35
2014-05-19-09:00,38
2014-05-19-12:00,37
2014-05-19-15:00,33
2014-05-19-18:00,32
2014-05-19-21:00,30
2014-05-20-00:00,27
2014-05-20-03:00,32
2014-05-20-06:00,32
2014-05-20-09:00,39
2014-05-20-12:00,32
2014-05-20-15:00,33
2014-05-20-18:00,24
2014-05-20-21:00,30
2014-05-21-00:00,26
2014-05-21-03:00,32
2014-05-21-06:00,37
2014-05-21-09:00,38
2014-05-21-12:00,38
2014-05-21-15:00,33
2014-05-21-18:00,31
2014-05-21-21:00,29
2014-05-22-00:00,25
2014-05-22-03:00,31
2014-05-22-06:00,38
2014-05-22-09:00,40
2014-05-22-12:00,40
2014-05-22-15:00,33
2014-05-22-18:00,30
2014-05-22-21:00,29
2014-05-23-00:00,27
2014-05-23-03:00,35
2014-05-23-06:00,41
2014-05-23-09:00,43
2014-05-23-12:00,40
2014-05-23-15:00,32
2014-05-23-18:00,30
2014-05-23-21:00,29
2014-05-24-00:00,26
2014-05-24-03:00,31
2014-05-24-06:00,37
2014-05-24-09:00,39
2014-05-24-12:00,38
2014-05-24-15:00,26
2014-05-24-18:00,28
2014-05-24-21:00,27
2014-05-25-00:00,25
2014-05-25-03:00,32
2014-05-25-06:00,36
2014-05-25-09:00,39
2014-05-25-12:00,39
2014-05-25-15:00,34
2014-05-25-18:00,24
2014-05-25-21:00,23
2014-05-26-00:00,23
2014-05-26-03:00,28
2014-05-26-06:00,33
2014-05-26-09:00,36
2014-05-26-12:00,36
2014-05-26-15:00,31
2014-05-26-18:00,28
2014-05-26-21:00,26
2014-05-27-00:00,25
2014-05-27-03:00,30
2014-05-27-06:00,36
2014-05-27-09:00,38
2014-05-27-12:00,37
2014-05-27-15:00,32
2014-05-27-18:00,29
2014-05-27-21:00,28
2014-05-28-00:00,26
2014-05-28-03:00,32
2014-05-28-06:00,39
2014-05-28-09:00,40
2014-05-28-12:00,40
2014-05-28-15:00,33
2014-05-28-18:00,30
2014-05-28-21:00,29
2014-05-29-00:00,27
2014-05-29-03:00,32
2014-05-29-06:00,40
2014-05-29-09:00,43
2014-05-29-12:00,42
2014-05-29-15:00,35
2014-05-29-18:00,32
2014-05-29-21:00,31
2014-05-30-00:00,30
2014-05-30-03:00,35
2014-05-30-06:00,40
2014-05-30-09:00,42
2014-05-30-12:00,26
2014-05-30-15:00,32
2014-05-30-18:00,30
2014-05-30-21:00,30
2014-05-31-00:00,27
2014-05-31-03:00,32
2014-05-31-06:00,39
2014-05-31-09:00,41
2014-05-31-12:00,40
2014-05-31-15:00,35
2014-05-31-18:00,32
2014-05-31-21:00,31
2014-06-01-00:00,26
2014-06-01-03:00,32
2014-06-01-06:00,34
2014-06-01-09:00,36
2014-06-01-12:00,37
2014-06-01-15:00,33
2014-06-01-18:00,33
2014-06-01-21:00,31
2014-06-02-00:00,26
2014-06-02-03:00,32
2014-06-02-06:00,37
2014-06-02-09:00,39
2014-06-02-12:00,37
2014-06-02-15:00,33
2014-06-02-18:00,30
2014-06-02-21:00,28
2014-06-03-00:00,28
2014-06-03-03:00,34
2014-06-03-06:00,40
2014-06-03-09:00,41
2014-06-03-12:00,40
2014-06-03-15:00,35
2014-06-03-18:00,31
2014-06-03-21:00,30
2014-06-04-00:00,27
2014-06-04-03:00,34
2014-06-04-06:00,41
2014-06-04-09:00,43
2014-06-04-12:00,42
2014-06-04-15:00,35
2014-06-04-18:00,31
2014-06-04-21:00,29
2014-06-05-00:00,29
2014-06-05-03:00,35
2014-06-05-06:00,42
2014-06-05-09:00,44
2014-06-05-12:00,43
2014-06-05-15:00,37
2014-06-05-18:00,34
2014-06-05-21:00,31
2014-06-06-00:00,33
2014-06-06-03:00,35
2014-06-06-06:00,43
2014-06-06-09:00,44
2014-06-06-12:00,44
2014-06-06-15:00,36
2014-06-06-18:00,32
2014-06-06-21:00,33
2014-06-07-00:00,33
2014-06-07-03:00,38
2014-06-07-06:00,43
2014-06-07-09:00,44
2014-06-07-12:00,44
2014-06-07-15:00,37
2014-06-07-18:00,35
2014-06-07-21:00,34
2014-06-08-00:00,30
2014-06-08-03:00,36
2014-06-08-06:00,42
2014-06-08-09:00,44
2014-06-08-12:00,44
2014-06-08-15:00,37
2014-06-08-18:00,34
2014-06-08-21:00,34
2014-06-09-00:00,31
2014-06-09-03:00,36
2014-06-09-06:00,43
2014-06-09-09:00,45
2014-06-09-12:00,44
2014-06-09-15:00,37
2014-06-09-18:00,34
2014-06-09-21:00,33
2014-06-10-00:00,29
2014-06-10-03:00,35
2014-06-10-06:00,43
2014-06-10-09:00,44
2014-06-10-12:00,43
2014-06-10-15:00,37
2014-06-10-18:00,34
2014-06-10-21:00,33
2014-06-11-00:00,33
2014-06-11-03:00,37
2014-06-11-06:00,41
2014-06-11-09:00,43
2014-06-11-12:00,43
2014-06-11-15:00,37
2014-06-11-18:00,34
2014-06-11-21:00,33
2014-06-12-00:00,33
2014-06-12-03:00,35
2014-06-12-06:00,40
2014-06-12-09:00,37
2014-06-12-12:00,30
2014-06-12-15:00,30
2014-06-12-18:00,30
2014-06-12-21:00,28
2014-06-13-00:00,28
2014-06-13-03:00,24
2014-06-13-06:00,29
2014-06-13-09:00,35
2014-06-13-12:00,36
2014-06-13-15:00,30
2014-06-13-18:00,30
2014-06-13-21:00,30
2014-06-14-00:00,27
2014-06-14-03:00,28
2014-06-14-06:00,31
2014-06-14-09:00,37
2014-06-14-12:00,31
2014-06-14-15:00,30
2014-06-14-18:00,30
2014-06-14-21:00,30
2014-06-15-00:00,29
2014-06-15-03:00,31
2014-06-15-06:00,37
2014-06-15-09:00,40
2014-06-15-12:00,36
2014-06-15-15:00,33
2014-06-15-18:00,33
2014-06-15-21:00,32
2014-06-16-00:00,32
2014-06-16-03:00,34
2014-06-16-06:00,39
2014-06-16-09:00,40
2014-06-16-12:00,40
2014-06-16-15:00,37
2014-06-16-18:00,35
2014-06-16-21:00,34
2014-06-17-00:00,34
2014-06-17-03:00,36
2014-06-17-06:00,40
2014-06-17-09:00,42
2014-06-17-12:00,41
2014-06-17-15:00,37
2014-06-17-18:00,34
2014-06-17-21:00,31
2014-06-18-00:00,30
2014-06-18-03:00,33
2014-06-18-06:00,39
2014-06-18-09:00,40
2014-06-18-12:00,40
2014-06-18-15:00,30
2014-06-18-18:00,30
2014-06-18-21:00,29
2014-06-19-00:00,30
2014-06-19-03:00,32
2014-06-19-06:00,37
2014-06-19-09:00,41
2014-06-19-12:00,41
2014-06-19-15:00,37
2014-06-19-18:00,35
2014-06-19-21:00,33
2014-06-20-00:00,32
2014-06-20-03:00,35
2014-06-20-06:00,40
2014-06-20-09:00,43
2014-06-20-12:00,42
2014-06-20-15:00,39
2014-06-20-18:00,37
2014-06-20-21:00,36
2014-06-21-00:00,34
2014-06-21-03:00,36
2014-06-21-06:00,40
2014-06-21-09:00,42
2014-06-21-12:00,38
2014-06-21-15:00,36
2014-06-21-18:00,35
2014-06-21-21:00,34
2014-06-22-00:00,31
2014-06-22-03:00,32
2014-06-22-06:00,36
2014-06-22-09:00,39
2014-06-22-12:00,39
2014-06-22-15:00,35
2014-06-22-18:00,33
2014-06-22-21:00,31
2014-06-23-00:00,30
2014-06-23-03:00,29
2014-06-23-06:00,32
2014-06-23-09:00,38
2014-06-23-12:00,36
2014-06-23-15:00,33
2014-06-23-18:00,30
2014-06-23-21:00,29
2014-06-24-00:00,27
2014-06-24-03:00,30
2014-06-24-06:00,35
2014-06-24-09:00,39
2014-06-24-12:00,39
2014-06-24-15:00,32
2014-06-24-18:00,32
2014-06-24-21:00,30
2014-06-25-00:00,26
2014-06-25-03:00,29
2014-06-25-06:00,34
2014-06-25-09:00,36
2014-06-25-12:00,37
2014-06-25-15:00,34
2014-06-25-18:00,32
2014-06-25-21:00,30
2014-06-26-00:00,30
2014-06-26-03:00,25
2014-06-26-06:00,34
2014-06-26-09:00,37
2014-06-26-12:00,38
2014-06-26-15:00,34
2014-06-26-18:00,32
2014-06-26-21:00,30
2014-06-27-00:00,30
2014-06-27-03:00,32
2014-06-27-06:00,37
2014-06-27-09:00,39
2014-06-27-12:00,40
2014-06-27-15:00,35
2014-06-27-18:00,33
2014-06-27-21:00,32
2014-06-28-00:00,30
2014-06-28-03:00,34
2014-06-28-06:00,38
2014-06-28-09:00,39
2014-06-28-12:00,38
2014-06-28-15:00,35
2014-06-28-18:00,33
2014-06-28-21:00,32
2014-06-29-00:00,31
2014-06-29-03:00,33
2014-06-29-06:00,37
2014-06-29-09:00,39
2014-06-29-12:00,38
2014-06-29-15:00,34
2014-06-29-18:00,26
2014-06-29-21:00,26
2014-06-30-00:00,27
2014-06-30-03:00,29
2014-06-30-06:00,33
2014-06-30-09:00,37
2014-06-30-12:00,35
2014-06-30-15:00,33
2014-06-30-18:00,32
2014-06-30-21:00,30
2014-07-01-00:00,30
2014-07-01-03:00,31
2014-07-01-06:00,32
2014-07-01-09:00,34
2014-07-01-12:00,35
2014-07-01-15:00,32
2014-07-01-18:00,30
2014-07-01-21:00,27
2014-07-02-00:00,28
2014-07-02-03:00,30
2014-07-02-06:00,35
2014-07-02-09:00,26
2014-07-02-12:00,30
2014-07-02-15:00,30
2014-07-02-18:00,29
2014-07-02-21:00,28
2014-07-03-00:00,27
2014-07-03-03:00,28
2014-07-03-06:00,31
2014-07-03-09:00,30
2014-07-03-12:00,30
2014-07-03-15:00,29
2014-07-03-18:00,28
2014-07-03-21:00,28
2014-07-04-00:00,27
2014-07-04-03:00,30
2014-07-04-06:00,35
2014-07-04-09:00,37
2014-07-04-12:00,36
2014-07-04-15:00,34
2014-07-04-18:00,32
2014-07-04-18:30,32
2014-07-04-19:00,31
2014-07-04-19:30,31
2014-07-04-20:00,30
2014-07-04-20:30,30
2014-07-04-21:00,30
2014-07-04-21:30,30
2014-07-04-22:00,30
2014-07-04-22:30,30
2014-07-04-23:00,30
2014-07-04-23:30,30
2014-07-05-00:00,30
2014-07-05-01:00,30
2014-07-05-01:30,31
2014-07-05-02:00,32
2014-07-05-03:00,33
2014-07-05-03:30,33
2014-07-05-04:00,34
2014-07-05-04:30,35
2014-07-05-05:00,35
2014-07-05-05:30,36
2014-07-05-06:00,37
2014-07-05-06:30,37
2014-07-05-07:00,37
2014-07-05-08:00,37
2014-07-05-08:30,38
2014-07-05-09:00,39
2014-07-05-09:30,39
2014-07-05-10:00,39
2014-07-05-10:30,39
2014-07-05-11:00,39
2014-07-05-11:30,39
2014-07-05-12:00,37
2014-07-05-12:30,35
2014-07-05-13:00,33
2014-07-05-13:30,34
2014-07-05-14:00,34
2014-07-05-15:00,33
2014-07-05-15:30,33
2014-07-05-16:00,33
2014-07-05-16:30,33
2014-07-05-17:00,33
2014-07-05-17:30,31
2014-07-05-18:00,31
2014-07-05-21:00,31
2014-07-06-00:00,30
2014-07-06-03:00,32
2014-07-06-06:00,36
2014-07-06-09:00,29
2014-07-06-12:00,30
2014-07-06-15:00,30
2014-07-06-18:00,30
2014-07-06-21:00,28
2014-07-07-00:00,28
2014-07-07-03:00,31
2014-07-07-06:00,36
2014-07-07-09:00,39
2014-07-07-12:00,38
2014-07-07-15:00,35
2014-07-07-18:00,33
2014-07-07-21:00,32
2014-07-08-00:00,30
2014-07-08-03:00,33
2014-07-08-06:00,38
2014-07-08-09:00,39
2014-07-08-12:00,40
2014-07-08-15:00,36
2014-07-08-18:00,33
2014-07-08-21:00,31
2014-07-09-00:00,32
2014-07-09-03:00,34
2014-07-09-06:00,38
2014-07-09-09:00,40
2014-07-09-12:00,40
2014-07-09-15:00,37
2014-07-09-18:00,34
2014-07-09-21:00,33
2014-07-10-00:00,31
2014-07-10-03:00,34
2014-07-10-06:00,39
2014-07-10-09:00,41
2014-07-10-12:00,40
2014-07-10-15:00,37
2014-07-10-18:00,34
2014-07-10-21:00,33
2014-07-11-00:00,31
2014-07-11-03:00,35
2014-07-11-06:00,40
2014-07-11-09:00,41
2014-07-11-12:00,41
2014-07-11-15:00,36
2014-07-11-18:00,35
2014-07-11-21:00,34
2014-07-12-00:00,31
2014-07-12-03:00,33
2014-07-12-06:00,39
2014-07-12-09:00,41
2014-07-12-12:00,41
2014-07-12-15:00,36
2014-07-12-18:00,34
2014-07-12-21:00,32
2014-07-13-00:00,32
2014-07-13-03:00,34
2014-07-13-06:00,39
2014-07-13-09:00,33
2014-07-13-12:00,27
2014-07-13-15:00,29
2014-07-13-18:00,30
2014-07-13-21:00,29
2014-07-14-00:00,29
2014-07-14-03:00,31
2014-07-14-06:00,35
2014-07-14-09:00,36
2014-07-14-12:00,35
2014-07-14-15:00,32
2014-07-14-18:00,31
2014-07-14-21:00,30
2014-07-15-00:00,30
2014-07-15-03:00,31
2014-07-15-06:00,36
2014-07-15-09:00,38
2014-07-15-12:00,37
2014-07-15-15:00,32
2014-07-15-18:00,31
2014-07-15-21:00,30
2014-07-16-00:00,29
2014-07-16-03:00,30
2014-07-16-06:00,34
2014-07-16-09:00,37
2014-07-16-12:00,36
2014-07-16-15:00,33
2014-07-16-18:00,31
2014-07-16-21:00,31
2014-07-17-00:00,30
2014-07-17-03:00,32
2014-07-17-06:00,35
2014-07-17-09:00,36
2014-07-17-12:00,33
2014-07-17-15:00,26
2014-07-17-18:00,27
2014-07-17-21:00,27
2014-07-18-00:00,26
2014-07-18-03:00,27
2014-07-18-06:00,28
2014-07-18-09:00,29
2014-07-18-12:00,28
2014-07-18-15:00,27
2014-07-18-18:00,27
2014-07-18-21:00,26
2014-07-19-00:00,27
2014-07-19-03:00,28
2014-07-19-06:00,32
2014-07-19-09:00,33
2014-07-19-12:00,32
2014-07-19-15:00,30
2014-07-19-18:00,29
2014-07-19-21:00,28
2014-07-20-00:00,28
2014-07-20-03:00,29
2014-07-20-06:00,33
2014-07-20-09:00,34
2014-07-20-12:00,33
2014-07-20-15:00,31
2014-07-20-18:00,30
2014-07-20-21:00,29
2014-07-21-00:00,28
2014-07-21-03:00,30
2014-07-21-06:00,34
2014-07-21-09:00,35
2014-07-21-12:00,34
2014-07-21-15:00,33
2014-07-21-18:00,32
2014-07-21-21:00,31
2014-07-22-00:00,30
2014-07-22-03:00,33
2014-07-22-06:00,35
2014-07-22-09:00,32
2014-07-22-12:00,32
2014-07-22-15:00,31
2014-07-22-18:00,30
2014-07-22-21:00,30
2014-07-23-00:00,29
2014-07-23-03:00,31
2014-07-23-06:00,33
2014-07-23-09:00,33
2014-07-23-12:00,31
2014-07-23-15:00,30
2014-07-23-18:00,29
2014-07-23-21:00,29
2014-07-24-00:00,28
2014-07-24-03:00,30
2014-07-24-06:00,32
2014-07-24-09:00,34
2014-07-24-12:00,33
2014-07-24-15:00,30
2014-07-24-18:00,29
2014-07-24-21:00,28
2014-07-25-00:00,28
2014-07-25-03:00,29
2014-07-25-06:00,33
2014-07-25-09:00,33
2014-07-25-12:00,33
2014-07-25-15:00,31
2014-07-25-18:00,30
2014-07-25-21:00,29
2014-07-26-00:00,29
2014-07-26-03:00,31
2014-07-26-06:00,35
2014-07-26-09:00,36
2014-07-26-12:00,36
2014-07-26-15:00,32
2014-07-26-18:00,31
2014-07-26-21:00,30
2014-07-27-00:00,29
2014-07-27-03:00,30
2014-07-27-06:00,34
2014-07-27-09:00,37
2014-07-27-12:00,34
2014-07-27-15:00,31
2014-07-27-18:00,31
2014-07-27-21:00,30
2014-07-28-00:00,29
2014-07-28-03:00,31
2014-07-28-06:00,33
2014-07-28-09:00,33
2014-07-28-12:00,30
2014-07-28-15:00,28
2014-07-28-18:00,28
2014-07-28-21:00,28
2014-07-29-00:00,27
2014-07-29-03:00,29
2014-07-29-06:00,33
2014-07-29-09:00,34
2014-07-29-12:00,33
2014-07-29-15:00,29
2014-07-29-18:00,29
2014-07-29-21:00,28
2014-07-30-00:00,28
2014-07-30-03:00,29
2014-07-30-06:00,34
2014-07-30-09:00,36
2014-07-30-12:00,35
2014-07-30-15:00,32
2014-07-30-18:00,31
2014-07-30-21:00,30
2014-07-31-00:00,29
2014-07-31-03:00,32
2014-07-31-06:00,36
2014-07-31-09:00,35
2014-07-31-12:00,35
2014-07-31-15:00,32
2014-07-31-18:00,31
2014-07-31-21:00,30
2014-08-01-00:00,29
2014-08-01-03:00,32
2014-08-01-06:00,35
2014-08-01-09:00,37
2014-08-01-12:00,37
2014-08-01-15:00,33
2014-08-01-18:00,32
2014-08-01-21:00,31
2014-08-02-00:00,30
2014-08-02-03:00,33
2014-08-02-06:00,35
2014-08-02-09:00,29
2014-08-02-12:00,29
2014-08-02-15:00,29
2014-08-02-18:00,28
2014-08-02-21:00,28
2014-08-03-00:00,28
2014-08-03-03:00,29
2014-08-03-06:00,34
2014-08-03-09:00,36
2014-08-03-12:00,35
2014-08-03-15:00,31
2014-08-03-18:00,30
2014-08-03-21:00,29
2014-08-04-00:00,29
2014-08-04-03:00,31
2014-08-04-06:00,33
2014-08-04-09:00,35
2014-08-04-12:00,31
2014-08-04-15:00,29
2014-08-04-18:00,28
2014-08-04-21:00,28
2014-08-05-00:00,28
2014-08-05-03:00,29
2014-08-05-06:00,29
2014-08-05-09:00,33
2014-08-05-12:00,31
2014-08-05-15:00,30
2014-08-05-18:00,29
2014-08-05-21:00,29
2014-08-06-00:00,29
2014-08-06-03:00,31
2014-08-06-06:00,34
2014-08-06-09:00,35
2014-08-06-12:00,35
2014-08-06-15:00,32
2014-08-06-18:00,31
2014-08-06-21:00,30
2014-08-07-00:00,29
2014-08-07-03:00,30
2014-08-07-06:00,32
2014-08-07-09:00,34
2014-08-07-12:00,34
2014-08-07-15:00,31
2014-08-07-18:00,30
2014-08-07-21:00,29
2014-08-08-00:00,29
2014-08-08-03:00,30
2014-08-08-06:00,33
2014-08-08-09:00,32
2014-08-08-12:00,34
2014-08-08-15:00,31
2014-08-08-18:00,30
2014-08-08-21:00,29
2014-08-09-00:00,28
2014-08-09-03:00,30
2014-08-09-06:00,33
2014-08-09-09:00,33
2014-08-09-12:00,34
2014-08-09-15:00,31
2014-08-09-18:00,30
2014-08-09-18:30,28
2014-08-09-19:00,28
2014-08-09-19:30,28
2014-08-09-20:00,28
2014-08-09-20:30,28
2014-08-09-21:00,28
2014-08-09-21:30,28
2014-08-09-22:00,28
2014-08-09-22:30,27
2014-08-09-23:30,27
2014-08-10-00:00,27
2014-08-10-00:30,27
2014-08-10-01:00,27
2014-08-10-01:30,28
2014-08-10-02:00,28
2014-08-10-03:00,30
2014-08-10-03:30,30
2014-08-10-04:00,30
2014-08-10-04:30,31
2014-08-10-05:30,30
2014-08-10-08:00,26
2014-08-10-08:30,27
2014-08-10-09:00,29
2014-08-10-09:30,29
2014-08-10-10:00,29
2014-08-10-10:30,29
2014-08-10-11:00,29
2014-08-10-11:30,29
2014-08-10-12:00,29
2014-08-10-12:30,29
2014-08-10-13:00,29
2014-08-10-13:30,29
2014-08-10-14:00,29
2014-08-10-14:30,28
2014-08-10-15:00,28
2014-08-10-15:30,28
2014-08-10-16:00,28
2014-08-10-16:30,28
2014-08-10-17:00,28
2014-08-10-17:30,28
2014-08-10-18:00,28
2014-08-10-21:00,28
2014-08-11-00:00,27
2014-08-11-03:00,27
2014-08-11-06:00,33
2014-08-11-09:00,34
2014-08-11-12:00,36
2014-08-11-15:00,31
2014-08-11-18:00,31
2014-08-11-21:00,30
2014-08-12-00:00,29
2014-08-12-03:00,30
2014-08-12-06:00,34
2014-08-12-09:00,36
2014-08-12-12:00,35
2014-08-12-15:00,34
2014-08-12-18:00,30
2014-08-12-21:00,29
2014-08-13-00:00,28
2014-08-13-03:00,30
2014-08-13-06:00,34
2014-08-13-09:00,36
2014-08-13-12:00,35
2014-08-13-15:00,33
2014-08-13-18:00,31
2014-08-13-21:00,30
2014-08-14-00:00,29
2014-08-14-03:00,30
2014-08-14-06:00,34
2014-08-14-09:00,25
2014-08-14-12:00,34
2014-08-14-15:00,32
2014-08-14-18:00,30
2014-08-14-21:00,29
2014-08-15-00:00,29
2014-08-15-03:00,30
2014-08-15-06:00,33
2014-08-15-09:00,35
2014-08-15-12:00,34
2014-08-15-15:00,31
2014-08-15-18:00,29
2014-08-15-21:00,28
2014-08-16-00:00,27
2014-08-16-03:00,30
2014-08-16-06:00,32
2014-08-16-09:00,34
2014-08-16-12:00,32.5
2014-08-16-15:00,31
2014-08-16-18:00,30
2014-08-16-21:00,29
2014-08-17-00:00,27
2014-08-17-03:00,29
2014-08-17-06:00,33
2014-08-17-09:00,35
2014-08-17-12:00,36
2014-08-17-15:00,32
2014-08-17-18:00,30
2014-08-17-21:00,29
2014-08-18-00:00,28
2014-08-18-03:00,30
2014-08-18-06:00,33
2014-08-18-09:00,36
2014-08-18-12:00,35
2014-08-18-15:00,33
2014-08-18-18:00,31
2014-08-18-21:00,29
2014-08-19-00:00,28
2014-08-19-03:00,31
2014-08-19-06:00,35
2014-08-19-09:00,37
2014-08-19-12:00,36
2014-08-19-15:00,33
2014-08-19-18:00,31
2014-08-20-00:00,29
2014-08-20-03:00,31
2014-08-20-06:00,36
2014-08-20-09:00,38
2014-08-20-12:00,37
2014-08-20-15:00,33
2014-08-20-18:00,32
2014-08-20-21:00,30
2014-08-21-00:00,29
2014-08-21-03:00,31
2014-08-21-06:00,35
2014-08-21-09:00,37
2014-08-21-12:00,37
2014-08-21-15:00,32
2014-08-21-18:00,31
2014-08-21-21:00,28
2014-08-22-00:00,28
2014-08-22-03:00,31
2014-08-22-06:00,36
2014-08-22-09:00,38
2014-08-22-12:00,37
2014-08-22-15:00,33
2014-08-22-18:00,31
2014-08-22-21:00,30
2014-08-23-00:00,29
2014-08-23-03:00,31
2014-08-23-06:00,36
2014-08-23-09:00,38
2014-08-23-12:00,37
2014-08-23-15:00,33
2014-08-23-18:00,31
2014-08-23-21:00,30
2014-08-24-00:00,29
2014-08-24-03:00,31
2014-08-24-06:00,36
2014-08-24-09:00,38
2014-08-24-12:00,37
2014-08-24-15:00,33
2014-08-24-18:00,31
2014-08-24-21:00,30
2014-08-25-00:00,29
2014-08-25-03:00,31
2014-08-25-06:00,38
2014-08-25-09:00,38
2014-08-25-12:00,38
2014-08-25-15:00,34
2014-08-25-18:00,32
2014-08-25-21:00,31
2014-08-26-00:00,31
2014-08-26-03:00,32
2014-08-26-06:00,37
2014-08-26-09:00,39
2014-08-26-12:00,37
2014-08-26-15:00,34
2014-08-26-18:00,33
2014-08-26-21:00,30
2014-08-27-00:00,30.5
2014-08-27-03:00,31
2014-08-27-06:00,36
2014-08-27-09:00,37
2014-08-27-12:00,37
2014-08-27-15:00,33
2014-08-27-18:00,32
2014-08-27-21:00,31
2014-08-28-00:00,30
2014-08-28-03:00,30
2014-08-28-06:00,35
2014-08-28-09:00,31
2014-08-28-12:00,27
2014-08-28-15:00,28
2014-08-28-18:00,28
2014-08-28-21:00,28
2014-08-29-00:00,28
2014-08-29-03:00,30
2014-08-29-06:00,29
2014-08-29-09:00,33
2014-08-29-12:00,33
2014-08-29-15:00,31
2014-08-29-18:00,30
2014-08-29-21:00,29
2014-08-30-00:00,29
2014-08-30-03:00,27
2014-08-30-06:00,30
2014-08-30-09:00,34
2014-08-30-12:00,26
2014-08-30-15:00,27
2014-08-30-18:00,28
2014-08-30-21:00,28
2014-08-31-00:00,28
2014-08-31-03:00,30
2014-08-31-06:00,26
2014-08-31-09:00,26
2014-08-31-12:00,28
2014-08-31-15:00,28
2014-08-31-18:00,28
2014-08-31-21:00,27
2014-09-01-00:00,26
2014-09-01-03:00,28
2014-09-01-06:00,31
2014-09-01-09:00,34
2014-09-01-12:00,34
2014-09-01-15:00,29
2014-09-01-18:00,28
2014-09-01-21:00,27
2014-09-02-00:00,27
2014-09-02-03:00,28
2014-09-02-06:00,32
2014-09-02-09:00,34
2014-09-02-12:00,29
2014-09-02-15:00,28
2014-09-02-18:00,28
2014-09-02-21:00,28
2014-09-03-00:00,27
2014-09-03-03:00,28
2014-09-03-06:00,32
2014-09-03-09:00,33
2014-09-03-12:00,28
2014-09-03-15:00,27
2014-09-03-18:00,27
2014-09-03-21:00,27
2014-09-04-00:00,26
2014-09-04-03:00,28
2014-09-04-06:00,26
2014-09-04-09:00,31
2014-09-04-12:00,31
2014-09-04-15:00,27
2014-09-04-18:00,27
2014-09-04-21:00,27
2014-09-05-00:00,26
2014-09-05-03:00,27
2014-09-05-06:00,30
2014-09-05-09:00,26
2014-09-05-12:00,27
2014-09-05-15:00,26
2014-09-05-18:00,25
2014-09-05-21:00,25
2014-09-06-00:00,25
2014-09-06-03:00,25
2014-09-06-06:00,29
2014-09-06-09:00,32
2014-09-06-12:00,32
2014-09-06-15:00,29
2014-09-06-18:00,28
2014-09-06-21:00,28
2014-09-07-00:00,27
2014-09-07-03:00,29
2014-09-07-06:00,33
2014-09-07-09:00,34
2014-09-07-12:00,33
2014-09-07-15:00,32
2014-09-07-18:00,31
2014-09-07-21:00,29
2014-09-08-00:00,28
2014-09-08-03:00,28
2014-09-08-06:00,34
2014-09-08-09:00,35
2014-09-08-12:00,35
2014-09-08-15:00,31
2014-09-08-18:00,30
2014-09-08-21:00,29
2014-09-09-00:00,28
2014-09-09-03:00,30
2014-09-09-06:00,33
2014-09-09-09:00,35
2014-09-09-12:00,32
2014-09-09-15:00,31
2014-09-09-18:00,30
2014-09-09-21:00,29
2014-09-10-00:00,28
2014-09-10-03:00,29
2014-09-10-06:00,34
2014-09-10-09:00,30
2014-09-10-12:00,28
2014-09-10-15:00,27
2014-09-10-18:00,27
2014-09-10-21:00,27
2014-09-11-00:00,27
2014-09-11-03:00,28
2014-09-11-06:00,26
2014-09-11-09:00,26
2014-09-11-12:00,28
2014-09-11-15:00,27
2014-09-11-18:00,26
2014-09-11-21:00,25
2014-09-12-00:00,25
2014-09-12-03:00,26
2014-09-12-06:00,30
2014-09-12-09:00,33
2014-09-12-12:00,31
2014-09-12-15:00,29
2014-09-12-18:00,28
2014-09-12-21:00,26
2014-09-13-00:00,25
2014-09-13-03:00,26
2014-09-13-06:00,31
2014-09-13-09:00,34
2014-09-13-12:00,33
2014-09-13-15:00,30
2014-09-13-18:00,29
2014-09-13-21:00,27
2014-09-14-00:00,27
2014-09-14-03:00,28
2014-09-14-06:00,32
2014-09-14-09:00,34
2014-09-14-12:00,33
2014-09-14-15:00,28
2014-09-14-18:00,26
2014-09-14-21:00,25
2014-09-15-00:00,24
2014-09-15-03:00,27
2014-09-15-06:00,32
2014-09-15-09:00,34
2014-09-15-12:00,33
2014-09-15-15:00,30
2014-09-15-18:00,29
2014-09-15-21:00,28
2014-09-16-00:00,28
2014-09-16-03:00,29
2014-09-16-06:00,33
2014-09-16-09:00,35
2014-09-16-12:00,33
2014-09-16-15:00,30
2014-09-16-18:00,29
2014-09-16-21:00,28
2014-09-17-00:00,27
2014-09-17-03:00,29
2014-09-17-06:00,33
2014-09-17-09:00,35
2014-09-17-12:00,34
2014-09-17-15:00,30
2014-09-17-18:00,29
2014-09-17-21:00,28
2014-09-18-00:00,27
2014-09-18-03:00,29
2014-09-18-06:00,33
2014-09-18-09:00,35
2014-09-18-12:00,34
2014-09-18-15:00,30
2014-09-18-18:00,29
2014-09-18-21:00,27
2014-09-19-00:00,27
2014-09-19-03:00,29
2014-09-19-06:00,33
2014-09-19-09:00,36
2014-09-19-12:00,35
2014-09-19-15:00,31
2014-09-19-18:00,29
2014-09-19-21:00,28
2014-09-20-00:00,28
2014-09-20-03:00,29
2014-09-20-06:00,34
2014-09-20-09:00,36
2014-09-20-12:00,35
2014-09-20-15:00,30
2014-09-20-18:00,29
2014-09-20-21:00,28
2014-09-21-00:00,27
2014-09-21-03:00,28
2014-09-21-06:00,33
2014-09-21-09:00,35
2014-09-21-12:00,35
2014-09-21-15:00,31
2014-09-21-18:00,28
2014-09-21-21:00,27
2014-09-22-00:00,27
2014-09-22-03:00,28
2014-09-22-06:00,33
2014-09-22-09:00,35
2014-09-22-12:00,35
2014-09-22-15:00,31
2014-09-22-18:00,29
2014-09-22-21:00,27
2014-09-23-00:00,26
2014-09-23-03:00,29.5
2014-09-23-06:00,33
2014-09-23-09:00,35
2014-09-23-12:00,35
2014-09-23-15:00,30
2014-09-23-18:00,27
2014-09-24-00:00,26
2014-09-24-03:00,28
2014-09-24-06:00,32
2014-09-24-09:00,36
2014-09-24-12:00,34
2014-09-24-15:00,28
2014-09-24-18:00,27
2014-09-24-21:00,26
2014-09-25-00:00,26
2014-09-25-03:00,28
2014-09-25-06:00,32
2014-09-25-09:00,35
2014-09-25-12:00,34
2014-09-25-15:00,30
2014-09-25-18:00,28
2014-09-25-21:00,27
2014-09-26-00:00,26
2014-09-26-03:00,28
2014-09-26-06:00,33
2014-09-26-09:00,36
2014-09-26-12:00,34
2014-09-26-15:00,29
2014-09-26-18:00,28
2014-09-26-21:00,26
2014-09-27-00:00,26
2014-09-27-03:00,29
2014-09-27-06:00,34
2014-09-27-09:00,35
2014-09-27-12:00,34
2014-09-27-15:00,31
2014-09-27-18:00,28
2014-09-27-21:00,27
2014-09-28-00:00,27
2014-09-28-03:00,28
2014-09-28-06:00,33
2014-09-28-09:00,35
2014-09-28-12:00,34
2014-09-28-15:00,30
2014-09-28-18:00,28
2014-09-28-21:00,27
2014-09-29-00:00,26
2014-09-29-03:00,28
2014-09-29-06:00,34
2014-09-29-09:00,36
2014-09-29-12:00,35
2014-09-29-15:00,30
2014-09-29-18:00,28
2014-09-29-21:00,27
2014-09-30-00:00,26
2014-09-30-03:00,28
2014-09-30-06:00,34
2014-09-30-09:00,37
2014-09-30-12:00,35
2014-09-30-15:00,30
2014-09-30-18:00,28
2014-09-30-21:00,27
2014-10-01-00:00,26
2014-10-01-03:00,28
2014-10-01-06:00,34
2014-10-01-09:00,36
2014-10-01-15:00,32
2014-10-01-18:00,29
2014-10-01-21:00,28
2014-10-02-00:00,26
2014-10-02-03:00,28
2014-10-02-06:00,35
2014-10-02-09:00,36
2014-10-02-12:00,34
2014-10-02-15:00,30
2014-10-02-18:00,28
2014-10-02-21:00,26
2014-10-03-00:00,26
2014-10-03-03:00,28
2014-10-03-06:00,34
2014-10-03-09:00,36
2014-10-03-12:00,35
2014-10-03-15:00,30
2014-10-03-18:00,28
2014-10-03-21:00,27
2014-10-04-00:00,27
2014-10-04-03:00,28
2014-10-04-06:00,34
2014-10-04-09:00,37
2014-10-04-12:00,36
2014-10-04-15:00,30
2014-10-04-18:00,28
2014-10-04-21:00,28
2014-10-05-00:00,26
2014-10-05-03:00,27
2014-10-05-06:00,35
2014-10-05-09:00,37
2014-10-05-12:00,36
2014-10-05-15:00,30
2014-10-05-18:00,28
2014-10-05-21:00,26
2014-10-06-00:00,26
2014-10-06-03:00,28
2014-10-06-06:00,35
2014-10-06-09:00,36
2014-10-06-12:00,35
2014-10-06-15:00,30
2014-10-06-18:00,28
2014-10-06-21:00,27
2014-10-07-00:00,26
2014-10-07-03:00,28
2014-10-07-06:00,35
2014-10-07-09:00,35
2014-10-07-12:00,34
2014-10-07-15:00,31
2014-10-07-18:00,30
2014-10-07-21:00,29
2014-10-08-00:00,27
2014-10-08-03:00,26
2014-10-08-06:00,31
2014-10-08-09:00,34
2014-10-08-12:00,33
2014-10-08-15:00,29
2014-10-08-18:00,25
2014-10-08-21:00,25
2014-10-09-00:00,24
2014-10-09-03:00,25
2014-10-09-06:00,31
2014-10-09-09:00,34
2014-10-09-12:00,32
2014-10-09-15:00,27
2014-10-09-18:00,25
2014-10-09-21:00,23
2014-10-10-00:00,22
2014-10-10-03:00,25
2014-10-10-06:00,31
2014-10-10-09:00,34
2014-10-10-12:00,32
2014-10-10-15:00,26
2014-10-10-18:00,24
2014-10-10-21:00,23
2014-10-11-00:00,21
2014-10-11-03:00,24
2014-10-11-06:00,32
2014-10-11-09:00,33
2014-10-11-12:00,29
2014-10-11-15:00,25
2014-10-11-18:00,23
2014-10-11-21:00,22
2014-10-12-00:00,20
2014-10-12-03:00,21
2014-10-12-06:00,32
2014-10-12-09:00,34
2014-10-12-12:00,32
2014-10-12-15:00,25
2014-10-12-18:00,23
2014-10-12-21:00,21
2014-10-13-00:00,20
2014-10-13-03:00,24
2014-10-13-06:00,32
2014-10-13-09:00,32
2014-10-13-12:00,32
2014-10-13-15:00,29
2014-10-13-18:00,27
2014-10-13-21:00,25
2014-10-14-00:00,25
2014-10-14-03:00,23
2014-10-14-06:00,25
2014-10-14-09:00,27
2014-10-14-12:00,27
2014-10-14-15:00,25
2014-10-14-18:00,23
2014-10-14-21:00,21
2014-10-15-00:00,21
2014-10-15-03:00,23
2014-10-15-06:00,29
2014-10-15-09:00,29
2014-10-15-12:00,27
2014-10-15-15:00,24
2014-10-15-18:00,22
2014-10-15-21:00,21
2014-10-16-00:00,18
2014-10-16-03:00,20
2014-10-16-06:00,28
2014-10-16-09:00,30
2014-10-16-12:00,28
2014-10-16-15:00,22
2014-10-16-18:00,20
2014-10-16-21:00,18
2014-10-17-00:00,18
2014-10-17-03:00,21
2014-10-17-06:00,29
2014-10-17-09:00,30
2014-10-17-12:00,29
2014-10-17-15:00,23
2014-10-17-18:00,19.5
2014-10-17-21:00,22.5
2014-10-18-00:00,21.25
2014-10-18-03:00,21
2014-10-18-06:00,28
2014-10-18-09:00,30
2014-10-18-12:00,28
2014-10-18-15:00,22
2014-10-18-18:00,20
2014-10-18-21:00,19
2014-10-19-00:00,18
2014-10-19-03:00,21
2014-10-19-06:00,29
2014-10-19-09:00,31
2014-10-19-12:00,30
2014-10-19-15:00,22
2014-10-19-18:00,20
2014-10-19-21:00,19
2014-10-20-00:00,18
2014-10-20-03:00,22
2014-10-20-06:00,31
2014-10-20-09:00,32
2014-10-20-12:00,29
2014-10-20-15:00,24
2014-10-20-18:00,22
2014-10-20-21:00,20
2014-10-21-00:00,20
2014-10-21-03:00,23
2014-10-21-06:00,31
2014-10-21-09:00,33
2014-10-21-12:00,31
2014-10-21-15:00,24
2014-10-21-18:00,22
2014-10-21-21:00,21
2014-10-22-00:00,20
2014-10-22-03:00,22
2014-10-22-06:00,32
2014-10-22-09:00,34
2014-10-22-12:00,31
2014-10-22-15:00,24
2014-10-22-18:00,22
2014-10-22-21:00,21
2014-10-23-00:00,20
2014-10-23-03:00,21
2014-10-23-06:00,31
2014-10-23-09:00,32
2014-10-23-12:00,30
2014-10-23-15:00,24
2014-10-23-18:00,23
2014-10-23-21:00,21
2014-10-24-00:00,20
2014-10-24-03:00,23
2014-10-24-06:00,31
2014-10-24-09:00,33
2014-10-24-12:00,30
2014-10-24-15:00,24
2014-10-24-18:00,22
2014-10-24-21:00,21
2014-10-25-00:00,20
2014-10-25-03:00,23
2014-10-25-06:00,30
2014-10-25-09:00,32
2014-10-25-12:00,29
2014-10-25-15:00,25
2014-10-25-18:00,22
2014-10-25-21:00,21
2014-10-26-00:00,21
2014-10-26-03:00,23
2014-10-26-06:00,30
2014-10-26-09:00,31
2014-10-26-12:00,29
2014-10-26-15:00,24
2014-10-26-18:00,22
2014-10-26-21:00,21
2014-10-27-00:00,20
2014-10-27-03:00,22
2014-10-27-06:00,31
2014-10-27-09:00,32
2014-10-27-12:00,30
2014-10-27-15:00,23
2014-10-27-18:00,21
2014-10-27-21:00,20
2014-10-28-00:00,19
2014-10-28-03:00,22
2014-10-28-06:00,30
2014-10-28-09:00,32
2014-10-28-12:00,29
2014-10-28-15:00,24
2014-10-28-18:00,24
2014-10-28-21:00,21
2014-10-29-00:00,22
2014-10-29-03:00,23
2014-10-29-06:00,29
2014-10-29-09:00,31
2014-10-29-12:00,29
2014-10-29-15:00,23
2014-10-29-18:00,21
2014-10-29-21:00,20
2014-10-30-00:00,19
2014-10-30-03:00,21
2014-10-30-06:00,31
2014-10-30-09:00,31
2014-10-30-12:00,28
2014-10-30-15:00,22
2014-10-30-18:00,20
2014-10-30-21:00,19
2014-10-31-00:00,18
2014-10-31-03:00,20
2014-10-31-06:00,29
2014-10-31-09:00,30
2014-10-31-12:00,28
2014-10-31-15:00,22
2014-10-31-18:00,21
2014-10-31-21:00,19
2014-11-01-00:00,18
2014-11-01-03:00,21
2014-11-01-06:00,28
2014-11-01-09:00,29
2014-11-01-12:00,26
2014-11-01-15:00,20
2014-11-01-18:00,19
2014-11-01-21:00,19
2014-11-02-00:00,18
2014-11-02-03:00,21
2014-11-02-06:00,28
2014-11-02-09:00,30
2014-11-02-12:00,28
2014-11-02-15:00,21
2014-11-02-18:00,19
2014-11-02-21:00,18
2014-11-03-00:00,16
2014-11-03-03:00,21
2014-11-03-06:00,29
2014-11-03-09:00,31
2014-11-03-12:00,28
2014-11-03-15:00,22
2014-11-03-18:00,20
2014-11-03-21:00,20
2014-11-04-00:00,18
2014-11-04-03:00,21
2014-11-04-06:00,29
2014-11-04-09:00,32
2014-11-04-12:00,28
2014-11-04-15:00,22
2014-11-04-18:00,20
2014-11-04-21:00,19
2014-11-05-00:00,18
2014-11-05-03:00,20
2014-11-05-06:00,27
2014-11-05-09:00,29
2014-11-05-12:00,27
2014-11-05-15:00,21
2014-11-05-18:00,21
2014-11-05-21:00,19
2014-11-06-00:00,18
2014-11-06-03:00,19
2014-11-06-06:00,28
2014-11-06-09:00,30
2014-11-06-12:00,28
2014-11-06-15:00,22
2014-11-06-18:00,20
2014-11-06-21:00,19
2014-11-07-00:00,18
2014-11-07-03:00,20
2014-11-07-06:00,29
2014-11-07-09:00,32
2014-11-07-12:00,29
2014-11-07-15:00,23
2014-11-07-18:00,21
2014-11-07-21:00,20
2014-11-08-00:00,19
2014-11-08-03:00,21
2014-11-08-06:00,29
2014-11-08-09:00,30
2014-11-08-12:00,28
2014-11-08-15:00,23
2014-11-08-18:00,21
2014-11-08-21:00,20
2014-11-09-00:00,19
2014-11-09-03:00,21
2014-11-09-06:00,29
2014-11-09-09:00,31
2014-11-09-12:00,30
2014-11-09-15:00,23
2014-11-09-18:00,21
2014-11-09-21:00,19
2014-11-10-00:00,18
2014-11-10-03:00,19
2014-11-10-06:00,27
2014-11-10-09:00,29
2014-11-10-12:00,26
2014-11-10-15:00,20
2014-11-10-18:00,17
2014-11-10-21:00,15
2014-11-11-00:00,13
2014-11-11-03:00,15
2014-11-11-06:00,26
2014-11-11-09:00,28
2014-11-11-12:00,25
2014-11-11-15:00,18
2014-11-11-18:00,15
2014-11-11-21:00,14
2014-11-12-00:00,13
2014-11-12-03:00,15
2014-11-12-06:00,25
2014-11-12-09:00,27
2014-11-12-12:00,25
2014-11-12-15:00,20
2014-11-12-18:00,17
2014-11-12-21:00,15
2014-11-13-00:00,14
2014-11-13-03:00,15
2014-11-13-06:00,25
2014-11-13-09:00,27
2014-11-13-12:00,24
2014-11-13-15:00,17
2014-11-13-18:00,14
2014-11-13-21:00,12
2014-11-14-00:00,11
2014-11-14-03:00,14
2014-11-14-06:00,25
2014-11-14-09:00,27
2014-11-14-12:00,24
2014-11-14-15:00,17
2014-11-14-18:00,15
2014-11-14-21:00,14
2014-11-15-00:00,12
2014-11-15-03:00,15
2014-11-15-06:00,24
2014-11-15-09:00,27
2014-11-15-12:00,25
2014-11-15-15:00,17
2014-11-15-18:00,15
2014-11-15-21:00,14
2014-11-16-00:00,11
2014-11-16-03:00,15
2014-11-16-06:00,26
2014-11-16-09:00,27
2014-11-16-12:00,24
2014-11-16-15:00,16
2014-11-16-18:00,14
2014-11-16-21:00,13
2014-11-17-00:00,11
2014-11-17-03:00,14
2014-11-17-06:00,25
2014-11-17-09:00,27
2014-11-17-12:00,24
2014-11-17-15:00,16
2014-11-17-18:00,13
2014-11-17-21:00,12
2014-11-18-00:00,11
2014-11-18-03:00,14
2014-11-18-06:00,25
2014-11-18-09:00,27
2014-11-18-12:00,24
2014-11-18-15:00,16
2014-11-18-18:00,13
2014-11-18-21:00,11
2014-11-19-00:00,10
2014-11-19-03:00,12
2014-11-19-06:00,25
2014-11-19-09:00,28
2014-11-19-12:00,23
2014-11-19-15:00,16
2014-11-19-18:00,14
2014-11-19-21:00,12
2014-11-20-00:00,29
2014-11-20-03:00,14
2014-11-20-06:00,24
2014-11-20-09:00,28
2014-11-20-12:00,24
2014-11-20-15:00,16
2014-11-20-18:00,15
2014-11-20-21:00,13
2014-11-21-00:00,12
2014-11-21-03:00,12
2014-11-21-06:00,33
2014-11-21-09:00,27
2014-11-21-12:00,22
2014-11-21-15:00,15
2014-11-21-18:00,13
2014-11-21-21:00,12
2014-11-22-00:00,30
2014-11-22-03:00,12
2014-11-22-06:00,24
2014-11-22-09:00,27
2014-11-22-12:00,24
2014-11-22-15:00,16
2014-11-22-18:00,14
2014-11-22-21:00,12
2014-11-23-00:00,11
2014-11-23-03:00,12
2014-11-23-06:00,24
2014-11-23-09:00,28
2014-11-23-12:00,23
2014-11-23-15:00,15
2014-11-23-18:00,13
2014-11-23-21:00,11
2014-11-24-00:00,11
2014-11-24-03:00,14
2014-11-24-06:00,22
2014-11-24-09:00,26
2014-11-24-12:00,23
2014-11-24-15:00,15
2014-11-24-18:00,13
2014-11-24-21:00,11
2014-11-25-00:00,10
2014-11-25-03:00,12
2014-11-25-06:00,23
2014-11-25-09:00,26
2014-11-25-12:00,22
2014-11-25-15:00,15
2014-11-25-18:00,13
2014-11-25-21:00,11
2014-11-26-00:00,29
2014-11-26-03:00,15
2014-11-26-06:00,23
2014-11-26-09:00,26
2014-11-26-12:00,23
2014-11-26-15:00,16
2014-11-26-18:00,13
2014-11-26-21:00,12
2014-11-27-00:00,11
2014-11-27-03:00,12
2014-11-27-06:00,25
2014-11-27-09:00,29
2014-11-27-12:00,24
2014-11-27-15:00,16
2014-11-27-18:00,14
2014-11-27-21:00,14
2014-11-28-00:00,12
2014-11-28-03:00,13
2014-11-28-06:00,25
2014-11-28-09:00,28
2014-11-28-12:00,25
2014-11-28-15:00,18
2014-11-28-18:00,18
2014-11-28-21:00,16
2014-11-29-00:00,14
2014-11-29-03:00,15
2014-11-29-06:00,27
2014-11-29-09:00,30
2014-11-29-12:00,26
2014-11-29-15:00,19
2014-11-29-18:00,16
2014-11-29-21:00,15
2014-11-30-00:00,14
2014-11-30-03:00,16
2014-11-30-06:00,26
2014-11-30-09:00,30
2014-11-30-12:00,25
2014-11-30-15:00,18
2014-11-30-18:00,15
2014-11-30-21:00,14
2014-12-01-00:00,12
2014-12-01-03:00,17
2014-12-01-06:00,26
2014-12-01-09:00,28
2014-12-01-12:00,25
2014-12-01-15:00,18
2014-12-01-18:00,18
2014-12-01-21:00,16
2014-12-02-00:00,16
2014-12-02-03:00,16
2014-12-02-06:00,25
2014-12-02-09:00,28
2014-12-02-12:00,24
2014-12-02-15:00,17
2014-12-02-18:00,28
2014-12-02-21:00,17
2014-12-03-00:00,28
2014-12-03-03:00,16
2014-12-03-06:00,32
2014-12-03-09:00,28
2014-12-03-12:00,28
2014-12-03-18:00,27
2014-12-03-21:00,16
2014-12-04-00:00,26
2014-12-04-03:00,16
2014-12-04-06:00,26
2014-12-04-09:00,27
2014-12-04-12:00,31
2014-12-04-15:00,17
2014-12-04-18:00,14
2014-12-04-21:00,13
2014-12-05-00:00,11
2014-12-05-03:00,13
2014-12-05-06:00,25
2014-12-05-09:00,27
2014-12-05-12:00,25
2014-12-05-15:00,16
2014-12-05-18:00,13
2014-12-05-21:00,12
2014-12-06-00:00,11
2014-12-06-03:00,15
2014-12-06-06:00,24
2014-12-06-09:00,27
2014-12-06-12:00,23
2014-12-06-15:00,17
2014-12-06-18:00,15
2014-12-06-21:00,14
2014-12-07-00:00,12
2014-12-07-03:00,13
2014-12-07-06:00,23
2014-12-07-09:00,27
2014-12-07-12:00,23
2014-12-07-15:00,15
2014-12-07-18:00,13
2014-12-07-21:00,12
2014-12-08-00:00,12
2014-12-08-03:00,14
2014-12-08-06:00,23
2014-12-08-09:00,26
2014-12-08-12:00,23
2014-12-08-15:00,15
2014-12-08-18:00,12
2014-12-08-21:00,11
2014-12-09-00:00,10
2014-12-09-03:00,11
2014-12-09-06:00,25
2014-12-09-12:00,22
2014-12-09-15:00,15
2014-12-09-18:00,13
2014-12-09-21:00,11
2014-12-10-00:00,28
2014-12-10-03:00,10
2014-12-10-06:00,34
2014-12-10-09:00,24
2014-12-10-12:00,28
2014-12-10-15:00,12
2014-12-10-18:00,27
2014-12-10-21:00,9
2014-12-11-00:00,27
2014-12-11-03:00,9
2014-12-11-06:00,26
2014-12-11-09:00,22
2014-12-11-12:00,28
2014-12-11-15:00,12
2014-12-11-18:00,26
2014-12-11-21:00,7
2014-12-12-00:00,25
2014-12-12-03:00,8
2014-12-12-06:00,30
2014-12-12-09:00,22
2014-12-12-12:00,18
2014-12-12-15:00,13
2014-12-12-18:00,12
2014-12-12-21:00,12
2014-12-13-00:00,12
2014-12-13-03:00,13
2014-12-13-06:00,19
2014-12-13-09:00,19
2014-12-13-12:00,17
2014-12-13-15:00,17
2014-12-13-18:00,16
2014-12-13-21:00,15
2014-12-14-00:00,15
2014-12-14-03:00,15
2014-12-14-06:00,16
2014-12-14-09:00,16
2014-12-14-12:00,31
2014-12-14-15:00,15
2014-12-14-18:00,14
2014-12-14-21:00,13
2014-12-15-00:00,13
2014-12-15-03:00,13
2014-12-15-06:00,18
2014-12-15-09:00,18
2014-12-15-12:00,37
2014-12-15-15:00,13
2014-12-15-18:00,11
2014-12-15-21:00,10
2014-12-16-00:00,10
2014-12-16-03:00,12
2014-12-16-06:00,28
2014-12-16-09:00,19
2014-12-16-12:00,36
2014-12-16-15:00,14
2014-12-16-18:00,12
2014-12-16-21:00,11
2014-12-17-00:00,10
2014-12-17-03:00,10
2014-12-17-06:00,15
2014-12-17-09:00,19
2014-12-17-12:00,17
2014-12-17-15:00,13
2014-12-17-18:00,10
2014-12-17-21:00,9
2014-12-18-00:00,8
2014-12-18-03:00,9
2014-12-18-06:00,15
2014-12-18-09:00,17
2014-12-18-12:00,16
2014-12-18-15:00,11
2014-12-18-18:00,9
2014-12-18-21:00,9
2014-12-19-00:00,10
2014-12-19-03:00,10
2014-12-19-06:00,14
2014-12-19-09:00,16
2014-12-19-12:00,14
2014-12-19-15:00,11
2014-12-19-18:00,9
2014-12-19-21:00,10
2014-12-20-00:00,9
2014-12-20-03:00,10
2014-12-20-06:00,13
2014-12-20-09:00,16
2014-12-20-12:00,15
2014-12-20-15:00,11
2014-12-20-18:00,8
2014-12-20-21:00,8
2014-12-21-00:00,8
2014-12-21-03:00,8
2014-12-21-06:00,11
2014-12-21-09:00,14
2014-12-21-12:00,13
2014-12-21-15:00,9
2014-12-21-18:00,7
2014-12-21-21:00,6
2014-12-22-00:00,5
2014-12-22-03:00,8
2014-12-22-06:00,11
2014-12-22-09:00,14
2014-12-22-12:00,13
2014-12-22-15:00,9
2014-12-22-18:00,8
2014-12-22-21:00,7
2014-12-23-00:00,7
2014-12-23-03:00,8
2014-12-23-06:00,10
2014-12-23-09:00,14
2014-12-23-12:00,14
2014-12-23-15:00,9
2014-12-23-18:00,8
2014-12-23-21:00,7
2014-12-24-00:00,6
2014-12-24-03:00,7
2014-12-24-06:00,10
2014-12-24-09:00,16
2014-12-24-12:00,13
2014-12-24-15:00,10
2014-12-24-18:00,9
2014-12-24-21:00,8
2014-12-25-00:00,7
2014-12-25-03:00,7
2014-12-25-06:00,9
2014-12-25-09:00,15
2014-12-25-12:00,13
2014-12-25-15:00,9
2014-12-25-18:00,7
2014-12-25-21:00,7
2014-12-26-00:00,7
2014-12-26-03:00,7
2014-12-26-06:00,11
2014-12-26-09:00,16
2014-12-26-12:00,15
2014-12-26-15:00,11
2014-12-26-18:00,10
2014-12-26-21:00,9
2014-12-27-00:00,7
2014-12-27-03:00,6
2014-12-27-06:00,16
2014-12-27-09:00,19
2014-12-27-12:00,16
2014-12-27-15:00,8
2014-12-27-18:00,6
2014-12-27-21:00,5
2014-12-28-00:00,3
2014-12-28-03:00,6
2014-12-28-06:00,10
2014-12-28-09:00,18
2014-12-28-12:00,15
2014-12-28-15:00,9
2014-12-28-18:00,6
2014-12-28-21:00,5
2014-12-29-00:00,7
2014-12-29-03:00,6
2014-12-29-06:00,15
2014-12-29-09:00,21
2014-12-29-12:00,16
2014-12-29-15:00,10
2014-12-29-18:00,8
2014-12-29-21:00,6
2014-12-30-00:00,5
2014-12-30-03:00,5
2014-12-30-06:00,15
2014-12-30-09:00,19
2014-12-30-12:00,18
2014-12-30-15:00,11
2014-12-30-18:00,10
2014-12-30-21:00,10
2014-12-31-00:00,10
2014-12-31-03:00,10
2014-12-31-06:00,15
2014-12-31-09:00,18
2014-12-31-12:00,16
2014-12-31-15:00,11
2014-12-31-18:00,10
2014-12-31-21:00,9
2015-01-01-00:00,10
2015-01-01-03:00,11
2015-01-01-06:00,18
2015-01-01-09:00,21
2015-01-01-12:00,19
2015-01-01-15:00,14
2015-01-01-18:00,12
2015-01-01-21:00,13
2015-01-02-00:00,14
2015-01-02-03:00,15
2015-01-02-06:00,16
2015-01-02-09:00,15
2015-01-02-12:00,15
2015-01-02-15:00,14
2015-01-02-18:00,15
2015-01-02-21:00,15
2015-01-03-00:00,15
2015-01-03-03:00,14
2015-01-03-06:00,16
2015-01-03-09:00,17
2015-01-03-12:00,16
2015-01-03-15:00,15
2015-01-03-18:00,14
2015-01-03-21:00,14
2015-01-04-00:00,13
2015-01-04-03:00,14
2015-01-04-06:00,15
2015-01-04-09:00,18
2015-01-04-12:00,17
2015-01-04-15:00,14
2015-01-04-18:00,12
2015-01-04-21:00,10
2015-01-05-00:00,9
2015-01-05-03:00,9
2015-01-05-06:00,16
2015-01-05-09:00,21
2015-01-05-12:00,18
2015-01-05-15:00,15
2015-01-05-18:00,13
2015-01-05-21:00,11
2015-01-06-00:00,10
2015-01-06-03:00,10
2015-01-06-06:00,14
2015-01-06-09:00,17
2015-01-06-12:00,15
2015-01-06-15:00,12
2015-01-06-18:00,10
2015-01-06-21:00,8
2015-01-07-00:00,7
2015-01-07-03:00,8
2015-01-07-06:00,10
2015-01-07-09:00,12
2015-01-07-12:00,12
2015-01-07-15:00,11
2015-01-07-18:00,9
2015-01-07-21:00,8
2015-01-08-00:00,8
2015-01-08-03:00,9
2015-01-08-06:00,10
2015-01-08-09:00,14
2015-01-08-12:00,12
2015-01-08-15:00,10
2015-01-08-18:00,9
2015-01-08-21:00,8
2015-01-09-00:00,8
2015-01-09-03:00,7
2015-01-09-06:00,11
2015-01-09-09:00,16
2015-01-09-12:00,13
2015-01-09-15:00,10
2015-01-09-18:00,10
2015-01-09-21:00,10
2015-01-10-00:00,9
2015-01-10-03:00,8
2015-01-10-06:00,13
2015-01-10-09:00,17
2015-01-10-12:00,16
2015-01-10-15:00,10
2015-01-10-18:00,9
2015-01-10-21:00,7
2015-01-11-00:00,9
2015-01-11-03:00,10
2015-01-11-06:00,12
2015-01-11-09:00,15
2015-01-11-12:00,14
2015-01-11-15:00,10
2015-01-11-18:00,10
2015-01-11-21:00,8
2015-01-12-00:00,7
2015-01-12-03:00,10
2015-01-12-06:00,12
2015-01-12-09:00,16
2015-01-12-12:00,14
2015-01-12-15:00,10
2015-01-12-18:00,8
2015-01-12-21:00,8
2015-01-13-00:00,7
2015-01-13-03:00,7
2015-01-13-06:00,14
2015-01-13-09:00,18
2015-01-13-12:00,16
2015-01-13-15:00,12
2015-01-13-18:00,12
2015-01-13-21:00,12
2015-01-14-00:00,12
2015-01-14-03:00,12
2015-01-14-06:00,14
2015-01-14-09:00,14
2015-01-14-12:00,14
2015-01-14-15:00,12
2015-01-14-18:00,9
2015-01-14-21:00,9
2015-01-15-00:00,7
2015-01-15-03:00,8
2015-01-15-06:00,14
2015-01-15-09:00,18
2015-01-15-12:00,18
2015-01-15-15:00,13
2015-01-15-18:00,12
2015-01-15-21:00,9
2015-01-16-00:00,9
2015-01-16-03:00,9
2015-01-16-06:00,14
2015-01-16-09:00,20
2015-01-16-12:00,18
2015-01-16-15:00,13
2015-01-16-18:00,11
2015-01-16-21:00,10
2015-01-17-00:00,10
2015-01-17-03:00,10
2015-01-17-06:00,15
2015-01-17-09:00,20
2015-01-17-12:00,20
2015-01-17-15:00,13
2015-01-17-18:00,11
2015-01-17-21:00,9
2015-01-18-00:00,8
2015-01-18-03:00,8
2015-01-18-06:00,15
2015-01-18-09:00,21
2015-01-18-12:00,19
2015-01-18-15:00,12
2015-01-18-18:00,10
2015-01-18-21:00,11
2015-01-19-00:00,10
2015-01-19-03:00,10
2015-01-19-06:00,15
2015-01-19-09:00,20
2015-01-19-12:00,19
2015-01-19-15:00,14
2015-01-19-18:00,12
2015-01-19-21:00,10
2015-01-20-00:00,11
2015-01-20-03:00,12
2015-01-20-06:00,14
2015-01-20-09:00,18
2015-01-20-12:00,15
2015-01-20-15:00,13
2015-01-20-18:00,12
2015-01-20-21:00,12
2015-01-21-00:00,10
2015-01-21-03:00,11
2015-01-21-06:00,14
2015-01-21-09:00,17
2015-01-21-12:00,16
2015-01-21-15:00,14
2015-01-21-18:00,12
2015-01-21-21:00,12
2015-01-22-00:00,12
2015-01-22-03:00,12
2015-01-22-06:00,13
2015-01-22-09:00,13
2015-01-22-12:00,13
2015-01-22-15:00,13
2015-01-22-18:00,13
2015-01-22-21:00,12
2015-01-23-00:00,12
2015-01-23-03:00,12
2015-01-23-06:00,16
2015-01-23-09:00,19
2015-01-23-12:00,17
2015-01-23-15:00,15
2015-01-23-18:00,14
2015-01-23-21:00,12
2015-01-24-00:00,11
2015-01-24-03:00,11
2015-01-24-06:00,14
2015-01-24-09:00,16
2015-01-24-12:00,14
2015-01-24-15:00,12
2015-01-24-18:00,10
2015-01-24-21:00,11
2015-01-25-00:00,10
2015-01-25-03:00,10
2015-01-25-06:00,14
2015-01-25-09:00,18
2015-01-25-12:00,16
2015-01-25-15:00,13
2015-01-25-18:00,13
2015-01-25-21:00,12
2015-01-26-00:00,12
2015-01-26-03:00,13
2015-01-26-06:00,13
2015-01-26-09:00,16
2015-01-26-12:00,16
2015-01-26-15:00,15
2015-01-26-18:00,13
2015-01-26-21:00,12
2015-01-27-00:00,11
2015-01-27-03:00,11
2015-01-27-06:00,16
2015-01-27-09:00,18
2015-01-27-12:00,16
2015-01-27-15:00,13
2015-01-27-18:00,11
2015-01-27-21:00,10
2015-01-28-00:00,9
2015-01-28-03:00,9
2015-01-28-06:00,13
2015-01-28-09:00,18
2015-01-28-12:00,16
2015-01-28-15:00,11
2015-01-28-18:00,6
2015-01-28-21:00,6.5
2015-01-29-00:00,7
2015-01-29-03:00,7
2015-01-29-06:00,15
2015-01-29-09:00,18
2015-01-29-12:00,17
2015-01-29-15:00,12
2015-01-29-18:00,8
2015-01-29-21:00,8
2015-01-30-00:00,8
2015-01-30-03:00,8
2015-01-30-06:00,16
2015-01-30-09:00,19
2015-01-30-12:00,17
2015-01-30-15:00,13
2015-01-30-18:00,11
2015-01-30-21:00,10
2015-01-31-00:00,9
2015-01-31-03:00,9
2015-01-31-06:00,17
2015-01-31-09:00,21
2015-01-31-12:00,20
2015-01-31-15:00,13
2015-01-31-18:00,11
2015-01-31-21:00,10
2015-02-01-00:00,8
2015-02-01-03:00,8
2015-02-01-06:00,20
2015-02-01-09:00,24
2015-02-01-12:00,20
2015-02-01-15:00,15
2015-02-01-18:00,13
2015-02-01-21:00,12
2015-02-02-00:00,12
2015-02-02-03:00,14
2015-02-02-06:00,19
2015-02-02-09:00,23
2015-02-02-12:00,20
2015-02-02-15:00,18
2015-02-02-18:00,17
2015-02-02-21:00,16
2015-02-03-00:00,15
2015-02-03-03:00,15
2015-02-03-06:00,20
2015-02-03-09:00,22
2015-02-03-12:00,19
2015-02-03-15:00,15
2015-02-03-18:00,15
2015-02-03-21:00,13
2015-02-04-00:00,12
2015-02-04-03:00,12
2015-02-04-06:00,14
2015-02-04-09:00,20
2015-02-04-12:00,19
2015-02-04-15:00,15
2015-02-04-18:00,14
2015-02-04-21:00,11
2015-02-05-00:00,11
2015-02-05-03:00,10
2015-02-05-06:00,18
2015-02-05-09:00,22
2015-02-05-12:00,21
2015-02-05-15:00,14
2015-02-05-18:00,11
2015-02-05-21:00,10
2015-02-06-00:00,8
2015-02-06-03:00,9
2015-02-06-06:00,21
2015-02-06-09:00,24
2015-02-06-12:00,22
2015-02-06-15:00,15
2015-02-06-18:00,12
2015-02-06-21:00,10
2015-02-07-00:00,9
2015-02-07-03:00,10
2015-02-07-06:00,21
2015-02-07-09:00,25
2015-02-07-12:00,23
2015-02-07-15:00,15
2015-02-07-18:00,13
2015-02-07-21:00,11
2015-02-08-00:00,10
2015-02-08-03:00,10
2015-02-08-06:00,21
2015-02-08-09:00,24
2015-02-08-12:00,23
2015-02-08-15:00,16
2015-02-08-18:00,15
2015-02-08-21:00,14
2015-02-09-00:00,12
2015-02-09-03:00,13
2015-02-09-06:00,22
2015-02-09-09:00,25
2015-02-09-12:00,23
2015-02-09-15:00,16
2015-02-09-18:00,13
2015-02-09-21:00,11
2015-02-10-00:00,11
2015-02-10-03:00,12
2015-02-10-06:00,20
2015-02-10-09:00,23
2015-02-10-12:00,22
2015-02-10-15:00,15
2015-02-10-18:00,12
2015-02-10-21:00,11
2015-02-11-00:00,9
2015-02-11-03:00,12
2015-02-11-06:00,21
2015-02-11-09:00,23
2015-02-11-12:00,22
2015-02-11-15:00,16
2015-02-11-18:00,13
2015-02-11-21:00,12
2015-02-12-00:00,10
2015-02-12-03:00,10
2015-02-12-06:00,20
2015-02-12-09:00,22
2015-02-12-12:00,21
2015-02-12-15:00,16
2015-02-12-18:00,13
2015-02-12-21:00,12
2015-02-13-00:00,11
2015-02-13-03:00,12
2015-02-13-06:00,22
2015-02-13-09:00,25
2015-02-13-12:00,24
2015-02-13-15:00,17
2015-02-13-18:00,14
2015-02-13-21:00,13
2015-02-14-00:00,12
2015-02-14-03:00,14
2015-02-14-06:00,25
2015-02-14-09:00,28
2015-02-14-12:00,26
2015-02-14-15:00,19
2015-02-14-18:00,17
2015-02-14-21:00,14
2015-02-15-00:00,13
2015-02-15-03:00,13
2015-02-15-06:00,23
2015-02-15-09:00,26
2015-02-15-12:00,24
2015-02-15-15:00,19
2015-02-15-18:00,16
2015-02-15-21:00,17
2015-02-16-00:00,16
2015-02-16-03:00,17
2015-02-16-06:00,24
2015-02-16-09:00,26
2015-02-16-12:00,24
2015-02-16-15:00,21
2015-02-16-18:00,19
2015-02-16-21:00,18
2015-02-17-00:00,17
2015-02-17-06:00,24
2015-02-17-09:00,26
2015-02-17-12:00,25
2015-02-17-15:00,21
2015-02-17-18:00,18
2015-02-17-21:00,17
2015-02-18-00:00,16
2015-02-18-03:00,16
2015-02-18-06:00,25
2015-02-18-09:00,29
2015-02-18-12:00,26
2015-02-18-15:00,21
2015-02-18-18:00,19
2015-02-18-21:00,18
2015-02-19-00:00,17
2015-02-19-03:00,19
2015-02-19-06:00,26
2015-02-19-09:00,29
2015-02-19-12:00,26
2015-02-19-15:00,24
2015-02-19-18:00,21
2015-02-19-21:00,20
2015-02-20-00:00,19
2015-02-20-03:00,20
2015-02-20-06:00,27
2015-02-20-09:00,29
2015-02-20-12:00,27
2015-02-20-15:00,22
2015-02-20-18:00,20
2015-02-20-21:00,18
2015-02-21-00:00,16
2015-02-21-03:00,18
2015-02-21-06:00,26
2015-02-21-09:00,28
2015-02-21-12:00,26
2015-02-21-15:00,22
2015-02-21-18:00,20
2015-02-21-21:00,19
2015-02-22-00:00,18
2015-02-22-03:00,18
2015-02-22-06:00,25
2015-02-22-09:00,28
2015-02-22-12:00,26
2015-02-22-15:00,23.5
2015-02-22-18:00,21
2015-02-22-21:00,19
2015-02-23-00:00,18
2015-02-23-03:00,18
2015-02-23-06:00,24
2015-02-23-09:00,28
2015-02-23-12:00,27
2015-02-23-15:00,22
2015-02-23-18:00,18
2015-02-23-21:00,17
2015-02-24-00:00,16
2015-02-24-03:00,17
2015-02-24-06:00,26
2015-02-24-09:00,28
2015-02-24-12:00,29
2015-02-24-15:00,23
2015-02-24-18:00,22
2015-02-24-21:00,22
2015-02-25-00:00,21
2015-02-25-03:00,21
2015-02-25-06:00,25
2015-02-25-09:00,28
2015-02-25-12:00,27
2015-02-25-15:00,24
2015-02-25-18:00,21
2015-02-25-21:00,18
2015-02-26-00:00,17
2015-02-26-03:00,16
2015-02-26-06:00,24
2015-02-26-09:00,26
2015-02-26-12:00,25
2015-02-26-15:00,18
2015-02-26-18:00,18
2015-02-26-21:00,16
2015-02-27-00:00,13
2015-02-27-03:00,14
2015-02-27-06:00,23
2015-02-27-09:00,26
2015-02-27-12:00,25
2015-02-27-15:00,20
2015-02-27-18:00,17
2015-02-27-21:00,16
2015-02-28-00:00,14
2015-02-28-03:00,16
2015-02-28-06:00,24
2015-02-28-09:00,29
2015-02-28-12:00,26
2015-02-28-15:00,21
2015-02-28-18:00,21
2015-02-28-21:00,19
2015-03-01-00:00,18
2015-03-01-03:00,16
2015-03-01-06:00,16
2015-03-01-09:00,18
2015-03-01-12:00,18
2015-03-01-15:00,18
2015-03-01-18:00,18
2015-03-01-21:00,17
2015-03-02-00:00,17
2015-03-02-03:00,16
2015-03-02-06:00,18
2015-03-02-09:00,22
2015-03-02-12:00,20
2015-03-02-15:00,16
2015-03-02-18:00,16
2015-03-02-21:00,15
2015-03-03-00:00,14
2015-03-03-03:00,15
2015-03-03-06:00,17
2015-03-03-09:00,21
2015-03-03-12:00,21
2015-03-03-15:00,16
2015-03-03-18:00,13
2015-03-03-21:00,13
2015-03-04-00:00,12
2015-03-04-03:00,13
2015-03-04-06:00,20
2015-03-04-09:00,23
2015-03-04-12:00,22
2015-03-04-15:00,17
2015-03-04-18:00,14
2015-03-04-21:00,13
2015-03-05-00:00,11
2015-03-05-03:00,14
2015-03-05-06:00,23
2015-03-05-09:00,26
2015-03-05-12:00,25
2015-03-05-15:00,19
2015-03-05-18:00,16
2015-03-05-21:00,16
2015-03-06-00:00,15
2015-03-06-03:00,17
2015-03-06-06:00,25
2015-03-06-09:00,27
2015-03-06-12:00,24
2015-03-06-15:00,20
2015-03-06-18:00,17
2015-03-06-21:00,15
2015-03-07-00:00,14
2015-03-07-03:00,16
2015-03-07-06:00,25
2015-03-07-09:00,26
2015-03-07-12:00,18
2015-03-07-15:00,17
2015-03-07-18:00,16
2015-03-07-21:00,15
2015-03-08-00:00,15
2015-03-08-03:00,17
2015-03-08-06:00,21
2015-03-08-09:00,25
2015-03-08-12:00,23
2015-03-08-15:00,21
2015-03-08-18:00,18
2015-03-08-21:00,16
2015-03-09-00:00,14
2015-03-09-03:00,16
2015-03-09-06:00,22
2015-03-09-09:00,24
2015-03-09-12:00,22
2015-03-09-15:00,18
2015-03-09-18:00,15
2015-03-09-21:00,14
2015-03-10-00:00,12
2015-03-10-03:00,13
2015-03-10-06:00,20
2015-03-10-09:00,24
2015-03-10-12:00,24
2015-03-10-15:00,18
2015-03-10-18:00,17
2015-03-10-21:00,14
2015-03-11-00:00,13
2015-03-11-03:00,15
2015-03-11-06:00,23
2015-03-11-09:00,25
2015-03-11-12:00,24
2015-03-11-15:00,18
2015-03-11-18:00,15
2015-03-11-21:00,13
2015-03-12-00:00,14
2015-03-12-03:00,16
2015-03-12-06:00,25
2015-03-12-09:00,28
2015-03-12-12:00,26
2015-03-12-15:00,20
2015-03-12-18:00,18
2015-03-12-21:00,17
2015-03-13-00:00,16
2015-03-13-03:00,19
2015-03-13-06:00,25
2015-03-13-09:00,28
2015-03-13-12:00,25
2015-03-13-15:00,22
2015-03-13-18:00,19
2015-03-13-21:00,17
2015-03-14-00:00,18
2015-03-14-03:00,20
2015-03-14-06:00,26
2015-03-14-09:00,25
2015-03-14-12:00,23
2015-03-14-15:00,21
2015-03-14-18:00,21
2015-03-14-21:00,18
2015-03-15-00:00,18
2015-03-15-03:00,18
2015-03-15-06:00,19
2015-03-15-09:00,19
2015-03-15-12:00,18
2015-03-15-15:00,17
2015-03-15-18:00,16
2015-03-15-21:00,16
2015-03-16-00:00,16
2015-03-16-03:00,17
2015-03-16-06:00,23
2015-03-16-09:00,23.5
2015-03-16-12:00,24
2015-03-16-15:00,22
2015-03-16-18:00,19
2015-03-16-21:00,18
2015-03-17-00:00,16
2015-03-17-03:00,17
2015-03-17-06:00,25
2015-03-17-09:00,27
2015-03-17-12:00,25
2015-03-17-15:00,21
2015-03-17-18:00,19
2015-03-17-21:00,17
2015-03-18-00:00,16
2015-03-18-03:00,17
2015-03-18-06:00,23
2015-03-18-09:00,25
2015-03-18-12:00,25
2015-03-18-15:00,21
2015-03-18-18:00,18
2015-03-18-21:00,17
2015-03-19-00:00,15
2015-03-19-03:00,19
2015-03-19-06:00,25
2015-03-19-09:00,28
2015-03-19-12:00,27
2015-03-19-15:00,21
2015-03-19-18:00,18
2015-03-19-21:00,16
2015-03-20-00:00,16
2015-03-20-03:00,19
2015-03-20-06:00,27
2015-03-20-09:00,30
2015-03-20-12:00,29
2015-03-20-15:00,22
2015-03-20-18:00,19
2015-03-20-21:00,18
2015-03-21-00:00,17
2015-03-21-03:00,21
2015-03-21-06:00,29
2015-03-21-09:00,31
2015-03-21-12:00,31
2015-03-21-15:00,25
2015-03-21-18:00,23
2015-03-21-21:00,22
2015-03-22-00:00,20
2015-03-22-03:00,22
2015-03-22-06:00,29
2015-03-22-09:00,32
2015-03-22-12:00,30
2015-03-22-15:00,25
2015-03-22-18:00,23
2015-03-22-21:00,20
2015-03-23-00:00,20
2015-03-23-03:00,21
2015-03-23-06:00,30
2015-03-23-09:00,32
2015-03-23-12:00,32
2015-03-23-15:00,24
2015-03-23-18:00,20
2015-03-23-21:00,19
2015-03-24-00:00,18
2015-03-24-03:00,22
2015-03-24-06:00,32
2015-03-24-09:00,35
2015-03-24-12:00,30
2015-03-24-15:00,25
2015-03-24-18:00,23
2015-03-24-21:00,21
2015-03-25-00:00,19
2015-03-25-03:00,22
2015-03-25-06:00,32
2015-03-25-09:00,35
2015-03-25-12:00,33
2015-03-25-15:00,26
2015-03-25-18:00,24
2015-03-25-21:00,22
2015-03-26-00:00,21
2015-03-26-03:00,25
2015-03-26-06:00,34
2015-03-26-09:00,36
2015-03-26-12:00,35
2015-03-26-15:00,28
2015-03-26-18:00,24
2015-03-26-21:00,25
2015-03-27-00:00,23
2015-03-27-03:00,26
2015-03-27-06:00,32
2015-03-27-09:00,35
2015-03-27-12:00,34
2015-03-27-15:00,27
2015-03-27-18:00,22
2015-03-27-21:00,20
2015-03-28-00:00,19
2015-03-28-03:00,22
2015-03-28-06:00,32
2015-03-28-09:00,35
2015-03-28-12:00,35
2015-03-28-15:00,27
2015-03-28-18:00,24
2015-03-28-21:00,22
2015-03-29-00:00,23
2015-03-29-03:00,25
2015-03-29-06:00,29
2015-03-29-09:00,28
2015-03-29-12:00,27
2015-03-29-15:00,24
2015-03-29-18:00,24
2015-03-29-21:00,20
2015-03-30-00:00,21
2015-03-30-03:00,21
2015-03-30-06:00,25
2015-03-30-09:00,28
2015-03-30-12:00,26
2015-03-30-15:00,24
2015-03-30-18:00,22
2015-03-30-21:00,21
2015-03-31-00:00,20
2015-03-31-03:00,21
2015-03-31-06:00,29
2015-03-31-09:00,30
2015-03-31-12:00,30
2015-03-31-15:00,26
2015-03-31-18:00,24
2015-03-31-21:00,22
2015-04-01-00:00,20
2015-04-01-03:00,23
2015-04-01-06:00,30
2015-04-01-09:00,33
2015-04-01-12:00,30
2015-04-01-15:00,27
2015-04-01-18:00,27
2015-04-01-21:00,25
2015-04-02-00:00,23
2015-04-02-03:00,25
2015-04-02-06:00,31
2015-04-02-09:00,34
2015-04-02-12:00,33
2015-04-02-15:00,29
2015-04-02-18:00,26
2015-04-02-21:00,23
2015-04-03-00:00,20
2015-04-03-03:00,21
2015-04-03-06:00,27
2015-04-03-09:00,30
2015-04-03-12:00,29
2015-04-03-15:00,26
2015-04-03-18:00,24
2015-04-03-21:00,19
2015-04-04-00:00,19
2015-04-04-03:00,18
2015-04-04-06:00,21
2015-04-04-09:00,24
2015-04-04-12:00,25
2015-04-04-15:00,22
2015-04-04-18:00,20
2015-04-04-21:00,19
2015-04-05-00:00,17
2015-04-05-03:00,21
2015-04-05-06:00,25.5
2015-04-05-09:00,30
2015-04-05-12:00,29
2015-04-05-15:00,25
2015-04-05-18:00,22
2015-04-05-21:00,21
2015-04-06-00:00,19
2015-04-06-03:00,21
2015-04-06-06:00,29
2015-04-06-09:00,31
2015-04-06-12:00,30
2015-04-06-15:00,25
2015-04-06-18:00,24
2015-04-06-21:00,21
2015-04-07-00:00,20
2015-04-07-03:00,21
2015-04-07-06:00,25
2015-04-07-09:00,29
2015-04-07-12:00,28
2015-04-07-15:00,24
2015-04-07-18:00,22
2015-04-07-21:00,21
2015-04-08-00:00,20
2015-04-08-03:00,23
2015-04-08-06:00,25
2015-04-08-09:00,32
2015-04-08-12:00,32
2015-04-08-15:00,26
2015-04-08-18:00,25
2015-04-08-21:00,22
2015-04-09-00:00,20
2015-04-09-03:00,23
2015-04-09-06:00,29
2015-04-09-09:00,32
2015-04-09-12:00,32
2015-04-09-15:00,27
2015-04-09-18:00,24
2015-04-09-21:00,21
2015-04-10-00:00,19
2015-04-10-03:00,24
2015-04-10-06:00,32
2015-04-10-09:00,34
2015-04-10-12:00,34
2015-04-10-15:00,28
2015-04-10-18:00,24
2015-04-10-21:00,22
2015-04-11-00:00,20
2015-04-11-03:00,24
2015-04-11-06:00,34
2015-04-11-09:00,36
2015-04-11-12:00,34
2015-04-11-15:00,28
2015-04-11-18:00,27
2015-04-11-21:00,23
2015-04-12-00:00,21
2015-04-12-03:00,24
2015-04-12-06:00,27
2015-04-12-09:00,27
2015-04-12-12:00,28
2015-04-12-15:00,24
2015-04-12-18:00,23
2015-04-12-21:00,21
2015-04-13-00:00,20
2015-04-13-03:00,22
2015-04-13-06:00,30
2015-04-13-09:00,32
2015-04-13-12:00,29
2015-04-13-15:00,22
2015-04-13-18:00,22
2015-04-13-21:00,21
2015-04-14-00:00,21
2015-04-14-03:00,23
2015-04-14-06:00,29
2015-04-14-09:00,32
2015-04-14-12:00,31
2015-04-14-15:00,27
2015-04-14-18:00,24
2015-04-14-21:00,23
2015-04-15-00:00,22
2015-04-15-03:00,26
2015-04-15-06:00,32
2015-04-15-09:00,34
2015-04-15-12:00,31
2015-04-15-15:00,28
2015-04-15-18:00,25
2015-04-15-21:00,23
2015-04-16-00:00,23
2015-04-16-03:00,26
2015-04-16-06:00,30
2015-04-16-09:00,29
2015-04-16-12:00,27
2015-04-16-15:00,24
2015-04-16-18:00,22
2015-04-16-21:00,21
2015-04-17-00:00,21
2015-04-17-03:00,24
2015-04-17-06:00,31
2015-04-17-09:00,34
2015-04-17-12:00,35
2015-04-17-15:00,28
2015-04-17-18:00,27
2015-04-17-21:00,25
2015-04-18-00:00,23
2015-04-18-03:00,26
2015-04-18-06:00,34
2015-04-18-09:00,37
2015-04-18-12:00,37
2015-04-18-15:00,30
2015-04-18-18:00,28
2015-04-18-21:00,26
2015-04-19-00:00,23
2015-04-19-03:00,27
2015-04-19-06:00,37
2015-04-19-09:00,40
2015-04-19-12:00,40
2015-04-19-15:00,32
2015-04-19-18:00,29
2015-04-19-21:00,29
2015-04-20-00:00,27
2015-04-20-03:00,29
2015-04-20-06:00,35
2015-04-20-09:00,40
2015-04-20-12:00,38
2015-04-20-15:00,34
2015-04-20-18:00,32
2015-04-20-21:00,28
2015-04-21-00:00,27
2015-04-21-03:00,29
2015-04-21-06:00,36
2015-04-21-09:00,38
2015-04-21-12:00,37
2015-04-21-15:00,32
2015-04-21-18:00,28
2015-04-21-21:00,27
2015-04-22-00:00,23
2015-04-22-03:00,28
2015-04-22-06:00,36
2015-04-22-09:00,38
2015-04-22-12:00,37
2015-04-22-15:00,33
2015-04-22-18:00,27
2015-04-22-21:00,24
2015-04-23-00:00,22
2015-04-23-03:00,28
2015-04-23-06:00,37
2015-04-23-09:00,39
2015-04-23-12:00,37
2015-04-23-15:00,30
2015-04-23-18:00,27
2015-04-23-21:00,26
2015-04-24-00:00,24
2015-04-24-03:00,28
2015-04-24-06:00,37
2015-04-24-09:00,39
2015-04-24-12:00,37
2015-04-24-15:00,31
2015-04-24-18:00,27
2015-04-24-21:00,26
2015-04-25-00:00,23
2015-04-25-03:00,28
2015-04-25-06:00,33
2015-04-25-09:00,37
2015-04-25-12:00,36
2015-04-25-15:00,32
2015-04-25-18:00,29
2015-04-25-21:00,26
2015-04-26-00:00,24
2015-04-26-03:00,25
2015-04-26-06:00,30
2015-04-26-09:00,34
2015-04-26-12:00,34
2015-04-26-15:00,30
2015-04-26-18:00,27
2015-04-26-21:00,26
2015-04-27-00:00,25
2015-04-27-03:00,27
2015-04-27-06:00,33
2015-04-27-09:00,36
2015-04-27-12:00,35
2015-04-27-15:00,32
2015-04-27-18:00,29
2015-04-27-21:00,24
2015-04-28-00:00,25
2015-04-28-03:00,28
2015-04-28-06:00,34
2015-04-28-09:00,37
2015-04-28-12:00,36
2015-04-28-15:00,31
2015-04-28-18:00,29
2015-04-28-21:00,28
2015-04-29-00:00,26
2015-04-29-03:00,28
2015-04-29-06:00,34
2015-04-29-09:00,36
2015-04-29-12:00,36
2015-04-29-15:00,32
2015-04-29-18:00,30
2015-04-29-21:00,28
2015-04-30-00:00,26
2015-04-30-03:00,29
2015-04-30-06:00,36
2015-04-30-09:00,39
2015-04-30-12:00,38
2015-04-30-15:00,33
2015-04-30-18:00,31
2015-04-30-21:00,29
2015-05-01-00:00,25
2015-05-01-03:00,28
2015-05-01-06:00,35
2015-05-01-09:00,37
2015-05-01-12:00,36
2015-05-01-15:00,32
2015-05-01-18:00,30
2015-05-01-21:00,27
2015-05-02-00:00,25
2015-05-02-03:00,28
2015-05-02-06:00,35
2015-05-02-09:00,37
2015-05-02-12:00,37
2015-05-02-15:00,30
2015-05-02-18:00,25
2015-05-02-21:00,24
2015-05-03-00:00,23
2015-05-03-03:00,29
2015-05-03-06:00,37
2015-05-03-09:00,38
2015-05-03-12:00,37
2015-05-03-15:00,30
2015-05-03-18:00,28
2015-05-03-21:00,26
2015-05-04-00:00,23
2015-05-04-03:00,29
2015-05-04-06:00,38
2015-05-04-09:00,39
2015-05-04-12:00,38
2015-05-04-15:00,30
2015-05-04-18:00,26
2015-05-04-21:00,24
2015-05-05-00:00,22
2015-05-05-03:00,29
2015-05-05-06:00,39
2015-05-05-09:00,40
2015-05-05-12:00,39
2015-05-05-15:00,33
2015-05-05-18:00,29
2015-05-05-21:00,26
2015-05-06-00:00,25
2015-05-06-03:00,31
2015-05-06-06:00,39
2015-05-06-09:00,42
2015-05-06-12:00,41
2015-05-06-15:00,33
2015-05-06-18:00,32
2015-05-06-21:00,30
2015-05-07-00:00,29
2015-05-07-03:00,31
2015-05-07-06:00,39
2015-05-07-09:00,42
2015-05-07-12:00,41
2015-05-07-18:00,34
2015-05-07-21:00,32
2015-05-08-00:00,29
2015-05-08-03:00,33
2015-05-08-06:00,39
2015-05-08-09:00,42
2015-05-08-12:00,41
2015-05-08-15:00,33
2015-05-08-18:00,29
2015-05-08-21:00,27
2015-05-09-00:00,29
2015-05-09-03:00,34
2015-05-09-06:00,39
2015-05-09-09:00,42
2015-05-09-12:00,42
2015-05-09-15:00,34
2015-05-09-18:00,32
2015-05-09-21:00,29
2015-05-10-00:00,27
2015-05-10-03:00,33
2015-05-10-06:00,40
2015-05-10-09:00,42
2015-05-10-12:00,41
2015-05-10-15:00,33
2015-05-10-18:00,33
2015-05-10-21:00,32
2015-05-11-00:00,33
2015-05-11-03:00,31
2015-05-11-06:00,36
2015-05-11-09:00,39
2015-05-11-12:00,39
2015-05-11-15:00,34
2015-05-11-18:00,31
2015-05-11-21:00,29
2015-05-12-00:00,27
2015-05-12-03:00,31
2015-05-12-06:00,36
2015-05-12-09:00,39
2015-05-12-12:00,37
2015-05-12-15:00,33
2015-05-12-18:00,32
2015-05-12-21:00,30
2015-05-13-00:00,29
2015-05-13-03:00,32
2015-05-13-06:00,34
2015-05-13-09:00,24
2015-05-13-12:00,29
2015-05-13-15:00,26
2015-05-13-18:00,24
2015-05-13-21:00,24
2015-05-14-00:00,23
2015-05-14-03:00,26
2015-05-14-06:00,33
2015-05-14-09:00,35
2015-05-14-12:00,35
2015-05-14-15:00,30
2015-05-14-18:00,28
2015-05-14-21:00,27
2015-05-15-00:00,25
2015-05-15-03:00,29
2015-05-15-06:00,35
2015-05-15-09:00,32
2015-05-15-12:00,30
2015-05-15-15:00,27
2015-05-15-18:00,26
2015-05-15-21:00,24
2015-05-16-00:00,23
2015-05-16-03:00,29
2015-05-16-06:00,35
2015-05-16-09:00,35
2015-05-16-12:00,35
2015-05-16-15:00,30
2015-05-16-18:00,27
2015-05-16-21:00,26
2015-05-17-00:00,26
2015-05-17-03:00,30
2015-05-17-06:00,36
2015-05-17-09:00,40
2015-05-17-12:00,39
2015-05-17-15:00,34
2015-05-17-18:00,31
2015-05-17-21:00,30
2015-05-18-00:00,29
2015-05-18-03:00,33
2015-05-18-06:00,40
2015-05-18-09:00,42
2015-05-18-12:00,41
2015-05-18-15:00,35
2015-05-18-18:00,32
2015-05-18-21:00,31
2015-05-19-00:00,30
2015-05-19-03:00,34
2015-05-19-06:00,41
2015-05-19-09:00,39
2015-05-19-12:00,29
2015-05-19-15:00,28
2015-05-19-18:00,26
2015-05-19-21:00,25
2015-05-20-00:00,24
2015-05-20-03:00,28
2015-05-20-06:00,36
2015-05-20-09:00,40
2015-05-20-12:00,40
2015-05-20-15:00,34
2015-05-20-18:00,32
2015-05-20-21:00,31
2015-05-21-00:00,28
2015-05-21-03:00,32
2015-05-21-06:00,40
2015-05-21-09:00,42
2015-05-21-12:00,42
2015-05-21-15:00,35
2015-05-21-18:00,34
2015-05-21-21:00,32
2015-05-22-00:00,28
2015-05-22-03:00,33
2015-05-22-06:00,40
2015-05-22-09:00,43
2015-05-22-12:00,42
2015-05-22-15:00,38
2015-05-22-18:00,32
2015-05-22-21:00,34
2015-05-23-00:00,32
2015-05-23-03:00,35
2015-05-23-06:00,41
2015-05-23-09:00,44
2015-05-23-12:00,43
2015-05-23-15:00,37
2015-05-23-18:00,35
2015-05-23-21:00,32
2015-05-24-00:00,28
2015-05-24-03:00,34
2015-05-24-06:00,41
2015-05-24-09:00,43
2015-05-24-12:00,41
2015-05-24-15:00,36
2015-05-24-18:00,33
2015-05-24-21:00,32
2015-05-25-00:00,29
2015-05-25-03:00,35
2015-05-25-06:00,41
2015-05-25-09:00,45
2015-05-25-12:00,43
2015-05-25-15:00,40
2015-05-25-18:00,35
2015-05-25-21:00,34
2015-05-26-00:00,29
2015-05-26-03:00,35
2015-05-26-06:00,41
2015-05-26-09:00,44
2015-05-26-12:00,43
2015-05-26-15:00,36
2015-05-26-18:00,24
2015-05-26-21:00,30
2015-05-27-00:00,26
2015-05-27-03:00,31
2015-05-27-06:00,39
2015-05-27-09:00,41
2015-05-27-12:00,41
2015-05-27-15:00,34
2015-05-27-18:00,30
2015-05-27-21:00,28
2015-05-28-00:00,31
2015-05-28-03:00,32
2015-05-28-06:00,38
2015-05-28-09:00,41
2015-05-28-12:00,40
2015-05-28-15:00,35
2015-05-28-18:00,32
2015-05-28-21:00,29
2015-05-29-00:00,30
2015-05-29-03:00,33
2015-05-29-06:00,40
2015-05-29-09:00,41
2015-05-29-12:00,40
2015-05-29-15:00,35
2015-05-29-18:00,32
2015-05-29-21:00,30
2015-05-30-00:00,21
2015-05-30-03:00,33
2015-05-30-06:00,25
2015-05-30-09:00,42
2015-05-30-12:00,41
2015-05-30-15:00,35
2015-05-30-18:00,31
2015-05-30-21:00,30
2015-05-31-00:00,32
2015-05-31-03:00,35
2015-05-31-06:00,41
2015-05-31-09:00,39
2015-05-31-12:00,30
2015-05-31-15:00,34
2015-05-31-18:00,31
2015-05-31-21:00,32
2015-06-01-00:00,27
2015-06-01-03:00,31
2015-06-01-06:00,30
2015-06-01-09:00,34
2015-06-01-12:00,34
2015-06-01-15:00,23
2015-06-01-18:00,27
2015-06-01-21:00,29
2015-06-02-00:00,28
2015-06-02-03:00,30
2015-06-02-06:00,37
2015-06-02-09:00,39
2015-06-02-12:00,36
2015-06-02-15:00,29
2015-06-02-18:00,26
2015-06-02-21:00,28
2015-06-03-00:00,26
2015-06-03-03:00,28
2015-06-03-06:00,31
2015-06-03-09:00,31
2015-06-03-12:00,31
2015-06-03-15:00,29
2015-06-03-18:00,27
2015-06-03-21:00,26
2015-06-04-00:00,25
2015-06-04-03:00,29
2015-06-04-06:00,33
2015-06-04-09:00,37
2015-06-04-12:00,38
2015-06-04-15:00,33
2015-06-04-18:00,31
2015-06-04-21:00,29
2015-06-05-00:00,27
2015-06-05-03:00,30
2015-06-05-06:00,35
2015-06-05-09:00,38
2015-06-05-12:00,38
2015-06-05-15:00,33
2015-06-05-18:00,31
2015-06-05-21:00,29
2015-06-06-00:00,27
2015-06-06-03:00,32
2015-06-06-06:00,37
2015-06-06-09:00,39
2015-06-06-12:00,39
2015-06-06-15:00,34
2015-06-06-18:00,30
2015-06-06-21:00,29
2015-06-07-00:00,27
2015-06-07-03:00,33
2015-06-07-06:00,40
2015-06-07-09:00,42
2015-06-07-12:00,41
2015-06-07-15:00,35
2015-06-07-18:00,32
2015-06-07-21:00,30
2015-06-08-00:00,29
2015-06-08-03:00,35
2015-06-08-06:00,42
2015-06-08-09:00,42
2015-06-08-12:00,42
2015-06-08-15:00,36
2015-06-08-18:00,34
2015-06-08-21:00,32
2015-06-09-00:00,33
2015-06-09-03:00,37
2015-06-09-06:00,39
2015-06-09-09:00,42
2015-06-09-12:00,41
2015-06-09-15:00,38
2015-06-09-18:00,36
2015-06-09-21:00,35
2015-06-10-00:00,33
2015-06-10-03:00,35
2015-06-10-06:00,39
2015-06-10-09:00,41
2015-06-10-12:00,40
2015-06-10-15:00,36
2015-06-10-18:00,35
2015-06-10-21:00,34
2015-06-11-00:00,31
2015-06-11-03:00,34
2015-06-11-06:00,37
2015-06-11-09:00,40
2015-06-11-12:00,40
2015-06-11-15:00,37
2015-06-11-18:00,34
2015-06-11-21:00,32
2015-06-12-00:00,31
2015-06-12-03:00,32
2015-06-12-06:00,39
2015-06-12-09:00,40
2015-06-12-12:00,41
2015-06-12-15:00,36
2015-06-12-18:00,35
2015-06-12-21:00,33
2015-06-13-00:00,34
2015-06-13-03:00,30
2015-06-13-06:00,35
2015-06-13-09:00,39
2015-06-13-12:00,26
2015-06-13-15:00,29
2015-06-13-18:00,28
2015-06-13-21:00,28
2015-06-14-00:00,22
2015-06-14-03:00,23
2015-06-14-06:00,26
2015-06-14-09:00,29
2015-06-14-12:00,32
2015-06-14-15:00,29
2015-06-14-18:00,28
2015-06-14-21:00,27
2015-06-15-00:00,27
2015-06-15-03:00,28
2015-06-15-06:00,32
2015-06-15-09:00,35
2015-06-15-12:00,35
2015-06-15-15:00,32
2015-06-15-18:00,30
2015-06-15-21:00,29
2015-06-16-00:00,28
2015-06-16-03:00,31
2015-06-16-06:00,36
2015-06-16-09:00,39
2015-06-16-12:00,34
2015-06-16-15:00,32
2015-06-16-18:00,30
2015-06-16-21:00,29
2015-06-17-00:00,28
2015-06-17-03:00,31
2015-06-17-06:00,37
2015-06-17-09:00,39
2015-06-17-12:00,39
2015-06-17-15:00,35
2015-06-17-18:00,32
2015-06-17-21:00,30
2015-06-18-00:00,29
2015-06-18-03:00,34
2015-06-18-06:00,39
2015-06-18-09:00,40
2015-06-18-12:00,40
2015-06-18-15:00,35
2015-06-18-18:00,33
2015-06-18-21:00,31
2015-06-19-00:00,30
2015-06-19-03:00,34
2015-06-19-06:00,39
2015-06-19-09:00,42
2015-06-19-12:00,40
2015-06-19-15:00,35
2015-06-19-18:00,34
2015-06-19-21:00,33
2015-06-20-00:00,32
2015-06-20-03:00,29
2015-06-20-06:00,34
2015-06-20-09:00,38
2015-06-20-12:00,37
2015-06-20-15:00,33
2015-06-20-18:00,32
2015-06-20-21:00,30
2015-06-21-00:00,30
2015-06-21-03:00,31
2015-06-21-06:00,25
2015-06-21-09:00,34
2015-06-21-12:00,33
2015-06-21-15:00,31
2015-06-21-18:00,30
2015-06-21-21:00,29
2015-06-22-00:00,29
2015-06-22-03:00,32
2015-06-22-06:00,37
2015-06-22-09:00,32
2015-06-22-12:00,33
2015-06-22-15:00,33
2015-06-22-18:00,31
2015-06-22-21:00,30
2015-06-23-00:00,29
2015-06-23-03:00,31
2015-06-23-06:00,38
2015-06-23-09:00,39
2015-06-23-12:00,30
2015-06-23-15:00,28
2015-06-23-18:00,29
2015-06-23-21:00,28
2015-06-24-00:00,27
2015-06-24-03:00,30
2015-06-24-06:00,34
2015-06-24-09:00,35
2015-06-24-12:00,34
2015-06-24-15:00,29
2015-06-24-18:00,25
2015-06-24-21:00,24
2015-06-25-00:00,24
2015-06-25-03:00,25
2015-06-25-06:00,26
2015-06-25-09:00,28
2015-06-25-12:00,30
2015-06-25-15:00,28
2015-06-25-18:00,26
2015-06-25-21:00,26
2015-06-26-00:00,25
2015-06-26-03:00,30
2015-06-26-06:00,33
2015-06-26-09:00,36
2015-06-26-12:00,35
2015-06-26-15:00,32
2015-06-26-18:00,29
2015-06-26-21:00,29
2015-06-27-00:00,29
2015-06-27-03:00,31
2015-06-27-06:00,36
2015-06-27-09:00,37
2015-06-27-12:00,37
2015-06-27-15:00,32
2015-06-27-18:00,30
2015-06-27-21:00,29
2015-06-28-00:00,28
2015-06-28-03:00,32
2015-06-28-06:00,37
2015-06-28-09:00,38
2015-06-28-12:00,39
2015-06-28-15:00,35
2015-06-28-18:00,33
2015-06-28-21:00,32
2015-06-29-00:00,30
2015-06-29-03:00,27
2015-06-29-06:00,34
2015-06-29-09:00,35
2015-06-29-12:00,34
2015-06-29-15:00,31
2015-06-29-18:00,30
2015-06-29-21:00,28
2015-06-30-00:00,27
2015-06-30-03:00,29
2015-06-30-06:00,33
2015-06-30-09:00,36
2015-06-30-12:00,34
2015-06-30-15:00,31
2015-06-30-18:00,29
2015-06-30-21:00,28
2015-07-01-00:00,27
2015-07-01-03:00,29
2015-07-01-06:00,36
2015-07-01-09:00,37
2015-07-01-12:00,36
2015-07-01-15:00,32
2015-07-01-18:00,30
2015-07-01-21:00,29
2015-07-02-00:00,29
2015-07-02-03:00,31
2015-07-02-06:00,35
2015-07-02-09:00,37
2015-07-02-12:00,38
2015-07-02-15:00,35
2015-07-02-18:00,33
2015-07-02-21:00,32
2015-07-03-00:00,30
2015-07-03-03:00,32
2015-07-03-06:00,37
2015-07-03-09:00,39
2015-07-03-12:00,39
2015-07-03-15:00,30
2015-07-03-18:00,29
2015-07-03-21:00,28
2015-07-04-00:00,28
2015-07-04-03:00,32
2015-07-04-06:00,36
2015-07-04-09:00,38
2015-07-04-12:00,37
2015-07-04-15:00,35
2015-07-04-18:00,34
2015-07-04-21:00,33
2015-07-05-03:00,33
2015-07-05-06:00,37
2015-07-05-09:00,38
2015-07-05-12:00,37
2015-07-05-15:00,36
2015-07-05-18:00,35
2015-07-05-21:00,34
2015-07-06-00:00,32
2015-07-06-03:00,28
2015-07-06-06:00,26
2015-07-06-09:00,29
2015-07-06-12:00,28
2015-07-06-15:00,27
2015-07-06-18:00,27
2015-07-06-21:00,26
2015-07-07-00:00,26
2015-07-07-03:00,27
2015-07-07-06:00,31
2015-07-07-09:00,34
2015-07-07-12:00,26
2015-07-07-15:00,27
2015-07-07-18:00,27
2015-07-07-21:00,27
2015-07-08-00:00,27
2015-07-08-03:00,29
2015-07-08-06:00,33
2015-07-08-09:00,34
2015-07-08-12:00,35
2015-07-08-15:00,31
2015-07-08-18:00,31
2015-07-08-21:00,30
2015-07-09-00:00,29
2015-07-09-03:00,27
2015-07-09-06:00,29
2015-07-09-09:00,33
2015-07-09-12:00,32
2015-07-09-15:00,30
2015-07-09-18:00,29
2015-07-09-21:00,28
2015-07-10-00:00,26
2015-07-10-03:00,27
2015-07-10-06:00,27
2015-07-10-09:00,28
2015-07-10-12:00,27
2015-07-10-15:00,26
2015-07-10-18:00,26
2015-07-10-21:00,26
2015-07-11-00:00,26
2015-07-11-03:00,25
2015-07-11-06:00,25
2015-07-11-09:00,26
2015-07-11-12:00,26
2015-07-11-15:00,26
2015-07-11-18:00,25
2015-07-11-21:00,25
2015-07-12-00:00,25
2015-07-12-03:00,25
2015-07-12-06:00,26
2015-07-12-09:00,26
2015-07-12-12:00,26
2015-07-12-15:00,26
2015-07-12-18:00,25
2015-07-12-21:00,25
2015-07-13-00:00,25
2015-07-13-03:00,28
2015-07-13-06:00,32
2015-07-13-09:00,33
2015-07-13-12:00,33
2015-07-13-15:00,31
2015-07-13-18:00,29
2015-07-13-21:00,28
2015-07-14-00:00,28
2015-07-14-03:00,29
2015-07-14-06:00,33
2015-07-14-09:00,35
2015-07-14-12:00,35
2015-07-14-15:00,30
2015-07-14-18:00,29
2015-07-14-21:00,28
2015-07-15-00:00,29
2015-07-15-03:00,31
2015-07-15-06:00,35
2015-07-15-09:00,37
2015-07-15-12:00,37
2015-07-15-15:00,34
2015-07-15-18:00,33
2015-07-15-21:00,31
2015-07-16-00:00,31
2015-07-16-03:00,31
2015-07-16-06:00,35
2015-07-16-09:00,36
2015-07-16-12:00,33
2015-07-16-15:00,30
2015-07-16-18:00,29
2015-07-16-21:00,29
2015-07-17-00:00,29
2015-07-17-03:00,29
2015-07-17-06:00,33
2015-07-17-09:00,33
2015-07-17-12:00,31
2015-07-17-15:00,31
2015-07-17-18:00,30
2015-07-17-21:00,30
2015-07-18-00:00,29
2015-07-18-03:00,31
2015-07-18-06:00,32
2015-07-18-09:00,30
2015-07-18-12:00,30
2015-07-18-15:00,29
2015-07-18-18:00,28
2015-07-18-21:00,27
2015-07-19-00:00,28
2015-07-19-03:00,30
2015-07-19-06:00,28
2015-07-19-09:00,31
2015-07-19-12:00,34
2015-07-19-15:00,32
2015-07-19-18:00,29
2015-07-19-21:00,29
2015-07-20-00:00,28
2015-07-20-03:00,26
2015-07-20-06:00,27
2015-07-20-09:00,32
2015-07-20-12:00,33
2015-07-20-15:00,30
2015-07-20-18:00,29
2015-07-20-21:00,28
2015-07-21-00:00,27
2015-07-21-03:00,30
2015-07-21-06:00,35
2015-07-21-09:00,35
2015-07-21-12:00,33
2015-07-21-15:00,31
2015-07-21-18:00,30
2015-07-21-21:00,30
2015-07-22-00:00,29
2015-07-22-03:00,31
2015-07-22-06:00,34
2015-07-22-09:00,36
2015-07-22-12:00,36
2015-07-22-15:00,31
2015-07-22-18:00,31
2015-07-22-21:00,30
2015-07-23-00:00,29
2015-07-23-03:00,31
2015-07-23-06:00,34
2015-07-23-09:00,35
2015-07-23-12:00,35
2015-07-23-15:00,32
2015-07-23-18:00,31
2015-07-23-21:00,30
2015-07-24-00:00,29
2015-07-24-03:00,30
2015-07-24-06:00,34
2015-07-24-09:00,35
2015-07-24-12:00,35
2015-07-24-15:00,32
2015-07-24-18:00,31
2015-07-24-21:00,30
2015-07-25-00:00,29
2015-07-25-03:00,31
2015-07-25-06:00,34
2015-07-25-09:00,36
2015-07-25-12:00,32.5
2015-07-25-15:00,29
2015-07-25-18:00,29
2015-07-25-21:00,28
2015-07-26-00:00,28
2015-07-26-03:00,30
2015-07-26-06:00,33
2015-07-26-09:00,33
2015-07-26-12:00,31
2015-07-26-15:00,29
2015-07-26-18:00,29
2015-07-26-21:00,27
2015-07-27-00:00,26
2015-07-27-03:00,28
2015-07-27-06:00,33
2015-07-27-09:00,34
2015-07-27-12:00,32
2015-07-27-15:00,29
2015-07-27-18:00,28
2015-07-27-21:00,27
2015-07-28-00:00,26
2015-07-28-03:00,27
2015-07-28-06:00,31
2015-07-28-09:00,33
2015-07-28-12:00,33
2015-07-28-15:00,31
2015-07-28-18:00,28
2015-07-28-21:00,27
2015-07-29-00:00,26
2015-07-29-03:00,28
2015-07-29-06:00,30
2015-07-29-09:00,30
2015-07-29-12:00,30
2015-07-29-15:00,29
2015-07-29-18:00,28
2015-07-29-21:00,27
2015-07-30-00:00,27
2015-07-30-03:00,28
2015-07-30-06:00,31
2015-07-30-09:00,31
2015-07-30-12:00,30
2015-07-30-15:00,30
2015-07-30-18:00,28
2015-07-30-21:00,27
2015-07-31-00:00,27
2015-07-31-03:00,28
2015-07-31-06:00,30
2015-07-31-09:00,30
2015-07-31-12:00,31
2015-07-31-15:00,30
2015-07-31-18:00,28
2015-07-31-21:00,28
2015-08-01-00:00,27
2015-08-01-03:00,28
2015-08-01-06:00,30
2015-08-01-09:00,32
2015-08-01-12:00,31
2015-08-01-15:00,27
2015-08-01-18:00,25
2015-08-01-21:00,26
2015-08-02-00:00,26
2015-08-02-03:00,29
2015-08-02-06:00,31
2015-08-02-09:00,33
2015-08-02-12:00,31
2015-08-02-15:00,30
2015-08-02-18:00,29
2015-08-02-21:00,28
2015-08-03-00:00,27
2015-08-03-03:00,29
2015-08-03-06:00,34
2015-08-03-09:00,35
2015-08-03-12:00,36
2015-08-03-15:00,32
2015-08-03-18:00,30
2015-08-03-21:00,29
2015-08-04-00:00,28
2015-08-04-03:00,30
2015-08-04-09:00,36
2015-08-04-12:00,36
2015-08-04-15:00,32
2015-08-04-18:00,29
2015-08-04-19:30,29
2015-08-04-20:30,28
2015-08-04-21:00,28
2015-08-04-21:30,28
2015-08-04-22:00,27
2015-08-04-22:30,27
2015-08-04-23:00,27
2015-08-04-23:30,27
2015-08-05-00:00,28
2015-08-05-00:30,28
2015-08-05-01:00,28
2015-08-05-01:30,29
2015-08-05-03:00,30
2015-08-05-03:30,30
2015-08-05-04:00,32
2015-08-05-04:30,32
2015-08-05-05:00,32
2015-08-05-05:30,32
2015-08-05-06:00,33
2015-08-05-06:30,33
2015-08-05-07:00,33
2015-08-05-07:30,33
2015-08-05-08:30,34
2015-08-05-09:30,29
2015-08-05-10:00,29
2015-08-05-10:30,29
2015-08-05-11:00,29
2015-08-05-11:30,28
2015-08-05-12:00,28
2015-08-05-12:30,28
2015-08-05-13:00,28
2015-08-05-13:30,28
2015-08-05-14:30,28
2015-08-05-15:00,28
2015-08-05-15:30,28
2015-08-05-16:00,28
2015-08-05-16:30,28
2015-08-05-17:00,28
2015-08-05-18:00,28
2015-08-05-21:00,28
2015-08-06-00:00,27
2015-08-06-03:00,29
2015-08-06-06:00,33
2015-08-06-09:00,30
2015-08-06-12:00,31
2015-08-06-15:00,29
2015-08-06-18:00,29
2015-08-06-21:00,28
2015-08-07-00:00,28
2015-08-07-03:00,29
2015-08-07-06:00,33
2015-08-07-09:00,34
2015-08-07-12:00,29
2015-08-07-15:00,27
2015-08-07-18:00,27
2015-08-07-21:00,27
2015-08-08-00:00,27
2015-08-08-03:00,28
2015-08-08-06:00,30
2015-08-08-09:00,31
2015-08-08-12:00,30
2015-08-08-15:00,29
2015-08-08-18:00,28
2015-08-08-21:00,28
2015-08-09-00:00,27
2015-08-09-03:00,26
2015-08-09-06:00,26
2015-08-09-09:00,28
2015-08-09-12:00,29
2015-08-09-15:00,28
2015-08-09-18:00,28
2015-08-09-21:00,27
2015-08-10-00:00,27
2015-08-10-03:00,29
2015-08-10-06:00,31
2015-08-10-09:00,34
2015-08-10-12:00,34
2015-08-10-15:00,30
2015-08-10-18:00,29
2015-08-10-21:00,29
2015-08-11-00:00,28
2015-08-11-03:00,30
2015-08-11-06:00,32
2015-08-11-09:00,29
2015-08-11-12:00,28
2015-08-11-15:00,27
2015-08-11-18:00,27
2015-08-11-21:00,26
2015-08-12-00:00,27
2015-08-12-03:00,28
2015-08-12-06:00,32
2015-08-12-09:00,34
2015-08-12-12:00,35
2015-08-12-15:00,31
2015-08-12-18:00,30
2015-08-12-21:00,29
2015-08-13-00:00,28
2015-08-13-03:00,31
2015-08-13-06:00,34
2015-08-13-09:00,35
2015-08-13-12:00,35
2015-08-13-15:00,32
2015-08-13-18:00,31
2015-08-13-21:00,30
2015-08-14-00:00,29
2015-08-14-03:00,31
2015-08-14-06:00,31
2015-08-14-09:00,33
2015-08-14-12:00,33
2015-08-14-15:00,31
2015-08-14-18:00,30
2015-08-14-21:00,29
2015-08-15-00:00,29
2015-08-15-03:00,30
2015-08-15-06:00,33
2015-08-15-09:00,29
2015-08-15-12:00,27
2015-08-15-15:00,27
2015-08-15-18:00,26
2015-08-15-21:00,27
2015-08-16-00:00,26
2015-08-16-03:00,27
2015-08-16-06:00,31
2015-08-16-09:00,33
2015-08-16-12:00,28
2015-08-16-15:00,28
2015-08-16-18:00,28
2015-08-16-21:00,28
2015-08-17-00:00,27
2015-08-17-03:00,29
2015-08-17-06:00,32
2015-08-17-09:00,34
2015-08-17-12:00,35
2015-08-17-15:00,32
2015-08-17-18:00,29
2015-08-17-21:00,28
2015-08-18-00:00,28
2015-08-18-03:00,29
2015-08-18-06:00,32
2015-08-18-09:00,34
2015-08-18-12:00,29
2015-08-18-15:00,27
2015-08-18-18:00,27
2015-08-18-21:00,27
2015-08-19-00:00,27
2015-08-19-03:00,29
2015-08-19-06:00,33
2015-08-19-09:00,35
2015-08-19-12:00,35
2015-08-19-15:00,32
2015-08-19-18:00,30
2015-08-19-21:00,29
2015-08-20-00:00,29
2015-08-20-03:00,29
2015-08-20-06:00,32
2015-08-20-09:00,34
2015-08-20-12:00,34
2015-08-20-15:00,31
2015-08-20-18:00,29
2015-08-20-21:00,28
2015-08-21-00:00,28
2015-08-21-03:00,29
2015-08-21-06:00,32
2015-08-21-09:00,33
2015-08-21-12:00,28
2015-08-21-15:00,29
2015-08-21-18:00,28
2015-08-21-21:00,28
2015-08-22-00:00,27
2015-08-22-03:00,29
2015-08-22-06:00,32
2015-08-22-09:00,33
2015-08-22-12:00,33
2015-08-22-15:00,30
2015-08-22-18:00,29
2015-08-22-21:00,29
2015-08-23-00:00,28
2015-08-23-03:00,27
2015-08-23-06:00,32
2015-08-23-09:00,34
2015-08-23-12:00,34
2015-08-23-15:00,32
2015-08-23-18:00,27
2015-08-23-21:00,25
2015-08-24-00:00,25
2015-08-24-03:00,28
2015-08-24-06:00,33
2015-08-24-09:00,35
2015-08-24-12:00,34
2015-08-24-15:00,31
2015-08-24-18:00,30
2015-08-24-21:00,30
2015-08-25-00:00,28
2015-08-25-03:00,29
2015-08-25-06:00,34
2015-08-25-09:00,35
2015-08-25-12:00,35
2015-08-25-15:00,32
2015-08-25-18:00,31
2015-08-26-00:00,29
2015-08-26-03:00,29
2015-08-26-06:00,34
2015-08-26-09:00,36
2015-08-26-12:00,35
2015-08-26-15:00,32
2015-08-26-18:00,31
2015-08-26-21:00,30
2015-08-27-00:00,29
2015-08-27-03:00,30
2015-08-27-06:00,34
2015-08-27-09:00,37
2015-08-27-12:00,36
2015-08-27-15:00,33
2015-08-27-18:00,31
2015-08-27-21:00,30
2015-08-28-00:00,29
2015-08-28-03:00,30
2015-08-28-06:00,34
2015-08-28-09:00,36
2015-08-28-12:00,35
2015-08-28-15:00,32
2015-08-28-18:00,31
2015-08-28-21:00,29
2015-08-29-00:00,28
2015-08-29-03:00,30
2015-08-29-06:00,34
2015-08-29-09:00,36
2015-08-29-12:00,35
2015-08-29-15:00,33
2015-08-29-18:00,32
2015-08-29-21:00,30
2015-08-30-00:00,30
2015-08-30-03:00,31
2015-08-30-06:00,34
2015-08-30-09:00,36
2015-08-30-12:00,35
2015-08-30-15:00,33
2015-08-30-18:00,31
2015-08-30-21:00,31
2015-08-31-00:00,29
2015-08-31-03:00,30
2015-08-31-09:00,36
2015-08-31-12:00,35
2015-08-31-15:00,32
2015-08-31-18:00,31
2015-08-31-21:00,30
2015-09-01-00:00,29
2015-09-01-03:00,29
2015-09-01-06:00,34
2015-09-01-09:00,36
2015-09-01-12:00,35
2015-09-01-15:00,33
2015-09-01-18:00,31
2015-09-01-21:00,30
2015-09-02-00:00,28
2015-09-02-03:00,29
2015-09-02-06:00,34
2015-09-02-09:00,36
2015-09-02-12:00,35
2015-09-02-15:00,32
2015-09-02-18:00,31
2015-09-02-21:00,30
2015-09-03-00:00,28
2015-09-03-03:00,29
2015-09-03-06:00,34
2015-09-03-09:00,36
2015-09-03-12:00,35
2015-09-03-15:00,32
2015-09-03-18:00,30
2015-09-03-21:00,29
2015-09-04-00:00,28
2015-09-04-03:00,29
2015-09-04-06:00,35
2015-09-04-09:00,37
2015-09-04-12:00,36
2015-09-04-15:00,33
2015-09-04-18:00,29
2015-09-04-21:00,29
2015-09-05-00:00,27
2015-09-05-03:00,27
2015-09-05-06:00,35
2015-09-05-09:00,36
2015-09-05-12:00,35
2015-09-05-15:00,31
2015-09-05-18:00,29
2015-09-05-21:00,27
2015-09-06-00:00,26
2015-09-06-03:00,29
2015-09-06-06:00,35
2015-09-06-09:00,36
2015-09-06-12:00,35
2015-09-06-15:00,32
2015-09-06-18:00,29
2015-09-06-21:00,28
2015-09-07-00:00,27
2015-09-07-03:00,29
2015-09-07-06:00,35
2015-09-07-09:00,37
2015-09-07-12:00,36
2015-09-07-15:00,31
2015-09-07-18:00,29
2015-09-07-21:00,28
2015-09-08-00:00,27
2015-09-08-03:00,29
2015-09-08-06:00,35
2015-09-08-09:00,36
2015-09-08-12:00,35
2015-09-08-15:00,32
2015-09-08-18:00,30
2015-09-08-21:00,29
2015-09-09-00:00,28
2015-09-09-03:00,28
2015-09-09-06:00,36
2015-09-09-09:00,36
2015-09-09-12:00,35
2015-09-09-15:00,31
2015-09-09-18:00,28
2015-09-09-21:00,26
2015-09-10-00:00,26
2015-09-10-03:00,29
2015-09-10-06:00,35
2015-09-10-09:00,37
2015-09-10-12:00,36
2015-09-10-15:00,32
2015-09-10-18:00,29
2015-09-10-21:00,26
2015-09-11-00:00,26
2015-09-11-03:00,29
2015-09-11-06:00,34
2015-09-11-09:00,36
2015-09-11-12:00,34
2015-09-11-15:00,31
2015-09-11-18:00,29
2015-09-11-21:00,27
2015-09-12-00:00,26
2015-09-12-03:00,29
2015-09-12-06:00,35
2015-09-12-09:00,37
2015-09-12-12:00,36
2015-09-12-15:00,32
2015-09-12-18:00,30
2015-09-13-00:00,28
2015-09-13-03:00,29
2015-09-13-06:00,35
2015-09-13-09:00,38
2015-09-13-12:00,36
2015-09-13-15:00,32
2015-09-13-18:00,30
2015-09-13-21:00,29
2015-09-14-00:00,28
2015-09-14-03:00,30
2015-09-14-06:00,34
2015-09-14-09:00,37
2015-09-14-12:00,36
2015-09-14-15:00,31
2015-09-14-18:00,30
2015-09-14-21:00,29
2015-09-15-00:00,28
2015-09-15-03:00,30
2015-09-15-06:00,35
2015-09-15-09:00,38
2015-09-15-12:00,37
2015-09-15-15:00,33
2015-09-15-18:00,32
2015-09-15-21:00,31
2015-09-16-00:00,29
2015-09-16-03:00,30
2015-09-16-06:00,35
2015-09-16-09:00,37
2015-09-16-12:00,36
2015-09-16-15:00,33
2015-09-16-18:00,30
2015-09-16-21:00,29
2015-09-17-00:00,27
2015-09-17-03:00,29
2015-09-17-06:00,34
2015-09-17-09:00,35
2015-09-17-12:00,35
2015-09-17-15:00,32
2015-09-17-18:00,30
2015-09-17-21:00,29
2015-09-18-00:00,29
2015-09-18-03:00,30
2015-09-18-06:00,34
2015-09-18-09:00,35
2015-09-18-12:00,33
2015-09-18-15:00,31
2015-09-18-18:00,29
2015-09-18-21:00,27
2015-09-19-00:00,27
2015-09-19-03:00,27
2015-09-19-06:00,33
2015-09-19-09:00,35
2015-09-19-12:00,34
2015-09-19-15:00,30
2015-09-19-18:00,30
2015-09-19-21:00,29
2015-09-20-00:00,28
2015-09-20-03:00,30
2015-09-20-06:00,34
2015-09-20-12:00,30
2015-09-20-15:00,28
2015-09-20-18:00,27
2015-09-20-21:00,27
2015-09-21-00:00,27
2015-09-21-03:00,28
2015-09-21-06:00,33
2015-09-21-09:00,35
2015-09-21-12:00,33
2015-09-21-15:00,29
2015-09-21-18:00,28
2015-09-21-21:00,28
2015-09-22-00:00,27
2015-09-22-03:00,28
2015-09-22-06:00,34
2015-09-22-09:00,35
2015-09-22-12:00,34
2015-09-22-15:00,29
2015-09-22-18:00,28
2015-09-22-21:00,27
2015-09-23-00:00,26
2015-09-23-03:00,26
2015-09-23-06:00,30
2015-09-23-09:00,32
2015-09-23-12:00,31
2015-09-23-15:00,29
2015-09-23-18:00,28
2015-09-23-21:00,27
2015-09-24-00:00,26
2015-09-24-03:00,27
2015-09-24-06:00,31
2015-09-24-09:00,33
2015-09-24-12:00,32
2015-09-24-15:00,27
2015-09-24-18:00,25
2015-09-24-21:00,25
2015-09-25-00:00,24
2015-09-25-03:00,26
2015-09-25-06:00,32
2015-09-25-09:00,34
2015-09-25-12:00,33
2015-09-25-15:00,28
2015-09-25-18:00,26
2015-09-25-21:00,25
2015-09-26-00:00,24
2015-09-26-03:00,27
2015-09-26-06:00,32
2015-09-26-09:00,35
2015-09-26-12:00,33
2015-09-26-15:00,30
2015-09-26-18:00,27
2015-09-26-21:00,26
2015-09-27-00:00,26
2015-09-27-03:00,28
2015-09-27-06:00,33
2015-09-27-12:00,32
2015-09-27-15:00,29
2015-09-27-18:00,27
2015-09-27-21:00,26
2015-09-28-00:00,24
2015-09-28-03:00,26
2015-09-28-06:00,32
2015-09-28-09:00,34
2015-09-28-12:00,33
2015-09-28-15:00,28
2015-09-28-18:00,25
2015-09-28-21:00,24
2015-09-29-00:00,23
2015-09-29-03:00,25
2015-09-29-06:00,32
2015-09-29-09:00,34
2015-09-29-12:00,33
2015-09-29-15:00,29
2015-09-29-18:00,27
2015-09-30-00:00,24
2015-09-30-03:00,26
2015-09-30-06:00,33
2015-09-30-09:00,35
2015-09-30-12:00,33
2015-09-30-15:00,29
2015-09-30-18:00,27
2015-09-30-21:00,25
2015-10-01-00:00,23
2015-10-01-03:00,25
2015-10-01-06:00,32
2015-10-01-09:00,35
2015-10-01-12:00,34
2015-10-01-15:00,27
2015-10-01-18:00,25
2015-10-01-21:00,24
2015-10-02-00:00,22
2015-10-02-03:00,25
2015-10-02-06:00,32
2015-10-02-09:00,35
2015-10-02-12:00,34
2015-10-02-15:00,27
2015-10-02-18:00,25
2015-10-02-21:00,23
2015-10-03-00:00,23
2015-10-03-03:00,28
2015-10-03-06:00,33
2015-10-03-09:00,36
2015-10-03-12:00,34
2015-10-03-15:00,28
2015-10-03-18:00,26
2015-10-04-00:00,23
2015-10-04-03:00,26
2015-10-04-06:00,34
2015-10-04-09:00,37
2015-10-04-12:00,34
2015-10-04-15:00,28
2015-10-04-18:00,25
2015-10-04-21:00,25
2015-10-05-00:00,22
2015-10-05-03:00,26
2015-10-05-06:00,34
2015-10-05-09:00,36
2015-10-05-12:00,34
2015-10-05-15:00,28
2015-10-05-18:00,26
2015-10-05-21:00,25
2015-10-06-00:00,24
2015-10-06-03:00,26
2015-10-06-06:00,33
2015-10-06-09:00,35
2015-10-06-12:00,33
2015-10-06-15:00,27
2015-10-06-18:00,25
2015-10-06-21:00,24
2015-10-07-00:00,23
2015-10-07-03:00,26
2015-10-07-06:00,33
2015-10-07-09:00,34
2015-10-07-12:00,32
2015-10-07-15:00,29
2015-10-07-18:00,27
2015-10-07-21:00,25
2015-10-08-00:00,24
2015-10-08-03:00,26
2015-10-08-06:00,33
2015-10-08-09:00,35
2015-10-08-12:00,33
2015-10-08-15:00,27
2015-10-08-18:00,25
2015-10-08-21:00,24
2015-10-09-00:00,23
2015-10-09-03:00,26
2015-10-09-06:00,33
2015-10-09-09:00,36
2015-10-09-12:00,34
2015-10-09-15:00,27
2015-10-09-18:00,25
2015-10-09-21:00,24
2015-10-10-00:00,21
2015-10-10-03:00,26
2015-10-10-06:00,34
2015-10-10-09:00,36
2015-10-10-12:00,35
2015-10-10-15:00,28
2015-10-10-18:00,25
2015-10-10-21:00,23
2015-10-11-00:00,22
2015-10-11-03:00,27
2015-10-11-06:00,33
2015-10-11-09:00,36
2015-10-11-12:00,34
2015-10-11-18:00,25
2015-10-11-21:00,23
2015-10-12-00:00,22
2015-10-12-03:00,25
2015-10-12-06:00,33
2015-10-12-09:00,35
2015-10-12-12:00,34
2015-10-12-15:00,30
2015-10-12-18:00,28
2015-10-12-21:00,27
2015-10-13-00:00,25
2015-10-13-03:00,27
2015-10-13-06:00,32
2015-10-13-09:00,34
2015-10-13-12:00,33
2015-10-13-15:00,30
2015-10-13-18:00,28
2015-10-13-21:00,27
2015-10-14-00:00,26
2015-10-14-03:00,27
2015-10-14-06:00,32
2015-10-14-09:00,35
2015-10-14-12:00,33
2015-10-14-15:00,25
2015-10-14-18:00,24
2015-10-14-21:00,23
2015-10-15-00:00,22
2015-10-15-03:00,25
2015-10-15-06:00,32
2015-10-15-09:00,34
2015-10-15-12:00,32
2015-10-15-15:00,27
2015-10-15-18:00,25
2015-10-15-21:00,23
2015-10-16-00:00,22
2015-10-16-03:00,24
2015-10-16-06:00,33
2015-10-16-09:00,35
2015-10-16-12:00,32
2015-10-16-15:00,28
2015-10-16-18:00,25
2015-10-16-21:00,24
2015-10-17-00:00,23
2015-10-17-03:00,25
2015-10-17-06:00,33
2015-10-17-09:00,34
2015-10-17-12:00,32
2015-10-17-15:00,28
2015-10-17-18:00,25
2015-10-17-21:00,24
2015-10-18-00:00,23
2015-10-18-03:00,24
2015-10-18-06:00,33
2015-10-18-09:00,32.5
2015-10-18-12:00,32
2015-10-18-15:00,27
2015-10-18-18:00,25
2015-10-18-21:00,24
2015-10-19-00:00,23
2015-10-19-03:00,24
2015-10-19-06:00,33
2015-10-19-09:00,35
2015-10-19-12:00,33
2015-10-19-18:00,25
2015-10-19-21:00,24
2015-10-20-00:00,23
2015-10-20-03:00,25
2015-10-20-06:00,34
2015-10-20-12:00,34
2015-10-20-15:00,29
2015-10-20-18:00,25
2015-10-20-21:00,24
2015-10-21-00:00,22
2015-10-21-03:00,24
2015-10-21-06:00,31
2015-10-21-09:00,33
2015-10-21-12:00,32
2015-10-21-15:00,27
2015-10-21-18:00,22
2015-10-21-21:00,21
2015-10-22-00:00,19
2015-10-22-03:00,23
2015-10-22-06:00,30
2015-10-22-09:00,33
2015-10-22-12:00,31
2015-10-22-15:00,23
2015-10-22-18:00,20
2015-10-22-21:00,19
2015-10-23-00:00,18
2015-10-23-03:00,21
2015-10-23-06:00,30
2015-10-23-09:00,32
2015-10-23-12:00,29
2015-10-23-15:00,23
2015-10-23-18:00,20
2015-10-23-21:00,19
2015-10-24-00:00,19
2015-10-24-03:00,22
2015-10-24-06:00,30
2015-10-24-09:00,34
2015-10-24-12:00,31
2015-10-24-15:00,24
2015-10-24-18:00,20
2015-10-24-21:00,19
2015-10-25-00:00,19
2015-10-25-03:00,22
2015-10-25-06:00,31
2015-10-25-09:00,34
2015-10-25-12:00,30
2015-10-25-15:00,26
2015-10-25-18:00,25
2015-10-25-21:00,24
2015-10-26-00:00,22
2015-10-26-03:00,22
2015-10-26-06:00,30
2015-10-26-09:00,33
2015-10-26-12:00,31
2015-10-26-15:00,24
2015-10-26-18:00,22
2015-10-26-21:00,21
2015-10-27-00:00,20
2015-10-27-03:00,22
2015-10-27-06:00,30
2015-10-27-09:00,31
2015-10-27-12:00,28
2015-10-27-15:00,24
2015-10-27-18:00,23
2015-10-27-21:00,20
2015-10-28-00:00,18
2015-10-28-03:00,21
2015-10-28-06:00,26
2015-10-28-09:00,24
2015-10-28-12:00,22
2015-10-28-15:00,20
2015-10-28-18:00,18
2015-10-28-21:00,18
2015-10-29-00:00,16
2015-10-29-03:00,18
2015-10-29-06:00,25
2015-10-29-09:00,29
2015-10-29-12:00,26
2015-10-29-15:00,22
2015-10-29-18:00,21
2015-10-29-21:00,20
2015-10-30-00:00,17
2015-10-30-03:00,19
2015-10-30-06:00,26
2015-10-30-09:00,29
2015-10-30-12:00,28
2015-10-30-15:00,22
2015-10-30-18:00,20
2015-10-30-21:00,18
2015-10-31-00:00,18
2015-10-31-03:00,19
2015-10-31-06:00,26
2015-10-31-09:00,29
2015-10-31-12:00,27
2015-10-31-15:00,22
2015-10-31-18:00,20
2015-10-31-21:00,18
2015-11-01-00:00,17
2015-11-01-03:00,19
2015-11-01-06:00,29
2015-11-01-09:00,30
2015-11-01-12:00,28
2015-11-01-15:00,23
2015-11-01-18:00,18
2015-11-01-21:00,19
2015-11-02-00:00,18
2015-11-02-03:00,19
2015-11-02-06:00,28
2015-11-02-09:00,31
2015-11-02-12:00,28
2015-11-02-15:00,23
2015-11-02-18:00,21
2015-11-02-21:00,19
2015-11-03-00:00,20
2015-11-03-03:00,22
2015-11-03-06:00,29
2015-11-03-09:00,30
2015-11-03-12:00,28
2015-11-03-15:00,23
2015-11-03-18:00,21
2015-11-03-21:00,19
2015-11-04-00:00,18
2015-11-04-03:00,19
2015-11-04-06:00,29
2015-11-04-09:00,31
2015-11-04-12:00,28
2015-11-04-15:00,23
2015-11-04-18:00,21
2015-11-04-21:00,21
2015-11-05-00:00,21
2015-11-05-03:00,21
2015-11-05-06:00,21
2015-11-05-09:00,26
2015-11-05-12:00,26
2015-11-05-15:00,22
2015-11-05-18:00,20
2015-11-05-21:00,20
2015-11-06-00:00,17
2015-11-06-03:00,19
2015-11-06-06:00,28
2015-11-06-09:00,30
2015-11-06-12:00,26
2015-11-06-15:00,22
2015-11-06-18:00,21
2015-11-06-21:00,20
2015-11-07-00:00,17
2015-11-07-03:00,19
2015-11-07-06:00,26
2015-11-07-09:00,27
2015-11-07-12:00,25
2015-11-07-15:00,22
2015-11-07-18:00,20
2015-11-07-21:00,19
2015-11-08-00:00,19
2015-11-08-03:00,20
2015-11-08-06:00,26
2015-11-08-09:00,28
2015-11-08-12:00,25
2015-11-08-15:00,21
2015-11-08-18:00,18
2015-11-08-21:00,18
2015-11-09-00:00,17
2015-11-09-03:00,19
2015-11-09-06:00,26
2015-11-09-09:00,29
2015-11-09-12:00,26
2015-11-09-15:00,21
2015-11-09-18:00,19
2015-11-09-21:00,17
2015-11-10-00:00,17
2015-11-10-03:00,20
2015-11-10-06:00,27
2015-11-10-09:00,29
2015-11-10-12:00,26
2015-11-10-15:00,22
2015-11-10-18:00,21
2015-11-10-21:00,20
2015-11-11-00:00,18
2015-11-11-03:00,19
2015-11-11-06:00,27
2015-11-11-09:00,28
2015-11-11-12:00,26
2015-11-11-15:00,20
2015-11-11-18:00,19
2015-11-11-21:00,18
2015-11-12-00:00,17
2015-11-12-03:00,19
2015-11-12-06:00,26
2015-11-12-09:00,29
2015-11-12-12:00,27
2015-11-12-15:00,21
2015-11-12-18:00,19
2015-11-12-21:00,17
2015-11-13-00:00,17
2015-11-13-03:00,19
2015-11-13-06:00,27
2015-11-13-09:00,29
2015-11-13-12:00,26
2015-11-13-15:00,22
2015-11-13-18:00,20
2015-11-13-21:00,19
2015-11-14-00:00,18
2015-11-14-03:00,20
2015-11-14-06:00,26
2015-11-14-09:00,29
2015-11-14-12:00,27
2015-11-14-15:00,22
2015-11-14-18:00,19
2015-11-14-21:00,18
2015-11-15-00:00,17
2015-11-15-03:00,18
2015-11-15-06:00,28
2015-11-15-09:00,31
2015-11-15-12:00,27
2015-11-15-15:00,21
2015-11-15-18:00,20
2015-11-15-21:00,18
2015-11-16-00:00,17
2015-11-16-03:00,19
2015-11-16-06:00,28
2015-11-16-09:00,29
2015-11-16-12:00,27
2015-11-16-15:00,20
2015-11-16-18:00,17
2015-11-16-21:00,18
2015-11-17-00:00,15
2015-11-17-03:00,19
2015-11-17-06:00,26
2015-11-17-09:00,28
2015-11-17-12:00,25
2015-11-17-15:00,17
2015-11-17-18:00,15
2015-11-17-21:00,14
2015-11-18-00:00,12
2015-11-18-03:00,14
2015-11-18-06:00,25
2015-11-18-09:00,26
2015-11-18-12:00,24
2015-11-18-15:00,18
2015-11-18-18:00,15
2015-11-18-21:00,14
2015-11-19-00:00,12
2015-11-19-03:00,13
2015-11-19-06:00,25
2015-11-19-09:00,27
2015-11-19-12:00,25
2015-11-19-15:00,17
2015-11-19-18:00,15
2015-11-19-21:00,14
2015-11-20-00:00,12
2015-11-20-03:00,14
2015-11-20-06:00,26
2015-11-20-09:00,27
2015-11-20-12:00,23
2015-11-20-15:00,17
2015-11-20-18:00,15
2015-11-20-21:00,14
2015-11-21-00:00,13
2015-11-21-03:00,13
2015-11-21-06:00,25
2015-11-21-09:00,28
2015-11-21-12:00,25
2015-11-21-15:00,17
2015-11-21-18:00,15
2015-11-21-21:00,14
2015-11-22-00:00,13
2015-11-22-03:00,13
2015-11-22-06:00,25
2015-11-22-09:00,29
2015-11-22-12:00,23
2015-11-22-15:00,17
2015-11-22-18:00,15
2015-11-22-21:00,14
2015-11-23-00:00,12
2015-11-23-03:00,13
2015-11-23-06:00,13
2015-11-23-09:00,29
2015-11-23-12:00,23
2015-11-23-15:00,17
2015-11-23-18:00,15
2015-11-23-21:00,14
2015-11-24-00:00,12
2015-11-24-03:00,13
2015-11-24-06:00,24
2015-11-24-09:00,27
2015-11-24-12:00,24
2015-11-24-15:00,17
2015-11-24-18:00,16
2015-11-24-21:00,15
2015-11-25-00:00,14
2015-11-25-03:00,15
2015-11-25-06:00,24
2015-11-25-09:00,28
2015-11-25-12:00,25
2015-11-25-15:00,18
2015-11-25-18:00,16
2015-11-25-21:00,15
2015-11-26-00:00,13
2015-11-26-03:00,15
2015-11-26-06:00,24
2015-11-26-09:00,29
2015-11-26-12:00,24
2015-11-26-15:00,20
2015-11-26-18:00,18
2015-11-26-21:00,17
2015-11-27-00:00,16
2015-11-27-03:00,15
2015-11-27-06:00,20
2015-11-27-09:00,23
2015-11-27-12:00,22
2015-11-27-15:00,19
2015-11-27-18:00,17
2015-11-27-21:00,16
2015-11-28-00:00,14
2015-11-28-03:00,17
2015-11-28-06:00,22
2015-11-28-09:00,24
2015-11-28-12:00,22
2015-11-28-15:00,19
2015-11-28-18:00,17
2015-11-28-21:00,15
2015-11-29-00:00,13
2015-11-29-03:00,14
2015-11-29-06:00,21
2015-11-29-09:00,24
2015-11-29-12:00,23
2015-11-29-15:00,18
2015-11-29-18:00,17
2015-11-29-21:00,15
2015-11-30-00:00,15
2015-11-30-03:00,15
2015-11-30-06:00,23
2015-11-30-09:00,27
2015-11-30-12:00,23
2015-11-30-15:00,20
2015-11-30-18:00,17
2015-11-30-21:00,16
2015-12-01-00:00,14
2015-12-01-03:00,16
2015-12-01-06:00,24
2015-12-01-09:00,26
2015-12-01-12:00,23
2015-12-01-15:00,18
2015-12-01-18:00,17
2015-12-01-21:00,16
2015-12-02-00:00,15
2015-12-02-03:00,15
2015-12-02-06:00,23
2015-12-02-09:00,25
2015-12-02-12:00,22
2015-12-02-15:00,16
2015-12-02-18:00,15
2015-12-02-21:00,14
2015-12-03-00:00,12
2015-12-03-03:00,13
2015-12-03-06:00,21
2015-12-03-09:00,24
2015-12-03-12:00,22
2015-12-03-15:00,18
2015-12-03-18:00,16
2015-12-03-21:00,15
2015-12-04-00:00,13
2015-12-04-03:00,14
2015-12-04-06:00,23
2015-12-04-09:00,26
2015-12-04-12:00,23
2015-12-04-15:00,16
2015-12-04-18:00,13
2015-12-04-21:00,13
2015-12-05-00:00,11
2015-12-05-03:00,12
2015-12-05-06:00,24
2015-12-05-09:00,27
2015-12-05-12:00,22
2015-12-05-15:00,16
2015-12-05-18:00,15
2015-12-05-21:00,13
2015-12-06-00:00,11
2015-12-06-03:00,12
2015-12-06-06:00,22
2015-12-06-09:00,26
2015-12-06-12:00,22
2015-12-06-15:00,16
2015-12-06-18:00,15
2015-12-06-21:00,13
2015-12-07-00:00,12
2015-12-07-03:00,13
2015-12-07-06:00,23
2015-12-07-09:00,26
2015-12-07-12:00,22
2015-12-07-15:00,16
2015-12-07-18:00,15
2015-12-07-21:00,14
2015-12-08-00:00,13
2015-12-08-03:00,13
2015-12-08-06:00,23
2015-12-08-09:00,27
2015-12-08-12:00,22
2015-12-08-15:00,16
2015-12-08-18:00,15
2015-12-09-00:00,12
2015-12-09-03:00,15
2015-12-09-06:00,22
2015-12-09-09:00,24
2015-12-09-12:00,21
2015-12-09-15:00,20
2015-12-09-18:00,17
2015-12-09-21:00,16
2015-12-10-00:00,14
2015-12-10-03:00,16
2015-12-10-06:00,23
2015-12-10-09:00,25
2015-12-10-12:00,23
2015-12-10-15:00,18
2015-12-10-18:00,17
2015-12-10-21:00,16
2015-12-11-00:00,16
2015-12-11-03:00,17
2015-12-11-06:00,22
2015-12-11-09:00,22
2015-12-11-12:00,19
2015-12-11-15:00,15
2015-12-11-18:00,14
2015-12-11-21:00,13
2015-12-12-00:00,12
2015-12-12-03:00,13
2015-12-12-06:00,15
2015-12-12-09:00,15
2015-12-12-12:00,15
2015-12-12-15:00,13
2015-12-12-18:00,12
2015-12-12-21:00,11
2015-12-13-00:00,8
2015-12-13-03:00,10
2015-12-13-06:00,18
2015-12-13-09:00,20
2015-12-13-12:00,18
2015-12-13-15:00,12
2015-12-13-18:00,9
2015-12-13-21:00,8
2015-12-14-00:00,7
2015-12-14-03:00,11
2015-12-14-06:00,18
2015-12-14-09:00,21
2015-12-14-12:00,18
2015-12-14-15:00,12
2015-12-14-18:00,10
2015-12-14-21:00,9
2015-12-15-00:00,9
2015-12-15-03:00,10
2015-12-15-06:00,18
2015-12-15-09:00,22
2015-12-15-12:00,19
2015-12-15-15:00,11
2015-12-15-18:00,9
2015-12-15-21:00,7
2015-12-16-00:00,6
2015-12-16-03:00,7
2015-12-16-06:00,20
2015-12-16-09:00,23
2015-12-16-12:00,19
2015-12-16-15:00,12
2015-12-16-18:00,9
2015-12-16-21:00,8
2015-12-17-00:00,6
2015-12-17-03:00,8
2015-12-17-06:00,18
2015-12-17-09:00,21
2015-12-17-12:00,16
2015-12-17-15:00,11
2015-12-17-18:00,10
2015-12-17-21:00,8
2015-12-18-00:00,7
2015-12-18-03:00,8
2015-12-18-06:00,18
2015-12-18-09:00,21
2015-12-18-12:00,18
2015-12-18-15:00,12
2015-12-18-18:00,10
2015-12-18-21:00,9
2015-12-19-00:00,8
2015-12-19-03:00,8
2015-12-19-06:00,18
2015-12-19-09:00,21
2015-12-19-12:00,18
2015-12-19-15:00,11
2015-12-19-18:00,8
2015-12-19-21:00,7
2015-12-20-00:00,6
2015-12-20-03:00,6
2015-12-20-06:00,17
2015-12-20-09:00,20
2015-12-20-12:00,17
2015-12-20-15:00,11
2015-12-20-18:00,9
2015-12-20-21:00,8
2015-12-21-00:00,7
2015-12-21-03:00,7
2015-12-21-06:00,17
2015-12-21-09:00,21
2015-12-21-12:00,18
2015-12-21-15:00,12
2015-12-21-18:00,10
2015-12-21-21:00,9
2015-12-22-00:00,7
2015-12-22-03:00,8
2015-12-22-06:00,17
2015-12-22-09:00,20
2015-12-22-12:00,16
2015-12-22-15:00,11
2015-12-22-18:00,9
2015-12-22-21:00,8
2015-12-23-00:00,7
2015-12-23-03:00,8
2015-12-23-06:00,16
2015-12-23-09:00,19
2015-12-23-12:00,17
2015-12-23-15:00,12
2015-12-23-18:00,11
2015-12-23-21:00,10
2015-12-24-00:00,8
2015-12-24-03:00,8
2015-12-24-06:00,15
2015-12-24-09:00,19
2015-12-24-12:00,16
2015-12-24-15:00,10
2015-12-24-18:00,8
2015-12-24-21:00,6
2015-12-25-00:00,6
2015-12-25-03:00,8
2015-12-25-06:00,17
2015-12-25-09:00,19
2015-12-25-12:00,16
2015-12-25-15:00,11
2015-12-25-18:00,8
2015-12-25-21:00,7
2015-12-26-00:00,7
2015-12-26-03:00,8
2015-12-26-06:00,17
2015-12-26-09:00,21
2015-12-26-12:00,19
2015-12-26-15:00,12
2015-12-26-18:00,10
2015-12-26-21:00,8
2015-12-27-00:00,9
2015-12-27-03:00,11
2015-12-27-06:00,18
2015-12-27-09:00,22
2015-12-27-12:00,19
2015-12-27-15:00,16
2015-12-27-18:00,14
2015-12-27-21:00,14
2015-12-28-00:00,13
2015-12-28-03:00,12
2015-12-28-06:00,21
2015-12-28-09:00,24
2015-12-28-12:00,22
2015-12-28-15:00,17
2015-12-28-18:00,15
2015-12-28-21:00,13
2015-12-29-00:00,12
2015-12-29-03:00,12
2015-12-29-06:00,19
2015-12-29-09:00,24
2015-12-29-12:00,22
2015-12-29-15:00,16
2015-12-29-18:00,14
2015-12-29-21:00,12
2015-12-30-00:00,10
2015-12-30-03:00,10
2015-12-30-06:00,21
2015-12-30-09:00,24
2015-12-30-12:00,22
2015-12-30-15:00,13
2015-12-30-18:00,14
2015-12-30-21:00,10
2015-12-31-00:00,9
2015-12-31-03:00,9
2015-12-31-06:00,22
2015-12-31-09:00,25
2015-12-31-12:00,21
2015-12-31-15:00,13
2015-12-31-18:00,12
2015-12-31-21:00,9
2016-01-01-00:00,8
2016-01-01-03:00,10
2016-01-01-06:00,20
2016-01-01-09:00,23
2016-01-01-12:00,21
2016-01-01-18:00,11
2016-01-01-21:00,10
2016-01-02-00:00,9
2016-01-02-03:00,9
2016-01-02-06:00,20
2016-01-02-09:00,22
2016-01-02-12:00,20
2016-01-02-15:00,13
2016-01-02-18:00,10
2016-01-02-21:00,9
2016-01-03-00:00,10
2016-01-03-03:00,10
2016-01-03-06:00,18
2016-01-03-09:00,22
2016-01-03-12:00,20
2016-01-03-15:00,13
2016-01-03-18:00,11
2016-01-03-21:00,11
2016-01-04-00:00,9
2016-01-04-03:00,9
2016-01-04-06:00,20
2016-01-04-09:00,23
2016-01-04-12:00,20
2016-01-04-15:00,15
2016-01-04-18:00,15
2016-01-04-21:00,15
2016-01-05-00:00,13
2016-01-05-03:00,12
2016-01-05-12:00,23
2016-01-05-15:00,17
2016-01-05-18:00,15
2016-01-05-21:00,15
2016-01-06-00:00,13
2016-01-06-03:00,12
2016-01-06-06:00,21
2016-01-06-09:00,24
2016-01-06-12:00,22
2016-01-06-15:00,17
2016-01-06-18:00,16
2016-01-06-21:00,14
2016-01-07-00:00,12
2016-01-07-03:00,14
2016-01-07-06:00,20
2016-01-07-09:00,24
2016-01-07-12:00,21
2016-01-07-15:00,16
2016-01-07-18:00,15
2016-01-07-21:00,15
2016-01-08-00:00,13
2016-01-08-03:00,14
2016-01-08-06:00,15
2016-01-08-09:00,21
2016-01-08-12:00,19
2016-01-08-15:00,16
2016-01-08-18:00,14
2016-01-08-21:00,12
2016-01-09-00:00,12
2016-01-09-03:00,11
2016-01-09-06:00,19
2016-01-09-09:00,22
2016-01-09-12:00,20
2016-01-09-15:00,15
2016-01-09-18:00,12
2016-01-10-00:00,10
2016-01-10-03:00,10
2016-01-10-06:00,21
2016-01-10-09:00,24
2016-01-10-12:00,22
2016-01-10-15:00,14
2016-01-10-18:00,13
2016-01-10-21:00,11
2016-01-11-00:00,10
2016-01-11-03:00,10
2016-01-11-06:00,22
2016-01-11-09:00,25
2016-01-11-12:00,22
2016-01-11-15:00,14
2016-01-11-18:00,12
2016-01-11-21:00,11
2016-01-12-00:00,9
2016-01-12-02:00,9
2016-01-12-03:00,10
2016-01-12-04:00,13
2016-01-12-05:00,18
2016-01-12-06:00,23
2016-01-12-07:00,24
2016-01-12-08:00,24
2016-01-12-09:00,25
2016-01-12-10:00,25
2016-01-12-11:00,24
2016-01-12-12:00,22
2016-01-12-13:00,20
2016-01-12-15:00,16
2016-01-12-18:00,13
2016-01-12-21:00,13
2016-01-13-00:00,14
2016-01-13-02:00,15
2016-01-13-03:00,16
2016-01-13-04:00,17
2016-01-13-06:00,21
2016-01-13-07:00,21
2016-01-13-08:00,22
2016-01-13-09:00,23
2016-01-13-10:00,23
2016-01-13-11:00,20
2016-01-13-12:00,19
2016-01-13-13:00,18
2016-01-13-15:00,16
2016-01-13-18:00,15
2016-01-13-21:00,14
2016-01-14-00:00,14
2016-01-14-02:00,14
2016-01-14-03:00,14
2016-01-14-04:00,15
2016-01-14-05:00,15
2016-01-14-06:00,16
2016-01-14-07:00,18
2016-01-14-08:00,18
2016-01-14-09:00,18
2016-01-14-10:00,19
2016-01-14-11:00,18
2016-01-14-12:00,17
2016-01-14-13:00,16
2016-01-14-15:00,14
2016-01-14-18:00,12
2016-01-14-21:00,11
2016-01-15-00:00,10
2016-01-15-02:00,11
2016-01-15-03:00,12
2016-01-15-04:00,12
2016-01-15-05:00,12
2016-01-15-06:00,13
2016-01-15-07:00,13
2016-01-15-08:00,15
2016-01-15-09:00,15
2016-01-15-10:00,15
2016-01-15-11:00,15
2016-01-15-12:00,14
2016-01-15-13:00,14
2016-01-15-15:00,12
2016-01-15-18:00,13
2016-01-15-21:00,12
2016-01-16-00:00,12
2016-01-16-02:00,12
2016-01-16-03:00,12
2016-01-16-04:00,13
2016-01-16-05:00,13
2016-01-16-06:00,13
2016-01-16-08:00,15
2016-01-16-09:00,17
2016-01-16-10:00,17
2016-01-16-11:00,16
2016-01-16-12:00,15
2016-01-16-13:00,14
2016-01-16-15:00,13
2016-01-16-18:00,12
2016-01-16-21:00,10
2016-01-17-00:00,11
2016-01-17-02:00,11
2016-01-17-03:00,11
2016-01-17-04:00,13
2016-01-17-05:00,14
2016-01-17-06:00,16
2016-01-17-07:00,16
2016-01-17-08:00,17
2016-01-17-09:00,19
2016-01-17-10:00,18
2016-01-17-12:00,17
2016-01-17-13:00,16
2016-01-17-15:00,12
2016-01-17-18:00,10
2016-01-17-21:00,9
2016-01-18-00:00,7
2016-01-18-02:00,7
2016-01-18-03:00,8
2016-01-18-04:00,10
2016-01-18-05:00,14
2016-01-18-06:00,17
2016-01-18-08:00,18
2016-01-18-09:00,19
2016-01-18-10:00,19
2016-01-18-11:00,18
2016-01-18-12:00,17
2016-01-18-13:00,14
2016-01-18-15:00,12
2016-01-18-18:00,10
2016-01-18-21:00,9
2016-01-19-00:00,9
2016-01-19-02:00,10
2016-01-19-03:00,11
2016-01-19-04:00,11
2016-01-19-06:00,13
2016-01-19-08:00,15
2016-01-19-09:00,15
2016-01-19-10:00,15
2016-01-19-11:00,15
2016-01-19-12:00,14
2016-01-19-13:00,13
2016-01-19-15:00,11
2016-01-19-18:00,10
2016-01-19-21:00,11
2016-01-20-00:00,11
2016-01-20-02:00,10
2016-01-20-03:00,11
2016-01-20-05:00,11
2016-01-20-06:00,12
2016-01-20-07:00,13
2016-01-20-08:00,14
2016-01-20-09:00,15
2016-01-20-10:00,15
2016-01-20-11:00,14
2016-01-20-12:00,14
2016-01-20-13:00,13
2016-01-20-15:00,10
2016-01-20-18:00,8
2016-01-20-21:00,10
2016-01-21-00:00,9
2016-01-21-02:00,9
2016-01-21-03:00,9
2016-01-21-04:00,10
2016-01-21-05:00,11
2016-01-21-06:00,12
2016-01-21-07:00,14
2016-01-21-08:00,15
2016-01-21-09:00,17
2016-01-21-10:00,17
2016-01-21-11:00,17
2016-01-21-12:00,15
2016-01-21-13:00,15
2016-01-21-15:00,10
2016-01-21-18:00,8
2016-01-21-21:00,7
2016-01-22-00:00,5
2016-01-22-02:00,7
2016-01-22-03:00,8
2016-01-22-04:00,9
2016-01-22-05:00,10
2016-01-22-06:00,14
2016-01-22-08:00,16
2016-01-22-09:00,17
2016-01-22-10:00,17
2016-01-22-11:00,17
2016-01-22-12:00,15
2016-01-22-13:00,14
2016-01-22-15:00,11
2016-01-22-18:00,9
2016-01-22-21:00,7
2016-01-23-00:00,6
2016-01-23-02:00,5
2016-01-23-03:00,8
2016-01-23-04:00,9
2016-01-23-05:00,13
2016-01-23-06:00,17
2016-01-23-07:00,18
2016-01-23-08:00,19
2016-01-23-09:00,22
2016-01-23-10:00,21
2016-01-23-11:00,20
2016-01-23-12:00,19
2016-01-23-13:00,18
2016-01-23-15:00,15
2016-01-23-18:00,11
2016-01-23-21:00,10
2016-01-24-00:00,8
2016-01-24-02:00,8
2016-01-24-03:00,8
2016-01-24-04:00,8
2016-01-24-05:00,8
2016-01-24-06:00,12
2016-01-24-07:00,13
2016-01-24-08:00,15
2016-01-24-09:00,16
2016-01-24-10:00,16
2016-01-24-11:00,15
2016-01-24-12:00,13
2016-01-24-13:00,12
2016-01-24-15:00,10
2016-01-24-18:00,9
2016-01-24-21:00,8
2016-01-25-00:00,7
2016-01-25-02:00,7
2016-01-25-03:00,7
2016-01-25-04:00,8
2016-01-25-05:00,9
2016-01-25-06:00,12
2016-01-25-07:00,14
2016-01-25-09:00,17
2016-01-25-10:00,18
2016-01-25-11:00,18
2016-01-25-12:00,17
2016-01-25-13:00,15
2016-01-25-15:00,11
2016-01-25-18:00,8
2016-01-25-21:00,7
2016-01-26-00:00,10
2016-01-26-02:00,9
2016-01-26-03:00,10
2016-01-26-04:00,12
2016-01-26-05:00,14
2016-01-26-06:00,15
2016-01-26-07:00,16
2016-01-26-08:00,19
2016-01-26-09:00,20
2016-01-26-10:00,21
2016-01-26-11:00,20
2016-01-26-12:00,18
2016-01-26-13:00,16
2016-01-26-15:00,12
2016-01-26-18:00,11
2016-01-26-21:00,10
2016-01-27-00:00,10
2016-01-27-03:00,10
2016-01-27-04:00,14
2016-01-27-06:00,20
2016-01-27-08:00,23
2016-01-27-09:00,24
2016-01-27-10:00,24
2016-01-27-11:00,23
2016-01-27-12:00,22
2016-01-27-15:00,16
2016-01-27-18:00,14
2016-01-27-21:00,11
2016-01-28-00:00,10
2016-01-28-02:00,9
2016-01-28-03:00,10
2016-01-28-04:00,13
2016-01-28-06:00,20
2016-01-28-08:00,22
2016-01-28-09:00,23
2016-01-28-10:00,24
2016-01-28-11:00,23
2016-01-28-12:00,22
2016-01-28-13:00,20
2016-01-28-15:00,15
2016-01-28-18:00,13
2016-01-28-21:00,12
2016-01-29-00:00,13
2016-01-29-02:00,12
2016-01-29-03:00,13
2016-01-29-04:00,16
2016-01-29-05:00,19
2016-01-29-06:00,22
2016-01-29-07:00,24
2016-01-29-08:00,25
2016-01-29-09:00,25
2016-01-29-10:00,29
2016-01-29-11:00,24
2016-01-29-12:00,22
2016-01-29-13:00,21
2016-01-29-15:00,17
2016-01-29-18:00,16
2016-01-29-21:00,15
2016-01-30-00:00,14
2016-01-30-02:00,13
2016-01-30-03:00,14
2016-01-30-04:00,17
2016-01-30-06:00,23
2016-01-30-08:00,26
2016-01-30-09:00,27
2016-01-30-10:00,26
2016-01-30-11:00,26
2016-01-30-12:00,24
2016-01-30-13:00,22
2016-01-30-15:00,18
2016-01-30-18:00,17
2016-01-30-21:00,15
2016-01-31-00:00,15
2016-01-31-02:00,15
2016-01-31-03:00,16
2016-01-31-04:00,16
2016-01-31-05:00,17
2016-01-31-06:00,20
2016-01-31-07:00,20
2016-01-31-08:00,21
2016-01-31-09:00,20
2016-01-31-10:00,20
2016-01-31-11:00,20
2016-01-31-12:00,19
2016-01-31-13:00,18
2016-01-31-15:00,15
2016-01-31-18:00,14
2016-01-31-21:00,12
2016-02-01-00:00,11
2016-02-01-02:00,10
2016-02-01-03:00,11
2016-02-01-06:00,19
2016-02-01-08:00,21
2016-02-01-09:00,22
2016-02-01-10:00,22
2016-02-01-11:00,21
2016-02-01-12:00,20
2016-02-01-13:00,18
2016-02-01-15:00,13
2016-02-01-18:00,10
2016-02-01-21:00,8
2016-02-02-00:00,7
2016-02-02-02:00,9
2016-02-02-03:00,11
2016-02-02-04:00,14
2016-02-02-05:00,17
2016-02-02-06:00,20
2016-02-02-08:00,21
2016-02-02-09:00,21
2016-02-02-10:00,20
2016-02-02-11:00,20
2016-02-02-12:00,19
2016-02-02-13:00,17
2016-02-02-15:00,13
2016-02-02-18:00,11
2016-02-02-21:00,9
2016-02-03-00:00,8
2016-02-03-02:00,8
2016-02-03-03:00,10.5
2016-02-03-04:00,13
2016-02-03-06:00,19
2016-02-03-12:00,20
2016-02-03-15:00,14
2016-02-03-18:00,12
2016-02-03-21:00,11
2016-02-04-00:00,9
2016-02-04-02:00,9.5
2016-02-04-03:00,10
2016-02-04-06:00,20
2016-02-04-07:00,21
2016-02-04-09:00,23
2016-02-04-11:00,23
2016-02-04-12:00,21
2016-02-04-13:00,19
2016-02-04-15:00,13
2016-02-04-18:00,11
2016-02-04-21:00,10
2016-02-05-00:00,8
2016-02-05-02:00,7
2016-02-05-03:00,8
2016-02-05-06:00,20
2016-02-05-12:00,22
2016-02-05-18:00,11
2016-02-06-00:00,8
2016-02-06-03:00,9
2016-02-06-06:00,21
2016-02-06-12:00,22
2016-02-06-15:00,17
2016-02-06-18:00,15
2016-02-07-00:00,14
2016-02-07-03:00,15
2016-02-07-06:00,17
2016-02-07-09:00,21
2016-02-07-12:00,20
2016-02-07-15:00,15
2016-02-07-18:00,12
2016-02-07-21:00,11
2016-02-08-00:00,10
2016-02-08-03:00,11
2016-02-08-05:00,17
2016-02-08-06:00,20
2016-02-08-09:00,23
2016-02-08-10:00,23
2016-02-08-11:00,22
2016-02-08-12:00,21
2016-02-08-15:00,15
2016-02-08-18:00,14
2016-02-08-21:00,12
2016-02-09-00:00,11
2016-02-09-02:00,11
2016-02-09-03:00,12
2016-02-09-06:00,20
2016-02-09-07:00,21
2016-02-09-09:00,24
2016-02-09-10:00,24
2016-02-09-11:00,24
2016-02-09-12:00,23
2016-02-09-13:00,21
2016-02-09-15:00,16
2016-02-09-18:00,13
2016-02-09-21:00,11
2016-02-10-00:00,10
2016-02-10-02:00,9
2016-02-10-03:00,10
2016-02-10-04:00,13
2016-02-10-05:00,18
2016-02-10-06:00,21
2016-02-10-07:00,22
2016-02-10-08:00,25
2016-02-10-09:00,26
2016-02-10-10:00,26
2016-02-10-11:00,25
2016-02-10-12:00,24
2016-02-10-15:00,18
2016-02-10-18:00,13
2016-02-10-21:00,12
2016-02-11-00:00,13
2016-02-11-02:00,13
2016-02-11-03:00,15
2016-02-11-04:00,16
2016-02-11-05:00,19
2016-02-11-06:00,23
2016-02-11-07:00,24
2016-02-11-08:00,24
2016-02-11-09:00,26
2016-02-11-10:00,26
2016-02-11-11:00,26
2016-02-11-12:00,24
2016-02-11-13:00,21
2016-02-11-15:00,17
2016-02-11-18:00,15
2016-02-11-21:00,13
2016-02-12-00:00,11
2016-02-12-02:00,10
2016-02-12-03:00,12
2016-02-12-04:00,15
2016-02-12-05:00,20
2016-02-12-06:00,23
2016-02-12-08:00,25
2016-02-12-09:00,26
2016-02-12-10:00,25
2016-02-12-11:00,25
2016-02-12-12:00,24
2016-02-12-13:00,23
2016-02-12-15:00,18
2016-02-12-18:00,16
2016-02-12-21:00,15
2016-02-13-00:00,12
2016-02-13-02:00,15
2016-02-13-03:00,14
2016-02-13-04:00,16
2016-02-13-05:00,20
2016-02-13-06:00,18
2016-02-13-07:00,20
2016-02-13-08:00,20
2016-02-13-09:00,21
2016-02-13-10:00,21
2016-02-13-12:00,20
2016-02-13-13:00,18
2016-02-13-15:00,16
2016-02-13-18:00,13
2016-02-13-21:00,12
2016-02-14-00:00,10
2016-02-14-02:00,10
2016-02-14-03:00,12
2016-02-14-04:00,15
2016-02-14-05:00,19
2016-02-14-06:00,21
2016-02-14-07:00,22
2016-02-14-08:00,23
2016-02-14-09:00,24
2016-02-14-11:00,24
2016-02-14-12:00,23
2016-02-14-15:00,17
2016-02-14-18:00,14
2016-02-14-21:00,13
2016-02-15-00:00,11
2016-02-15-02:00,11
2016-02-15-03:00,13
2016-02-15-04:00,15
2016-02-15-05:00,19
2016-02-15-06:00,20
2016-02-15-08:00,22
2016-02-15-09:00,23
2016-02-15-10:00,23
2016-02-15-11:00,23
2016-02-15-12:00,21
2016-02-15-13:00,20
2016-02-15-15:00,17
2016-02-15-18:00,14
2016-02-15-21:00,12
2016-02-16-00:00,10
2016-02-16-02:00,10
2016-02-16-03:00,13
2016-02-16-04:00,16
2016-02-16-05:00,19
2016-02-16-06:00,20
2016-02-16-07:00,22
2016-02-16-08:00,23
2016-02-16-09:00,24
2016-02-16-10:00,24
2016-02-16-11:00,24
2016-02-16-12:00,23
2016-02-16-18:00,14
2016-02-16-21:00,13
2016-02-17-00:00,11
2016-02-17-02:00,11
2016-02-17-03:00,13
2016-02-17-04:00,16
2016-02-17-05:00,17
2016-02-17-06:00,19
2016-02-17-08:00,23
2016-02-17-09:00,24
2016-02-17-11:00,25
2016-02-17-12:00,24
2016-02-17-13:00,23
2016-02-17-15:00,20
2016-02-17-18:00,19
2016-02-17-21:00,17
2016-02-18-00:00,16
2016-02-18-02:00,16
2016-02-18-03:00,16
2016-02-18-04:00,17
2016-02-18-05:00,19
2016-02-18-06:00,22
2016-02-18-07:00,22
2016-02-18-09:00,23
2016-02-18-10:00,23
2016-02-18-11:00,22
2016-02-18-12:00,21
2016-02-18-13:00,20
2016-02-18-15:00,19
2016-02-18-18:00,18
2016-02-18-21:00,18
2016-02-19-00:00,16
2016-02-19-02:00,16
2016-02-19-03:00,17
2016-02-19-04:00,19
2016-02-19-06:00,26
2016-02-19-09:00,29
2016-02-19-10:00,30
2016-02-19-11:00,29
2016-02-19-12:00,27
2016-02-19-13:00,26
2016-02-19-15:00,23
2016-02-19-18:00,22
2016-02-19-21:00,21
2016-02-20-00:00,21
2016-02-20-02:00,20
2016-02-20-03:00,21
2016-02-20-04:00,23
2016-02-20-05:00,24
2016-02-20-06:00,25
2016-02-20-07:00,25
2016-02-20-08:00,26
2016-02-20-09:00,28
2016-02-20-10:00,28
2016-02-20-11:00,27
2016-02-20-12:00,26
2016-02-20-13:00,24
2016-02-20-15:00,22
2016-02-20-18:00,20
2016-02-20-21:00,18
2016-02-21-00:00,17
2016-02-21-02:00,16
2016-02-21-03:00,16
2016-02-21-04:00,18
2016-02-21-05:00,19
2016-02-21-06:00,22
2016-02-21-07:00,24
2016-02-21-08:00,25
2016-02-21-09:00,25
2016-02-21-10:00,26
2016-02-21-11:00,26
2016-02-21-12:00,25
2016-02-21-13:00,23
2016-02-21-15:00,20
2016-02-21-18:00,18
2016-02-21-21:00,16
2016-02-22-00:00,15
2016-02-22-02:00,14
2016-02-22-03:00,16
2016-02-22-04:00,19
2016-02-22-05:00,21
2016-02-22-06:00,23
2016-02-22-07:00,25
2016-02-22-09:00,27
2016-02-22-10:00,28
2016-02-22-12:00,26
2016-02-22-13:00,24
2016-02-22-15:00,21
2016-02-22-18:00,18
2016-02-22-21:00,17
2016-02-23-00:00,15
2016-02-23-02:00,14
2016-02-23-03:00,16
2016-02-23-04:00,19
2016-02-23-06:00,24
2016-02-23-07:00,25
2016-02-23-08:00,28
2016-02-23-09:00,29
2016-02-23-11:00,28
2016-02-23-12:00,28
2016-02-23-13:00,25
2016-02-23-15:00,19
2016-02-23-18:00,16
2016-02-23-21:00,14
2016-02-24-00:00,12
2016-02-24-02:00,12
2016-02-24-03:00,13
2016-02-24-04:00,17
2016-02-24-05:00,22
2016-02-24-06:00,25
2016-02-24-07:00,27
2016-02-24-08:00,28
2016-02-24-09:00,30
2016-02-24-10:00,30
2016-02-24-11:00,29
2016-02-24-12:00,28
2016-02-24-13:00,25
2016-02-24-15:00,19
2016-02-24-18:00,16
2016-02-24-21:00,14
2016-02-25-00:00,12
2016-02-25-02:00,12
2016-02-25-03:00,15
2016-02-25-04:00,20
2016-02-25-05:00,24
2016-02-25-06:00,26
2016-02-25-07:00,28
2016-02-25-08:00,29
2016-02-25-09:00,30
2016-02-25-10:00,30
2016-02-25-11:00,29
2016-02-25-12:00,27
2016-02-25-13:00,25
2016-02-25-15:00,21
2016-02-25-18:00,17
2016-02-25-21:00,16
2016-02-26-00:00,14
2016-02-26-02:00,13
2016-02-26-03:00,15
2016-02-26-04:00,19
2016-02-26-05:00,24
2016-02-26-06:00,28
2016-02-26-07:00,28
2016-02-26-08:00,29
2016-02-26-09:00,29
2016-02-26-10:00,30
2016-02-26-11:00,29
2016-02-26-12:00,29
2016-02-26-15:00,21
2016-02-26-18:00,18
2016-02-26-21:00,16
2016-02-27-00:00,14
2016-02-27-02:00,14
2016-02-27-03:00,15
2016-02-27-04:00,18
2016-02-27-06:00,28
2016-02-27-07:00,29
2016-02-27-08:00,29
2016-02-27-09:00,30
2016-02-27-10:00,30
2016-02-27-11:00,29
2016-02-27-12:00,28
2016-02-27-13:00,25
2016-02-27-15:00,20
2016-02-27-18:00,17
2016-02-27-21:00,16
2016-02-28-00:00,14
2016-02-28-02:00,14
2016-02-28-03:00,15
2016-02-28-04:00,19
2016-02-28-05:00,24
2016-02-28-06:00,27
2016-02-28-07:00,28
2016-02-28-08:00,29
2016-02-28-09:00,30
2016-02-28-10:00,30
2016-02-28-11:00,29
2016-02-28-12:00,27
2016-02-28-13:00,26
2016-02-28-15:00,21
2016-02-28-18:00,18
2016-02-28-21:00,17
2016-02-29-00:00,16
2016-02-29-02:00,16
2016-02-29-03:00,18
2016-02-29-04:00,21
2016-02-29-05:00,24
2016-02-29-06:00,26
2016-02-29-07:00,28
2016-02-29-08:00,29
2016-02-29-09:00,30
2016-02-29-10:00,30
2016-02-29-11:00,31
2016-02-29-12:00,29
2016-02-29-13:00,26
2016-02-29-15:00,22
2016-02-29-18:00,19
2016-02-29-21:00,17
2016-03-01-00:00,16
2016-03-01-03:00,17
2016-03-01-06:00,29
2016-03-01-07:00,30
2016-03-01-09:00,30
2016-03-01-10:00,31
2016-03-01-11:00,30
2016-03-01-12:00,29
2016-03-01-13:00,27
2016-03-01-15:00,23
2016-03-01-18:00,19
2016-03-01-21:00,18
2016-03-02-00:00,16
2016-03-02-02:00,16
2016-03-02-03:00,17
2016-03-02-04:00,23
2016-03-02-05:00,27
2016-03-02-06:00,29
2016-03-02-07:00,30
2016-03-02-08:00,31
2016-03-02-09:00,32
2016-03-02-11:00,32
2016-03-02-12:00,31
2016-03-02-13:00,29
2016-03-02-15:00,23
2016-03-02-18:00,20
2016-03-02-21:00,18
2016-03-03-00:00,17
2016-03-03-02:00,16
2016-03-03-03:00,18
2016-03-03-05:00,28
2016-03-03-06:00,30
2016-03-03-07:00,31
2016-03-03-09:00,33
2016-03-03-10:00,33
2016-03-03-11:00,32
2016-03-03-12:00,30
2016-03-03-13:00,28
2016-03-03-15:00,23
2016-03-03-21:00,19
2016-03-04-00:00,19
2016-03-04-02:00,18
2016-03-04-03:00,21
2016-03-04-04:00,25
2016-03-04-05:00,28
2016-03-04-06:00,30
2016-03-04-07:00,31
2016-03-04-08:00,33
2016-03-04-09:00,34
2016-03-04-10:00,34
2016-03-04-11:00,33
2016-03-04-12:00,32
2016-03-04-13:00,31
2016-03-04-15:00,24
2016-03-04-18:00,23
2016-03-04-21:00,21
2016-03-05-00:00,20
2016-03-05-02:00,21
2016-03-05-03:00,21
2016-03-05-04:00,23
2016-03-05-05:00,23
2016-03-05-06:00,26
2016-03-05-07:00,28
2016-03-05-08:00,29
2016-03-05-09:00,29
2016-03-05-10:00,30
2016-03-05-11:00,28
2016-03-05-12:00,27
2016-03-05-15:00,19
2016-03-05-18:00,18
2016-03-05-21:00,17
2016-03-06-00:00,16
2016-03-06-02:00,16
2016-03-06-03:00,17
2016-03-06-04:00,19
2016-03-06-05:00,23
2016-03-06-06:00,24
2016-03-06-07:00,27
2016-03-06-08:00,28
2016-03-06-09:00,28
2016-03-06-10:00,28
2016-03-06-11:00,28
2016-03-06-12:00,27
2016-03-06-13:00,25
2016-03-06-15:00,22
2016-03-06-18:00,19
2016-03-06-21:00,18
2016-03-07-00:00,17
2016-03-07-02:00,17
2016-03-07-03:00,18
2016-03-07-04:00,21
2016-03-07-06:00,28
2016-03-07-07:00,28
2016-03-07-08:00,28
2016-03-07-09:00,29
2016-03-07-11:00,28
2016-03-07-12:00,27
2016-03-07-13:00,25
2016-03-07-15:00,24
2016-03-07-18:00,22
2016-03-07-21:00,20
2016-03-08-00:00,18
2016-03-08-02:00,18
2016-03-08-03:00,20
2016-03-08-04:00,22
2016-03-08-06:00,26
2016-03-08-07:00,26
2016-03-08-08:00,27
2016-03-08-09:00,28
2016-03-08-11:00,28
2016-03-08-12:00,28
2016-03-08-13:00,26
2016-03-08-15:00,23
2016-03-08-18:00,20
2016-03-08-21:00,18
2016-03-09-00:00,17
2016-03-09-02:00,16
2016-03-09-03:00,19
2016-03-09-04:00,23
2016-03-09-05:00,25
2016-03-09-06:00,26
2016-03-09-07:00,28
2016-03-09-08:00,29
2016-03-09-09:00,29
2016-03-09-10:00,29
2016-03-09-11:00,29
2016-03-09-12:00,28
2016-03-09-13:00,26
2016-03-09-15:00,23
2016-03-09-18:00,19
2016-03-09-21:00,18
2016-03-10-00:00,16
2016-03-10-02:00,16
2016-03-10-03:00,19
2016-03-10-04:00,24
2016-03-10-05:00,27
2016-03-10-06:00,28
2016-03-10-07:00,30
2016-03-10-08:00,30
2016-03-10-09:00,31
2016-03-10-10:00,31
2016-03-10-11:00,30
2016-03-10-12:00,30
2016-03-10-13:00,29
2016-03-10-15:00,25
2016-03-10-18:00,22
2016-03-10-21:00,21
2016-03-11-00:00,20
2016-03-11-02:00,20
2016-03-11-03:00,21
2016-03-11-05:00,21
2016-03-11-06:00,28
2016-03-11-07:00,29
2016-03-11-08:00,30
2016-03-11-09:00,32
2016-03-11-10:00,33
2016-03-11-11:00,30
2016-03-11-12:00,25
2016-03-11-13:00,23
2016-03-11-15:00,22
2016-03-11-18:00,21
2016-03-11-21:00,21
2016-03-12-00:00,19
2016-03-12-02:00,19
2016-03-12-03:00,20
2016-03-12-04:00,21
2016-03-12-05:00,23
2016-03-12-06:00,26
2016-03-12-07:00,28
2016-03-12-08:00,30
2016-03-12-09:00,30
2016-03-12-10:00,31
2016-03-12-11:00,30
2016-03-12-12:00,29
2016-03-12-13:00,28
2016-03-12-15:00,22
2016-03-12-18:00,19
2016-03-12-21:00,18
2016-03-13-00:00,17
2016-03-13-02:00,18
2016-03-13-03:00,20
2016-03-13-04:00,22
2016-03-13-05:00,24
2016-03-13-06:00,25
2016-03-13-07:00,27
2016-03-13-08:00,29
2016-03-13-09:00,29
2016-03-13-10:00,29
2016-03-13-11:00,29
2016-03-13-12:00,28
2016-03-13-13:00,26
2016-03-13-15:00,24
2016-03-13-18:00,21
2016-03-13-21:00,20
2016-03-14-00:00,19
2016-03-14-02:00,20
2016-03-14-03:00,18
2016-03-14-04:00,19
2016-03-14-05:00,21
2016-03-14-06:00,24
2016-03-14-07:00,25
2016-03-14-08:00,25
2016-03-14-09:00,27
2016-03-14-10:00,27
2016-03-14-11:00,26
2016-03-14-12:00,26
2016-03-14-13:00,25
2016-03-14-15:00,21
2016-03-14-18:00,18
2016-03-14-21:00,17
2016-03-15-00:00,15
2016-03-15-02:00,15
2016-03-15-03:00,19
2016-03-15-05:00,25
2016-03-15-06:00,27
2016-03-15-07:00,28
2016-03-15-08:00,29
2016-03-15-09:00,29
2016-03-15-10:00,29
2016-03-15-11:00,29
2016-03-15-12:00,28
2016-03-15-13:00,26
2016-03-15-15:00,22
2016-03-15-18:00,21
2016-03-15-21:00,19
2016-03-16-00:00,17
2016-03-16-02:00,17
2016-03-16-03:00,18
2016-03-16-04:00,22
2016-03-16-05:00,25
2016-03-16-06:00,27
2016-03-16-07:00,27
2016-03-16-08:00,28
2016-03-16-09:00,29
2016-03-16-10:00,29
2016-03-16-11:00,28
2016-03-16-12:00,27
2016-03-16-13:00,25
2016-03-16-15:00,23
2016-03-16-18:00,21
2016-03-16-21:00,20
2016-03-17-00:00,18
2016-03-17-02:00,18
2016-03-17-03:00,20
2016-03-17-04:00,23
2016-03-17-05:00,27
2016-03-17-06:00,30
2016-03-17-07:00,32
2016-03-17-08:00,31
2016-03-17-09:00,32
2016-03-17-10:00,31
2016-03-17-11:00,30
2016-03-17-12:00,29
2016-03-17-13:00,28
2016-03-17-15:00,25
2016-03-17-18:00,25
2016-03-17-21:00,22
2016-03-18-00:00,20
2016-03-18-02:00,21
2016-03-18-03:00,22
2016-03-18-04:00,23
2016-03-18-05:00,24
2016-03-18-06:00,27
2016-03-18-07:00,29
2016-03-18-08:00,31
2016-03-18-09:00,32
2016-03-18-10:00,31
2016-03-18-11:00,31
2016-03-18-12:00,31
2016-03-18-13:00,29
2016-03-18-15:00,25
2016-03-18-18:00,22
2016-03-18-21:00,21
2016-03-19-00:00,20
2016-03-19-02:00,20
2016-03-19-03:00,23
2016-03-19-04:00,27
2016-03-19-06:00,30
2016-03-19-07:00,32
2016-03-19-08:00,33
2016-03-19-09:00,32
2016-03-19-10:00,32
2016-03-19-11:00,32
2016-03-19-12:00,31
2016-03-19-15:00,21
2016-03-19-18:00,21
2016-03-19-21:00,21
2016-03-20-00:00,19
2016-03-20-02:00,20
2016-03-20-03:00,22
2016-03-20-05:00,26
2016-03-20-06:00,29
2016-03-20-07:00,30
2016-03-20-08:00,31
2016-03-20-09:00,32
2016-03-20-10:00,33
2016-03-20-11:00,32
2016-03-20-12:00,31
2016-03-20-13:00,29
2016-03-20-15:00,26
2016-03-20-18:00,24
2016-03-20-21:00,23
2016-03-21-00:00,20
2016-03-21-02:00,21
2016-03-21-03:00,23
2016-03-21-04:00,26
2016-03-21-05:00,29
2016-03-21-06:00,30
2016-03-21-07:00,30
2016-03-21-08:00,32
2016-03-21-09:00,31
2016-03-21-10:00,30
2016-03-21-11:00,30
2016-03-21-12:00,29
2016-03-21-13:00,27
2016-03-21-15:00,25
2016-03-21-18:00,22
2016-03-21-21:00,21
2016-03-22-00:00,18
2016-03-22-02:00,18
2016-03-22-03:00,20
2016-03-22-04:00,22
2016-03-22-05:00,25
2016-03-22-06:00,27
2016-03-22-07:00,28
2016-03-22-08:00,29
2016-03-22-09:00,30
2016-03-22-10:00,30
2016-03-22-11:00,30
2016-03-22-12:00,30
2016-03-22-13:00,26
2016-03-22-15:00,24
2016-03-22-18:00,23
2016-03-22-21:00,21
2016-03-23-00:00,18
2016-03-23-02:00,18
2016-03-23-03:00,21
2016-03-23-05:00,27
2016-03-23-06:00,29
2016-03-23-07:00,30
2016-03-23-08:00,31
2016-03-23-09:00,31
2016-03-23-10:00,32
2016-03-23-11:00,32
2016-03-23-12:00,32
2016-03-23-13:00,30
2016-03-23-15:00,23
2016-03-23-18:00,20
2016-03-23-21:00,19
2016-03-24-00:00,17
2016-03-24-02:00,17
2016-03-24-03:00,21
2016-03-24-04:00,27
2016-03-24-05:00,31
2016-03-24-06:00,33
2016-03-24-07:00,34
2016-03-24-09:00,36
2016-03-24-10:00,36
2016-03-24-11:00,35
2016-03-24-12:00,34
2016-03-24-13:00,32
2016-03-24-15:00,26
2016-03-24-18:00,22
2016-03-24-21:00,21
2016-03-25-00:00,19
2016-03-25-02:00,19
2016-03-25-03:00,25
2016-03-25-04:00,28
2016-03-25-05:00,32
2016-03-25-06:00,33
2016-03-25-07:00,35
2016-03-25-08:00,36
2016-03-25-09:00,36
2016-03-25-10:00,36
2016-03-25-11:00,36
2016-03-25-12:00,35
2016-03-25-13:00,33
2016-03-25-15:00,27
2016-03-25-18:00,25
2016-03-25-21:00,23
2016-03-26-00:00,20
2016-03-26-02:00,21
2016-03-26-03:00,23
2016-03-26-04:00,24
2016-03-26-05:00,25
2016-03-26-06:00,27
2016-03-26-07:00,27
2016-03-26-08:00,26
2016-03-26-09:00,27
2016-03-26-11:00,27
2016-03-26-12:00,26
2016-03-26-13:00,26
2016-03-26-15:00,25
2016-03-26-18:00,24
2016-03-26-21:00,22
2016-03-27-00:00,20
2016-03-27-02:00,20
2016-03-27-03:00,22
2016-03-27-04:00,23
2016-03-27-05:00,25
2016-03-27-06:00,28
2016-03-27-07:00,29
2016-03-27-08:00,30
2016-03-27-09:00,31
2016-03-27-10:00,32
2016-03-27-11:00,32
2016-03-27-12:00,31
2016-03-27-13:00,29
2016-03-27-15:00,25
2016-03-27-18:00,23
2016-03-27-21:00,20
2016-03-28-00:00,17
2016-03-28-02:00,18
2016-03-28-03:00,22
2016-03-28-04:00,25
2016-03-28-05:00,27
2016-03-28-06:00,29
2016-03-28-07:00,30
2016-03-28-09:00,32
2016-03-28-10:00,32
2016-03-28-11:00,31
2016-03-28-12:00,30
2016-03-28-13:00,29
2016-03-28-15:00,25
2016-03-28-18:00,23
2016-03-28-21:00,19
2016-03-29-00:00,19
2016-03-29-02:00,20
2016-03-29-03:00,23
2016-03-29-04:00,27
2016-03-29-05:00,28
2016-03-29-06:00,30
2016-03-29-07:00,31
2016-03-29-08:00,32
2016-03-29-09:00,32
2016-03-29-10:00,32
2016-03-29-11:00,32
2016-03-29-12:00,32
2016-03-29-13:00,30
2016-03-29-15:00,25
2016-03-29-18:00,21
2016-03-29-21:00,20
2016-03-30-00:00,19
2016-03-30-02:00,20
2016-03-30-03:00,24
2016-03-30-05:00,30
2016-03-30-06:00,31
2016-03-30-07:00,33
2016-03-30-08:00,35
2016-03-30-09:00,35
2016-03-30-10:00,35
2016-03-30-11:00,35
2016-03-30-12:00,34
2016-03-30-13:00,32
2016-03-30-15:00,28
2016-03-30-18:00,23
2016-03-31-00:00,20
2016-03-31-02:00,20
2016-03-31-03:00,24
2016-03-31-04:00,26
2016-03-31-05:00,33
2016-03-31-06:00,35
2016-03-31-07:00,36
2016-03-31-09:00,37
2016-03-31-10:00,37
2016-03-31-11:00,36
2016-03-31-12:00,35
2016-03-31-13:00,33
2016-03-31-15:00,29
2016-03-31-18:00,25
2016-03-31-21:00,24
2016-04-01-00:00,22
2016-04-01-02:00,24
2016-04-01-03:00,26
2016-04-01-04:00,28
2016-04-01-05:00,31
2016-04-01-06:00,34
2016-04-01-07:00,35
2016-04-01-09:00,37
2016-04-01-10:00,37
2016-04-01-11:00,37
2016-04-01-12:00,36
2016-04-01-15:00,30
2016-04-01-18:00,26
2016-04-01-21:00,25
2016-04-02-00:00,22
2016-04-02-02:00,22
2016-04-02-03:00,27
2016-04-02-04:00,30
2016-04-02-05:00,33
2016-04-02-06:00,35
2016-04-02-07:00,37
2016-04-02-08:00,38
2016-04-02-09:00,39
2016-04-02-10:00,39
2016-04-02-11:00,38
2016-04-02-12:00,37
2016-04-02-13:00,35
2016-04-02-15:00,31
2016-04-02-18:00,28
2016-04-02-21:00,26
2016-04-03-00:00,25
2016-04-03-02:00,26
2016-04-03-03:00,28
2016-04-03-04:00,32
2016-04-03-05:00,34
2016-04-03-06:00,36
2016-04-03-07:00,37
2016-04-03-08:00,38
2016-04-03-09:00,39
2016-04-03-10:00,39
2016-04-03-11:00,39
2016-04-03-12:00,37
2016-04-03-13:00,35
2016-04-03-15:00,31
2016-04-03-18:00,29
2016-04-03-21:00,28
2016-04-04-00:00,24
2016-04-04-02:00,24
2016-04-04-03:00,27
2016-04-04-04:00,30
2016-04-04-05:00,32
2016-04-04-06:00,35
2016-04-04-07:00,37
2016-04-04-08:00,38
2016-04-04-09:00,38
2016-04-04-10:00,38
2016-04-04-11:00,39
2016-04-04-12:00,37
2016-04-04-13:00,36
2016-04-04-15:00,33
2016-04-04-18:00,28
2016-04-04-21:00,29
2016-04-05-00:00,27
2016-04-05-02:00,27
2016-04-05-03:00,29
2016-04-05-04:00,32
2016-04-05-05:00,34
2016-04-05-06:00,35
2016-04-05-07:00,35
2016-04-05-08:00,36
2016-04-05-09:00,35
2016-04-05-10:00,35
2016-04-05-11:00,35
2016-04-05-12:00,34
2016-04-05-13:00,33
2016-04-05-15:00,31
2016-04-05-18:00,30
2016-04-05-21:00,29
2016-04-06-00:00,25
2016-04-06-02:00,24
2016-04-06-03:00,26
2016-04-06-04:00,29
2016-04-06-05:00,32
2016-04-06-06:00,34
2016-04-06-07:00,35
2016-04-06-08:00,36
2016-04-06-09:00,36
2016-04-06-10:00,36
2016-04-06-11:00,37
2016-04-06-12:00,35
2016-04-06-13:00,34
2016-04-06-15:00,30
2016-04-06-18:00,27
2016-04-06-21:00,26
2016-04-07-00:00,23
2016-04-07-02:00,22
2016-04-07-03:00,23
2016-04-07-05:00,28
2016-04-07-06:00,32
2016-04-07-07:00,33
2016-04-07-08:00,34
2016-04-07-09:00,35
2016-04-07-10:00,36
2016-04-07-11:00,35
2016-04-07-12:00,35
2016-04-07-13:00,33
2016-04-07-15:00,30
2016-04-07-18:00,26
2016-04-07-21:00,24
2016-04-08-00:00,20
2016-04-08-02:00,20
2016-04-08-03:00,24
2016-04-08-05:00,31
2016-04-08-06:00,33
2016-04-08-07:00,34
2016-04-08-08:00,34
2016-04-08-09:00,34
2016-04-08-10:00,35
2016-04-08-11:00,35
2016-04-08-12:00,34
2016-04-08-13:00,33
2016-04-08-15:00,28
2016-04-08-18:00,23
2016-04-08-21:00,21
2016-04-09-00:00,20
2016-04-09-02:00,21
2016-04-09-03:00,25
2016-04-09-04:00,28
2016-04-09-05:00,32
2016-04-09-06:00,34
2016-04-09-07:00,35
2016-04-09-08:00,36
2016-04-09-09:00,36
2016-04-09-10:00,37
2016-04-09-11:00,36
2016-04-09-12:00,35
2016-04-09-13:00,34
2016-04-09-15:00,30
2016-04-09-18:00,29
2016-04-09-21:00,28
2016-04-10-00:00,26
2016-04-10-02:00,27
2016-04-10-03:00,29
2016-04-10-04:00,31
2016-04-10-05:00,34
2016-04-10-06:00,35
2016-04-10-07:00,36
2016-04-10-08:00,37
2016-04-10-09:00,36
2016-04-10-10:00,36
2016-04-10-11:00,36
2016-04-10-12:00,35
2016-04-10-13:00,34
2016-04-10-15:00,29
2016-04-10-18:00,28
2016-04-10-21:00,27
2016-04-11-00:00,22
2016-04-11-02:00,22
2016-04-11-03:00,25
2016-04-11-04:00,27
2016-04-11-05:00,30
2016-04-11-06:00,31
2016-04-11-07:00,33
2016-04-11-08:00,34
2016-04-11-09:00,35
2016-04-11-11:00,35
2016-04-11-12:00,34
2016-04-11-12:30,34
2016-04-11-15:00,30
2016-04-11-18:00,28
2016-04-11-21:00,27
2016-04-12-00:00,23
2016-04-12-02:00,24
2016-04-12-03:00,25
2016-04-12-04:00,28
2016-04-12-05:00,30
2016-04-12-06:00,32
2016-04-12-08:00,34
2016-04-12-09:00,35
2016-04-12-10:00,35
2016-04-12-11:00,35
2016-04-12-12:00,34
2016-04-12-13:00,33
2016-04-12-15:00,30
2016-04-12-18:00,28
2016-04-12-21:00,27
2016-04-13-00:00,24
2016-04-13-02:00,24
2016-04-13-03:00,27
2016-04-13-04:00,29
2016-04-13-05:00,32
2016-04-13-06:00,34
2016-04-13-07:00,34
2016-04-13-08:00,35
2016-04-13-09:00,38
2016-04-13-10:00,38
2016-04-13-11:00,37
2016-04-13-12:00,37
2016-04-13-13:00,35
2016-04-13-15:00,31
2016-04-13-18:00,27
2016-04-13-21:00,26
2016-04-14-00:00,25
2016-04-14-02:00,25
2016-04-14-03:00,29
2016-04-14-04:00,31
2016-04-14-05:00,34
2016-04-14-06:00,35
2016-04-14-07:00,37
2016-04-14-08:00,38
2016-04-14-09:00,39
2016-04-14-10:00,39
2016-04-14-11:00,38
2016-04-14-12:00,38
2016-04-14-13:00,36
2016-04-14-15:00,31
2016-04-14-18:00,28
2016-04-14-21:00,27
2016-04-15-00:00,23
2016-04-15-02:00,25
2016-04-15-03:00,30
2016-04-15-04:00,32
2016-04-15-05:00,35
2016-04-15-06:00,37
2016-04-15-07:00,38
2016-04-15-08:00,39
2016-04-15-09:00,39
2016-04-15-10:00,40
2016-04-15-11:00,39
2016-04-15-12:00,39
2016-04-15-13:00,37
2016-04-15-15:00,32
2016-04-15-18:00,28
2016-04-15-21:00,25
2016-04-16-00:00,25
2016-04-16-02:00,28
2016-04-16-03:00,31
2016-04-16-04:00,33
2016-04-16-05:00,36
2016-04-16-06:00,38
2016-04-16-07:00,39
2016-04-16-08:00,40
2016-04-16-09:00,42
2016-04-16-10:00,42
2016-04-16-11:00,41
2016-04-16-12:00,41
2016-04-16-13:00,39
2016-04-16-15:00,33
2016-04-16-18:00,32
2016-04-16-21:00,31
2016-04-17-00:00,31
2016-04-17-02:00,31
2016-04-17-03:00,31
2016-04-17-04:00,32
2016-04-17-05:00,34
2016-04-17-06:00,36
2016-04-17-07:00,38
2016-04-17-08:00,38
2016-04-17-09:00,39
2016-04-17-11:00,40
2016-04-17-12:00,40
2016-04-17-13:00,38
2016-04-17-15:00,32
2016-04-17-18:00,30
2016-04-17-21:00,30
2016-04-18-00:00,29
2016-04-18-02:00,29
2016-04-18-03:00,30
2016-04-18-04:00,32
2016-04-18-05:00,35
2016-04-18-06:00,37
2016-04-18-07:00,38
2016-04-18-08:00,40
2016-04-18-09:00,40
2016-04-18-10:00,40
2016-04-18-11:00,39
2016-04-18-12:00,39
2016-04-18-13:00,36
2016-04-18-15:00,33
2016-04-18-18:00,29
2016-04-18-21:00,28
2016-04-19-00:00,26
2016-04-19-02:00,27
2016-04-19-03:00,30
2016-04-19-04:00,32
2016-04-19-05:00,34
2016-04-19-06:00,36
2016-04-19-07:00,38
2016-04-19-08:00,39
2016-04-19-09:00,40
2016-04-19-11:00,40
2016-04-19-12:00,39
2016-04-19-13:00,37
2016-04-19-15:00,34
2016-04-19-18:00,29
2016-04-19-21:00,29
2016-04-20-00:00,27
2016-04-20-02:00,28
2016-04-20-03:00,29
2016-04-20-04:00,31
2016-04-20-05:00,33
2016-04-20-06:00,35
2016-04-20-07:00,37
2016-04-20-08:00,38
2016-04-20-09:00,39
2016-04-20-10:00,40
2016-04-20-11:00,39
2016-04-20-12:00,38
2016-04-20-13:00,36
2016-04-20-15:00,34
2016-04-20-18:00,32
2016-04-20-21:00,29
2016-04-21-00:00,27
2016-04-21-02:00,28
2016-04-21-03:00,30
2016-04-21-04:00,32
2016-04-21-06:00,37
2016-04-21-07:00,37
2016-04-21-08:00,38
2016-04-21-09:00,38
2016-04-21-10:00,39
2016-04-21-11:00,38
2016-04-21-12:00,38
2016-04-21-13:00,37
2016-04-21-15:00,34
2016-04-21-18:00,30
2016-04-21-21:00,27
2016-04-22-00:00,25
2016-04-22-03:00,30
2016-04-22-04:00,33
2016-04-22-05:00,36
2016-04-22-06:00,37
2016-04-22-07:00,37
2016-04-22-08:00,38
2016-04-22-09:00,39
2016-04-22-12:00,38
2016-04-22-15:00,31
2016-04-22-18:00,28
2016-04-22-21:00,27
2016-04-23-00:00,24
2016-04-23-03:00,29
2016-04-23-06:00,34
2016-04-23-07:00,35
2016-04-23-08:00,36
2016-04-23-09:00,36
2016-04-23-10:00,37
2016-04-23-11:00,36
2016-04-23-12:00,36
2016-04-23-13:00,34
2016-04-23-15:00,29
2016-04-23-18:00,24
2016-04-23-21:00,22
2016-04-24-00:00,20
2016-04-24-02:00,23
2016-04-24-03:00,26
2016-04-24-04:00,31
2016-04-24-05:00,34
2016-04-24-06:00,35
2016-04-24-07:00,36
2016-04-24-08:00,36
2016-04-24-09:00,37
2016-04-24-10:00,37
2016-04-24-11:00,37
2016-04-24-12:00,36
2016-04-24-13:00,36
2016-04-24-15:00,29
2016-04-24-18:00,25
2016-04-24-21:00,23
2016-04-25-00:00,21
2016-04-25-02:00,22
2016-04-25-03:00,26
2016-04-25-04:00,31
2016-04-25-05:00,34
2016-04-25-06:00,35
2016-04-25-07:00,37
2016-04-25-08:00,38
2016-04-25-09:00,39
2016-04-25-10:00,39
2016-04-25-11:00,38
2016-04-25-12:00,37
2016-04-25-13:00,35
2016-04-25-15:00,29
2016-04-25-18:00,24
2016-04-25-21:00,23
2016-04-26-00:00,22
2016-04-26-02:00,24
2016-04-26-03:00,28
2016-04-26-04:00,33
2016-04-26-05:00,36
2016-04-26-06:00,38
2016-04-26-07:00,38
2016-04-26-08:00,39
2016-04-26-09:00,40
2016-04-26-10:00,40
2016-04-26-11:00,39
2016-04-26-12:00,37
2016-04-26-13:00,35
2016-04-26-15:00,31
2016-04-26-18:00,28
2016-04-26-21:00,27
2016-04-27-00:00,23
2016-04-27-02:00,23
2016-04-27-03:00,28
2016-04-27-04:00,33
2016-04-27-05:00,37
2016-04-27-06:00,39
2016-04-27-07:00,39
2016-04-27-08:00,40
2016-04-27-09:00,40
2016-04-27-10:00,37
2016-04-27-11:00,37
2016-04-27-12:00,37
2016-04-27-13:00,36
2016-04-27-15:00,30
2016-04-27-18:00,26
2016-04-27-21:00,25
2016-04-28-00:00,23
2016-04-28-03:00,28
2016-04-28-06:00,38
2016-04-28-07:00,39
2016-04-28-08:00,39
2016-04-28-09:00,40
2016-04-28-10:00,40
2016-04-28-11:00,39
2016-04-28-12:00,39
2016-04-28-13:00,36
2016-04-28-15:00,31
2016-04-28-18:00,27
2016-04-28-21:00,25
2016-04-29-00:00,23
2016-04-29-02:00,24
2016-04-29-03:00,29
2016-04-29-04:00,33
2016-04-29-05:00,36
2016-04-29-06:00,38
2016-04-29-07:00,39
2016-04-29-08:00,39
2016-04-29-09:00,40
2016-04-29-10:00,39
2016-04-29-11:00,39
2016-04-29-12:00,38
2016-04-29-15:00,33
2016-04-29-18:00,27
2016-04-30-00:00,23
2016-04-30-02:00,24
2016-04-30-03:00,28
2016-04-30-04:00,31
2016-04-30-05:00,34
2016-04-30-06:00,36
2016-04-30-07:00,38
2016-04-30-08:00,39
2016-04-30-09:00,39
2016-04-30-10:00,40
2016-04-30-11:00,39
2016-04-30-12:00,38
2016-04-30-13:00,37
2016-04-30-15:00,30
2016-04-30-18:00,27
2016-04-30-21:00,26
2016-05-01-00:00,22
2016-05-01-02:00,24
2016-05-01-03:00,28
2016-05-01-04:00,33
2016-05-01-05:00,37
2016-05-01-06:00,39
2016-05-01-07:00,40
2016-05-01-08:00,41
2016-05-01-09:00,42
2016-05-01-10:00,41
2016-05-01-11:00,41
2016-05-01-12:00,41
2016-05-01-13:00,40
2016-05-01-15:00,31
2016-05-01-18:00,28
2016-05-01-21:00,27
2016-05-02-00:00,25
2016-05-02-02:00,28
2016-05-02-03:00,33
2016-05-02-04:00,36
2016-05-02-05:00,39
2016-05-02-06:00,42
2016-05-02-07:00,42
2016-05-02-08:00,43
2016-05-02-09:00,43
2016-05-02-10:00,44
2016-05-02-11:00,42
2016-05-02-12:00,41
2016-05-02-13:00,41
2016-05-02-15:00,37
2016-05-02-18:00,34
2016-05-03-00:00,32
2016-05-03-02:00,33
2016-05-03-03:00,34
2016-05-03-04:00,36
2016-05-03-05:00,37
2016-05-03-06:00,37
2016-05-03-07:00,37
2016-05-03-08:00,38
2016-05-03-09:00,39
2016-05-03-10:00,39
2016-05-03-11:00,39
2016-05-03-12:00,38
2016-05-03-13:00,35
2016-05-03-15:00,34
2016-05-03-18:00,32
2016-05-03-21:00,28
2016-05-04-00:00,29
2016-05-04-02:00,30
2016-05-04-03:00,32
2016-05-04-04:00,34
2016-05-04-06:00,38
2016-05-04-07:00,39
2016-05-04-08:00,40
2016-05-04-09:00,38
2016-05-04-10:00,36
2016-05-04-11:00,35
2016-05-04-12:00,31
2016-05-04-13:00,31
2016-05-04-15:00,30
2016-05-04-18:00,29
2016-05-05-00:00,25
2016-05-05-02:00,25
2016-05-05-03:00,27
2016-05-05-04:00,29
2016-05-05-05:00,33
2016-05-05-06:00,33
2016-05-05-08:00,33
2016-05-05-09:00,34
2016-05-05-10:00,34
2016-05-05-11:00,34
2016-05-05-12:00,34
2016-05-05-13:00,33
2016-05-05-15:00,31
2016-05-05-18:00,27
2016-05-05-21:00,27
2016-05-06-00:00,26
2016-05-06-02:00,26
2016-05-06-03:00,28
2016-05-06-04:00,31
2016-05-06-05:00,34
2016-05-06-06:00,34
2016-05-06-07:00,34
2016-05-06-08:00,34
2016-05-06-09:00,35
2016-05-06-10:00,34
2016-05-06-11:00,34
2016-05-06-12:00,34
2016-05-06-13:00,33
2016-05-06-15:00,31
2016-05-06-18:00,28
2016-05-06-21:00,27
2016-05-07-00:00,26
2016-05-07-02:00,26
2016-05-07-03:00,30
2016-05-07-04:00,32
2016-05-07-05:00,33
2016-05-07-06:00,35
2016-05-07-07:00,36
2016-05-07-08:00,37
2016-05-07-09:00,38
2016-05-07-10:00,38
2016-05-07-11:00,37
2016-05-07-12:00,37
2016-05-07-13:00,36
2016-05-07-15:00,34
2016-05-07-18:00,30
2016-05-07-21:00,28
2016-05-08-00:00,26
2016-05-08-03:00,31
2016-05-08-04:00,34
2016-05-08-05:00,36
2016-05-08-06:00,38
2016-05-08-07:00,38
2016-05-08-08:00,39
2016-05-08-09:00,39
2016-05-08-10:00,39
2016-05-08-11:00,39
2016-05-08-12:00,38
2016-05-08-13:00,36
2016-05-08-15:00,33
2016-05-08-18:00,31
2016-05-08-21:00,30
2016-05-09-00:00,28
2016-05-09-02:00,28
2016-05-09-03:00,30
2016-05-09-04:00,32
2016-05-09-05:00,34
2016-05-09-06:00,35
2016-05-09-07:00,37
2016-05-09-08:00,38
2016-05-09-09:00,38
2016-05-09-10:00,38
2016-05-09-11:00,38
2016-05-09-12:00,37
2016-05-09-13:00,35
2016-05-09-15:00,32
2016-05-09-18:00,31
2016-05-09-21:00,30
2016-05-10-00:00,27
2016-05-10-02:00,29
2016-05-10-03:00,31
2016-05-10-04:00,34
2016-05-10-05:00,36
2016-05-10-06:00,37
2016-05-10-07:00,38
2016-05-10-08:00,38
2016-05-10-09:00,38
2016-05-10-10:00,38
2016-05-10-11:00,37
2016-05-10-12:00,37
2016-05-10-13:00,35
2016-05-10-15:00,33
2016-05-10-18:00,31
2016-05-10-21:00,25
2016-05-11-00:00,24
2016-05-11-02:00,25
2016-05-11-03:00,27
2016-05-11-04:00,30
2016-05-11-05:00,32
2016-05-11-06:00,33
2016-05-11-07:00,36
2016-05-11-08:00,37
2016-05-11-09:00,38
2016-05-11-10:00,38
2016-05-11-11:00,37
2016-05-11-12:00,36
2016-05-11-13:00,35
2016-05-11-15:00,33
2016-05-11-18:00,30
2016-05-11-21:00,29
2016-05-12-00:00,27
2016-05-12-02:00,29
2016-05-12-03:00,31
2016-05-12-04:00,34
2016-05-12-05:00,35
2016-05-12-06:00,37
2016-05-12-07:00,37
2016-05-12-08:00,39
2016-05-12-09:00,40
2016-05-12-10:00,40
2016-05-12-11:00,40
2016-05-12-12:00,40
2016-05-12-13:00,38
2016-05-12-15:00,34
2016-05-12-18:00,33
2016-05-12-21:00,32
2016-05-13-00:00,28
2016-05-13-02:00,31
2016-05-13-03:00,34
2016-05-13-04:00,36
2016-05-13-05:00,38
2016-05-13-06:00,39
2016-05-13-07:00,40
2016-05-13-08:00,42
2016-05-13-09:00,42
2016-05-13-10:00,42
2016-05-13-11:00,42
2016-05-13-12:00,41
2016-05-13-12:15,41
2016-05-13-13:00,38
2016-05-13-15:00,35
2016-05-13-18:00,33
2016-05-13-21:00,32
2016-05-14-00:00,28
2016-05-14-02:00,30
2016-05-14-03:00,32
2016-05-14-04:00,35
2016-05-14-05:00,37
2016-05-14-06:00,39
2016-05-14-07:00,40
2016-05-14-08:00,40
2016-05-14-09:00,41
2016-05-14-10:00,42
2016-05-14-11:00,41
2016-05-14-12:00,41
2016-05-14-13:00,40
2016-05-14-15:00,34
2016-05-14-18:00,33
2016-05-14-21:00,32
2016-05-15-00:00,28
2016-05-15-02:00,29
2016-05-15-03:00,34
2016-05-15-04:00,37
2016-05-15-05:00,39
2016-05-15-06:00,41
2016-05-15-07:00,42
2016-05-15-08:00,42
2016-05-15-09:00,42
2016-05-15-10:00,42
2016-05-15-11:00,41
2016-05-15-12:00,41
2016-05-15-13:00,40
2016-05-15-15:00,35
2016-05-15-18:00,32
2016-05-15-21:00,31
2016-05-16-00:00,27
2016-05-16-02:00,30
2016-05-16-03:00,34
2016-05-16-04:00,37
2016-05-16-06:00,40
2016-05-16-07:00,41
2016-05-16-08:00,42
2016-05-16-09:00,43
2016-05-16-10:00,43
2016-05-16-11:00,43
2016-05-16-12:00,42
2016-05-16-13:00,40
2016-05-16-15:00,37
2016-05-16-18:00,33
2016-05-16-21:00,32
2016-05-17-00:00,30
2016-05-17-02:00,31
2016-05-17-03:00,34
2016-05-17-04:00,36
2016-05-17-05:00,39
2016-05-17-06:00,40
2016-05-17-07:00,41
2016-05-17-08:00,42
2016-05-17-09:00,43
2016-05-17-10:00,43
2016-05-17-11:00,42
2016-05-17-12:00,42
2016-05-17-13:00,41
2016-05-17-15:00,37
2016-05-17-18:00,31
2016-05-17-21:00,28
2016-05-18-00:00,27
2016-05-18-01:00,27
2016-05-18-03:00,35
2016-05-18-04:00,37
2016-05-18-05:00,40
2016-05-18-06:00,42
2016-05-18-07:00,42
2016-05-18-08:00,43
2016-05-18-09:00,43
2016-05-18-10:00,43
2016-05-18-11:00,43
2016-05-18-12:00,43
2016-05-18-13:00,41
2016-05-18-15:00,36
2016-05-18-18:00,32
2016-05-18-21:00,30
2016-05-19-00:00,29
2016-05-19-02:00,30
2016-05-19-03:00,33
2016-05-19-04:00,35
2016-05-19-05:00,37
2016-05-19-06:00,39
2016-05-19-07:00,39
2016-05-19-08:00,41
2016-05-19-09:00,42
2016-05-19-10:00,43
2016-05-19-11:00,42
2016-05-19-12:00,42
2016-05-19-13:00,41
2016-05-19-15:00,37
2016-05-19-18:00,35
2016-05-19-21:00,33
2016-05-20-00:00,32
2016-05-20-03:00,33
2016-05-20-04:00,35
2016-05-20-05:00,37
2016-05-20-06:00,38
2016-05-20-07:00,38
2016-05-20-08:00,40
2016-05-20-09:00,40
2016-05-20-10:00,41
2016-05-20-11:00,41
2016-05-20-12:00,41
2016-05-20-13:00,40
2016-05-20-15:00,36
2016-05-20-18:00,35
2016-05-20-21:00,34
2016-05-21-00:00,31
2016-05-21-02:00,32
2016-05-21-03:00,32
2016-05-21-04:00,33
2016-05-21-05:00,35
2016-05-21-06:00,38
2016-05-21-08:00,40
2016-05-21-09:00,41
2016-05-21-10:00,40
2016-05-21-11:00,41
2016-05-21-12:00,40
2016-05-21-13:00,39
2016-05-21-15:00,36
2016-05-21-18:00,33
2016-05-21-21:00,31
2016-05-22-00:00,29
2016-05-22-02:00,30
2016-05-22-03:00,32
2016-05-22-04:00,33
2016-05-22-05:00,36
2016-05-22-06:00,38
2016-05-22-07:00,39
2016-05-22-09:00,42
2016-05-22-10:00,43
2016-05-22-11:00,42
2016-05-22-12:00,41
2016-05-22-13:00,40
2016-05-22-15:00,38
2016-05-22-18:00,35
2016-05-22-21:00,34
2016-05-23-00:00,32
2016-05-23-02:00,32
2016-05-23-03:00,34
2016-05-23-05:00,37
2016-05-23-06:00,37
2016-05-23-07:00,39
2016-05-23-08:00,40
2016-05-23-09:00,41
2016-05-23-11:00,27
2016-05-23-12:00,27
2016-05-23-13:00,25
2016-05-23-15:00,24
2016-05-23-18:00,30
2016-05-23-21:00,26
2016-05-24-00:00,24
2016-05-24-02:00,26
2016-05-24-03:00,27
2016-05-24-04:00,26
2016-05-24-05:00,30
2016-05-24-06:00,32
2016-05-24-06:30,32
2016-05-24-07:00,33
2016-05-24-07:30,34
2016-05-24-08:00,34
2016-05-24-08:30,35
2016-05-24-09:00,35
2016-05-24-10:00,35
2016-05-24-11:00,35
2016-05-24-12:00,35
2016-05-24-13:00,34
2016-05-24-15:00,33
2016-05-24-18:00,30
2016-05-24-21:00,29
2016-05-25-00:00,28
2016-05-25-02:00,28
2016-05-25-02:30,29
2016-05-25-03:00,29
2016-05-25-04:00,32
2016-05-25-05:00,34
2016-05-25-06:00,37
2016-05-25-06:30,37
2016-05-25-07:00,37
2016-05-25-07:30,37
2016-05-25-08:00,37
2016-05-25-09:00,38
2016-05-25-09:30,38
2016-05-25-10:00,39
2016-05-25-10:30,39
2016-05-25-11:00,37
2016-05-25-11:30,33
2016-05-25-12:00,29
2016-05-25-12:30,29
2016-05-25-13:00,29
2016-05-25-15:00,30
2016-05-25-18:00,29
2016-05-25-21:00,29
2016-05-26-00:00,27
2016-05-26-02:00,28
2016-05-26-03:00,30
2016-05-26-03:30,31
2016-05-26-04:00,33
2016-05-26-04:30,34
2016-05-26-05:00,35
2016-05-26-05:30,26
2016-05-26-06:00,37
2016-05-26-06:30,37
2016-05-26-07:00,38
2016-05-26-07:30,39
2016-05-26-08:00,38
2016-05-26-08:30,38
2016-05-26-09:00,38
2016-05-26-09:30,39
2016-05-26-10:00,39
2016-05-26-10:30,39
2016-05-26-11:00,39
2016-05-26-11:30,38
2016-05-26-12:00,38
2016-05-26-12:30,38
2016-05-26-13:00,38
2016-05-26-15:00,35
2016-05-26-18:00,33
2016-05-26-21:00,32
2016-05-27-00:00,32
2016-05-27-03:00,34
2016-05-27-03:30,34
2016-05-27-04:30,36
2016-05-27-05:30,38
2016-05-27-06:00,40
2016-05-27-06:30,40
2016-05-27-07:00,41
2016-05-27-07:30,40
2016-05-27-08:00,40
2016-05-27-09:00,41
2016-05-27-09:30,41
2016-05-27-10:00,41
2016-05-27-10:30,41
2016-05-27-11:00,40
2016-05-27-11:30,40
2016-05-27-12:00,40
2016-05-27-12:30,40
2016-05-27-13:00,39
2016-05-27-15:00,37
2016-05-27-18:00,34
2016-05-27-21:00,33
2016-05-28-00:00,32
2016-05-28-01:30,32.5
2016-05-28-02:00,33
2016-05-28-02:30,33
2016-05-28-03:00,35
2016-05-28-04:00,36
2016-05-28-05:00,37
2016-05-28-06:00,38
2016-05-28-07:00,39
2016-05-28-08:00,40
2016-05-28-09:00,40.5
2016-05-28-10:00,41
2016-05-28-11:00,41
2016-05-28-12:00,41
2016-05-28-13:00,40
2016-05-28-15:00,37
2016-05-28-18:00,28
2016-05-28-21:00,26
2016-05-29-00:00,25
2016-05-29-02:00,27
2016-05-29-03:00,28
2016-05-29-04:00,30
2016-05-29-05:00,32
2016-05-29-06:00,32
2016-05-29-07:00,33
2016-05-29-08:00,34
2016-05-29-09:00,35
2016-05-29-10:00,36
2016-05-29-11:00,37
2016-05-29-12:00,36
2016-05-29-13:00,35
2016-05-29-15:00,31
2016-05-29-18:00,28
2016-05-29-21:00,25
2016-05-30-00:00,25
2016-05-30-02:00,25
2016-05-30-03:00,23
2016-05-30-04:00,24
2016-05-30-05:00,24
2016-05-30-06:00,26
2016-05-30-07:00,29
2016-05-30-08:00,31
2016-05-30-09:00,32
2016-05-30-10:00,29
2016-05-30-11:00,26
2016-05-30-12:00,29
2016-05-30-13:00,28
2016-05-30-15:00,27
2016-05-30-18:00,26
2016-05-30-21:00,25
2016-05-31-00:00,25
2016-05-31-02:00,28
2016-05-31-03:00,29
2016-05-31-04:00,31
2016-05-31-05:00,33
2016-05-31-06:00,36
2016-05-31-07:00,36
2016-05-31-08:00,37
2016-05-31-09:00,37
2016-05-31-10:00,37
2016-05-31-12:00,37
2016-05-31-15:00,32
2016-05-31-18:00,30
2016-05-31-21:00,29
2016-06-01-00:00,27
2016-06-01-03:00,31
2016-06-01-04:00,34
2016-06-01-05:00,36
2016-06-01-06:00,37
2016-06-01-07:00,38
2016-06-01-08:00,39
2016-06-01-09:00,39
2016-06-01-10:00,40
2016-06-01-11:00,39
2016-06-01-12:00,39
2016-06-01-13:00,38
2016-06-01-15:00,36
2016-06-01-18:00,34
2016-06-01-21:00,33
2016-06-02-00:00,31
2016-06-02-02:00,32
2016-06-02-03:00,34
2016-06-02-04:00,36
2016-06-02-05:00,38
2016-06-02-06:00,40
2016-06-02-07:00,41
2016-06-02-08:00,41
2016-06-02-09:00,42
2016-06-02-10:00,42
2016-06-02-11:00,42
2016-06-02-12:00,41
2016-06-02-13:00,40
2016-06-02-15:00,36
2016-06-02-18:00,33
2016-06-02-21:00,32
2016-06-03-00:00,30
2016-06-03-02:00,32
2016-06-03-03:00,34
2016-06-03-04:00,35
2016-06-03-05:00,38
2016-06-03-06:00,40
2016-06-03-07:00,41
2016-06-03-08:00,42
2016-06-03-09:00,42
2016-06-03-10:00,43
2016-06-03-11:00,41
2016-06-03-12:00,41
2016-06-03-13:00,40
2016-06-03-15:00,36
2016-06-03-18:00,34
2016-06-03-21:00,32
2016-06-04-00:00,31
2016-06-04-02:00,33
2016-06-04-03:00,35
2016-06-04-04:00,38
2016-06-04-05:00,40
2016-06-04-06:00,41
2016-06-04-08:00,42
2016-06-04-09:00,42
2016-06-04-10:00,43
2016-06-04-11:00,42
2016-06-04-12:00,41
2016-06-04-13:00,40
2016-06-04-15:00,37
2016-06-04-18:00,35
2016-06-04-21:00,33
2016-06-05-00:00,32
2016-06-05-02:00,32
2016-06-05-03:00,33
2016-06-05-04:00,35
2016-06-05-05:00,37
2016-06-05-06:00,38
2016-06-05-07:00,40
2016-06-05-09:00,42
2016-06-05-12:00,41
2016-06-05-15:00,37
2016-06-05-18:00,34
2016-06-05-21:00,33
2016-06-06-00:00,32
2016-06-06-03:00,34
2016-06-06-04:00,36
2016-06-06-06:00,38
2016-06-06-07:00,39
2016-06-06-08:00,38
2016-06-06-09:00,38
2016-06-06-10:00,38
2016-06-06-11:00,37
2016-06-06-12:00,34
2016-06-06-13:00,36
2016-06-06-15:00,33
2016-06-06-18:00,32
2016-06-06-21:00,31
2016-06-07-00:00,30
2016-06-07-02:00,31
2016-06-07-04:00,34
2016-06-07-05:00,36
2016-06-07-06:00,38
2016-06-07-07:00,37
2016-06-07-08:00,38
2016-06-07-09:00,37
2016-06-07-10:00,37
2016-06-07-11:00,37
2016-06-07-12:00,36
2016-06-07-13:00,35
2016-06-07-15:00,33
2016-06-07-18:00,32
2016-06-07-21:00,31
2016-06-08-00:00,30
2016-06-08-02:00,31
2016-06-08-03:00,33
2016-06-08-04:00,35
2016-06-08-05:00,37
2016-06-08-06:00,38
2016-06-08-09:00,41
2016-06-08-10:00,41
2016-06-08-11:00,40
2016-06-08-12:00,39
2016-06-08-13:00,37
2016-06-08-15:00,36
2016-06-08-18:00,34
2016-06-08-21:00,33
2016-06-09-00:00,31
2016-06-09-03:00,32
2016-06-09-05:00,37
2016-06-09-06:00,38
2016-06-09-07:00,38
2016-06-09-08:00,39
2016-06-09-09:00,40
2016-06-09-10:00,41
2016-06-09-11:00,39
2016-06-09-12:00,36
2016-06-09-13:00,35
2016-06-09-15:00,34
2016-06-09-18:00,32
2016-06-09-21:00,30
2016-06-10-00:00,29
2016-06-10-02:00,30
2016-06-10-03:00,32
2016-06-10-04:00,35
2016-06-10-05:00,38
2016-06-10-06:00,38
2016-06-10-07:00,40
2016-06-10-08:00,41
2016-06-10-09:00,42
2016-06-10-10:00,42
2016-06-10-11:00,39
2016-06-10-12:00,36
2016-06-10-13:00,34.5
2016-06-10-15:00,33
2016-06-10-18:00,34
2016-06-10-21:00,33
2016-06-11-00:00,26
2016-06-11-02:00,28
2016-06-11-03:00,30
2016-06-11-04:00,32
2016-06-11-05:00,33
2016-06-11-06:00,33
2016-06-11-07:00,35
2016-06-11-08:00,37
2016-06-11-09:00,38
2016-06-11-10:00,39
2016-06-11-11:00,39
2016-06-11-12:00,38
2016-06-11-13:00,37
2016-06-11-15:00,31
2016-06-11-18:00,30
2016-06-11-21:00,29
2016-06-12-00:00,29
2016-06-12-02:00,30
2016-06-12-03:00,32
2016-06-12-04:00,34
2016-06-12-05:00,35
2016-06-12-06:00,37
2016-06-12-07:00,37
2016-06-12-08:00,38
2016-06-12-09:00,39
2016-06-12-10:00,39
2016-06-12-11:00,39
2016-06-12-12:00,39
2016-06-12-13:00,38
2016-06-12-15:00,36
2016-06-12-18:00,34
2016-06-12-21:00,32
2016-06-13-00:00,30
2016-06-13-02:00,32
2016-06-13-03:00,34
2016-06-13-04:00,36
2016-06-13-05:00,38
2016-06-13-06:00,39
2016-06-13-07:00,39
2016-06-13-08:00,40
2016-06-13-09:00,40
2016-06-13-10:00,41
2016-06-13-11:00,41
2016-06-13-12:00,40
2016-06-13-13:00,39
2016-06-13-15:00,31
2016-06-13-18:00,28
2016-06-13-21:00,28
2016-06-14-00:00,27
2016-06-14-02:00,28
2016-06-14-03:00,30
2016-06-14-04:00,31
2016-06-14-05:00,31
2016-06-14-06:00,32
2016-06-14-07:00,33
2016-06-14-08:00,34
2016-06-14-09:00,35
2016-06-14-10:00,35
2016-06-14-11:00,36
2016-06-14-12:00,36
2016-06-14-13:00,35
2016-06-14-15:00,34
2016-06-14-18:00,33
2016-06-14-21:00,32
2016-06-15-00:00,31
2016-06-15-02:00,32
2016-06-15-03:00,34
2016-06-15-04:00,35
2016-06-15-05:00,36
2016-06-15-06:00,36
2016-06-15-07:00,37
2016-06-15-08:00,37
2016-06-15-09:00,36
2016-06-15-10:00,37
2016-06-15-11:00,38
2016-06-15-12:00,37
2016-06-15-15:00,32
2016-06-15-18:00,32
2016-06-15-21:00,31
2016-06-16-00:00,30
2016-06-16-02:00,29
2016-06-16-03:00,30
2016-06-16-05:00,34
2016-06-16-06:00,34
2016-06-16-07:00,35
2016-06-16-08:00,36
2016-06-16-09:00,36
2016-06-16-10:00,37
2016-06-16-12:00,37
2016-06-16-13:00,36
2016-06-16-15:00,34
2016-06-16-18:00,31
2016-06-16-21:00,30
2016-06-17-00:00,27
2016-06-17-02:00,27
2016-06-17-03:00,31
2016-06-17-04:00,33
2016-06-17-05:00,35
2016-06-17-06:00,36
2016-06-17-07:00,37
2016-06-17-08:00,39
2016-06-17-09:00,39
2016-06-17-10:00,39
2016-06-17-11:00,39
2016-06-17-12:00,38
2016-06-17-13:00,31
2016-06-17-15:00,32
2016-06-17-18:00,32
2016-06-17-21:00,32
2016-06-18-00:00,31
2016-06-18-02:00,32
2016-06-18-03:00,33
2016-06-18-04:00,36
2016-06-18-05:00,37
2016-06-18-06:00,38
2016-06-18-07:00,39
2016-06-18-08:00,39
2016-06-18-09:00,39
2016-06-18-12:00,39
2016-06-18-13:00,39
2016-06-18-15:00,35
2016-06-18-18:00,33
2016-06-18-21:00,32
2016-06-19-00:00,31
2016-06-19-02:00,32
2016-06-19-03:00,33
2016-06-19-04:00,34
2016-06-19-05:00,35
2016-06-19-06:00,37
2016-06-19-07:00,38
2016-06-19-08:00,39
2016-06-19-09:00,40
2016-06-19-10:00,40
2016-06-19-11:00,38
2016-06-19-12:00,37
2016-06-19-13:00,36
2016-06-19-15:00,35
2016-06-19-18:00,33
2016-06-19-21:00,32
2016-06-20-00:00,31
2016-06-20-02:00,33
2016-06-20-03:00,34
2016-06-20-04:00,36
2016-06-20-05:00,38
2016-06-20-06:00,38
2016-06-20-07:00,37
2016-06-20-08:00,31
2016-06-20-09:00,26
2016-06-20-10:00,26
2016-06-20-11:00,27
2016-06-20-12:00,27
2016-06-20-13:00,27
2016-06-20-15:00,28
2016-06-20-18:00,28
2016-06-20-21:00,28
2016-06-21-00:00,28
2016-06-21-02:00,28
2016-06-21-03:00,30
2016-06-21-04:00,32
2016-06-21-05:00,34
2016-06-21-06:00,35
2016-06-21-07:00,36
2016-06-21-08:00,37
2016-06-21-09:00,37
2016-06-21-10:00,37
2016-06-21-11:00,37
2016-06-21-12:00,33
2016-06-21-13:00,32
2016-06-21-15:00,30
2016-06-21-18:00,30
2016-06-21-21:00,30
2016-06-22-00:00,28
2016-06-22-02:00,29
2016-06-22-03:00,30
2016-06-22-04:00,32
2016-06-22-05:00,33
2016-06-22-06:00,35
2016-06-22-07:00,37
2016-06-22-08:00,37
2016-06-22-09:00,37
2016-06-22-10:00,37
2016-06-22-11:00,36
2016-06-22-12:00,36
2016-06-22-13:00,31
2016-06-22-15:00,31
2016-06-22-18:00,31
2016-06-22-21:00,30
2016-06-23-00:00,29
2016-06-23-03:00,28
2016-06-23-06:00,33
2016-06-23-07:00,33
2016-06-23-08:00,36
2016-06-23-09:00,37
2016-06-23-10:00,37
2016-06-23-11:00,37
2016-06-23-12:00,37
2016-06-23-13:00,36
2016-06-23-15:00,34
2016-06-23-18:00,32
2016-06-23-21:00,31
2016-06-24-00:00,30
2016-06-24-02:00,32
2016-06-24-03:00,33
2016-06-24-04:00,35
2016-06-24-05:00,36
2016-06-24-06:00,37
2016-06-24-07:00,38
2016-06-24-08:00,39
2016-06-24-09:00,39
2016-06-24-10:00,40
2016-06-24-11:00,40
2016-06-24-12:00,40
2016-06-24-13:00,39
2016-06-24-15:00,36
2016-06-24-18:00,35
2016-06-24-21:00,34
2016-06-25-00:00,33
2016-06-25-02:00,32
2016-06-25-03:00,33
2016-06-25-06:00,38
2016-06-25-07:00,39
2016-06-25-08:00,39
2016-06-25-09:00,39
2016-06-25-10:00,37
2016-06-25-11:00,37
2016-06-25-12:00,36
2016-06-25-13:00,36
2016-06-25-15:00,34
2016-06-25-18:00,32
2016-06-25-21:00,31
2016-06-26-00:00,30
2016-06-26-02:00,31
2016-06-26-03:00,32
2016-06-26-04:00,34
2016-06-26-05:00,36
2016-06-26-06:00,37
2016-06-26-07:00,37
2016-06-26-08:00,38
2016-06-26-09:00,39
2016-06-26-10:00,38
2016-06-26-11:00,36.5
2016-06-26-12:00,35
2016-06-26-13:00,36
2016-06-26-15:00,35
2016-06-26-18:00,33
2016-06-26-21:00,32
2016-06-27-00:00,31
2016-06-27-02:00,31
2016-06-27-03:00,32
2016-06-27-04:00,33
2016-06-27-05:00,34
2016-06-27-06:00,37
2016-06-27-07:00,37
2016-06-27-08:00,38
2016-06-27-09:00,38
2016-06-27-10:00,37
2016-06-27-11:00,36
2016-06-27-12:00,36
2016-06-27-13:00,36
2016-06-27-15:00,34
2016-06-27-18:00,33
2016-06-27-21:00,26
2016-06-28-00:00,28
2016-06-28-02:00,28
2016-06-28-03:00,26
2016-06-28-04:00,26
2016-06-28-05:00,27
2016-06-28-06:00,29
2016-06-28-07:00,31
2016-06-28-08:00,34
2016-06-28-09:00,35
2016-06-28-11:00,35
2016-06-28-12:00,35
2016-06-28-13:00,34
2016-06-28-15:00,32
2016-06-28-18:00,31
2016-06-29-00:00,28
2016-06-29-02:00,29
2016-06-29-03:00,32
2016-06-29-04:00,33
2016-06-29-05:00,35
2016-06-29-06:00,37
2016-06-29-07:00,38
2016-06-29-08:00,39
2016-06-29-09:00,39
2016-06-29-10:00,39
2016-06-29-11:00,39
2016-06-29-12:00,39
2016-06-29-13:00,38
2016-06-29-15:00,34
2016-06-29-18:00,34
2016-06-29-21:00,33
2016-06-30-00:00,31
2016-06-30-02:00,32
2016-06-30-03:00,34
2016-06-30-04:00,35
2016-06-30-05:00,37
2016-06-30-06:00,38
2016-06-30-08:00,39
2016-06-30-09:00,40
2016-06-30-10:00,39
2016-06-30-11:00,39
2016-06-30-12:00,40
2016-06-30-13:00,37
2016-06-30-15:00,31
2016-06-30-18:00,32
2016-06-30-21:00,28
2016-07-01-00:00,29
2016-07-01-02:00,29
2016-07-01-03:00,31
2016-07-01-04:00,32
2016-07-01-05:00,33
2016-07-01-06:00,34
2016-07-01-07:00,34
2016-07-01-08:00,36
2016-07-01-09:00,36
2016-07-01-10:00,36
2016-07-01-11:00,36
2016-07-01-12:00,35
2016-07-01-13:00,29
2016-07-01-15:00,30
2016-07-01-18:00,29
2016-07-01-21:00,25
2016-07-02-00:00,26
2016-07-02-02:00,27
2016-07-02-03:00,28
2016-07-02-04:00,28
2016-07-02-05:00,28
2016-07-02-06:00,29
2016-07-02-07:00,29
2016-07-02-08:00,29
2016-07-02-09:00,30
2016-07-02-10:00,30
2016-07-02-11:00,29.5
2016-07-02-12:00,29
2016-07-02-13:00,29
2016-07-02-15:00,28
2016-07-02-18:00,28
2016-07-02-21:00,28
2016-07-03-00:00,28
2016-07-03-02:00,28
2016-07-03-03:00,28
2016-07-03-04:00,29
2016-07-03-05:00,29
2016-07-03-06:00,30
2016-07-03-07:00,30
2016-07-03-08:00,31
2016-07-03-09:00,31
2016-07-03-10:00,31
2016-07-03-11:00,32
2016-07-03-12:00,31
2016-07-03-13:00,31
2016-07-03-15:00,30
2016-07-03-18:00,28
2016-07-03-21:00,26
2016-07-04-00:00,26
2016-07-04-02:00,27
2016-07-04-03:00,28
2016-07-04-04:00,29
2016-07-04-05:00,31
2016-07-04-06:00,30
2016-07-04-07:00,30
2016-07-04-08:00,32
2016-07-04-09:00,33
2016-07-04-10:00,34
2016-07-04-11:00,34
2016-07-04-12:00,34
2016-07-04-13:00,33
2016-07-04-15:00,31
2016-07-04-18:00,30
2016-07-04-21:00,29
2016-07-05-00:00,29
2016-07-05-02:00,29
2016-07-05-03:00,31
2016-07-05-04:00,33
2016-07-05-05:00,34
2016-07-05-06:00,35
2016-07-05-07:00,36
2016-07-05-08:00,36
2016-07-05-09:00,36
2016-07-05-10:00,34
2016-07-05-11:00,35
2016-07-05-12:00,34
2016-07-05-13:00,34
2016-07-05-15:00,33
2016-07-05-18:00,32
2016-07-05-21:00,31
2016-07-06-00:00,30
2016-07-06-02:00,30
2016-07-06-03:00,30
2016-07-06-04:00,31
2016-07-06-05:00,33
2016-07-06-06:00,34
2016-07-06-07:00,36
2016-07-06-08:00,35
2016-07-06-09:00,35
2016-07-06-10:00,36
2016-07-06-11:00,36
2016-07-06-12:00,35
2016-07-06-13:00,34
2016-07-06-15:00,33
2016-07-06-18:00,31
2016-07-07-00:00,30
2016-07-07-02:00,30
2016-07-07-03:00,31
2016-07-07-04:00,32
2016-07-07-05:00,34
2016-07-07-06:00,34
2016-07-07-07:00,34
2016-07-07-08:00,36
2016-07-07-09:00,37
2016-07-07-10:00,36
2016-07-07-11:00,35
2016-07-07-12:00,35
2016-07-07-13:00,35
2016-07-07-15:00,34
2016-07-07-18:00,32
2016-07-07-21:00,31
2016-07-08-00:00,31
2016-07-08-02:00,31
2016-07-08-03:00,33
2016-07-08-04:00,34
2016-07-08-05:00,35
2016-07-08-06:00,31
2016-07-08-07:00,29
2016-07-08-08:00,29
2016-07-08-09:00,29
2016-07-08-10:00,30
2016-07-08-11:00,30
2016-07-08-12:00,31
2016-07-08-13:00,31
2016-07-08-18:00,29
2016-07-08-21:00,29
2016-07-09-00:00,29
2016-07-09-02:00,30
2016-07-09-03:00,31
2016-07-09-04:00,32
2016-07-09-05:00,33
2016-07-09-06:00,34
2016-07-09-07:00,35
2016-07-09-08:00,36
2016-07-09-09:00,37
2016-07-09-10:00,37
2016-07-09-11:00,36
2016-07-09-12:00,37
2016-07-09-13:00,34
2016-07-09-15:00,31
2016-07-09-18:00,30
2016-07-09-21:00,30
2016-07-10-00:00,30
2016-07-10-02:00,30
2016-07-10-03:00,31
2016-07-10-04:00,32
2016-07-10-05:00,33
2016-07-10-06:00,35
2016-07-10-07:00,36
2016-07-10-08:00,36
2016-07-10-09:00,35
2016-07-10-10:00,35
2016-07-10-11:00,34
2016-07-10-12:00,32
2016-07-10-13:00,31
2016-07-10-15:00,31
2016-07-10-18:00,30
2016-07-10-21:00,30
2016-07-11-00:00,29
2016-07-11-02:00,30
2016-07-11-03:00,31
2016-07-11-04:00,31
2016-07-11-05:00,31
2016-07-11-06:00,29
2016-07-11-07:00,30
2016-07-11-08:00,31
2016-07-11-09:00,31
2016-07-11-10:00,34
2016-07-11-11:00,35
2016-07-11-12:00,35
2016-07-11-13:00,34
2016-07-11-15:00,32
2016-07-11-18:00,31
2016-07-11-21:00,30
2016-07-12-00:00,30
2016-07-12-02:00,30
2016-07-12-03:00,29
2016-07-12-04:00,30
2016-07-12-05:00,32
2016-07-12-06:00,33
2016-07-12-07:00,35
2016-07-12-08:00,32
2016-07-12-09:00,29
2016-07-12-10:00,29
2016-07-12-11:00,32
2016-07-12-12:00,30
2016-07-12-13:00,30
2016-07-12-15:00,29
2016-07-12-18:00,29
2016-07-12-21:00,29
2016-07-13-00:00,28
2016-07-13-02:00,30
2016-07-13-03:00,31
2016-07-13-04:00,33
2016-07-13-05:00,33
2016-07-13-06:00,34
2016-07-13-07:00,34
2016-07-13-08:00,34
2016-07-13-09:00,34
2016-07-13-10:00,34
2016-07-13-11:00,30
2016-07-13-12:00,29
2016-07-13-13:00,29
2016-07-13-15:00,29
2016-07-13-18:00,29
2016-07-13-21:00,29
2016-07-14-00:00,29
2016-07-14-02:00,30
2016-07-14-03:00,30
2016-07-14-04:00,30
2016-07-14-05:00,28
2016-07-14-06:00,31
2016-07-14-07:00,33
2016-07-14-08:00,33
2016-07-14-09:00,35
2016-07-14-10:00,35
2016-07-14-11:00,32
2016-07-14-12:00,29
2016-07-14-13:00,29
2016-07-14-15:00,27
2016-07-14-18:00,28
2016-07-14-21:00,28
2016-07-15-00:00,28
2016-07-15-02:00,29
2016-07-15-03:00,29
2016-07-15-04:00,30
2016-07-15-05:00,31
2016-07-15-06:00,32
2016-07-15-07:00,32
2016-07-15-08:00,34
2016-07-15-09:00,32
2016-07-15-10:00,33
2016-07-15-11:00,32
2016-07-15-12:00,32
2016-07-15-13:00,31
2016-07-15-15:00,31
2016-07-15-18:00,30
2016-07-15-21:00,30
2016-07-16-00:00,29
2016-07-16-02:00,25
2016-07-16-03:00,25
2016-07-16-04:00,25
2016-07-16-05:00,26
2016-07-16-06:00,26
2016-07-16-07:00,26
2016-07-16-08:00,28
2016-07-16-09:00,28
2016-07-16-10:00,28
2016-07-16-11:00,29
2016-07-16-12:00,29
2016-07-16-13:00,28
2016-07-16-15:00,28
2016-07-16-18:00,27
2016-07-16-21:00,27
2016-07-17-00:00,27
2016-07-17-02:00,28
2016-07-17-03:00,27
2016-07-17-04:00,28
2016-07-17-05:00,28
2016-07-17-06:00,29
2016-07-17-07:00,28
2016-07-17-08:00,29
2016-07-17-09:00,30
2016-07-17-10:00,30
2016-07-17-11:00,29
2016-07-17-12:00,29
2016-07-17-13:00,28
2016-07-17-15:00,27
2016-07-17-18:00,27
2016-07-17-21:00,26
2016-07-18-00:00,26
2016-07-18-02:00,26
2016-07-18-03:00,25
2016-07-18-04:00,26
2016-07-18-05:00,28
2016-07-18-06:00,29
2016-07-18-07:00,31
2016-07-18-09:00,31
2016-07-18-10:00,28
2016-07-18-11:00,26
2016-07-18-12:00,27
2016-07-18-13:00,27
2016-07-18-15:00,28
2016-07-18-18:00,29
2016-07-18-21:00,28
2016-07-19-00:00,27
2016-07-19-02:00,27
2016-07-19-03:00,29
2016-07-19-04:00,31
2016-07-19-05:00,33
2016-07-19-06:00,33
2016-07-19-07:00,34
2016-07-19-08:00,35
2016-07-19-09:00,35
2016-07-19-10:00,35
2016-07-19-11:00,35
2016-07-19-12:00,35
2016-07-19-13:00,34
2016-07-19-15:00,32
2016-07-19-18:00,31
2016-07-19-21:00,31
2016-07-20-00:00,29
2016-07-20-02:00,30
2016-07-20-03:00,32
2016-07-20-04:00,33
2016-07-20-05:00,34
2016-07-20-06:00,35
2016-07-20-07:00,35
2016-07-20-08:00,37
2016-07-20-09:00,37
2016-07-20-10:00,37
2016-07-20-11:00,37
2016-07-20-12:00,37
2016-07-20-13:00,35
2016-07-20-15:00,34
2016-07-20-18:00,33
2016-07-20-21:00,32
2016-07-21-00:00,30
2016-07-21-02:00,31
2016-07-21-03:00,31
2016-07-21-04:00,33
2016-07-21-05:00,34
2016-07-21-06:00,35
2016-07-21-07:00,36
2016-07-21-09:00,37
2016-07-21-10:00,37
2016-07-21-11:00,37
2016-07-21-12:00,37
2016-07-21-13:00,35
2016-07-21-15:00,34
2016-07-21-18:00,33
2016-07-21-21:00,32
2016-07-22-00:00,30
2016-07-22-02:00,31
2016-07-22-03:00,32
2016-07-22-04:00,34
2016-07-22-05:00,35
2016-07-22-06:00,35
2016-07-22-07:00,35
2016-07-22-08:00,36
2016-07-22-09:00,37
2016-07-22-10:00,37
2016-07-22-11:00,37
2016-07-22-12:00,37
2016-07-22-13:00,36
2016-07-22-15:00,33
2016-07-22-18:00,31
2016-07-22-21:00,30
2016-07-23-00:00,29
2016-07-23-02:00,29
2016-07-23-03:00,29
2016-07-23-04:00,30
2016-07-23-05:00,32
2016-07-23-06:00,33
2016-07-23-07:00,34
2016-07-23-08:00,34
2016-07-23-09:00,34
2016-07-23-10:00,34
2016-07-23-11:00,34
2016-07-23-12:00,34
2016-07-23-13:00,33
2016-07-23-15:00,31
2016-07-23-18:00,30
2016-07-23-21:00,30
2016-07-24-00:00,29
2016-07-24-02:00,30
2016-07-24-03:00,30
2016-07-24-04:00,31
2016-07-24-05:00,32
2016-07-24-06:00,33
2016-07-24-07:00,34
2016-07-24-08:00,35
2016-07-24-09:00,34
2016-07-24-11:00,31
2016-07-24-12:00,32
2016-07-24-13:00,31
2016-07-24-15:00,30
2016-07-24-18:00,30
2016-07-24-21:00,29
2016-07-25-00:00,29
2016-07-25-02:00,30
2016-07-25-03:00,31
2016-07-25-04:00,33
2016-07-25-05:00,34
2016-07-25-06:00,33
2016-07-25-07:00,33
2016-07-25-08:00,32
2016-07-25-09:00,32
2016-07-25-10:00,32
2016-07-25-11:00,34
2016-07-25-12:00,33
2016-07-25-13:00,33
2016-07-25-15:00,32
2016-07-25-18:00,30
2016-07-25-21:00,30
2016-07-26-00:00,29
2016-07-26-02:00,30
2016-07-26-03:00,31
2016-07-26-04:00,32
2016-07-26-05:00,33
2016-07-26-06:00,34
2016-07-26-07:00,35
2016-07-26-08:00,35
2016-07-26-09:00,29
2016-07-26-10:00,29
2016-07-26-11:00,28
2016-07-26-12:00,28
2016-07-26-13:00,28
2016-07-26-15:00,28
2016-07-26-18:00,28
2016-07-26-21:00,28
2016-07-27-00:00,28
2016-07-27-02:00,27
2016-07-27-03:00,29
2016-07-27-04:00,29
2016-07-27-05:00,29
2016-07-27-06:00,29
2016-07-27-07:00,30
2016-07-27-08:00,31
2016-07-27-09:00,29
2016-07-27-10:00,28
2016-07-27-11:00,27
2016-07-27-12:00,27
2016-07-27-13:00,27
2016-07-27-15:00,28
2016-07-27-18:00,28
2016-07-27-21:00,27
2016-07-28-00:00,27
2016-07-28-02:00,27
2016-07-28-03:00,28
2016-07-28-04:00,30
2016-07-28-06:00,32
2016-07-28-07:00,32
2016-07-28-08:00,32
2016-07-28-09:00,33
2016-07-28-10:00,32
2016-07-28-11:00,31
2016-07-28-12:00,29
2016-07-28-13:00,28
2016-07-28-15:00,28
2016-07-28-18:00,27
2016-07-28-21:00,27
2016-07-29-00:00,27
2016-07-29-02:00,28
2016-07-29-03:00,28
2016-07-29-04:00,28
2016-07-29-05:00,29
2016-07-29-06:00,28
2016-07-29-07:00,28
2016-07-29-08:00,28
2016-07-29-09:00,28
2016-07-29-10:00,27
2016-07-29-11:00,26
2016-07-29-12:00,26
2016-07-29-13:00,26
2016-07-29-15:00,27
2016-07-29-18:00,27
2016-07-29-21:00,27
2016-07-30-00:00,27
2016-07-30-02:00,27
2016-07-30-03:00,27
2016-07-30-04:00,27
2016-07-30-05:00,28
2016-07-30-06:00,29
2016-07-30-07:00,30
2016-07-30-08:00,28
2016-07-30-09:00,26
2016-07-30-10:00,26
2016-07-30-11:00,27
2016-07-30-12:00,27
2016-07-30-13:00,27
2016-07-30-18:00,27
2016-07-30-21:00,27
2016-07-31-00:00,27
2016-07-31-02:00,27
2016-07-31-03:00,28
2016-07-31-04:00,29
2016-07-31-05:00,29
2016-07-31-06:00,30
2016-07-31-07:00,30
2016-07-31-08:00,31
2016-07-31-09:00,30
2016-07-31-10:00,30
2016-07-31-11:00,31
2016-07-31-12:00,31
2016-07-31-13:00,30
2016-07-31-18:00,28
2016-07-31-21:00,28
2016-08-01-00:00,28
2016-08-01-02:00,28
2016-08-01-03:00,28
2016-08-01-04:00,27
2016-08-01-05:00,29
2016-08-01-06:00,29
2016-08-01-07:00,32
2016-08-01-08:00,32
2016-08-01-09:00,33
2016-08-01-10:00,30
2016-08-01-11:00,30
2016-08-01-12:00,30
2016-08-01-13:00,29
2016-08-01-15:00,27
2016-08-01-18:00,27
2016-08-01-21:00,27
2016-08-02-00:00,27
2016-08-02-02:00,27
2016-08-02-03:00,28
2016-08-02-04:00,29
2016-08-02-05:00,32
2016-08-02-06:00,32
2016-08-02-07:00,33
2016-08-02-08:00,33
2016-08-02-09:00,34
2016-08-02-10:00,35
2016-08-02-11:00,33
2016-08-02-12:00,32
2016-08-02-13:00,30
2016-08-02-15:00,30
2016-08-02-18:00,29
2016-08-02-21:00,27
2016-08-03-00:00,27
2016-08-03-02:00,28
2016-08-03-03:00,29
2016-08-03-04:00,31
2016-08-03-05:00,33
2016-08-03-06:00,33
2016-08-03-07:00,34
2016-08-03-08:00,35
2016-08-03-09:00,35
2016-08-03-10:00,36
2016-08-03-11:00,36
2016-08-03-12:00,36
2016-08-03-13:00,35
2016-08-03-15:00,32
2016-08-03-18:00,31
2016-08-03-21:00,30
2016-08-04-00:00,29
2016-08-04-00:30,29
2016-08-04-01:00,29
2016-08-04-02:00,30
2016-08-04-03:00,31
2016-08-04-04:00,33
2016-08-04-05:00,35
2016-08-04-06:00,34
2016-08-04-07:00,36
2016-08-04-08:00,36
2016-08-04-09:00,36
2016-08-04-10:00,37
2016-08-04-11:00,36
2016-08-04-12:00,36
2016-08-04-13:00,35
2016-08-04-15:00,33
2016-08-04-18:00,31
2016-08-04-21:00,30
2016-08-05-00:00,29
2016-08-05-02:00,30
2016-08-05-03:00,32
2016-08-05-04:00,33
2016-08-05-05:00,35
2016-08-05-06:00,34
2016-08-05-08:00,36
2016-08-05-09:00,36
2016-08-05-10:00,36
2016-08-05-11:00,36
2016-08-05-12:00,37
2016-08-05-13:00,36
2016-08-05-15:00,34
2016-08-05-18:00,32
2016-08-05-21:00,31
2016-08-06-00:00,30
2016-08-06-02:00,30
2016-08-06-03:00,31
2016-08-06-04:00,30
2016-08-06-05:00,28
2016-08-06-06:00,28
2016-08-06-08:00,29
2016-08-06-09:00,31
2016-08-06-10:00,32
2016-08-06-11:00,33
2016-08-06-12:00,32
2016-08-06-13:00,32
2016-08-06-15:00,29
2016-08-06-18:00,28
2016-08-06-21:00,28
2016-08-07-00:00,27
2016-08-07-02:00,28
2016-08-07-02:30,30
2016-08-07-03:00,30
2016-08-07-04:00,33
2016-08-07-05:00,35
2016-08-07-06:00,35
2016-08-07-07:00,35
2016-08-07-08:00,35
2016-08-07-09:00,35
2016-08-07-10:00,36
2016-08-07-11:00,36
2016-08-07-12:00,36
2016-08-07-13:00,36
2016-08-07-15:00,34
2016-08-07-18:00,31
2016-08-07-21:00,31
2016-08-08-00:00,29
2016-08-08-02:00,30
2016-08-08-03:00,31
2016-08-08-04:00,33
2016-08-08-05:00,34
2016-08-08-06:00,34.5
2016-08-08-06:30,35
2016-08-08-07:30,35
2016-08-08-08:00,36
2016-08-08-08:30,36
2016-08-08-09:00,35
2016-08-08-09:30,36
2016-08-08-10:00,36
2016-08-08-10:30,36
2016-08-08-11:00,36
2016-08-08-11:30,36
2016-08-08-12:00,36
2016-08-08-12:30,35
2016-08-08-13:00,34
2016-08-08-15:00,32
2016-08-08-18:00,30
2016-08-08-21:00,29
2016-08-09-00:00,29
2016-08-09-01:30,29
2016-08-09-02:00,29
2016-08-09-02:30,30
2016-08-09-03:00,30
2016-08-09-03:30,30
2016-08-09-04:00,32
2016-08-09-04:30,32
2016-08-09-05:00,33
2016-08-09-05:30,33
2016-08-09-06:00,33
2016-08-09-06:30,33
2016-08-09-07:00,35
2016-08-09-07:30,35
2016-08-09-08:00,35
2016-08-09-08:30,35
2016-08-09-09:00,34
2016-08-09-09:30,33
2016-08-09-10:00,33
2016-08-09-10:30,33
2016-08-09-11:00,30
2016-08-09-12:00,29
2016-08-09-13:00,29
2016-08-09-15:00,30
2016-08-09-18:00,29
2016-08-09-21:00,29
2016-08-10-00:00,28
2016-08-10-02:00,29
2016-08-10-02:30,29
2016-08-10-03:00,30
2016-08-10-03:30,31
2016-08-10-04:00,31
2016-08-10-04:30,32
2016-08-10-05:00,33
2016-08-10-05:30,33
2016-08-10-06:00,33
2016-08-10-06:30,33
2016-08-10-07:00,33
2016-08-10-07:30,32
2016-08-10-08:00,33
2016-08-10-08:30,34
2016-08-10-09:00,35
2016-08-10-09:30,35
2016-08-10-10:00,35
2016-08-10-10:30,35
2016-08-10-11:00,34
2016-08-10-11:30,34
2016-08-10-12:00,34
2016-08-10-12:30,33
2016-08-10-13:00,31
2016-08-10-15:00,28
2016-08-10-18:00,28
2016-08-10-21:00,28
2016-08-11-00:00,27
2016-08-11-01:30,28
2016-08-11-02:00,28
2016-08-11-02:30,28
2016-08-11-03:00,27
2016-08-11-03:30,27
2016-08-11-04:00,27
2016-08-11-04:30,28
2016-08-11-05:00,28
2016-08-11-05:30,28
2016-08-11-06:00,29
2016-08-11-06:30,29
2016-08-11-07:00,29
2016-08-11-07:30,30
2016-08-11-08:00,30
2016-08-11-08:30,30
2016-08-11-09:00,31
2016-08-11-09:30,30
2016-08-11-10:00,29
2016-08-11-10:30,28
2016-08-11-11:00,27
2016-08-11-11:30,27
2016-08-11-12:00,27
2016-08-11-12:30,27
2016-08-11-13:00,27
2016-08-11-15:00,27
2016-08-11-18:00,27
2016-08-11-21:00,27
2016-08-12-00:00,27
2016-08-12-01:30,27
2016-08-12-02:00,28
2016-08-12-02:30,28
2016-08-12-03:00,28
2016-08-12-03:30,29
2016-08-12-04:00,29
2016-08-12-04:30,30
2016-08-12-05:00,31
2016-08-12-05:30,32
2016-08-12-06:00,33
2016-08-12-06:30,33
2016-08-12-07:00,32
2016-08-12-07:30,32
2016-08-12-08:00,31
2016-08-12-08:30,31
2016-08-12-09:00,28
2016-08-12-09:30,28
2016-08-12-10:00,28
2016-08-12-10:30,28
2016-08-12-11:00,28
2016-08-12-11:30,28
2016-08-12-12:00,28
2016-08-12-12:30,28
2016-08-12-13:00,27
2016-08-12-15:00,27
2016-08-12-18:00,27
2016-08-12-21:00,27
2016-08-13-00:00,27
2016-08-13-01:30,27
2016-08-13-02:00,27
2016-08-13-02:30,27
2016-08-13-03:00,28
2016-08-13-03:30,28
2016-08-13-04:00,30
2016-08-13-04:30,30
2016-08-13-05:00,31
2016-08-13-05:30,31
2016-08-13-06:00,32
2016-08-13-06:30,32
2016-08-13-07:00,33
2016-08-13-07:30,34
2016-08-13-08:00,34
2016-08-13-08:30,33
2016-08-13-09:00,34
2016-08-13-09:30,34
2016-08-13-10:00,32
2016-08-13-10:30,32
2016-08-13-11:00,31
2016-08-13-11:30,30
2016-08-13-12:00,30
2016-08-13-12:30,29
2016-08-13-13:00,28
2016-08-13-15:00,29
2016-08-13-18:00,28
2016-08-13-21:00,28
2016-08-14-00:00,28
2016-08-14-00:30,28
2016-08-14-01:00,27
2016-08-14-01:30,27
2016-08-14-02:00,28
2016-08-14-02:30,28
2016-08-14-03:00,27
2016-08-14-03:30,27
2016-08-14-04:00,26
2016-08-14-04:30,26
2016-08-14-05:00,28
2016-08-14-05:30,29
2016-08-14-06:00,29
2016-08-14-06:30,30
2016-08-14-07:00,30
2016-08-14-07:30,30
2016-08-14-08:00,30
2016-08-14-08:30,30
2016-08-14-09:00,30
2016-08-14-10:00,31
2016-08-14-10:30,32
2016-08-14-11:00,30
2016-08-14-11:30,30
2016-08-14-12:00,31
2016-08-14-12:30,30
2016-08-14-13:00,30
2016-08-14-13:30,30
2016-08-14-15:00,29
2016-08-14-18:00,29
2016-08-14-21:00,28
2016-08-15-00:00,28
2016-08-15-01:00,28
2016-08-15-01:30,28
2016-08-15-02:00,28
2016-08-15-02:30,28
2016-08-15-03:00,29
2016-08-15-04:00,30
2016-08-15-04:30,31
2016-08-15-05:00,31
2016-08-15-05:30,32
2016-08-15-06:00,33
2016-08-15-06:30,33
2016-08-15-07:00,33
2016-08-15-07:30,33
2016-08-15-08:00,34
2016-08-15-08:30,34
2016-08-15-09:00,34
2016-08-15-09:30,34
2016-08-15-10:00,34
2016-08-15-10:30,34
2016-08-15-11:00,34
2016-08-15-11:30,34
2016-08-15-12:00,31
2016-08-15-12:30,34
2016-08-15-13:00,34
2016-08-15-15:00,32
2016-08-15-18:00,31
2016-08-15-21:00,28
2016-08-16-00:00,27
2016-08-16-01:00,27
2016-08-16-01:30,27
2016-08-16-02:00,28
2016-08-16-02:30,28
2016-08-16-03:00,29
2016-08-16-03:30,29
2016-08-16-04:00,30
2016-08-16-04:30,31
2016-08-16-05:00,32
2016-08-16-05:30,33
2016-08-16-06:00,33
2016-08-16-06:30,33
2016-08-16-07:00,33
2016-08-16-09:00,35
2016-08-16-12:00,32
2016-08-16-12:30,34
2016-08-16-13:00,33
2016-08-16-15:00,33
2016-08-16-18:00,31
2016-08-16-21:00,29
2016-08-17-00:00,28
2016-08-17-01:30,28
2016-08-17-02:00,28
2016-08-17-02:30,28
2016-08-17-03:00,28
2016-08-17-03:30,29
2016-08-17-04:00,29
2016-08-17-04:30,29
2016-08-17-05:00,29
2016-08-17-05:30,29
2016-08-17-06:00,31
2016-08-17-06:30,31
2016-08-17-07:00,31
2016-08-17-07:30,31
2016-08-17-08:00,31
2016-08-17-08:30,32
2016-08-17-09:00,31
2016-08-17-09:30,31
2016-08-17-10:00,31
2016-08-17-10:30,31
2016-08-17-11:00,31
2016-08-17-11:30,31
2016-08-17-12:00,31
2016-08-17-12:30,31
2016-08-17-13:00,31
2016-08-17-15:00,29
2016-08-17-18:00,29
2016-08-17-21:00,29
2016-08-18-00:00,27
2016-08-18-02:00,28
2016-08-18-02:30,28
2016-08-18-03:00,28
2016-08-18-03:30,28
2016-08-18-04:00,28
2016-08-18-04:30,28
2016-08-18-05:00,28
2016-08-18-05:30,28
2016-08-18-06:00,30
2016-08-18-06:30,30
2016-08-18-07:00,30
2016-08-18-07:30,30
2016-08-18-08:00,31
2016-08-18-08:30,32
2016-08-18-09:00,32
2016-08-18-09:30,33
2016-08-18-10:00,33
2016-08-18-10:30,32
2016-08-18-11:00,32
2016-08-18-11:30,32
2016-08-18-12:00,31
2016-08-18-12:30,31
2016-08-18-13:00,30
2016-08-18-15:00,30
2016-08-18-18:00,29
2016-08-18-21:00,28
2016-08-19-00:00,27
2016-08-19-01:30,28
2016-08-19-02:00,28
2016-08-19-02:30,29
2016-08-19-03:00,29
2016-08-19-03:30,30
2016-08-19-04:00,30
2016-08-19-04:30,30
2016-08-19-05:00,33
2016-08-19-05:30,33
2016-08-19-06:00,34
2016-08-19-06:30,33
2016-08-19-07:00,34
2016-08-19-07:30,34
2016-08-19-08:00,34
2016-08-19-08:30,34
2016-08-19-09:00,34
2016-08-19-09:30,34
2016-08-19-10:00,34
2016-08-19-10:30,34
2016-08-19-11:00,34
2016-08-19-11:30,34
2016-08-19-12:00,34
2016-08-19-12:30,34
2016-08-19-13:00,33
2016-08-19-15:00,32
2016-08-19-18:00,31
2016-08-19-21:00,30
2016-08-20-00:00,28
2016-08-20-02:00,29
2016-08-20-02:30,30
2016-08-20-03:00,30
2016-08-20-03:30,31
2016-08-20-04:00,32
2016-08-20-04:30,32
2016-08-20-05:00,33
2016-08-20-05:30,33
2016-08-20-06:00,34
2016-08-20-06:30,34
2016-08-20-07:00,34
2016-08-20-07:30,35
2016-08-20-08:00,35
2016-08-20-08:30,35
2016-08-20-09:00,36
2016-08-20-09:30,36
2016-08-20-10:00,36
2016-08-20-10:30,36
2016-08-20-11:00,36
2016-08-20-11:30,36
2016-08-20-12:00,35
2016-08-20-12:30,35
2016-08-20-13:00,34
2016-08-20-15:00,32
2016-08-20-18:00,30
2016-08-20-21:00,29
2016-08-21-00:00,28
2016-08-21-01:30,28
2016-08-21-02:00,28
2016-08-21-02:30,28
2016-08-21-03:00,28
2016-08-21-03:30,28
2016-08-21-04:00,30
2016-08-21-04:30,30
2016-08-21-05:00,32
2016-08-21-05:30,33
2016-08-21-06:00,33
2016-08-21-06:30,33
2016-08-21-07:00,33
2016-08-21-07:30,34
2016-08-21-08:00,34
2016-08-21-08:30,34
2016-08-21-09:00,35
2016-08-21-09:30,35
2016-08-21-10:00,35
2016-08-21-10:30,35
2016-08-21-11:00,34
2016-08-21-12:00,33
2016-08-21-12:30,33
2016-08-21-13:00,32
2016-08-21-15:00,30
2016-08-21-18:00,29
2016-08-21-21:00,28
2016-08-22-00:00,27
2016-08-22-02:00,27
2016-08-22-02:30,28
2016-08-22-03:00,28
2016-08-22-03:30,29
2016-08-22-04:00,30
2016-08-22-04:30,31
2016-08-22-05:00,33
2016-08-22-05:30,33
2016-08-22-06:00,34
2016-08-22-06:30,34
2016-08-22-07:00,34
2016-08-22-07:30,34
2016-08-22-08:00,35
2016-08-22-08:30,35
2016-08-22-09:00,35
2016-08-22-09:30,35
2016-08-22-10:00,35
2016-08-22-10:30,35
2016-08-22-11:00,35
2016-08-22-11:30,34
2016-08-22-12:00,33
2016-08-22-12:30,33
2016-08-22-13:00,32
2016-08-22-15:00,31
2016-08-22-18:00,30
2016-08-22-21:00,29
2016-08-23-00:00,29
2016-08-23-01:30,29
2016-08-23-02:00,29
2016-08-23-02:30,30
2016-08-23-03:00,30
2016-08-23-03:30,31
2016-08-23-04:00,32
2016-08-23-04:30,32
2016-08-23-05:00,32
2016-08-23-05:30,32
2016-08-23-06:00,32
2016-08-23-06:30,32
2016-08-23-08:00,33
2016-08-23-08:30,33
2016-08-23-09:00,33
2016-08-23-09:30,33
2016-08-23-10:00,33
2016-08-23-11:00,33
2016-08-23-11:30,33
2016-08-23-12:00,32
2016-08-23-12:30,32
2016-08-23-13:00,32
2016-08-23-15:00,31
2016-08-23-18:00,30
2016-08-23-21:00,29
2016-08-24-00:00,29
2016-08-24-01:00,29
2016-08-24-01:30,29
2016-08-24-02:00,29
2016-08-24-03:00,29
2016-08-24-03:30,29
2016-08-24-04:00,30
2016-08-24-04:30,30
2016-08-24-05:00,31
2016-08-24-05:30,31
2016-08-24-06:00,32
2016-08-24-06:30,31
2016-08-24-07:00,31
2016-08-24-07:30,30
2016-08-24-08:00,31
2016-08-24-08:30,31
2016-08-24-09:00,31
2016-08-24-09:30,31
2016-08-24-10:00,31
2016-08-24-10:30,31
2016-08-24-11:00,31
2016-08-24-11:30,31
2016-08-24-12:00,30
2016-08-24-12:30,30
2016-08-24-13:00,30
2016-08-24-15:00,30
2016-08-24-18:00,29
2016-08-24-21:00,28
2016-08-25-00:00,28
2016-08-25-01:30,28
2016-08-25-02:00,28
2016-08-25-02:30,29
2016-08-25-03:00,29
2016-08-25-04:30,32
2016-08-25-05:00,32
2016-08-25-05:30,33
2016-08-25-06:00,33
2016-08-25-06:30,33
2016-08-25-07:00,33
2016-08-25-07:30,34
2016-08-25-08:00,34
2016-08-25-08:30,34
2016-08-25-09:00,35
2016-08-25-09:30,35
2016-08-25-10:00,35
2016-08-25-10:30,34
2016-08-25-11:00,34
2016-08-25-11:30,30
2016-08-25-12:00,30
2016-08-25-12:30,30
2016-08-25-13:00,29.5
2016-08-25-15:00,29
2016-08-25-18:00,28
2016-08-25-21:00,28
2016-08-26-00:00,27
2016-08-26-02:00,28
2016-08-26-02:30,29
2016-08-26-03:00,29
2016-08-26-03:30,30
2016-08-26-04:00,30
2016-08-26-04:30,32
2016-08-26-05:00,33
2016-08-26-05:30,33
2016-08-26-06:00,33
2016-08-26-06:30,34
2016-08-26-07:00,34
2016-08-26-07:30,34
2016-08-26-08:00,35
2016-08-26-08:30,35
2016-08-26-09:00,35
2016-08-26-09:30,35
2016-08-26-10:00,35
2016-08-26-10:30,33
2016-08-26-11:00,31
2016-08-26-11:30,30
2016-08-26-12:00,28
2016-08-26-12:30,28
2016-08-26-13:00,28
2016-08-26-15:00,29
2016-08-26-18:00,28
2016-08-26-21:00,27
2016-08-27-00:00,27
2016-08-27-01:30,27
2016-08-27-02:00,27
2016-08-27-02:30,28
2016-08-27-03:00,28
2016-08-27-03:30,29
2016-08-27-04:00,29
2016-08-27-04:30,30
2016-08-27-05:00,30
2016-08-27-05:30,31
2016-08-27-06:00,32
2016-08-27-06:30,32
2016-08-27-07:00,32
2016-08-27-07:30,33
2016-08-27-08:00,33
2016-08-27-08:30,34
2016-08-27-09:00,35
2016-08-27-09:30,35
2016-08-27-10:00,35
2016-08-27-10:30,35
2016-08-27-11:00,36
2016-08-27-11:30,36
2016-08-27-12:00,35
2016-08-27-12:30,35
2016-08-27-13:00,35
2016-08-27-15:00,32
2016-08-27-18:00,30
2016-08-27-21:00,29
2016-08-28-00:00,28
2016-08-28-02:00,29
2016-08-28-02:30,30
2016-08-28-03:00,30
2016-08-28-03:30,31
2016-08-28-04:00,33
2016-08-28-04:30,35
2016-08-28-05:00,35
2016-08-28-05:30,35
2016-08-28-06:00,35
2016-08-28-06:30,35
2016-08-28-07:00,35
2016-08-28-08:00,36
2016-08-28-08:30,36
2016-08-28-09:00,37
2016-08-28-09:30,37
2016-08-28-10:00,37
2016-08-28-11:00,35
2016-08-28-11:30,34
2016-08-28-12:00,34
2016-08-28-12:30,34
2016-08-28-13:00,34
2016-08-28-15:00,31
2016-08-28-18:00,30
2016-08-28-21:00,29
2016-08-29-00:00,28
2016-08-29-01:30,28
2016-08-29-02:00,28
2016-08-29-02:30,28
2016-08-29-03:00,29
2016-08-29-03:30,30
2016-08-29-04:00,30
2016-08-29-04:30,31
2016-08-29-05:00,32
2016-08-29-05:30,32
2016-08-29-06:00,33
2016-08-29-06:30,34
2016-08-29-07:00,34
2016-08-29-07:30,30
2016-08-29-08:00,29
2016-08-29-08:30,30
2016-08-29-09:00,31
2016-08-29-09:30,32
2016-08-29-10:00,32
2016-08-29-10:30,30
2016-08-29-11:00,30
2016-08-29-11:30,28
2016-08-29-12:00,27
2016-08-29-12:30,27
2016-08-29-13:00,27
2016-08-29-15:00,26
2016-08-29-18:00,26
2016-08-29-21:00,26
2016-08-30-00:00,26
2016-08-30-02:00,27
2016-08-30-02:30,27
2016-08-30-03:00,28
2016-08-30-03:30,28
2016-08-30-04:00,29
2016-08-30-04:30,29
2016-08-30-05:00,29
2016-08-30-06:00,29
2016-08-30-06:30,30
2016-08-30-07:00,30
2016-08-30-07:30,31
2016-08-30-08:00,32
2016-08-30-08:30,33
2016-08-30-08:34,33
2016-08-30-09:00,33
2016-08-30-09:30,33
2016-08-30-10:00,33
2016-08-30-10:30,32
2016-08-30-11:30,31
2016-08-30-12:00,31
2016-08-30-12:30,31
2016-08-30-13:00,31
2016-08-30-15:00,29.5
2016-08-30-18:00,28
2016-08-30-21:00,27
2016-08-31-00:00,27
2016-08-31-02:00,27
2016-08-31-02:30,28
2016-08-31-03:00,27
2016-08-31-03:30,26
2016-08-31-04:00,26
2016-08-31-04:30,26
2016-08-31-05:00,24
2016-08-31-05:30,25
2016-08-31-06:00,25
2016-08-31-06:30,25
2016-08-31-07:00,25
2016-08-31-07:30,26
2016-08-31-08:00,26
2016-08-31-08:30,28
2016-08-31-09:00,29
2016-08-31-09:30,29
2016-08-31-10:00,29
2016-08-31-10:30,29
2016-08-31-11:00,29
2016-08-31-11:30,30
2016-08-31-12:00,30
2016-08-31-12:30,30
2016-08-31-13:00,30
2016-08-31-15:00,28
2016-08-31-18:00,26
2016-08-31-21:00,26
2016-09-01-00:00,26
2016-09-01-02:00,26
2016-09-01-02:30,26
2016-09-01-03:00,27
2016-09-01-03:30,27
2016-09-01-04:00,27
2016-09-01-04:30,27
2016-09-01-05:00,27
2016-09-01-05:30,27
2016-09-01-06:00,26
2016-09-01-06:30,26
2016-09-01-07:00,26
2016-09-01-07:30,26
2016-09-01-08:00,27
2016-09-01-09:00,30
2016-09-01-09:30,30
2016-09-01-10:00,30
2016-09-01-11:00,31
2016-09-01-11:30,31
2016-09-01-12:00,31
2016-09-01-12:30,31
2016-09-01-13:00,30
2016-09-01-15:00,29
2016-09-01-18:00,28
2016-09-01-21:00,27
2016-09-02-00:00,26
2016-09-02-02:00,27
2016-09-02-02:30,28
2016-09-02-03:00,28
2016-09-02-03:30,28
2016-09-02-04:00,29
2016-09-02-04:30,30
2016-09-02-05:00,31
2016-09-02-05:30,31
2016-09-02-06:00,32
2016-09-02-06:30,33
2016-09-02-07:00,33
2016-09-02-07:30,33
2016-09-02-09:00,33
2016-09-02-09:30,34
2016-09-02-10:30,34
2016-09-02-11:30,33
2016-09-02-12:00,33
2016-09-02-12:30,33
2016-09-02-13:00,32
2016-09-02-15:00,30
2016-09-02-18:00,28
2016-09-02-21:00,28
2016-09-03-00:00,26
2016-09-03-02:00,26
2016-09-03-03:00,28
2016-09-03-03:30,28
2016-09-03-04:00,28
2016-09-03-04:30,30
2016-09-03-06:00,32
2016-09-03-06:30,32
2016-09-03-07:00,33
2016-09-03-07:30,34
2016-09-03-08:00,34
2016-09-03-08:30,34
2016-09-03-09:00,34
2016-09-03-09:30,34
2016-09-03-12:00,34
2016-09-03-12:30,33
2016-09-03-15:00,30
2016-09-03-18:00,29
2016-09-03-21:00,28
2016-09-04-00:00,27
2016-09-04-03:00,28
2016-09-04-06:00,32
2016-09-04-09:00,34
2016-09-04-10:30,34
2016-09-04-11:00,34
2016-09-04-11:30,34
2016-09-04-12:00,34
2016-09-04-12:30,33
2016-09-04-13:00,33
2016-09-04-15:00,31
2016-09-04-18:00,30
2016-09-04-21:00,28
2016-09-05-00:00,26
2016-09-05-03:00,27
2016-09-05-03:30,28
2016-09-05-06:00,32
2016-09-05-08:00,33
2016-09-05-08:30,33
2016-09-05-09:00,34
2016-09-05-09:30,34
2016-09-05-10:00,34
2016-09-05-12:00,34
2016-09-05-15:00,31
2016-09-05-18:00,30
2016-09-05-21:00,28
2016-09-06-00:00,27
2016-09-06-03:00,28
2016-09-06-06:00,32
2016-09-06-09:00,34
2016-09-06-12:00,34
2016-09-06-15:00,31
2016-09-06-18:00,29
2016-09-06-21:00,28
2016-09-07-00:00,26
2016-09-07-03:00,27
2016-09-07-06:00,32
2016-09-07-08:30,33
2016-09-07-09:00,34
2016-09-07-11:00,35
2016-09-07-11:30,34
2016-09-07-12:00,34
2016-09-07-15:00,31
2016-09-07-18:00,30
2016-09-07-21:00,28
2016-09-08-00:00,27
2016-09-08-03:00,29
2016-09-08-06:00,32
2016-09-08-06:30,33
2016-09-08-07:30,34
2016-09-08-08:00,34
2016-09-08-09:00,35
2016-09-08-09:30,35
2016-09-08-12:00,34
2016-09-08-15:00,31
2016-09-08-18:00,30
2016-09-08-21:00,29
2016-09-09-00:00,28
2016-09-09-02:00,27
2016-09-09-03:00,28
2016-09-09-06:00,33
2016-09-09-09:00,35
2016-09-09-12:00,34
2016-09-09-15:00,31
2016-09-09-18:00,30
2016-09-09-21:00,29
2016-09-10-00:00,27
2016-09-10-02:00,28
2016-09-10-03:00,29
2016-09-10-05:00,31
2016-09-10-06:00,33
2016-09-10-07:00,33
2016-09-10-07:30,34
2016-09-10-08:00,34
2016-09-10-09:00,35
2016-09-10-12:00,34
2016-09-10-15:00,31
2016-09-10-18:00,29
2016-09-10-21:00,28
2016-09-11-00:00,26
2016-09-11-03:00,28
2016-09-11-06:00,33
2016-09-11-08:00,34
2016-09-11-08:30,34
2016-09-11-09:00,34
2016-09-11-12:00,34
2016-09-11-15:00,30
2016-09-11-18:00,29
2016-09-11-21:00,28
2016-09-12-00:00,27
2016-09-12-03:00,28
2016-09-12-05:30,32
2016-09-12-06:00,33
2016-09-12-06:30,33
2016-09-12-07:00,33
2016-09-12-07:30,34
2016-09-12-09:00,34
2016-09-12-10:00,34
2016-09-12-11:00,34
2016-09-12-12:00,33
2016-09-12-15:00,31
2016-09-12-18:00,29
2016-09-12-21:00,28
2016-09-13-00:00,28
2016-09-13-03:00,29
2016-09-13-06:00,34
2016-09-13-07:30,34
2016-09-13-08:00,35
2016-09-13-08:30,35
2016-09-13-09:00,35
2016-09-13-09:30,36
2016-09-13-10:00,35
2016-09-13-10:30,34
2016-09-13-11:00,33
2016-09-13-12:00,33
2016-09-13-15:00,30
2016-09-13-18:00,29
2016-09-13-21:00,28
2016-09-14-00:00,27
2016-09-14-03:00,28
2016-09-14-05:30,32
2016-09-14-06:00,33
2016-09-14-08:00,34
2016-09-14-08:30,34
2016-09-14-09:00,34
2016-09-14-10:00,34
2016-09-14-10:30,34
2016-09-14-12:00,29
2016-09-14-12:30,29
2016-09-14-15:00,29
2016-09-14-18:00,28
2016-09-14-21:00,27
2016-09-15-00:00,27
2016-09-15-03:00,29
2016-09-15-06:00,34
2016-09-15-09:00,34.5
2016-09-15-09:30,35
2016-09-15-10:00,35
2016-09-15-10:30,35
2016-09-15-11:00,35
2016-09-15-12:00,34
2016-09-15-15:00,30
2016-09-15-18:00,28
2016-09-15-21:00,27
2016-09-16-00:00,26
2016-09-16-03:00,29
2016-09-16-06:00,34
2016-09-16-06:30,34
2016-09-16-07:30,35
2016-09-16-09:00,36
2016-09-16-12:00,34
2016-09-16-15:00,31
2016-09-16-18:00,28
2016-09-16-21:00,27
2016-09-17-00:00,27
2016-09-17-03:00,29
2016-09-17-06:00,33
2016-09-17-08:00,35
2016-09-17-09:00,35
2016-09-17-09:30,35
2016-09-17-10:00,34
2016-09-17-11:00,34
2016-09-17-11:30,34
2016-09-17-12:00,34
2016-09-17-15:00,32
2016-09-17-18:00,29
2016-09-17-21:00,29
2016-09-18-00:00,27
2016-09-18-03:00,29
2016-09-18-05:00,33
2016-09-18-05:30,33
2016-09-18-06:00,35
2016-09-18-08:00,36
2016-09-18-09:00,36
2016-09-18-11:30,36
2016-09-18-12:00,35
2016-09-18-15:00,31
2016-09-18-18:00,28
2016-09-18-21:00,28
2016-09-19-00:00,27
2016-09-19-02:00,28
2016-09-19-02:30,28
2016-09-19-03:00,29
2016-09-19-03:30,30
2016-09-19-04:00,30
2016-09-19-04:30,31
2016-09-19-05:00,33
2016-09-19-05:30,33
2016-09-19-06:00,34
2016-09-19-06:30,34
2016-09-19-07:00,35
2016-09-19-07:30,35
2016-09-19-08:00,35
2016-09-19-08:30,36
2016-09-19-09:00,36
2016-09-19-09:30,36
2016-09-19-10:00,37
2016-09-19-12:00,35
2016-09-19-12:30,35
2016-09-19-13:00,34
2016-09-19-15:00,31
2016-09-19-18:00,28
2016-09-19-21:00,27
2016-09-20-00:00,26
2016-09-20-02:00,27
2016-09-20-02:30,27
2016-09-20-03:00,29
2016-09-20-03:30,30
2016-09-20-04:00,32
2016-09-20-04:30,33
2016-09-20-05:00,35
2016-09-20-05:30,35
2016-09-20-06:00,35
2016-09-20-06:30,36
2016-09-20-07:00,36
2016-09-20-07:30,36
2016-09-20-08:00,37
2016-09-20-08:30,37
2016-09-20-09:00,37
2016-09-20-09:30,37
2016-09-20-10:00,37
2016-09-20-10:30,37
2016-09-20-11:00,36
2016-09-20-11:30,36
2016-09-20-12:00,35
2016-09-20-12:30,34
2016-09-20-13:00,34
2016-09-20-15:00,31
2016-09-20-18:00,29
2016-09-20-21:00,29
2016-09-21-00:00,28
2016-09-21-02:00,28
2016-09-21-02:30,28
2016-09-21-03:00,29
2016-09-21-03:30,30
2016-09-21-04:00,31
2016-09-21-04:30,33
2016-09-21-05:00,34
2016-09-21-05:30,35
2016-09-21-06:00,35
2016-09-21-06:30,35
2016-09-21-07:00,36
2016-09-21-07:30,37
2016-09-21-08:00,37
2016-09-21-08:30,37
2016-09-21-09:00,37
2016-09-21-09:30,37
2016-09-21-10:00,37
2016-09-21-10:30,36
2016-09-21-11:00,36
2016-09-21-11:30,35
2016-09-21-12:00,34
2016-09-21-15:00,31
2016-09-21-18:00,29
2016-09-21-21:00,29
2016-09-22-00:00,27
2016-09-22-02:00,27
2016-09-22-02:30,27
2016-09-22-03:00,27
2016-09-22-03:30,27
2016-09-22-04:00,27
2016-09-22-04:30,29
2016-09-22-05:00,31
2016-09-22-05:30,31
2016-09-22-06:00,31
2016-09-22-06:30,31
2016-09-22-07:00,31
2016-09-22-07:30,31
2016-09-22-08:00,31
2016-09-22-08:30,32
2016-09-22-09:00,32
2016-09-22-09:30,32
2016-09-22-10:00,32
2016-09-22-10:30,33
2016-09-22-11:00,33
2016-09-22-11:30,33
2016-09-22-12:00,32
2016-09-22-12:30,31
2016-09-22-13:00,30
2016-09-22-15:00,29
2016-09-22-18:00,27
2016-09-22-21:00,27
2016-09-23-00:00,26
2016-09-23-01:30,26
2016-09-23-02:00,26
2016-09-23-02:30,27
2016-09-23-03:00,27
2016-09-23-03:30,27
2016-09-23-04:00,28
2016-09-23-04:30,28
2016-09-23-05:00,31
2016-09-23-05:30,31
2016-09-23-06:00,32
2016-09-23-06:30,33
2016-09-23-07:00,33
2016-09-23-07:30,33
2016-09-23-08:00,33
2016-09-23-08:30,34
2016-09-23-09:00,34
2016-09-23-09:30,35
2016-09-23-10:00,35
2016-09-23-10:30,35
2016-09-23-11:00,34
2016-09-23-11:30,34
2016-09-23-12:00,33
2016-09-23-12:30,33
2016-09-23-13:00,32
2016-09-23-15:00,31
2016-09-23-18:00,29
2016-09-23-21:00,28
2016-09-24-00:00,28
2016-09-24-02:00,28
2016-09-24-02:30,28
2016-09-24-03:00,29
2016-09-24-03:30,29
2016-09-24-04:00,30
2016-09-24-04:30,30
2016-09-24-05:00,32
2016-09-24-05:30,32
2016-09-24-06:00,32
2016-09-24-06:30,32
2016-09-24-07:00,33
2016-09-24-07:30,33
2016-09-24-08:30,34
2016-09-24-09:00,34
2016-09-24-09:30,34
2016-09-24-10:00,34
2016-09-24-10:30,34
2016-09-24-11:00,33
2016-09-24-11:30,33
2016-09-24-12:00,33
2016-09-24-12:30,32.5
2016-09-24-13:00,32
2016-09-24-15:00,29
2016-09-24-18:00,28
2016-09-24-21:00,27
2016-09-25-00:00,26
2016-09-25-02:00,27
2016-09-25-02:30,27
2016-09-25-03:00,28
2016-09-25-03:30,29
2016-09-25-04:00,30
2016-09-25-04:30,31
2016-09-25-05:00,32
2016-09-25-05:30,33
2016-09-25-06:00,33
2016-09-25-08:00,34
2016-09-25-08:30,34
2016-09-25-09:00,34
2016-09-25-09:30,34
2016-09-25-10:30,34
2016-09-25-11:00,34
2016-09-25-11:30,34
2016-09-25-12:00,33
2016-09-25-12:30,33
2016-09-25-13:00,32
2016-09-25-15:00,29
2016-09-25-18:00,28
2016-09-25-21:00,27
2016-09-26-00:00,26
2016-09-26-01:30,26
2016-09-26-02:00,26
2016-09-26-02:30,27
2016-09-26-03:00,29
2016-09-26-03:30,30
2016-09-26-04:00,30
2016-09-26-04:30,31
2016-09-26-05:00,32
2016-09-26-05:30,33
2016-09-26-06:00,33
2016-09-26-06:30,33
2016-09-26-07:00,34
2016-09-26-07:30,34
2016-09-26-08:30,33
2016-09-26-09:00,34
2016-09-26-09:30,34
2016-09-26-10:00,35
2016-09-26-10:30,35
2016-09-26-11:00,34
2016-09-26-12:00,34
2016-09-26-12:30,33
2016-09-26-13:00,32
2016-09-26-15:00,30
2016-09-26-18:00,29
2016-09-27-00:00,27
2016-09-27-02:00,27
2016-09-27-02:30,28
2016-09-27-03:00,28
2016-09-27-03:30,29
2016-09-27-04:00,29
2016-09-27-04:30,30
2016-09-27-05:00,33
2016-09-27-05:30,33
2016-09-27-06:00,34
2016-09-27-06:30,34
2016-09-27-07:00,34
2016-09-27-07:30,35
2016-09-27-08:00,35
2016-09-27-08:30,35
2016-09-27-09:00,35
2016-09-27-09:30,35
2016-09-27-10:00,35
2016-09-27-10:30,36
2016-09-27-11:00,35
2016-09-27-11:30,35
2016-09-27-12:00,34
2016-09-27-12:30,34
2016-09-27-13:00,33
2016-09-27-15:00,31
2016-09-27-18:00,28
2016-09-27-21:00,27
2016-09-28-00:00,26
2016-09-28-02:00,26
2016-09-28-02:30,27
2016-09-28-03:00,28
2016-09-28-03:30,29
2016-09-28-04:30,30
2016-09-28-05:00,32
2016-09-28-05:30,33
2016-09-28-06:00,34
2016-09-28-06:30,35
2016-09-28-07:00,35
2016-09-28-07:30,35
2016-09-28-08:00,35
2016-09-28-08:30,36
2016-09-28-09:00,36
2016-09-28-09:30,36
2016-09-28-10:00,36
2016-09-28-10:30,36
2016-09-28-11:00,35
2016-09-28-12:00,34
2016-09-28-12:30,34
2016-09-28-13:00,34
2016-09-28-15:00,31
2016-09-28-18:00,29
2016-09-28-21:00,29
2016-09-29-00:00,28
2016-09-29-02:30,28
2016-09-29-03:00,29
2016-09-29-03:30,30
2016-09-29-04:00,31
2016-09-29-05:00,32
2016-09-29-05:30,33
2016-09-29-06:00,34
2016-09-29-06:30,34
2016-09-29-07:00,34
2016-09-29-07:30,34
2016-09-29-08:00,34
2016-09-29-09:00,34
2016-09-29-09:30,34
2016-09-29-10:00,34
2016-09-29-10:30,34
2016-09-29-11:30,34
2016-09-29-12:00,34
2016-09-29-12:30,34
2016-09-29-15:00,31
2016-09-29-18:00,30
2016-09-29-21:00,29
2016-09-30-00:00,28
2016-09-30-01:30,27
2016-09-30-02:00,27
2016-09-30-02:30,28
2016-09-30-03:00,29
2016-09-30-03:30,30
2016-09-30-04:00,31
2016-09-30-04:30,32
2016-09-30-05:00,32
2016-09-30-05:30,33
2016-09-30-06:00,34
2016-09-30-06:30,34
2016-09-30-07:00,34
2016-09-30-07:30,34
2016-09-30-08:00,35
2016-09-30-08:30,35
2016-09-30-09:00,35
2016-09-30-09:30,35
2016-09-30-10:00,35
2016-09-30-10:30,35
2016-09-30-11:00,35
2016-09-30-11:30,35
2016-09-30-12:00,34
2016-09-30-12:30,34
2016-09-30-13:00,33
2016-09-30-15:00,31
2016-09-30-18:00,29
2016-09-30-21:00,28
2016-10-01-00:00,27
2016-10-01-02:00,27
2016-10-01-02:30,28
2016-10-01-03:00,28
2016-10-01-03:30,30
2016-10-01-04:00,31
2016-10-01-04:30,32
2016-10-01-05:00,33
2016-10-01-05:30,33
2016-10-01-06:00,35
2016-10-01-06:30,35
2016-10-01-07:00,35
2016-10-01-07:30,35
2016-10-01-08:00,36
2016-10-01-08:30,36
2016-10-01-09:00,36
2016-10-01-11:00,36
2016-10-01-11:30,35
2016-10-01-12:00,35
2016-10-01-12:30,34
2016-10-01-13:00,33
2016-10-01-15:00,32
2016-10-01-18:00,30
2016-10-01-21:00,29
2016-10-02-00:00,29
2016-10-02-02:00,29
2016-10-02-02:30,29
2016-10-02-03:00,31
2016-10-02-03:30,31
2016-10-02-04:00,32
2016-10-02-04:30,32
2016-10-02-05:00,33
2016-10-02-05:30,33
2016-10-02-06:00,34
2016-10-02-06:30,35
2016-10-02-07:00,35
2016-10-02-07:30,35
2016-10-02-08:00,35
2016-10-02-08:30,35
2016-10-02-09:00,34
2016-10-02-09:30,34
2016-10-02-10:00,35
2016-10-02-10:30,35
2016-10-02-11:00,35
2016-10-02-11:30,35
2016-10-02-12:00,34
2016-10-02-12:30,33
2016-10-02-13:00,33
2016-10-02-15:00,31
2016-10-02-18:00,30
2016-10-02-21:00,29
2016-10-03-00:00,29
2016-10-03-02:00,28
2016-10-03-02:30,29
2016-10-03-03:00,30
2016-10-03-03:30,31
2016-10-03-04:00,32
2016-10-03-04:30,33
2016-10-03-05:00,34
2016-10-03-05:30,34
2016-10-03-06:00,34
2016-10-03-06:30,35
2016-10-03-07:00,35
2016-10-03-07:30,35
2016-10-03-08:00,35
2016-10-03-08:30,35
2016-10-03-09:00,35
2016-10-03-09:30,35
2016-10-03-10:00,36
2016-10-03-10:30,36
2016-10-03-11:00,35
2016-10-03-11:30,35
2016-10-03-12:00,34
2016-10-03-12:30,34
2016-10-03-13:00,34
2016-10-03-15:00,32
2016-10-03-18:00,31
2016-10-03-21:00,30
2016-10-04-00:00,29
2016-10-04-02:00,29
2016-10-04-02:30,29
2016-10-04-03:00,30
2016-10-04-03:30,31
2016-10-04-04:00,32
2016-10-04-04:30,33
2016-10-04-05:00,33
2016-10-04-05:30,33
2016-10-04-06:00,34
2016-10-04-06:30,34
2016-10-04-07:00,34
2016-10-04-07:30,34
2016-10-04-08:00,34
2016-10-04-08:30,34
2016-10-04-09:00,34
2016-10-04-09:30,35
2016-10-04-10:00,31
2016-10-04-10:30,30
2016-10-04-11:00,28
2016-10-04-11:30,28
2016-10-04-12:00,27
2016-10-04-12:30,27
2016-10-04-13:00,27
2016-10-04-15:00,25
2016-10-04-18:00,25
2016-10-04-21:00,25
2016-10-05-00:00,26
2016-10-05-02:00,26
2016-10-05-02:30,26
2016-10-05-03:00,27
2016-10-05-03:30,27
2016-10-05-04:00,27
2016-10-05-05:00,28
2016-10-05-05:30,28
2016-10-05-06:00,29
2016-10-05-06:30,29
2016-10-05-07:00,29
2016-10-05-07:30,30
2016-10-05-08:00,30
2016-10-05-08:30,30
2016-10-05-09:00,31
2016-10-05-10:30,31
2016-10-05-11:00,31
2016-10-05-11:30,31
2016-10-05-12:00,31
2016-10-05-12:30,30
2016-10-05-13:00,30
2016-10-05-15:00,30
2016-10-05-18:00,28
2016-10-05-21:00,27
2016-10-06-00:00,27
2016-10-06-02:00,27
2016-10-06-02:30,27
2016-10-06-03:00,28
2016-10-06-03:30,28
2016-10-06-04:00,28
2016-10-06-04:30,30
2016-10-06-05:00,30
2016-10-06-05:30,31
2016-10-06-06:00,31
2016-10-06-06:30,32
2016-10-06-07:00,33
2016-10-06-07:30,33
2016-10-06-08:00,33
2016-10-06-08:30,33
2016-10-06-09:00,33
2016-10-06-09:30,33
2016-10-06-10:00,33
2016-10-06-10:30,33
2016-10-06-11:00,33
2016-10-06-11:30,33
2016-10-06-12:00,32
2016-10-06-12:30,32
2016-10-06-13:00,31
2016-10-06-15:00,30
2016-10-06-18:00,28
2016-10-06-21:00,27
2016-10-07-00:00,26
2016-10-07-02:00,26
2016-10-07-02:30,26
2016-10-07-03:00,27
2016-10-07-03:30,28
2016-10-07-04:00,30
2016-10-07-04:30,30
2016-10-07-05:00,32
2016-10-07-05:30,32
2016-10-07-06:00,33
2016-10-07-06:30,33
2016-10-07-07:30,34
2016-10-07-08:30,34
2016-10-07-09:00,34
2016-10-07-09:30,35
2016-10-07-10:00,35
2016-10-07-10:30,35
2016-10-07-11:00,34
2016-10-07-11:30,33
2016-10-07-12:00,33
2016-10-07-12:30,32
2016-10-07-13:00,31
2016-10-07-15:00,28
2016-10-07-18:00,27
2016-10-07-21:00,26
2016-10-08-00:00,24
2016-10-08-01:30,24
2016-10-08-02:00,24
2016-10-08-02:30,25
2016-10-08-03:00,26
2016-10-08-03:30,27
2016-10-08-05:00,31
2016-10-08-05:30,32
2016-10-08-06:00,32.5
2016-10-08-06:30,33
2016-10-08-07:00,34
2016-10-08-07:30,34
2016-10-08-08:00,34
2016-10-08-08:30,35
2016-10-08-09:00,35
2016-10-08-09:30,34
2016-10-08-10:00,34
2016-10-08-10:30,35
2016-10-08-11:00,35
2016-10-08-11:30,34
2016-10-08-12:00,33
2016-10-08-12:30,33
2016-10-08-13:00,31
2016-10-08-15:00,28
2016-10-08-18:00,26
2016-10-08-21:00,24
2016-10-09-00:00,24
2016-10-09-02:00,24
2016-10-09-02:30,25
2016-10-09-03:00,25
2016-10-09-03:30,26
2016-10-09-04:00,27
2016-10-09-04:30,31
2016-10-09-05:00,32
2016-10-09-05:30,32
2016-10-09-06:00,33
2016-10-09-06:30,34
2016-10-09-07:00,34
2016-10-09-07:30,34
2016-10-09-08:00,34
2016-10-09-08:30,34
2016-10-09-09:00,35
2016-10-09-09:30,36
2016-10-09-10:00,36
2016-10-09-10:30,36
2016-10-09-11:00,35
2016-10-09-11:30,34
2016-10-09-12:00,33
2016-10-09-15:00,28
2016-10-09-18:00,26
2016-10-09-21:00,25
2016-10-10-00:00,26
2016-10-10-01:30,26
2016-10-10-02:00,26
2016-10-10-02:30,26
2016-10-10-03:00,26
2016-10-10-03:30,27
2016-10-10-04:00,27
2016-10-10-04:30,28
2016-10-10-05:00,30
2016-10-10-05:30,30
2016-10-10-06:00,31
2016-10-10-06:30,31
2016-10-10-07:30,33
2016-10-10-08:00,33
2016-10-10-08:30,33
2016-10-10-09:00,33
2016-10-10-09:30,34
2016-10-10-10:00,33
2016-10-10-10:30,33
2016-10-10-11:00,33
2016-10-10-11:30,33
2016-10-10-12:00,32
2016-10-10-12:30,31
2016-10-10-13:00,31
2016-10-10-15:00,27
2016-10-10-18:00,26
2016-10-10-21:00,25
2016-10-11-00:00,22
2016-10-11-02:00,22
2016-10-11-02:30,23
2016-10-11-03:00,24
2016-10-11-03:30,25
2016-10-11-04:00,28
2016-10-11-04:30,29
2016-10-11-05:00,31
2016-10-11-05:30,32
2016-10-11-06:00,32
2016-10-11-06:30,32
2016-10-11-07:00,33
2016-10-11-07:30,34
2016-10-11-08:00,34
2016-10-11-08:30,34
2016-10-11-09:00,34
2016-10-11-09:30,34
2016-10-11-10:00,34
2016-10-11-10:30,34
2016-10-11-11:00,33
2016-10-11-11:30,33
2016-10-11-12:00,32
2016-10-11-12:30,31
2016-10-11-13:00,29
2016-10-11-15:00,26
2016-10-11-18:00,24
2016-10-11-21:00,22
2016-10-12-00:00,22
2016-10-12-01:30,21
2016-10-12-02:00,22
2016-10-12-02:30,24
2016-10-12-03:00,26
2016-10-12-03:30,26
2016-10-12-04:00,28
2016-10-12-04:30,29
2016-10-12-05:00,30
2016-10-12-05:30,31
2016-10-12-06:00,32
2016-10-12-06:30,33
2016-10-12-07:00,33
2016-10-12-07:30,33
2016-10-12-08:00,34
2016-10-12-08:30,34
2016-10-12-09:00,34
2016-10-12-09:30,35
2016-10-12-10:00,35
2016-10-12-10:30,34
2016-10-12-11:00,34
2016-10-12-11:30,33
2016-10-12-12:00,32
2016-10-12-12:30,32
2016-10-12-13:00,31
2016-10-12-15:00,25
2016-10-12-18:00,23
2016-10-12-21:00,22
2016-10-13-00:00,21
2016-10-13-02:00,23
2016-10-13-02:30,23
2016-10-13-03:00,25
2016-10-13-03:30,26
2016-10-13-04:00,28
2016-10-13-04:30,29
2016-10-13-05:00,30
2016-10-13-05:30,32
2016-10-13-06:00,32
2016-10-13-06:30,32
2016-10-13-07:00,33
2016-10-13-07:30,33
2016-10-13-08:00,34
2016-10-13-08:30,34
2016-10-13-09:00,35
2016-10-13-09:30,35
2016-10-13-10:00,35
2016-10-13-10:30,35
2016-10-13-11:00,34
2016-10-13-11:30,34
2016-10-13-12:00,33
2016-10-13-12:30,32
2016-10-13-13:00,32
2016-10-13-15:00,24
2016-10-13-18:00,23
2016-10-13-21:00,22
2016-10-14-00:00,20
2016-10-14-02:00,21
2016-10-14-02:30,23
2016-10-14-03:00,23
2016-10-14-04:30,27
2016-10-14-05:00,30
2016-10-14-05:30,31
2016-10-14-06:00,32
2016-10-14-06:30,33
2016-10-14-07:00,33
2016-10-14-07:30,34
2016-10-14-08:00,34
2016-10-14-08:30,34
2016-10-14-09:00,35
2016-10-14-09:30,35
2016-10-14-10:00,35
2016-10-14-10:30,35
2016-10-14-11:00,35
2016-10-14-11:30,34
2016-10-14-12:00,32
2016-10-14-12:30,31
2016-10-14-15:00,25
2016-10-14-18:00,22
2016-10-14-21:00,20
2016-10-15-00:00,19
2016-10-15-02:00,19
2016-10-15-02:30,19
2016-10-15-03:00,22
2016-10-15-03:30,23
2016-10-15-04:00,26
2016-10-15-04:30,27
2016-10-15-05:00,28
2016-10-15-05:30,29
2016-10-15-06:00,31
2016-10-15-06:30,32
2016-10-15-07:00,32
2016-10-15-07:30,33
2016-10-15-08:00,33
2016-10-15-08:30,33
2016-10-15-09:00,23
2016-10-15-09:30,33
2016-10-15-10:00,33
2016-10-15-10:30,33
2016-10-15-11:00,32
2016-10-15-11:30,32
2016-10-15-12:00,31
2016-10-15-12:30,30
2016-10-15-13:00,29
2016-10-15-15:00,24
2016-10-15-18:00,23
2016-10-15-21:00,20
2016-10-16-00:00,19
2016-10-16-01:30,19
2016-10-16-02:00,19
2016-10-16-02:30,21
2016-10-16-03:00,23
2016-10-16-03:30,23
2016-10-16-04:00,24
2016-10-16-04:30,29
2016-10-16-05:00,30
2016-10-16-05:30,31
2016-10-16-06:00,32
2016-10-16-06:30,31
2016-10-16-07:00,33
2016-10-16-07:30,34
2016-10-16-08:00,34
2016-10-16-08:30,34
2016-10-16-09:00,34
2016-10-16-09:30,34
2016-10-16-10:00,34
2016-10-16-10:30,33
2016-10-16-11:00,33
2016-10-16-11:30,33
2016-10-16-12:00,32
2016-10-16-12:30,31
2016-10-16-13:00,29
2016-10-16-15:00,24
2016-10-16-18:00,22
2016-10-16-21:00,21
2016-10-17-00:00,20
2016-10-17-02:00,20
2016-10-17-02:30,21
2016-10-17-03:00,22
2016-10-17-03:30,23
2016-10-17-04:00,23
2016-10-17-04:30,29
2016-10-17-05:00,30
2016-10-17-05:30,30
2016-10-17-06:00,32
2016-10-17-06:30,32
2016-10-17-07:00,32
2016-10-17-07:30,32
2016-10-17-08:00,33
2016-10-17-08:30,34
2016-10-17-09:00,34
2016-10-17-09:30,34
2016-10-17-10:30,34
2016-10-17-11:00,34
2016-10-17-11:30,34
2016-10-17-12:00,31
2016-10-17-12:30,31
2016-10-17-13:00,29
2016-10-17-18:00,21
2016-10-17-21:00,20
2016-10-18-00:00,20
2016-10-18-02:00,19
2016-10-18-02:30,21
2016-10-18-03:00,22
2016-10-18-04:00,25
2016-10-18-04:30,28
2016-10-18-05:30,31
2016-10-18-06:00,32
2016-10-18-06:30,32
2016-10-18-07:00,32
2016-10-18-07:30,33
2016-10-18-08:00,33
2016-10-18-08:30,33
2016-10-18-09:00,33
2016-10-18-09:30,33
2016-10-18-10:00,34
2016-10-18-10:30,33
2016-10-18-11:00,33
2016-10-18-11:30,32
2016-10-18-12:00,31
2016-10-18-13:00,29
2016-10-18-15:00,24
2016-10-18-18:00,21
2016-10-18-21:00,20
2016-10-19-00:00,18
2016-10-19-02:00,20
2016-10-19-02:30,20
2016-10-19-03:00,22
2016-10-19-03:30,23
2016-10-19-04:00,25
2016-10-19-04:30,28
2016-10-19-05:00,30
2016-10-19-05:30,31
2016-10-19-06:00,32
2016-10-19-06:30,33
2016-10-19-07:00,33
2016-10-19-07:30,34
2016-10-19-08:00,34
2016-10-19-08:30,34
2016-10-19-09:00,35
2016-10-19-09:30,35
2016-10-19-10:00,34
2016-10-19-10:30,34
2016-10-19-11:00,33
2016-10-19-11:30,33
2016-10-19-12:00,32
2016-10-19-12:30,31
2016-10-19-13:00,29
2016-10-19-15:00,25
2016-10-19-18:00,22
2016-10-19-21:00,21
2016-10-20-00:00,20
2016-10-20-02:00,20
2016-10-20-02:30,21
2016-10-20-03:00,22
2016-10-20-03:30,24
2016-10-20-04:00,28
2016-10-20-04:30,29
2016-10-20-05:00,30
2016-10-20-05:30,30
2016-10-20-06:00,32
2016-10-20-06:30,32
2016-10-20-07:00,33
2016-10-20-07:30,33
2016-10-20-08:00,34
2016-10-20-08:30,34
2016-10-20-09:00,34
2016-10-20-09:30,34
2016-10-20-10:00,34
2016-10-20-10:30,34
2016-10-20-11:00,34
2016-10-20-11:30,34
2016-10-20-12:00,32
2016-10-20-12:30,31
2016-10-20-15:00,24
2016-10-20-18:00,22
2016-10-20-21:00,21
2016-10-21-00:00,21
2016-10-21-02:00,21
2016-10-21-02:30,22
2016-10-21-03:00,25
2016-10-21-03:30,25
2016-10-21-04:00,26
2016-10-21-04:30,29
2016-10-21-05:00,30
2016-10-21-05:30,31
2016-10-21-06:00,32
2016-10-21-06:30,32
2016-10-21-07:00,33
2016-10-21-09:00,35
2016-10-21-10:30,34
2016-10-21-11:00,34
2016-10-21-11:30,34
2016-10-21-12:00,32
2016-10-21-12:30,31
2016-10-21-13:00,30
2016-10-21-15:00,25
2016-10-21-18:00,22
2016-10-21-21:00,21
2016-10-22-00:00,21
2016-10-22-02:00,22
2016-10-22-02:30,22
2016-10-22-03:00,25
2016-10-22-03:30,26
2016-10-22-04:00,27
2016-10-22-04:30,28
2016-10-22-05:00,29
2016-10-22-05:30,30
2016-10-22-06:00,32
2016-10-22-06:30,32
2016-10-22-07:00,33
2016-10-22-07:30,33
2016-10-22-08:00,34
2016-10-22-08:30,34
2016-10-22-09:00,35
2016-10-22-09:30,34
2016-10-22-10:00,34
2016-10-22-10:30,34
2016-10-22-11:00,33
2016-10-22-11:30,33
2016-10-22-12:00,32
2016-10-22-12:30,31
2016-10-22-13:00,30
2016-10-22-15:00,25
2016-10-22-18:00,22
2016-10-22-21:00,21
2016-10-23-00:00,21
2016-10-23-02:00,21
2016-10-23-02:30,21
2016-10-23-03:00,23
2016-10-23-03:30,24
2016-10-23-04:00,25
2016-10-23-04:30,26
2016-10-23-05:00,27
2016-10-23-05:30,28
2016-10-23-06:00,30
2016-10-23-06:30,30
2016-10-23-07:00,31
2016-10-23-07:30,32
2016-10-23-08:00,32
2016-10-23-08:30,32
2016-10-23-09:00,33
2016-10-23-09:30,33
2016-10-23-10:00,33
2016-10-23-10:30,32
2016-10-23-11:00,30
2016-10-23-11:30,30
2016-10-23-12:00,30
2016-10-23-13:00,26
2016-10-23-15:00,23
2016-10-23-18:00,22
2016-10-23-21:00,20
2016-10-24-00:00,20
2016-10-24-02:00,22
2016-10-24-02:30,22
2016-10-24-03:00,23
2016-10-24-03:30,24
2016-10-24-04:00,24
2016-10-24-04:30,28
2016-10-24-05:00,28
2016-10-24-05:30,30
2016-10-24-06:00,30
2016-10-24-06:30,30
2016-10-24-07:00,32
2016-10-24-07:30,33
2016-10-24-08:30,34
2016-10-24-09:00,34
2016-10-24-09:30,34
2016-10-24-10:00,35
2016-10-24-10:30,34
2016-10-24-11:00,34
2016-10-24-11:30,33
2016-10-24-12:00,32
2016-10-24-12:30,31
2016-10-24-13:00,28
2016-10-24-15:00,24
2016-10-24-18:00,22
2016-10-24-21:00,20
2016-10-25-00:00,22
2016-10-25-02:00,23
2016-10-25-02:30,23
2016-10-25-03:00,24
2016-10-25-03:30,25
2016-10-25-04:00,27
2016-10-25-04:30,27
2016-10-25-05:00,29
2016-10-25-05:30,30
2016-10-25-06:00,30
2016-10-25-06:30,30
2016-10-25-07:00,31
2016-10-25-07:30,32
2016-10-25-08:00,33
2016-10-25-08:30,33
2016-10-25-09:00,33
2016-10-25-10:00,33
2016-10-25-10:30,32
2016-10-25-11:00,32
2016-10-25-11:30,31
2016-10-25-12:00,30
2016-10-25-12:30,29
2016-10-25-13:00,29
2016-10-25-15:00,24
2016-10-25-18:00,21
2016-10-25-21:00,20
2016-10-26-00:00,20
2016-10-26-02:00,21
2016-10-26-02:30,21
2016-10-26-03:00,22
2016-10-26-03:30,23
2016-10-26-04:00,24
2016-10-26-04:30,25
2016-10-26-05:00,27
2016-10-26-05:30,28
2016-10-26-06:00,30
2016-10-26-06:30,30
2016-10-26-07:00,31
2016-10-26-07:30,32
2016-10-26-08:00,32
2016-10-26-08:30,33
2016-10-26-09:00,33
2016-10-26-09:30,33
2016-10-26-10:00,33
2016-10-26-10:30,33
2016-10-26-11:00,32
2016-10-26-11:30,31
2016-10-26-12:00,30
2016-10-26-12:30,29
2016-10-26-15:00,23
2016-10-26-18:00,21
2016-10-26-21:00,20
2016-10-27-00:00,18
2016-10-27-02:00,18
2016-10-27-02:30,18
2016-10-27-03:00,20
2016-10-27-03:30,21
2016-10-27-04:00,23
2016-10-27-04:30,24
2016-10-27-05:00,27
2016-10-27-05:30,29
2016-10-27-06:00,30
2016-10-27-06:30,30
2016-10-27-07:00,31
2016-10-27-07:30,31
2016-10-27-08:00,31
2016-10-27-08:30,32
2016-10-27-09:00,32
2016-10-27-09:30,32
2016-10-27-10:00,32
2016-10-27-10:30,31
2016-10-27-11:00,31
2016-10-27-11:30,30
2016-10-27-12:00,29
2016-10-27-12:30,29
2016-10-27-13:00,25
2016-10-27-15:00,22
2016-10-27-18:00,21
2016-10-27-21:00,20
2016-10-28-00:00,18
2016-10-28-01:30,17
2016-10-28-02:00,17
2016-10-28-02:30,18
2016-10-28-03:00,20
2016-10-28-03:30,21
2016-10-28-04:00,23
2016-10-28-04:30,24
2016-10-28-05:00,26
2016-10-28-06:00,29
2016-10-28-06:30,30
2016-10-28-07:00,31
2016-10-28-07:32,31
2016-10-28-08:00,31
2016-10-28-08:30,32
2016-10-28-09:00,32
2016-10-28-09:30,31
2016-10-28-10:00,31
2016-10-28-10:30,30
2016-10-28-11:00,30
2016-10-28-11:30,30
2016-10-28-12:00,29
2016-10-28-12:30,27
2016-10-28-13:00,25
2016-10-28-15:00,21
2016-10-28-18:00,18
2016-10-28-21:00,17
2016-10-29-00:00,16
2016-10-29-02:00,16
2016-10-29-02:30,17
2016-10-29-03:00,18
2016-10-29-03:30,19
2016-10-29-04:00,21
2016-10-29-04:30,23
2016-10-29-05:00,26
2016-10-29-05:30,27
2016-10-29-06:00,30
2016-10-29-06:30,30
2016-10-29-07:00,30
2016-10-29-07:30,30
2016-10-29-08:00,30
2016-10-29-08:30,31
2016-10-29-09:00,32
2016-10-29-09:30,32
2016-10-29-10:00,32
2016-10-29-10:30,32
2016-10-29-11:00,32
2016-10-29-11:30,31
2016-10-29-12:00,29
2016-10-29-12:30,28
2016-10-29-13:00,27
2016-10-29-15:00,22
2016-10-29-18:00,19
2016-10-29-21:00,17
2016-10-30-00:00,17
2016-10-30-02:00,17
2016-10-30-02:30,17
2016-10-30-03:00,18
2016-10-30-03:30,19
2016-10-30-04:00,20
2016-10-30-04:30,21
2016-10-30-06:00,29
2016-10-30-07:00,30
2016-10-30-08:00,30
2016-10-30-08:30,31
2016-10-30-09:00,30
2016-10-30-09:30,31
2016-10-30-10:00,32
2016-10-30-10:30,31
2016-10-30-11:00,30
2016-10-30-11:30,29
2016-10-30-12:00,28
2016-10-30-12:30,27
2016-10-30-13:00,26
2016-10-30-15:00,21
2016-10-30-18:00,19
2016-10-30-21:00,18
2016-10-31-00:00,17
2016-10-31-02:00,18
2016-10-31-02:30,17
2016-10-31-03:00,19
2016-10-31-03:30,19
2016-10-31-04:00,20
2016-10-31-04:30,23
2016-10-31-05:00,25
2016-10-31-05:30,26
2016-10-31-06:00,27
2016-10-31-07:00,28
2016-10-31-07:30,29
2016-10-31-08:00,29
2016-10-31-08:30,29
2016-10-31-09:00,30
2016-10-31-09:30,31
2016-10-31-10:00,31
2016-10-31-10:30,30
2016-10-31-11:00,29
2016-10-31-11:30,29
2016-10-31-12:00,27
2016-10-31-12:30,25
2016-10-31-13:00,24
2016-10-31-15:00,20
2016-10-31-18:00,19
2016-10-31-21:00,17
2016-11-01-00:00,16
2016-11-01-02:00,15
2016-11-01-02:30,16
2016-11-01-03:00,18
2016-11-01-03:30,19
2016-11-01-04:00,20
2016-11-01-04:30,23
2016-11-01-05:00,24
2016-11-01-05:30,26
2016-11-01-06:00,28
2016-11-01-07:00,29
2016-11-01-07:30,30
2016-11-01-08:00,30
2016-11-01-08:30,30
2016-11-01-09:00,30
2016-11-01-09:30,30
2016-11-01-10:00,30
2016-11-01-10:30,30
2016-11-01-11:00,29
2016-11-01-11:30,28
2016-11-01-12:00,27
2016-11-01-12:30,25
2016-11-01-13:00,24
2016-11-01-15:00,21
2016-11-01-18:00,19
2016-11-01-21:00,17
2016-11-02-00:00,17
2016-11-02-02:00,17
2016-11-02-02:30,17
2016-11-02-03:00,18
2016-11-02-03:30,19
2016-11-02-04:00,21
2016-11-02-04:30,22
2016-11-02-05:00,24
2016-11-02-05:30,26
2016-11-02-06:00,26
2016-11-02-06:30,27
2016-11-02-07:00,28
2016-11-02-07:30,28
2016-11-02-08:00,29
2016-11-02-08:30,29
2016-11-02-09:00,30
2016-11-02-09:30,30
2016-11-02-10:00,30
2016-11-02-12:00,27
2016-11-02-15:00,21
2016-11-02-18:00,19
2016-11-02-21:00,17
2016-11-03-00:00,16
2016-11-03-02:00,16
2016-11-03-02:30,16
2016-11-03-03:00,17
2016-11-03-04:30,22
2016-11-03-05:00,25
2016-11-03-05:30,27
2016-11-03-06:00,28
2016-11-03-06:30,29
2016-11-03-07:00,29
2016-11-03-07:30,30
2016-11-03-08:00,30
2016-11-03-08:30,31
2016-11-03-09:00,32
2016-11-03-09:30,32
2016-11-03-10:00,31
2016-11-03-10:30,31
2016-11-03-11:00,31
2016-11-03-11:30,30
2016-11-03-12:00,28
2016-11-03-12:30,27
2016-11-03-13:00,25
2016-11-03-15:00,22
2016-11-03-18:00,19
2016-11-03-21:00,17
2016-11-04-00:00,16
2016-11-04-02:00,15
2016-11-04-02:30,16
2016-11-04-03:00,18
2016-11-04-03:30,19
2016-11-04-04:00,21
2016-11-04-04:30,23
2016-11-04-05:00,25
2016-11-04-05:30,26
2016-11-04-06:00,28
2016-11-04-06:30,28
2016-11-04-07:00,30
2016-11-04-07:30,31
2016-11-04-08:00,31
2016-11-04-08:30,31
2016-11-04-09:00,31
2016-11-04-09:30,31
2016-11-04-10:00,31
2016-11-04-10:30,30
2016-11-04-11:00,29
2016-11-04-11:30,27
2016-11-04-12:00,27
2016-11-04-12:30,25
2016-11-04-13:00,24
2016-11-04-15:00,21
2016-11-04-18:00,19
2016-11-04-21:00,17
2016-11-05-00:00,16
2016-11-05-01:30,16
2016-11-05-02:00,16
2016-11-05-02:30,17
2016-11-05-03:00,18
2016-11-05-03:30,20
2016-11-05-04:00,20
2016-11-05-05:00,23
2016-11-05-05:30,23
2016-11-05-06:00,24
2016-11-05-06:30,25
2016-11-05-07:00,26
2016-11-05-07:30,27
2016-11-05-08:00,28
2016-11-05-08:30,28
2016-11-05-09:00,29
2016-11-05-09:30,29
2016-11-05-10:00,29
2016-11-05-10:30,27
2016-11-05-11:00,27
2016-11-05-11:30,27
2016-11-05-12:00,26
2016-11-05-12:30,25
2016-11-05-15:00,20
2016-11-05-18:00,18
2016-11-05-21:00,17
2016-11-06-00:00,15
2016-11-06-02:00,15
2016-11-06-02:30,15
2016-11-06-03:00,15
2016-11-06-03:30,16
2016-11-06-04:00,17
2016-11-06-04:30,19
2016-11-06-05:00,21
2016-11-06-05:30,23
2016-11-06-06:00,24
2016-11-06-06:30,25
2016-11-06-07:00,25
2016-11-06-07:30,26
2016-11-06-08:00,28
2016-11-06-08:30,29
2016-11-06-09:00,30
2016-11-06-09:30,30
2016-11-06-10:00,30
2016-11-06-10:30,30
2016-11-06-11:00,29
2016-11-06-11:30,28
2016-11-06-12:00,27
2016-11-06-12:30,25
2016-11-06-13:00,23
2016-11-06-15:00,20
2016-11-06-18:00,18
2016-11-06-21:00,16
2016-11-07-00:00,16
2016-11-07-02:00,15
2016-11-07-03:00,16
2016-11-07-05:30,24
2016-11-07-06:00,26
2016-11-07-06:30,27
2016-11-07-07:00,27
2016-11-07-07:30,28
2016-11-07-08:00,28
2016-11-07-08:30,29
2016-11-07-09:00,29
2016-11-07-09:30,29
2016-11-07-10:00,29
2016-11-07-10:30,29
2016-11-07-11:00,28
2016-11-07-11:30,28
2016-11-07-12:00,25
2016-11-07-12:30,24
2016-11-07-13:00,23
2016-11-07-15:00,20
2016-11-07-18:00,21
2016-11-07-21:00,19
2016-11-08-00:00,18
2016-11-08-02:00,17
2016-11-08-02:30,18
2016-11-08-03:00,18
2016-11-08-04:00,20
2016-11-08-04:30,21
2016-11-08-05:00,22
2016-11-08-05:30,23
2016-11-08-06:00,25
2016-11-08-06:30,26
2016-11-08-07:00,27
2016-11-08-07:30,28
2016-11-08-08:00,29
2016-11-08-08:30,29
2016-11-08-09:00,29
2016-11-08-09:30,29
2016-11-08-10:00,29
2016-11-08-10:30,29
2016-11-08-11:00,28
2016-11-08-11:30,27
2016-11-08-12:00,26
2016-11-08-12:30,24
2016-11-08-13:00,23
2016-11-08-15:00,19
2016-11-08-18:00,17
2016-11-08-21:00,16
2016-11-09-00:00,14
2016-11-09-02:00,14
2016-11-09-02:30,14
2016-11-09-03:00,14
2016-11-09-03:30,15
2016-11-09-04:00,18
2016-11-09-04:30,21
2016-11-09-05:00,23
2016-11-09-05:30,25
2016-11-09-06:00,26
2016-11-09-06:30,26
2016-11-09-07:00,28
2016-11-09-07:30,28
2016-11-09-08:00,29
2016-11-09-08:30,29
2016-11-09-09:00,29
2016-11-09-09:30,29
2016-11-09-10:00,30
2016-11-09-10:30,30
2016-11-09-11:00,29
2016-11-09-11:30,29
2016-11-09-12:00,26
2016-11-09-12:30,24
2016-11-09-13:00,23
2016-11-09-15:00,18
2016-11-09-18:00,16
2016-11-09-21:00,14
2016-11-10-00:00,13
2016-11-10-02:00,13
2016-11-10-02:30,13
2016-11-10-03:00,15
2016-11-10-03:30,18
2016-11-10-04:00,21
2016-11-10-04:30,23
2016-11-10-05:00,24
2016-11-10-05:30,25
2016-11-10-06:00,27
2016-11-10-06:30,28
2016-11-10-07:00,28
2016-11-10-07:30,29
2016-11-10-08:00,30
2016-11-10-08:30,30
2016-11-10-09:00,30
2016-11-10-09:30,30
2016-11-10-10:00,30
2016-11-10-10:30,30
2016-11-10-11:00,29
2016-11-10-11:30,28
2016-11-10-12:00,26
2016-11-10-12:30,24
2016-11-10-13:00,22
2016-11-10-15:00,19
2016-11-10-18:00,16
2016-11-10-21:00,14
2016-11-11-00:00,13
2016-11-11-02:00,13
2016-11-11-03:00,15
2016-11-11-03:30,18
2016-11-11-04:00,21
2016-11-11-05:00,25
2016-11-11-05:30,26
2016-11-11-06:00,27
2016-11-11-06:30,28
2016-11-11-07:00,29
2016-11-11-07:30,29
2016-11-11-08:00,30
2016-11-11-08:30,30
2016-11-11-09:00,30
2016-11-11-09:30,30
2016-11-11-10:00,30
2016-11-11-10:30,29
2016-11-11-11:00,29
2016-11-11-11:30,28
2016-11-11-12:00,25
2016-11-11-12:30,23
2016-11-11-13:00,22
2016-11-11-15:00,18
2016-11-11-18:00,16
2016-11-11-21:00,14
2016-11-12-00:00,13
2016-11-12-02:00,13
2016-11-12-02:30,14
2016-11-12-03:00,15
2016-11-12-03:30,18
2016-11-12-04:00,20
2016-11-12-04:30,23
2016-11-12-05:00,25
2016-11-12-06:00,27
2016-11-12-06:30,28
2016-11-12-07:00,29
2016-11-12-07:30,29
2016-11-12-08:00,30
2016-11-12-08:30,30
2016-11-12-09:00,30
2016-11-12-09:30,30
2016-11-12-10:00,30
2016-11-12-10:30,29
2016-11-12-11:00,29
2016-11-12-11:30,27
2016-11-12-12:00,25
2016-11-12-12:30,24
2016-11-12-13:00,22
2016-11-12-15:00,19
2016-11-12-18:00,17
2016-11-12-21:00,16
2016-11-13-00:00,15
2016-11-13-02:00,15
2016-11-13-02:30,16
2016-11-13-03:00,17
2016-11-13-03:30,19
2016-11-13-04:00,20
2016-11-13-04:30,23
2016-11-13-05:00,25
2016-11-13-05:30,26
2016-11-13-06:00,28
2016-11-13-06:30,28
2016-11-13-07:00,29
2016-11-13-07:30,29
2016-11-13-08:00,30
2016-11-13-08:30,30
2016-11-13-09:00,30
2016-11-13-09:30,30
2016-11-13-10:00,30
2016-11-13-10:30,30
2016-11-13-11:00,29
2016-11-13-11:30,28
2016-11-13-12:00,26
2016-11-13-12:30,25
2016-11-13-13:00,23
2016-11-13-15:00,20
2016-11-13-18:00,18
2016-11-13-21:00,17
2016-11-14-00:00,15
2016-11-14-02:00,15
2016-11-14-02:30,15
2016-11-14-03:00,17
2016-11-14-03:30,18
2016-11-14-04:00,20
2016-11-14-04:30,22
2016-11-14-05:00,25
2016-11-14-05:30,26
2016-11-14-06:00,28
2016-11-14-06:30,28
2016-11-14-07:00,29
2016-11-14-07:30,29
2016-11-14-08:00,29
2016-11-14-08:30,29
2016-11-14-09:00,29
2016-11-14-09:30,29
2016-11-14-10:00,29
2016-11-14-10:30,29
2016-11-14-11:30,26
2016-11-14-12:00,24
2016-11-14-12:30,23
2016-11-14-13:00,22
2016-11-14-15:00,19
2016-11-14-18:00,17
2016-11-14-21:00,15
2016-11-15-00:00,14
2016-11-15-03:00,14
2016-11-15-03:30,15
2016-11-15-04:00,17
2016-11-15-04:30,19
2016-11-15-05:00,21
2016-11-15-05:30,23
2016-11-15-06:00,25
2016-11-15-06:30,26
2016-11-15-07:00,27
2016-11-15-07:30,28
2016-11-15-08:00,29
2016-11-15-08:30,29
2016-11-15-09:00,27
2016-11-15-09:30,27
2016-11-15-10:00,27
2016-11-15-10:30,26
2016-11-15-11:00,26
2016-11-15-11:30,25
2016-11-15-12:00,24
2016-11-15-12:30,21
2016-11-15-13:00,20
2016-11-15-15:00,18
2016-11-15-18:00,15
2016-11-15-21:00,13
2016-11-16-00:00,12
2016-11-16-02:30,13
2016-11-16-03:00,14
2016-11-16-03:30,15
2016-11-16-04:00,18
2016-11-16-04:30,21
2016-11-16-05:00,23
2016-11-16-05:30,24
2016-11-16-06:00,25
2016-11-16-06:30,26
2016-11-16-07:00,26
2016-11-16-07:30,26
2016-11-16-08:00,27
2016-11-16-08:30,27
2016-11-16-09:00,27
2016-11-16-09:30,27
2016-11-16-10:00,27
2016-11-16-10:30,26
2016-11-16-11:00,26
2016-11-16-11:30,26
2016-11-16-12:00,23
2016-11-16-12:30,22
2016-11-16-13:00,21
2016-11-16-15:00,16
2016-11-16-18:00,15
2016-11-16-21:00,13
2016-11-17-00:00,13
2016-11-17-02:00,14
2016-11-17-02:30,14
2016-11-17-03:00,16
2016-11-17-03:30,17
2016-11-17-04:00,20
2016-11-17-04:30,22
2016-11-17-05:00,23
2016-11-17-05:30,23
2016-11-17-06:00,25
2016-11-17-06:30,25
2016-11-17-07:00,25
2016-11-17-07:30,26
2016-11-17-08:00,27
2016-11-17-08:30,27
2016-11-17-09:00,28
2016-11-17-09:30,28
2016-11-17-10:00,27
2016-11-17-10:30,27
2016-11-17-11:00,26
2016-11-17-11:30,26
2016-11-17-12:00,23
2016-11-17-12:30,22
2016-11-17-13:00,20
2016-11-17-15:00,18
2016-11-17-18:00,15
2016-11-17-21:00,14
2016-11-18-00:00,13
2016-11-18-02:00,13
2016-11-18-03:00,15
2016-11-18-03:30,15
2016-11-18-04:00,18
2016-11-18-04:30,20
2016-11-18-05:00,22
2016-11-18-05:30,23
2016-11-18-06:00,24
2016-11-18-06:30,25
2016-11-18-07:00,25
2016-11-18-07:30,26
2016-11-18-08:00,26
2016-11-18-08:30,27
2016-11-18-09:00,27
2016-11-18-09:30,28
2016-11-18-10:00,28
2016-11-18-10:30,27
2016-11-18-11:00,27
2016-11-18-11:30,26
2016-11-18-12:00,23
2016-11-18-12:30,22
2016-11-18-13:00,21
2016-11-18-15:00,17
2016-11-18-18:00,14
2016-11-18-21:00,13
2016-11-19-00:00,12
2016-11-19-02:00,12
2016-11-19-03:00,13
2016-11-19-04:30,18
2016-11-19-06:00,24
2016-11-19-07:30,26
2016-11-19-09:00,28
2016-11-19-09:30,29
2016-11-19-10:00,28
2016-11-19-11:30,26
2016-11-19-12:00,25
2016-11-19-12:30,24
2016-11-19-15:00,16
2016-11-19-18:00,15
2016-11-19-21:00,14
2016-11-20-00:00,12
2016-11-20-02:00,12
2016-11-20-02:30,12
2016-11-20-03:00,14
2016-11-20-05:30,24
2016-11-20-06:00,26
2016-11-20-06:30,27
2016-11-20-07:30,28
2016-11-20-08:00,29
2016-11-20-08:30,28
2016-11-20-09:00,29
2016-11-20-10:00,29
2016-11-20-10:30,29
2016-11-20-11:00,28
2016-11-20-11:30,28
2016-11-20-12:00,24
2016-11-20-13:00,21
2016-11-20-15:00,17
2016-11-20-18:00,15
2016-11-20-21:00,13
2016-11-21-00:00,12
2016-11-21-02:30,12
2016-11-21-03:00,14
2016-11-21-06:00,27
2016-11-21-09:00,30
2016-11-21-10:00,30
2016-11-21-10:30,30
2016-11-21-11:00,29
2016-11-21-12:00,26
2016-11-21-12:30,24
2016-11-21-15:00,17
2016-11-21-18:00,15
2016-11-21-21:00,14
2016-11-22-00:00,12
2016-11-22-02:00,12
2016-11-22-03:00,16
2016-11-22-03:30,18
2016-11-22-04:00,20
2016-11-22-04:30,22
2016-11-22-06:00,27
2016-11-22-06:30,27
2016-11-22-07:00,28
2016-11-22-07:30,28
2016-11-22-09:00,30
2016-11-22-09:30,30
2016-11-22-10:00,30
2016-11-22-11:30,28
2016-11-22-12:00,26
2016-11-22-12:30,25
2016-11-22-15:00,18
2016-11-22-18:00,17
2016-11-22-21:00,15
2016-11-23-00:00,15
2016-11-23-03:00,15
2016-11-23-03:30,16
2016-11-23-04:00,18
2016-11-23-04:30,21
2016-11-23-05:00,22
2016-11-23-05:30,24
2016-11-23-06:00,26
2016-11-23-06:30,26
2016-11-23-07:00,27
2016-11-23-07:30,28
2016-11-23-08:30,28
2016-11-23-09:00,29
2016-11-23-09:30,29
2016-11-23-10:00,28
2016-11-23-10:30,27
2016-11-23-11:30,27
2016-11-23-12:00,26
2016-11-23-12:30,25
2016-11-23-13:00,23
2016-11-23-15:00,17
2016-11-23-18:00,15
2016-11-23-21:00,13
2016-11-24-00:00,12
2016-11-24-02:00,12
2016-11-24-03:00,13
2016-11-24-03:30,14
2016-11-24-04:00,16
2016-11-24-04:30,19
2016-11-24-06:00,26
2016-11-24-06:30,26
2016-11-24-07:30,27
2016-11-24-08:00,27
2016-11-24-08:30,28
2016-11-24-09:00,28
2016-11-24-10:00,28
2016-11-24-10:30,28
2016-11-24-11:30,27
2016-11-24-12:00,25
2016-11-24-15:00,18
2016-11-24-18:00,17
2016-11-24-21:00,16
2016-11-25-00:00,15
2016-11-25-02:30,16
2016-11-25-03:00,16
2016-11-25-03:30,17
2016-11-25-04:00,20
2016-11-25-05:50,25
2016-11-25-06:00,26
2016-11-25-06:30,26
2016-11-25-07:00,27
2016-11-25-07:30,28
2016-11-25-08:30,29
2016-11-25-09:00,29
2016-11-25-10:00,29
2016-11-25-10:30,29
2016-11-25-11:30,27
2016-11-25-12:00,26
2016-11-25-13:00,25
2016-11-25-15:00,22
2016-11-25-18:00,21
2016-11-25-21:00,19
2016-11-26-00:00,18
2016-11-26-02:30,19
2016-11-26-03:00,20
2016-11-26-03:30,21
2016-11-26-04:30,23
2016-11-26-05:30,26
2016-11-26-06:00,27
2016-11-26-08:00,30
2016-11-26-08:30,30
2016-11-26-09:00,30
2016-11-26-10:00,31
2016-11-26-10:30,31
2016-11-26-12:00,27
2016-11-26-12:30,25
2016-11-26-15:00,20
2016-11-26-18:00,19
2016-11-26-21:00,16
2016-11-27-00:00,16
2016-11-27-03:00,17
2016-11-27-03:30,17
2016-11-27-04:00,19
2016-11-27-04:30,20
2016-11-27-05:00,23
2016-11-27-05:30,24
2016-11-27-06:00,26
2016-11-27-06:30,27
2016-11-27-07:00,27
2016-11-27-07:30,28
2016-11-27-08:00,28
2016-11-27-09:00,29
2016-11-27-09:30,30
2016-11-27-10:00,29
2016-11-27-11:30,28
2016-11-27-12:00,25
2016-11-27-12:30,25
2016-11-27-13:00,23
2016-11-27-15:00,22
2016-11-27-18:00,20
2016-11-27-21:00,17
2016-11-28-00:00,16
2016-11-28-03:00,17
2016-11-28-03:30,18
2016-11-28-04:30,21
2016-11-28-05:00,23
2016-11-28-06:00,25
2016-11-28-06:30,26
2016-11-28-07:00,27
2016-11-28-07:30,27
2016-11-28-08:30,28
2016-11-28-09:00,29
2016-11-28-09:30,29
2016-11-28-10:00,29
2016-11-28-10:30,29
2016-11-28-11:00,28
2016-11-28-12:00,24
2016-11-28-12:30,23
2016-11-28-15:00,17
2016-11-28-18:00,14
2016-11-28-21:00,13
2016-11-29-00:00,11
2016-11-29-03:00,12
2016-11-29-03:30,13
2016-11-29-05:00,21
2016-11-29-06:00,25
2016-11-29-07:00,27
2016-11-29-08:00,27
2016-11-29-08:30,28
2016-11-29-09:00,28
2016-11-29-09:30,27
2016-11-29-10:00,27
2016-11-29-10:30,27
2016-11-29-11:00,26
2016-11-29-11:30,23
2016-11-29-12:00,23
2016-11-29-15:00,16
2016-11-29-18:00,15
2016-11-29-21:00,13
2016-11-30-00:00,12
2016-11-30-02:00,15
2016-11-30-02:30,16
2016-11-30-03:00,16
2016-11-30-03:30,16
2016-11-30-04:00,16
2016-11-30-04:30,17
2016-11-30-05:00,19
2016-11-30-06:00,21
2016-11-30-07:00,23
2016-11-30-08:00,26
2016-11-30-08:30,26
2016-11-30-09:00,26
2016-11-30-10:00,25
2016-11-30-10:30,25
2016-11-30-11:00,25
2016-11-30-11:30,24
2016-11-30-12:00,23
2016-11-30-12:30,21
2016-11-30-13:00,19
2016-11-30-15:00,17
2016-11-30-18:00,15
2016-11-30-21:00,14
2016-12-01-00:00,14
2016-12-01-02:00,13
2016-12-01-02:30,13
2016-12-01-03:00,16
2016-12-01-03:30,16
2016-12-01-04:00,17
2016-12-01-04:30,17
2016-12-01-05:00,19
2016-12-01-05:30,20
2016-12-01-06:00,22
2016-12-01-06:30,22
2016-12-01-07:30,24
2016-12-01-08:00,25
2016-12-01-08:30,25
2016-12-01-09:00,25
2016-12-01-09:30,25
2016-12-01-10:30,25
2016-12-01-11:30,24
2016-12-01-12:00,22
2016-12-01-12:30,22
2016-12-01-13:00,21
2016-12-01-15:00,18
2016-12-01-18:00,15
2016-12-01-21:00,14
2016-12-02-00:00,14
2016-12-02-01:30,13
2016-12-02-02:00,13
2016-12-02-02:30,13
2016-12-02-03:00,13
2016-12-02-04:00,15
2016-12-02-04:30,17
2016-12-02-05:00,18
2016-12-02-06:00,22
2016-12-02-07:00,23
2016-12-02-07:30,24
2016-12-02-08:00,24
2016-12-02-08:30,24
2016-12-02-09:00,24
2016-12-02-09:30,25
2016-12-02-10:30,24
2016-12-02-11:00,24
2016-12-02-11:30,24
2016-12-02-12:00,22
2016-12-02-12:30,22
2016-12-02-13:00,19
2016-12-02-15:00,16
2016-12-02-18:00,15
2016-12-02-21:00,13
2016-12-03-00:00,13
2016-12-03-03:00,14
2016-12-03-03:30,15
2016-12-03-04:30,17
2016-12-03-05:00,20
2016-12-03-05:30,22
2016-12-03-06:00,23
2016-12-03-06:30,24
2016-12-03-07:00,25
2016-12-03-07:30,26
2016-12-03-08:00,26
2016-12-03-08:30,27
2016-12-03-09:00,26
2016-12-03-09:30,27
2016-12-03-10:00,27
2016-12-03-10:30,26
2016-12-03-11:00,26
2016-12-03-11:30,25
2016-12-03-12:00,22
2016-12-03-12:30,20
2016-12-03-13:00,18
2016-12-03-15:00,15
2016-12-03-18:00,13
2016-12-03-21:00,12
2016-12-04-00:00,10
2016-12-04-01:30,10
2016-12-04-02:00,10
2016-12-04-02:30,10
2016-12-04-03:00,11
2016-12-04-04:30,15
2016-12-04-05:30,21
2016-12-04-06:00,23
2016-12-04-06:30,24
2016-12-04-07:30,26
2016-12-04-08:00,26
2016-12-04-09:00,26
2016-12-04-09:30,26
2016-12-04-10:30,27
2016-12-04-11:00,26
2016-12-04-11:30,26
2016-12-04-12:00,22
2016-12-04-15:00,15
2016-12-04-18:00,13
2016-12-04-21:00,11
2016-12-05-00:00,11
2016-12-05-02:00,10
2016-12-05-02:30,11
2016-12-05-03:00,11
2016-12-05-03:30,12
2016-12-05-04:00,14
2016-12-05-04:30,17
2016-12-05-05:30,22
2016-12-05-06:00,23
2016-12-05-08:00,25
2016-12-05-08:30,26
2016-12-05-09:00,26
2016-12-05-10:00,26
2016-12-05-10:30,26
2016-12-05-11:00,24
2016-12-05-11:30,24
2016-12-05-12:00,22
2016-12-05-12:30,20
2016-12-05-13:00,18
2016-12-05-15:00,16
2016-12-05-18:00,14
2016-12-05-21:00,12
2016-12-06-00:00,11
2016-12-06-01:30,10
2016-12-06-02:00,10
2016-12-06-02:30,11
2016-12-06-03:00,12
2016-12-06-03:30,13
2016-12-06-04:00,14
2016-12-06-04:30,17
2016-12-06-05:00,19
2016-12-06-05:30,20
2016-12-06-06:00,22
2016-12-06-06:30,23
2016-12-06-07:00,23
2016-12-06-07:30,24
2016-12-06-08:00,24
2016-12-06-08:30,24
2016-12-06-09:00,26
2016-12-06-09:30,24
2016-12-06-10:00,24
2016-12-06-10:30,23
2016-12-06-11:00,23
2016-12-06-11:30,22
2016-12-06-12:00,20
2016-12-06-15:00,17
2016-12-06-18:00,13
2016-12-06-21:00,13
2016-12-07-00:00,13
2016-12-07-02:00,13
2016-12-07-02:30,13
2016-12-07-03:00,13
2016-12-07-04:00,14
2016-12-07-05:00,16
2016-12-07-05:30,18
2016-12-07-06:00,20
2016-12-07-06:30,20
2016-12-07-07:30,22
2016-12-07-08:00,23
2016-12-07-08:30,24
2016-12-07-09:00,23
2016-12-07-09:30,24
2016-12-07-10:00,23
2016-12-07-11:30,23
2016-12-07-12:00,22
2016-12-07-15:00,15
2016-12-07-18:00,14
2016-12-07-21:00,12
2016-12-08-00:00,10
2016-12-08-02:00,9
2016-12-08-02:30,9
2016-12-08-03:00,9
2016-12-08-03:30,9
2016-12-08-05:00,17
2016-12-08-06:00,20
2016-12-08-06:30,20
2016-12-08-07:30,22
2016-12-08-08:00,22
2016-12-08-09:00,24
2016-12-08-09:30,24
2016-12-08-10:30,23
2016-12-08-11:00,23
2016-12-08-11:30,23
2016-12-08-12:00,20
2016-12-08-13:00,18
2016-12-08-15:00,14
2016-12-08-18:00,12
2016-12-08-21:00,10
2016-12-09-00:00,9
2016-12-09-02:00,9
2016-12-09-02:30,10
2016-12-09-03:00,10
2016-12-09-03:30,11
2016-12-09-04:00,14
2016-12-09-04:30,16
2016-12-09-06:00,23
2016-12-09-06:30,23
2016-12-09-07:00,24
2016-12-09-07:30,24
2016-12-09-08:00,24
2016-12-09-08:30,25
2016-12-09-09:00,26
2016-12-09-09:30,27
2016-12-09-10:00,27
2016-12-09-10:30,26
2016-12-09-11:00,25
2016-12-09-11:30,25
2016-12-09-12:00,23
2016-12-09-13:00,20
2016-12-09-15:00,16
2016-12-09-18:00,15
2016-12-09-21:00,14
2016-12-10-00:00,13
2016-12-10-02:30,13
2016-12-10-03:00,13
2016-12-10-04:00,14
2016-12-10-04:30,14
2016-12-10-05:00,15
2016-12-10-05:30,16
2016-12-10-06:00,17
2016-12-10-07:30,19
2016-12-10-09:00,21
2016-12-10-11:00,21
2016-12-10-11:30,20
2016-12-10-12:00,20
2016-12-10-12:30,18
2016-12-10-13:00,17
2016-12-10-15:00,16
2016-12-10-18:00,15
2016-12-10-21:00,14
2016-12-11-00:00,13
2016-12-11-02:30,13
2016-12-11-03:00,13
2016-12-11-03:30,14
2016-12-11-04:00,14
2016-12-11-04:30,15
2016-12-11-05:00,17
2016-12-11-05:30,19
2016-12-11-06:00,21
2016-12-11-06:30,22
2016-12-11-07:30,23
2016-12-11-08:00,24
2016-12-11-08:30,25
2016-12-11-09:00,26
2016-12-11-09:30,26
2016-12-11-10:00,26
2016-12-11-10:30,26
2016-12-11-11:00,26
2016-12-11-11:30,25
2016-12-11-12:00,24
2016-12-11-12:30,23
2016-12-11-15:00,17
2016-12-11-18:00,15
2016-12-11-21:00,14
2016-12-12-00:00,12
2016-12-12-02:00,12
2016-12-12-02:30,13
2016-12-12-03:00,13
2016-12-12-03:30,14
2016-12-12-04:00,16
2016-12-12-04:30,19
2016-12-12-05:00,20
2016-12-12-06:00,25
2016-12-12-06:30,25
2016-12-12-07:00,25
2016-12-12-07:30,26
2016-12-12-08:00,26
2016-12-12-09:00,27
2016-12-12-10:00,27
2016-12-12-10:30,26
2016-12-12-11:30,25
2016-12-12-12:00,23
2016-12-12-12:30,22
2016-12-12-15:00,16
2016-12-12-18:00,13
2016-12-12-21:00,13
2016-12-13-00:00,12
2016-12-13-02:00,11
2016-12-13-02:30,12
2016-12-13-03:00,14
2016-12-13-04:00,14
2016-12-13-04:30,17
2016-12-13-05:00,21
2016-12-13-06:00,24
2016-12-13-06:30,25
2016-12-13-07:00,25
2016-12-13-07:30,26
2016-12-13-09:00,26
2016-12-13-10:30,25
2016-12-13-11:30,24
2016-12-13-12:00,22
2016-12-13-12:30,21
2016-12-13-13:00,20
2016-12-13-15:00,15
2016-12-13-18:00,14
2016-12-13-21:00,13
2016-12-14-00:00,12
2016-12-14-03:00,13
2016-12-14-04:00,15
2016-12-14-05:00,18
2016-12-14-05:30,20
2016-12-14-06:00,20
2016-12-14-06:30,21
2016-12-14-07:00,22
2016-12-14-08:00,23
2016-12-14-09:00,24
2016-12-14-09:30,23
2016-12-14-11:00,23
2016-12-14-11:30,21
2016-12-14-12:00,20
2016-12-14-12:30,18
2016-12-14-15:00,15
2016-12-14-18:00,13
2016-12-14-21:00,13
2016-12-15-00:00,11
2016-12-15-02:00,11
2016-12-15-02:30,11
2016-12-15-03:00,12
2016-12-15-04:00,15
2016-12-15-04:30,16
2016-12-15-05:00,18
2016-12-15-05:30,19
2016-12-15-06:00,20
2016-12-15-07:00,22
2016-12-15-07:30,22
2016-12-15-08:30,24
2016-12-15-08:38,24
2016-12-15-09:00,24
2016-12-15-09:30,24
2016-12-15-10:30,24
2016-12-15-11:00,24
2016-12-15-11:30,23
2016-12-15-12:00,21
2016-12-15-12:30,20
2016-12-15-13:00,17
2016-12-15-15:00,13
2016-12-15-18:00,11
2016-12-15-21:00,10
2016-12-16-00:00,9
2016-12-16-02:30,8
2016-12-16-03:00,8
2016-12-16-03:30,9
2016-12-16-04:00,13
2016-12-16-04:30,14
2016-12-16-05:00,19
2016-12-16-05:30,20
2016-12-16-06:00,21
2016-12-16-09:00,24
2016-12-16-09:30,24
2016-12-16-10:30,24
2016-12-16-11:00,23
2016-12-16-12:00,20
2016-12-16-13:00,17
2016-12-16-15:00,13
2016-12-16-18:00,10
2016-12-16-21:00,9
2016-12-17-00:00,9
2016-12-17-03:00,11
2016-12-17-05:30,18
2016-12-17-06:00,19
2016-12-17-07:30,21
2016-12-17-08:00,21
2016-12-17-08:30,21
2016-12-17-09:00,21.5
2016-12-17-09:30,22
2016-12-17-10:00,22
2016-12-17-10:30,22
2016-12-17-11:00,22
2016-12-17-11:30,21
2016-12-17-12:00,19
2016-12-17-12:30,18
2016-12-17-13:00,18
2016-12-17-15:00,12
2016-12-17-18:00,10
2016-12-17-21:00,9
2016-12-18-00:00,8
2016-12-18-02:00,9
2016-12-18-02:30,9
2016-12-18-03:00,10
2016-12-18-03:30,11
2016-12-18-04:00,13
2016-12-18-04:30,14
2016-12-18-05:00,16
2016-12-18-06:00,19
2016-12-18-06:30,20
2016-12-18-07:00,21
2016-12-18-08:00,21
2016-12-18-08:30,22
2016-12-18-09:00,22
2016-12-18-09:30,23
2016-12-18-10:00,23
2016-12-18-11:00,22
2016-12-18-11:30,21
2016-12-18-12:00,19
2016-12-18-12:30,17
2016-12-18-13:00,15
2016-12-18-15:00,12
2016-12-18-18:00,10
2016-12-18-21:00,9
2016-12-19-00:00,8
2016-12-19-03:00,9
2016-12-19-03:30,10
2016-12-19-04:00,13
2016-12-19-04:30,15
2016-12-19-05:00,17
2016-12-19-06:00,19
2016-12-19-06:30,21
2016-12-19-07:00,22
2016-12-19-07:30,22
2016-12-19-08:30,23
2016-12-19-09:00,23
2016-12-19-09:30,23
2016-12-19-10:30,23
2016-12-19-11:00,23
2016-12-19-11:30,22
2016-12-19-12:00,20
2016-12-19-13:00,17
2016-12-19-15:00,16
2016-12-19-18:00,15
2016-12-19-21:00,14
2016-12-20-00:00,13
2016-12-20-03:00,13
2016-12-20-06:00,20
2016-12-20-06:30,21
2016-12-20-07:30,22
2016-12-20-08:30,24
2016-12-20-09:30,24
2016-12-20-10:00,24
2016-12-20-10:30,24
2016-12-20-11:30,22
2016-12-20-12:00,21
2016-12-20-12:30,20
2016-12-20-15:00,17
2016-12-20-18:00,17
2016-12-20-21:00,15
2016-12-21-00:00,13
2016-12-21-02:00,12
2016-12-21-02:30,12
2016-12-21-03:00,13
2016-12-21-03:30,14
2016-12-21-04:00,15
2016-12-21-05:00,18
2016-12-21-05:30,19.5
2016-12-21-06:00,21
2016-12-21-07:30,23
2016-12-21-08:00,23
2016-12-21-08:30,24
2016-12-21-09:30,25
2016-12-21-10:30,25
2016-12-21-11:00,24
2016-12-21-11:30,23
2016-12-21-12:00,21
2016-12-21-13:00,19
2016-12-21-15:00,13
2016-12-21-18:00,12
2016-12-21-21:00,11
2016-12-22-00:00,8
2016-12-22-02:30,8
2016-12-22-03:00,10
2016-12-22-04:00,13
2016-12-22-04:30,15
2016-12-22-05:00,17
2016-12-22-05:30,19
2016-12-22-06:00,20
2016-12-22-06:30,22
2016-12-22-07:30,23
2016-12-22-09:00,24
2016-12-22-09:30,24
2016-12-22-10:00,24
2016-12-22-10:30,24
2016-12-22-11:30,22
2016-12-22-12:00,21
2016-12-22-12:30,18
2016-12-22-13:00,17
2016-12-22-15:00,14
2016-12-22-18:00,11
2016-12-22-21:00,9
2016-12-23-00:00,9
2016-12-23-02:00,8
2016-12-23-02:30,8
2016-12-23-03:00,9
2016-12-23-03:30,11
2016-12-23-04:00,12
2016-12-23-04:30,12
2016-12-23-05:00,17
2016-12-23-05:30,18
2016-12-23-06:00,20
2016-12-23-07:00,22
2016-12-23-07:30,23
2016-12-23-09:00,24
2016-12-23-09:30,24
2016-12-23-11:30,24
2016-12-23-12:00,20
2016-12-23-13:00,16
2016-12-23-15:00,13
2016-12-23-18:00,11
2016-12-23-21:00,10
2016-12-24-00:00,9
2016-12-24-02:00,8
2016-12-24-02:30,8
2016-12-24-03:00,9
2016-12-24-03:30,9
2016-12-24-04:00,13
2016-12-24-04:30,13
2016-12-24-06:00,19
2016-12-24-06:30,21
2016-12-24-07:30,23
2016-12-24-08:00,24
2016-12-24-08:30,24
2016-12-24-09:00,24
2016-12-24-09:30,24
2016-12-24-10:00,25
2016-12-24-11:30,24
2016-12-24-12:00,20
2016-12-24-12:30,19
2016-12-24-13:00,18
2016-12-24-15:00,16
2016-12-24-18:00,16
2016-12-24-21:00,15
2016-12-25-00:00,13
2016-12-25-02:00,12
2016-12-25-02:30,12
2016-12-25-03:00,13
2016-12-25-04:00,15
2016-12-25-04:30,15
2016-12-25-06:00,14
2016-12-25-06:30,14
2016-12-25-07:00,14
2016-12-25-08:00,15
2016-12-25-08:30,15
2016-12-25-09:00,15
2016-12-25-09:30,15
2016-12-25-11:00,15
2016-12-25-11:30,14
2016-12-25-12:00,15
2016-12-25-13:00,15
2016-12-25-15:00,14
2016-12-25-18:00,13
2016-12-25-21:00,12
2016-12-26-00:00,11
2016-12-26-02:00,11
2016-12-26-03:00,11
2016-12-26-03:30,11
2016-12-26-04:00,12
2016-12-26-05:00,16
2016-12-26-05:30,17
2016-12-26-06:00,19
2016-12-26-06:30,20
2016-12-26-07:00,21
2016-12-26-07:30,22
2016-12-26-08:30,22
2016-12-26-09:00,23
2016-12-26-09:30,23
2016-12-26-10:30,22
2016-12-26-11:00,21
2016-12-26-12:00,19
2016-12-26-12:30,19
2016-12-26-15:00,15
2016-12-26-18:00,13
2016-12-26-21:00,12
2016-12-27-00:00,10
2016-12-27-02:00,10
2016-12-27-03:00,11
2016-12-27-03:30,12
2016-12-27-04:00,13
2016-12-27-05:00,17
2016-12-27-05:30,19
2016-12-27-06:00,20
2016-12-27-06:30,20
2016-12-27-07:00,21
2016-12-27-09:00,23
2016-12-27-09:30,23
2016-12-27-10:00,23
2016-12-27-11:00,23
2016-12-27-11:30,23
2016-12-27-12:00,20
2016-12-27-12:30,18
2016-12-27-15:00,12
2016-12-27-18:00,10
2016-12-27-21:00,9
2016-12-28-00:00,8
2016-12-28-02:00,8
2016-12-28-02:30,8
2016-12-28-03:00,10
2016-12-28-03:30,10
2016-12-28-04:00,12
2016-12-28-04:30,15
2016-12-28-05:00,19
2016-12-28-06:00,21
2016-12-28-06:30,21
2016-12-28-07:00,23
2016-12-28-08:30,24
2016-12-28-09:00,25
2016-12-28-09:30,25
2016-12-28-10:00,25
2016-12-28-11:00,24
2016-12-28-11:30,23
2016-12-28-12:00,22
2016-12-28-12:30,20
2016-12-28-13:00,19
2016-12-28-15:00,13
2016-12-28-18:00,11
2016-12-28-21:00,10
2016-12-29-00:00,9
2016-12-29-02:00,9
2016-12-29-02:30,9
2016-12-29-03:00,11
2016-12-29-03:30,12
2016-12-29-04:00,14
2016-12-29-04:30,15
2016-12-29-05:30,16
2016-12-29-06:00,17
2016-12-29-06:30,18
2016-12-29-08:00,20
2016-12-29-08:30,20
2016-12-29-09:00,21
2016-12-29-09:30,21
2016-12-29-11:30,19
2016-12-29-12:00,18
2016-12-29-12:30,17
2016-12-29-13:00,16
2016-12-29-15:00,14
2016-12-29-18:00,13
2016-12-29-21:00,11
2016-12-30-00:00,11
2016-12-30-02:00,11
2016-12-30-02:30,12
2016-12-30-03:00,11
2016-12-30-04:00,12
2016-12-30-04:30,12
2016-12-30-05:00,12
2016-12-30-05:30,13
2016-12-30-06:00,14
2016-12-30-06:30,15
2016-12-30-08:00,17
2016-12-30-08:30,18
2016-12-30-09:00,18
2016-12-30-09:30,18
2016-12-30-10:00,18
2016-12-30-10:30,18
2016-12-30-12:00,16
2016-12-30-13:00,15
2016-12-30-15:00,13
2016-12-30-18:00,11
2016-12-30-21:00,11
2016-12-31-00:00,9
2016-12-31-02:00,10
2016-12-31-02:30,11
2016-12-31-03:00,11
2016-12-31-04:00,13
2016-12-31-05:00,13
2016-12-31-06:00,16
2016-12-31-06:30,16
2016-12-31-07:00,17
2016-12-31-07:30,18
2016-12-31-08:00,18
2016-12-31-09:00,18
2016-12-31-09:30,19
2016-12-31-10:30,20
2016-12-31-11:30,19
2016-12-31-12:00,18
2016-12-31-13:00,16
2016-12-31-15:00,14
2016-12-31-18:00,12
2016-12-31-21:00,12
2017-01-01-00:00,10
2017-01-01-02:00,9
2017-01-01-03:00,9
2017-01-01-03:30,10
2017-01-01-04:00,13
2017-01-01-04:30,13
2017-01-01-05:00,17
2017-01-01-05:30,17
2017-01-01-06:00,20
2017-01-01-06:30,20
2017-01-01-07:00,21
2017-01-01-07:30,22
2017-01-01-08:30,23
2017-01-01-09:00,22
2017-01-01-09:30,23
2017-01-01-10:30,23
2017-01-01-12:00,20
2017-01-01-13:00,17
2017-01-01-15:00,14
2017-01-01-18:00,13
2017-01-01-21:00,12
2017-01-02-00:00,11
2017-01-02-02:00,11
2017-01-02-03:00,11
2017-01-02-04:00,14
2017-01-02-06:00,19
2017-01-02-06:30,21
2017-01-02-07:00,22
2017-01-02-07:30,23
2017-01-02-08:00,23
2017-01-02-09:00,24
2017-01-02-10:00,24
2017-01-02-10:30,23
2017-01-02-11:00,23
2017-01-02-12:00,21
2017-01-02-12:30,20
2017-01-02-15:00,17
2017-01-02-18:00,14
2017-01-02-21:00,12
2017-01-03-00:00,11
2017-01-03-03:00,11
2017-01-03-03:30,12
2017-01-03-04:00,12
2017-01-03-05:00,14
2017-01-03-05:30,18
2017-01-03-06:00,19
2017-01-03-07:00,22
2017-01-03-09:00,24
2017-01-03-10:00,23
2017-01-03-10:30,22
2017-01-03-11:00,22
2017-01-03-11:30,21
2017-01-03-12:00,20
2017-01-03-13:00,17
2017-01-03-15:00,15
2017-01-03-18:00,13
2017-01-03-21:00,12
2017-01-04-00:00,10
2017-01-04-02:00,10
2017-01-04-02:30,10
2017-01-04-03:00,10
2017-01-04-04:00,14
2017-01-04-04:30,19
2017-01-04-06:00,23
2017-01-04-06:30,23
2017-01-04-07:00,24
2017-01-04-08:00,25
2017-01-04-09:00,25
2017-01-04-09:30,25
2017-01-04-10:30,25
2017-01-04-11:00,24
2017-01-04-11:30,24
2017-01-04-12:00,22
2017-01-04-12:30,20
2017-01-04-15:00,16
2017-01-04-18:00,13
2017-01-04-21:00,12
2017-01-05-00:00,11
2017-01-05-02:00,11
2017-01-05-03:00,11
2017-01-05-04:00,14
2017-01-05-04:30,15
2017-01-05-05:00,19
2017-01-05-05:30,20
2017-01-05-06:00,20
2017-01-05-07:00,23
2017-01-05-08:00,25
2017-01-05-08:30,25
2017-01-05-09:00,25
2017-01-05-11:00,24
2017-01-05-11:30,23
2017-01-05-12:00,22
2017-01-05-15:00,16
2017-01-05-18:00,14
2017-01-05-21:00,13
2017-01-06-00:00,14
2017-01-06-02:00,14
2017-01-06-02:30,15
2017-01-06-03:00,15
2017-01-06-03:30,16
2017-01-06-04:00,17
2017-01-06-05:00,19
2017-01-06-05:30,20
2017-01-06-06:00,21
2017-01-06-07:00,22
2017-01-06-07:30,22
2017-01-06-08:00,23
2017-01-06-08:30,24
2017-01-06-09:00,24
2017-01-06-10:00,24
2017-01-06-11:00,23
2017-01-06-11:30,22
2017-01-06-12:00,21
2017-01-06-13:00,18
2017-01-06-15:00,18
2017-01-06-18:00,17
2017-01-06-21:00,16
2017-01-07-00:00,15
2017-01-07-02:00,14
2017-01-07-02:30,14
2017-01-07-03:00,14
2017-01-07-03:30,14
2017-01-07-04:00,14
2017-01-07-04:30,14
2017-01-07-05:30,14
2017-01-07-06:00,14
2017-01-07-06:30,14
2017-01-07-07:00,15
2017-01-07-07:30,15
2017-01-07-08:00,15
2017-01-07-08:30,16
2017-01-07-09:00,16
2017-01-07-09:30,16
2017-01-07-10:00,16
2017-01-07-10:30,15
2017-01-07-12:00,16
2017-01-07-12:30,16
2017-01-07-13:00,15
2017-01-07-15:00,14
2017-01-07-18:00,14
2017-01-07-21:00,13
2017-01-08-00:00,13
2017-01-08-02:00,13
2017-01-08-02:30,13
2017-01-08-03:00,13
2017-01-08-03:30,13
2017-01-08-04:30,15
2017-01-08-05:00,15
2017-01-08-06:00,17
2017-01-08-06:30,17
2017-01-08-07:00,17
2017-01-08-07:30,17
2017-01-08-08:00,18
2017-01-08-09:00,19
2017-01-08-10:00,20
2017-01-08-10:30,20
2017-01-08-11:30,19
2017-01-08-12:00,18
2017-01-08-15:00,13
2017-01-08-18:00,11
2017-01-08-21:00,10
2017-01-09-00:00,10
2017-01-09-02:00,10
2017-01-09-03:00,10
2017-01-09-03:30,10
2017-01-09-04:00,12
2017-01-09-04:30,13
2017-01-09-05:00,15
2017-01-09-05:30,16
2017-01-09-06:00,16
2017-01-09-06:30,17
2017-01-09-07:00,17
2017-01-09-08:00,19
2017-01-09-08:30,19
2017-01-09-09:00,19
2017-01-09-10:00,19
2017-01-09-11:00,18
2017-01-09-11:30,18
2017-01-09-12:00,17
2017-01-09-15:00,12
2017-01-09-18:00,10
2017-01-09-21:00,9
2017-01-10-00:00,7
2017-01-10-02:00,6
2017-01-10-02:30,7
2017-01-10-03:00,7
2017-01-10-04:30,13
2017-01-10-05:00,14
2017-01-10-05:30,15
2017-01-10-06:00,16
2017-01-10-07:30,17
2017-01-10-08:00,18
2017-01-10-08:30,18
2017-01-10-09:00,17
2017-01-10-12:00,15
2017-01-10-12:30,14
2017-01-10-13:00,14
2017-01-10-15:00,9
2017-01-10-18:00,6
2017-01-10-21:00,5
2017-01-11-00:00,5
2017-01-11-02:00,5
2017-01-11-02:30,5
2017-01-11-03:00,6
2017-01-11-03:30,7
2017-01-11-06:00,14
2017-01-11-06:30,15
2017-01-11-07:00,16
2017-01-11-08:00,17
2017-01-11-08:30,17
2017-01-11-09:00,17
2017-01-11-10:30,16
2017-01-11-12:00,14
2017-01-11-12:30,13
2017-01-11-13:00,12
2017-01-11-15:00,8
2017-01-11-18:00,6
2017-01-11-21:00,5
2017-01-12-00:00,4
2017-01-12-02:00,4
2017-01-12-02:30,5
2017-01-12-03:00,5
2017-01-12-04:00,9
2017-01-12-05:00,12
2017-01-12-06:00,14
2017-01-12-07:00,17
2017-01-12-07:30,17
2017-01-12-08:00,17
2017-01-12-08:30,18
2017-01-12-09:00,18
2017-01-12-11:00,18
2017-01-12-12:00,16
2017-01-12-12:30,15
2017-01-12-13:00,13
2017-01-12-15:00,9
2017-01-12-18:00,7
2017-01-12-21:00,6
2017-01-13-00:00,5
2017-01-13-03:00,6
2017-01-13-03:30,7
2017-01-13-05:00,13
2017-01-13-05:30,14
2017-01-13-06:00,16
2017-01-13-06:30,16
2017-01-13-07:30,18
2017-01-13-09:00,19
2017-01-13-10:00,19
2017-01-13-10:30,19
2017-01-13-11:30,18
2017-01-13-12:00,18
2017-01-13-12:30,16
2017-01-13-15:00,10
2017-01-13-18:00,6
2017-01-13-21:00,5
2017-01-14-00:00,5
2017-01-14-02:00,4
2017-01-14-02:30,4
2017-01-14-03:00,6
2017-01-14-03:30,6
2017-01-14-04:00,7
2017-01-14-04:30,11
2017-01-14-05:00,13
2017-01-14-05:30,14
2017-01-14-06:00,15
2017-01-14-06:30,16
2017-01-14-07:00,18
2017-01-14-07:30,18
2017-01-14-08:00,18
2017-01-14-08:30,19
2017-01-14-09:00,19
2017-01-14-09:30,18
2017-01-14-10:00,18
2017-01-14-11:30,17
2017-01-14-12:00,16
2017-01-14-12:30,15
2017-01-14-13:00,15
2017-01-14-15:00,13
2017-01-14-18:00,13
2017-01-14-21:00,12
2017-01-15-00:00,12
2017-01-15-02:00,9
2017-01-15-02:30,9
2017-01-15-03:00,10
2017-01-15-03:30,10
2017-01-15-04:00,12
2017-01-15-04:30,13
2017-01-15-05:00,16
2017-01-15-05:30,17
2017-01-15-06:00,19
2017-01-15-06:30,19
2017-01-15-07:00,19
2017-01-15-07:30,22
2017-01-15-08:00,23
2017-01-15-09:00,23
2017-01-15-09:30,23
2017-01-15-10:00,23
2017-01-15-11:00,23
2017-01-15-12:00,20
2017-01-15-13:00,17
2017-01-15-15:00,14
2017-01-15-18:00,13
2017-01-15-21:00,12
2017-01-16-00:00,10
2017-01-16-02:00,10
2017-01-16-03:00,10
2017-01-16-04:00,13
2017-01-16-04:30,13
2017-01-16-05:30,16
2017-01-16-06:00,17
2017-01-16-06:30,17
2017-01-16-07:00,17
2017-01-16-07:30,18
2017-01-16-08:00,19
2017-01-16-09:00,19
2017-01-16-10:00,19
2017-01-16-10:30,18
2017-01-16-11:00,18
2017-01-16-12:00,15
2017-01-16-13:00,14
2017-01-16-15:00,11
2017-01-16-18:00,10
2017-01-16-21:00,9
2017-01-17-00:00,7
2017-01-17-02:30,7
2017-01-17-03:00,8
2017-01-17-05:00,10
2017-01-17-06:00,12
2017-01-17-06:30,13
2017-01-17-07:30,13
2017-01-17-08:30,15
2017-01-17-09:00,15
2017-01-17-09:30,15
2017-01-17-10:00,15
2017-01-17-10:30,15
2017-01-17-11:00,15
2017-01-17-12:00,14
2017-01-17-12:30,13
2017-01-17-15:00,10
2017-01-17-18:00,8
2017-01-17-21:00,6
2017-01-18-00:00,5
2017-01-18-02:00,5
2017-01-18-02:30,5
2017-01-18-03:00,5
2017-01-18-04:00,8
2017-01-18-04:30,10
2017-01-18-05:00,13
2017-01-18-05:30,13
2017-01-18-06:00,15
2017-01-18-06:30,15
2017-01-18-07:00,15
2017-01-18-07:30,16
2017-01-18-08:00,16
2017-01-18-08:30,18
2017-01-18-09:00,19
2017-01-18-10:00,19
2017-01-18-11:00,18
2017-01-18-11:30,18
2017-01-18-12:00,17
2017-01-18-12:30,16
2017-01-18-13:00,15
2017-01-18-15:00,12
2017-01-18-18:00,10
2017-01-18-21:00,10
2017-01-19-00:00,8
2017-01-19-02:00,7
2017-01-19-03:00,7
2017-01-19-03:30,8
2017-01-19-04:00,10
2017-01-19-05:00,13
2017-01-19-05:30,14
2017-01-19-06:00,15
2017-01-19-06:30,17
2017-01-19-07:30,19
2017-01-19-08:00,20
2017-01-19-09:00,21
2017-01-19-09:30,21
2017-01-19-10:00,21
2017-01-19-10:30,21
2017-01-19-12:00,18
2017-01-19-12:30,17
2017-01-19-13:00,15
2017-01-19-15:00,14
2017-01-19-18:00,11
2017-01-19-21:00,10
2017-01-20-00:00,8
2017-01-20-03:00,7
2017-01-20-03:30,8
2017-01-20-04:30,13
2017-01-20-05:00,14
2017-01-20-05:30,15
2017-01-20-06:00,17
2017-01-20-06:30,18
2017-01-20-07:00,19
2017-01-20-07:30,19
2017-01-20-08:30,21
2017-01-20-09:00,20
2017-01-20-09:30,20
2017-01-20-10:00,19
2017-01-20-10:30,19
2017-01-20-12:00,18
2017-01-20-13:00,15
2017-01-20-15:00,11
2017-01-20-18:00,9
2017-01-21-00:00,9
2017-01-21-02:30,8
2017-01-21-03:00,8
2017-01-21-03:30,9
2017-01-21-04:30,13
2017-01-21-05:30,15
2017-01-21-06:00,16
2017-01-21-06:30,16
2017-01-21-07:00,19
2017-01-21-07:30,19
2017-01-21-08:00,19
2017-01-21-08:30,19
2017-01-21-09:00,19
2017-01-21-09:30,20
2017-01-21-10:30,19
2017-01-21-11:00,19
2017-01-21-11:30,18
2017-01-21-12:00,18
2017-01-21-12:30,17
2017-01-21-13:00,16
2017-01-21-15:00,15
2017-01-21-18:00,13
2017-01-21-21:00,10
2017-01-22-00:00,10
2017-01-22-02:30,10
2017-01-22-03:00,11
2017-01-22-03:30,12
2017-01-22-04:00,13
2017-01-22-04:30,14
2017-01-22-05:00,17
2017-01-22-06:00,21
2017-01-22-06:30,21
2017-01-22-07:00,22
2017-01-22-07:30,23
2017-01-22-08:00,23
2017-01-22-08:30,24
2017-01-22-09:00,23
2017-01-22-09:30,24
2017-01-22-10:00,23
2017-01-22-10:30,23
2017-01-22-11:00,23
2017-01-22-11:30,22
2017-01-22-12:00,21
2017-01-22-12:30,20
2017-01-22-13:00,19
2017-01-22-15:00,16
2017-01-22-18:00,14
2017-01-22-21:00,12
2017-01-23-00:00,12
2017-01-23-02:30,10
2017-01-23-03:00,11
2017-01-23-04:30,15
2017-01-23-05:00,18
2017-01-23-06:00,20
2017-01-23-07:00,22
2017-01-23-07:30,22
2017-01-23-08:30,23
2017-01-23-09:00,24
2017-01-23-09:30,25
2017-01-23-10:00,24
2017-01-23-12:00,21
2017-01-23-12:30,21
2017-01-23-15:00,15
2017-01-23-18:00,13
2017-01-23-21:00,12
2017-01-24-00:00,11
2017-01-24-01:00,12
2017-01-24-01:30,12
2017-01-24-02:00,11
2017-01-24-02:30,10
2017-01-24-03:00,11
2017-01-24-03:30,13
2017-01-24-04:30,17
2017-01-24-05:00,20
2017-01-24-05:30,20
2017-01-24-06:00,22
2017-01-24-07:00,23
2017-01-24-07:30,24
2017-01-24-08:00,25
2017-01-24-08:30,25
2017-01-24-09:00,25
2017-01-24-10:00,25
2017-01-24-10:30,25
2017-01-24-12:00,24
2017-01-24-13:00,20
2017-01-24-15:00,18
2017-01-24-18:00,15
2017-01-24-21:00,14
2017-01-25-00:00,13
2017-01-25-02:00,13
2017-01-25-03:00,14
2017-01-25-03:30,15
2017-01-25-04:30,18
2017-01-25-05:00,20
2017-01-25-05:30,21
2017-01-25-06:00,22
2017-01-25-06:30,22
2017-01-25-07:00,23
2017-01-25-07:30,24
2017-01-25-08:00,25
2017-01-25-08:30,25
2017-01-25-09:00,25
2017-01-25-09:30,25
2017-01-25-10:00,24
2017-01-25-10:30,24
2017-01-25-11:00,24
2017-01-25-11:30,23
2017-01-25-12:00,23
2017-01-25-12:30,22
2017-01-25-13:00,22
2017-01-25-15:00,20
2017-01-25-18:00,20
2017-01-25-21:00,18
2017-01-26-00:00,17
2017-01-26-01:30,16
2017-01-26-02:00,17
2017-01-26-02:30,17
2017-01-26-03:00,17
2017-01-26-03:30,17
2017-01-26-04:00,18
2017-01-26-04:30,18
2017-01-26-05:00,17
2017-01-26-05:30,18
2017-01-26-06:00,18
2017-01-26-06:30,17
2017-01-26-07:00,16
2017-01-26-07:30,16
2017-01-26-08:00,16
2017-01-26-08:30,15
2017-01-26-09:00,16
2017-01-26-09:30,16
2017-01-26-10:00,15
2017-01-26-10:30,16
2017-01-26-11:00,16
2017-01-26-11:30,15
2017-01-26-12:00,15
2017-01-26-12:30,15
2017-01-26-13:00,15
2017-01-26-15:00,15
2017-01-26-18:00,15
2017-01-26-21:00,14
2017-01-27-00:00,14
2017-01-27-02:00,14
2017-01-27-03:00,14
2017-01-27-03:30,14
2017-01-27-04:00,15
2017-01-27-04:30,16
2017-01-27-05:30,16
2017-01-27-06:00,17
2017-01-27-07:00,18
2017-01-27-07:30,18
2017-01-27-08:00,18
2017-01-27-08:30,19
2017-01-27-09:00,19
2017-01-27-09:30,20
2017-01-27-10:00,20
2017-01-27-10:30,19
2017-01-27-11:00,18
2017-01-27-11:30,18
2017-01-27-12:00,17
2017-01-27-12:30,16
2017-01-27-13:00,15
2017-01-27-15:00,14
2017-01-27-18:00,14
2017-01-27-21:00,13
2017-01-28-00:00,12
2017-01-28-02:00,11
2017-01-28-02:30,12
2017-01-28-03:00,12
2017-01-28-03:30,12
2017-01-28-04:00,12
2017-01-28-04:30,12
2017-01-28-05:00,12
2017-01-28-06:00,13
2017-01-28-06:30,16
2017-01-28-07:30,19
2017-01-28-08:00,19
2017-01-28-08:30,19
2017-01-28-09:00,19
2017-01-28-10:30,19
2017-01-28-11:30,18
2017-01-28-12:00,18
2017-01-28-12:30,17
2017-01-28-13:00,16
2017-01-28-15:00,14
2017-01-28-18:00,13
2017-01-28-21:00,12
2017-01-29-00:00,13
2017-01-29-02:00,13
2017-01-29-02:30,13
2017-01-29-03:00,13
2017-01-29-03:30,13
2017-01-29-04:00,13
2017-01-29-04:30,14
2017-01-29-05:00,14
2017-01-29-06:00,17
2017-01-29-08:00,18
2017-01-29-08:30,20
2017-01-29-09:00,21
2017-01-29-09:30,21
2017-01-29-12:00,20
2017-01-29-12:30,19
2017-01-29-15:00,15
2017-01-29-18:00,13
2017-01-29-21:00,12
2017-01-30-00:00,11
2017-01-30-03:00,12
2017-01-30-03:30,12
2017-01-30-04:00,13
2017-01-30-04:30,13
2017-01-30-05:00,13
2017-01-30-06:00,16
2017-01-30-06:30,19
2017-01-30-07:00,20
2017-01-30-08:30,22
2017-01-30-09:00,22
2017-01-30-10:30,22
2017-01-30-11:00,22
2017-01-30-12:00,20
2017-01-30-12:30,19
2017-01-30-15:00,15
2017-01-30-18:00,13
2017-01-30-21:00,12
2017-01-31-00:00,11
2017-01-31-03:00,11
2017-01-31-06:00,21
2017-01-31-09:00,23
2017-01-31-12:00,22
2017-01-31-15:00,16
2017-01-31-18:00,13
2017-01-31-21:00,12
2017-02-01-00:00,11
2017-02-01-03:00,12
2017-02-01-06:00,19
2017-02-01-09:00,21
2017-02-01-12:00,21
2017-02-01-15:00,15
2017-02-01-18:00,12
2017-02-01-21:00,11
2017-02-02-00:00,10
2017-02-02-03:00,10
2017-02-02-06:00,21
2017-02-02-09:30,23
2017-02-02-10:00,23
2017-02-02-10:30,23
2017-02-02-12:00,21
2017-02-02-13:00,19
2017-02-02-15:00,15
2017-02-02-18:00,12
2017-02-02-21:00,11
2017-02-03-00:00,10
2017-02-03-02:30,10
2017-02-03-03:00,11
2017-02-03-03:30,11
2017-02-03-04:30,16
2017-02-03-06:00,21
2017-02-03-09:00,25
2017-02-03-12:00,23
2017-02-03-15:00,17
2017-02-03-18:00,15
2017-02-03-21:00,13
2017-02-04-00:00,13
2017-02-04-03:00,15
2017-02-04-04:30,18
2017-02-04-06:00,20
2017-02-04-09:00,23
2017-02-04-09:30,23
2017-02-04-12:00,21
2017-02-04-15:00,19
2017-02-04-18:00,18
2017-02-04-21:00,17
2017-02-05-00:00,16
2017-02-05-01:30,16
2017-02-05-02:00,16
2017-02-05-03:00,16
2017-02-05-03:30,17
2017-02-05-04:00,18
2017-02-05-04:30,19
2017-02-05-05:00,19
2017-02-05-05:30,20
2017-02-05-06:00,20
2017-02-05-06:30,20
2017-02-05-08:30,22
2017-02-05-09:00,22
2017-02-05-10:00,23
2017-02-05-12:00,22
2017-02-05-13:00,20
2017-02-05-15:00,17
2017-02-05-18:00,16
2017-02-05-21:00,15
2017-02-06-00:00,14
2017-02-06-03:00,14
2017-02-06-06:00,20
2017-02-06-09:00,23
2017-02-06-10:30,22
2017-02-06-12:00,21
2017-02-06-15:00,15
2017-02-06-18:00,12
2017-02-06-21:00,11
2017-02-07-00:00,10
2017-02-07-03:00,10
2017-02-07-06:00,19
2017-02-07-09:00,21
2017-02-07-12:00,20
2017-02-07-15:00,16
2017-02-07-18:00,13
2017-02-07-21:00,12
2017-02-08-00:00,10
2017-02-08-03:00,10
2017-02-08-04:00,13
2017-02-08-05:30,18
2017-02-08-06:00,20
2017-02-08-09:00,24
2017-02-08-12:00,22
2017-02-08-15:00,15
2017-02-08-18:00,13
2017-02-08-21:00,12
2017-02-09-00:00,10
2017-02-09-03:00,11
2017-02-09-06:00,20
2017-02-09-09:00,22
2017-02-09-12:00,20
2017-02-09-15:00,15
2017-02-09-18:00,13
2017-02-09-21:00,12
2017-02-10-00:00,11
2017-02-10-03:00,11
2017-02-10-03:30,11
2017-02-10-06:00,19
2017-02-10-09:00,22
2017-02-10-12:00,21
2017-02-10-15:00,14
2017-02-10-18:00,12
2017-02-10-21:00,11
2017-02-11-00:00,9
2017-02-11-03:00,11
2017-02-11-06:00,20
2017-02-11-09:00,23
2017-02-11-12:00,23
2017-02-11-15:00,15
2017-02-11-18:00,13
2017-02-11-21:00,11
2017-02-12-00:00,9
2017-02-12-03:00,10
2017-02-12-06:00,21
2017-02-12-09:00,25
2017-02-12-12:00,22
2017-02-12-15:00,17
2017-02-12-18:00,14
2017-02-12-21:00,12
2017-02-13-00:00,10
2017-02-13-03:00,10
2017-02-13-04:00,16
2017-02-13-06:00,22
2017-02-13-09:00,25
2017-02-13-12:00,23
2017-02-13-15:00,16
2017-02-13-18:00,13
2017-02-13-21:00,12
2017-02-14-00:00,12
2017-02-14-03:00,12
2017-02-14-06:00,22
2017-02-14-09:00,24
2017-02-14-12:00,23
2017-02-14-15:00,16
2017-02-14-18:00,14
2017-02-14-21:00,12
2017-02-15-00:00,11
2017-02-15-03:00,13
2017-02-15-06:00,23
2017-02-15-12:00,25
2017-02-15-15:00,19
2017-02-15-18:00,16
2017-02-15-21:00,16
2017-02-16-00:00,14
2017-02-16-03:00,15
2017-02-16-06:00,24
2017-02-16-09:00,26
2017-02-16-12:00,25
2017-02-16-15:00,21
2017-02-16-18:00,19
2017-02-16-21:00,18
2017-02-17-00:00,16
2017-02-17-03:00,17
2017-02-17-06:00,21
2017-02-17-09:00,27
2017-02-17-11:30,26
2017-02-17-12:00,25
2017-02-17-12:30,25
2017-02-17-15:00,21
2017-02-17-18:00,18
2017-02-17-21:00,17
2017-02-18-00:00,15
2017-02-18-03:00,16
2017-02-18-06:00,24
2017-02-18-09:00,30
2017-02-18-12:00,27
2017-02-18-15:00,21
2017-02-18-18:00,19
2017-02-18-21:00,17
2017-02-19-00:00,17
2017-02-19-02:00,16
2017-02-19-02:30,17
2017-02-19-03:00,18
2017-02-19-06:00,28
2017-02-19-09:00,30
2017-02-19-09:30,31
2017-02-19-12:00,29
2017-02-19-15:00,21
2017-02-19-18:00,21
2017-02-19-21:00,18
2017-02-20-00:00,17
2017-02-20-03:00,18
2017-02-20-06:00,27
2017-02-20-09:00,31
2017-02-20-12:00,29
2017-02-20-15:00,23
2017-02-20-18:00,22
2017-02-20-21:00,20
2017-02-21-00:00,18
2017-02-21-03:00,17
2017-02-21-06:00,23
2017-02-21-09:00,25
2017-02-21-09:30,25
2017-02-21-10:00,25
2017-02-21-10:30,25
2017-02-21-11:30,24
2017-02-21-12:00,24
2017-02-21-13:00,23
2017-02-21-18:00,17
2017-02-21-21:00,16
2017-02-22-00:00,13
2017-02-22-03:00,14
2017-02-22-06:00,26
2017-02-22-09:00,27
2017-02-22-12:00,24
2017-02-22-15:00,20
2017-02-22-18:00,16
2017-02-22-21:00,13
2017-02-23-00:00,12
2017-02-23-03:00,14
2017-02-23-06:00,23
2017-02-23-09:00,25
2017-02-23-12:00,23
2017-02-23-15:00,19
2017-02-23-18:00,17
2017-02-23-21:00,16
2017-02-24-00:00,14
2017-02-24-03:00,16
2017-02-24-06:00,22
2017-02-24-09:00,25
2017-02-24-12:00,23
2017-02-24-15:00,19
2017-02-24-18:00,18
2017-02-24-21:00,16
2017-02-25-00:00,15
2017-02-25-03:00,15
2017-02-25-06:00,24
2017-02-25-12:00,26
2017-02-25-15:00,20
2017-02-25-18:00,17
2017-02-25-21:00,16
2017-02-26-00:00,13
2017-02-26-03:00,14
2017-02-26-06:00,23
2017-02-26-09:00,27
2017-02-26-12:00,26
2017-02-26-15:00,18
2017-02-26-18:00,15
2017-02-26-21:00,14
2017-02-27-00:00,12
2017-02-27-03:00,16
2017-02-27-06:00,26
2017-02-27-09:00,28
2017-02-27-12:00,27
2017-02-27-15:00,19
2017-02-27-18:00,16
2017-02-27-21:00,15
2017-02-28-00:00,14
2017-02-28-03:00,16
2017-02-28-06:00,28
2017-02-28-09:00,32
2017-02-28-11:00,31
2017-02-28-12:00,29
2017-02-28-15:00,22
2017-02-28-18:00,19
2017-02-28-21:00,19
2017-03-01-00:00,20
2017-03-01-03:00,20
2017-03-01-03:30,21
2017-03-01-04:00,22
2017-03-01-05:30,27
2017-03-01-06:00,27
2017-03-01-07:00,27
2017-03-01-09:00,30
2017-03-01-09:30,30
2017-03-01-12:00,29
2017-03-01-15:00,23
2017-03-01-18:00,21
2017-03-01-21:00,21
2017-03-02-00:00,17
2017-03-02-03:00,19
2017-03-02-03:30,20
2017-03-02-04:00,22
2017-03-02-04:30,22
2017-03-02-05:30,24
2017-03-02-06:00,24
2017-03-02-06:30,25
2017-03-02-07:00,26
2017-03-02-08:00,26
2017-03-02-09:00,27
2017-03-02-09:30,28
2017-03-02-10:00,28
2017-03-02-11:00,28
2017-03-02-11:30,27
2017-03-02-12:00,27
2017-03-02-13:00,25
2017-03-02-15:00,22
2017-03-02-18:00,20
2017-03-02-21:00,18
2017-03-03-00:00,14
2017-03-03-03:00,16
2017-03-03-06:00,27
2017-03-03-09:00,27
2017-03-03-12:00,24
2017-03-03-15:00,21
2017-03-03-18:00,19
2017-03-03-21:00,16
2017-03-04-00:00,13
2017-03-04-03:00,16
2017-03-04-06:00,23
2017-03-04-09:00,26
2017-03-04-12:00,25
2017-03-04-15:00,19
2017-03-04-18:00,16
2017-03-04-21:00,15
2017-03-05-00:00,14
2017-03-05-03:00,15
2017-03-05-06:00,24
2017-03-05-09:00,27
2017-03-05-12:00,26
2017-03-05-15:00,20
2017-03-05-18:00,17
2017-03-05-21:00,15
2017-03-06-00:00,13
2017-03-06-03:00,16
2017-03-06-04:00,19
2017-03-06-06:00,24
2017-03-06-09:00,28
2017-03-06-12:00,27
2017-03-06-15:00,21
2017-03-06-18:00,18
2017-03-06-21:00,14
2017-03-07-00:00,14
2017-03-07-03:00,18
2017-03-07-06:00,28
2017-03-07-09:00,29
2017-03-07-12:00,29
2017-03-07-15:00,24
2017-03-07-18:00,20
2017-03-07-21:00,19
2017-03-08-00:00,21
2017-03-08-02:00,20
2017-03-08-02:30,19
2017-03-08-03:00,20
2017-03-08-03:30,20
2017-03-08-06:00,24
2017-03-08-09:00,26
2017-03-08-12:00,26
2017-03-08-15:00,22
2017-03-08-18:00,21
2017-03-08-21:00,18
2017-03-09-00:00,16
2017-03-09-03:00,17
2017-03-09-06:00,25
2017-03-09-08:30,28
2017-03-09-09:00,28
2017-03-09-09:30,26
2017-03-09-10:30,22
2017-03-09-11:30,18
2017-03-09-12:00,20
2017-03-09-12:30,20
2017-03-09-13:00,19
2017-03-09-15:00,18
2017-03-09-18:00,17
2017-03-09-21:00,17
2017-03-10-00:00,16
2017-03-10-03:00,17
2017-03-10-04:00,19
2017-03-10-05:00,22
2017-03-10-06:00,23
2017-03-10-06:30,24
2017-03-10-07:30,24
2017-03-10-09:00,25
2017-03-10-10:00,23
2017-03-10-10:30,22
2017-03-10-11:00,21
2017-03-10-11:30,20
2017-03-10-12:00,19
2017-03-10-15:00,16
2017-03-10-18:00,15
2017-03-10-21:00,13
2017-03-11-00:00,12
2017-03-11-02:00,12
2017-03-11-03:00,14
2017-03-11-04:00,16
2017-03-11-06:00,20
2017-03-11-09:00,22
2017-03-11-10:00,22
2017-03-11-11:00,23
2017-03-11-11:30,23
2017-03-11-12:00,23
2017-03-11-12:30,22
2017-03-11-13:00,22
2017-03-11-15:00,18
2017-03-11-18:00,16
2017-03-11-21:00,13
2017-03-12-00:00,12
2017-03-12-03:00,14
2017-03-12-06:00,22
2017-03-12-09:00,23
2017-03-12-12:00,22
2017-03-12-15:00,16
2017-03-12-18:00,16
2017-03-12-21:00,14
2017-03-13-00:00,11
2017-03-13-03:00,14
2017-03-13-06:00,21
2017-03-13-07:00,23
2017-03-13-09:00,24
2017-03-13-12:00,23
2017-03-13-15:00,16
2017-03-13-18:00,13
2017-03-13-21:00,12
2017-03-14-00:00,10
2017-03-14-03:00,13
2017-03-14-04:30,19
2017-03-14-06:00,23
2017-03-14-09:00,26
2017-03-14-12:00,25
2017-03-14-15:00,18
2017-03-14-18:00,15
2017-03-14-21:00,13
2017-03-15-00:00,12
2017-03-15-03:00,15
2017-03-15-06:00,25
2017-03-15-09:00,28
2017-03-15-12:00,27
2017-03-15-15:00,20
2017-03-15-18:00,17
2017-03-15-21:00,15
2017-03-16-00:00,15
2017-03-16-03:00,17
2017-03-16-06:00,27
2017-03-16-09:00,30
2017-03-16-10:00,30
2017-03-16-11:30,29
2017-03-16-12:00,29
2017-03-16-15:00,23
2017-03-16-18:00,21
2017-03-16-21:00,19
2017-03-17-00:00,16
2017-03-17-02:00,16
2017-03-17-03:00,18
2017-03-17-03:30,19
2017-03-17-06:00,25
2017-03-17-09:00,27
2017-03-17-12:00,26
2017-03-17-15:00,22
2017-03-17-18:00,21
2017-03-17-21:00,19
2017-03-18-00:00,14
2017-03-18-03:00,18
2017-03-18-06:00,26
2017-03-18-09:00,29
2017-03-18-09:30,29
2017-03-18-10:00,30
2017-03-18-10:30,30
2017-03-18-11:00,30
2017-03-18-11:30,29
2017-03-18-12:00,28
2017-03-18-15:00,22
2017-03-18-18:00,19
2017-03-18-21:00,17
2017-03-19-00:00,17
2017-03-19-03:00,20
2017-03-19-03:30,21
2017-03-19-04:30,24
2017-03-19-05:00,25
2017-03-19-05:30,25
2017-03-19-06:00,27
2017-03-19-06:30,27
2017-03-19-07:00,27
2017-03-19-09:00,29
2017-03-19-09:30,29
2017-03-19-10:00,30
2017-03-19-11:30,29
2017-03-19-12:00,28
2017-03-19-13:00,26
2017-03-19-15:00,23
2017-03-19-18:00,20
2017-03-19-21:00,17
2017-03-20-00:00,17
2017-03-20-03:00,19
2017-03-20-05:00,25
2017-03-20-06:00,28
2017-03-20-09:00,30
2017-03-20-12:00,29
2017-03-20-15:00,24
2017-03-20-18:00,20
2017-03-20-21:00,18
2017-03-21-00:00,17
2017-03-21-03:00,22
2017-03-21-06:00,30
2017-03-21-09:00,33
2017-03-21-12:00,32
2017-03-21-15:00,25
2017-03-21-18:00,21
2017-03-21-21:00,20
2017-03-22-00:00,20
2017-03-22-03:00,23
2017-03-22-06:00,33
2017-03-22-09:00,35
2017-03-22-12:00,34
2017-03-22-15:00,27
2017-03-22-18:00,24
2017-03-22-21:00,22
2017-03-23-00:00,20
2017-03-23-03:00,23
2017-03-23-06:00,33
2017-03-23-09:00,37
2017-03-23-12:00,35
2017-03-23-15:00,28
2017-03-23-18:00,25
2017-03-23-21:00,23
2017-03-24-00:00,21
2017-03-24-03:00,25
2017-03-24-04:30,29
2017-03-24-05:30,31
2017-03-24-06:00,32
2017-03-24-06:30,33
2017-03-24-07:00,34
2017-03-24-09:00,34
2017-03-24-12:00,33
2017-03-24-15:00,27
2017-03-24-18:00,25
2017-03-24-21:00,23
2017-03-25-00:00,19
2017-03-25-03:00,22
2017-03-25-06:00,31
2017-03-25-09:00,34
2017-03-25-12:00,32
2017-03-25-15:00,27
2017-03-25-18:00,25
2017-03-25-21:00,22
2017-03-26-00:00,21
2017-03-26-03:00,23
2017-03-26-06:00,33
2017-03-26-09:00,35
2017-03-26-10:00,35
2017-03-26-12:00,33
2017-03-26-13:00,31
2017-03-26-15:00,29
2017-03-26-18:00,26
2017-03-26-21:00,25
2017-03-27-00:00,23
2017-03-27-03:00,25
2017-03-27-06:00,33
2017-03-27-09:00,36
2017-03-27-12:00,35
2017-03-27-15:00,30
2017-03-27-18:00,28
2017-03-27-21:00,26
2017-03-28-00:00,23
2017-03-28-03:00,26
2017-03-28-03:30,28
2017-03-28-06:00,35
2017-03-28-09:00,37
2017-03-28-12:00,36
2017-03-28-15:00,30
2017-03-28-18:00,28
2017-03-28-21:00,26
2017-03-29-00:00,25
2017-03-29-03:00,28
2017-03-29-06:00,35
2017-03-29-09:00,38
2017-03-29-12:00,37
2017-03-29-15:00,30
2017-03-29-18:00,29
2017-03-29-21:00,26
2017-03-30-00:00,24
2017-03-30-03:00,28
2017-03-30-06:00,35
2017-03-30-12:00,36
2017-03-30-15:00,31
2017-03-30-18:00,27
2017-03-30-21:00,24
2017-03-31-00:00,24
2017-03-31-03:00,28
2017-03-31-06:00,34
2017-03-31-09:00,38
2017-03-31-12:00,38
2017-03-31-15:00,31
2017-03-31-18:00,27
2017-03-31-21:00,25
2017-04-01-00:00,24
2017-04-01-03:00,28
2017-04-01-06:00,36
2017-04-01-09:00,39
2017-04-01-12:00,38
2017-04-01-15:00,31
2017-04-01-18:00,29
2017-04-01-21:00,26
2017-04-02-00:00,25
2017-04-02-03:00,27
2017-04-02-06:00,35
2017-04-02-09:00,38
2017-04-02-12:00,37
2017-04-02-15:00,28
2017-04-02-18:00,25
2017-04-02-21:00,23
2017-04-03-00:00,22
2017-04-03-03:00,27
2017-04-03-06:00,36
2017-04-03-09:00,39
2017-04-03-12:00,38
2017-04-03-15:00,31
2017-04-03-18:00,26
2017-04-03-21:00,25
2017-04-04-00:00,23
2017-04-04-02:00,25
2017-04-04-03:00,28
2017-04-04-04:30,30
2017-04-04-05:00,31
2017-04-04-05:30,32
2017-04-04-06:00,33
2017-04-04-06:30,34
2017-04-04-08:30,35
2017-04-04-09:00,36
2017-04-04-09:30,36
2017-04-04-11:00,35
2017-04-04-12:00,34
2017-04-04-18:00,28
2017-04-04-21:00,24
2017-04-05-00:00,22
2017-04-05-03:00,25
2017-04-05-04:30,30
2017-04-05-05:30,31
2017-04-05-06:00,32
2017-04-05-06:30,33
2017-04-05-09:00,33
2017-04-05-10:00,34
2017-04-05-11:00,33
2017-04-05-12:00,32
2017-04-05-15:00,26
2017-04-05-18:00,25
2017-04-05-21:00,24
2017-04-06-00:00,24
2017-04-06-03:00,26
2017-04-06-06:00,33
2017-04-06-09:00,38
2017-04-06-10:30,38
2017-04-06-12:00,36
2017-04-06-15:00,31
2017-04-06-18:00,29
2017-04-06-21:00,26
2017-04-07-00:00,23
2017-04-07-03:00,25
2017-04-07-06:00,33
2017-04-07-09:00,34
2017-04-07-12:00,33
2017-04-07-15:00,27
2017-04-07-18:00,22
2017-04-07-21:00,19
2017-04-08-00:00,17
2017-04-08-03:00,23
2017-04-08-06:00,32
2017-04-08-09:00,33
2017-04-08-12:00,32
2017-04-08-15:00,24
2017-04-08-18:00,23
2017-04-08-21:00,21
2017-04-09-00:00,20
2017-04-09-03:00,25
2017-04-09-06:00,30
2017-04-09-09:00,32
2017-04-09-12:00,32
2017-04-09-15:00,28
2017-04-09-18:00,26
2017-04-09-21:00,24
2017-04-10-00:00,22
2017-04-10-03:00,24
2017-04-10-06:00,30
2017-04-10-09:00,33
2017-04-10-12:00,33
2017-04-10-15:00,28
2017-04-10-18:00,25
2017-04-11-00:00,22
2017-04-11-03:00,25
2017-04-11-06:00,32
2017-04-11-09:00,37
2017-04-11-12:00,36
2017-04-11-15:00,31
2017-04-11-18:00,27
2017-04-11-21:00,24
2017-04-12-00:00,21
2017-04-12-03:00,26
2017-04-12-06:00,34
2017-04-12-09:00,39
2017-04-12-12:00,38
2017-04-12-15:00,29
2017-04-12-18:00,25
2017-04-12-21:00,22
2017-04-13-00:00,21
2017-04-13-03:00,27
2017-04-13-04:00,30
2017-04-13-06:00,36
2017-04-13-09:00,39
2017-04-13-12:00,38
2017-04-13-15:00,28
2017-04-13-18:00,25
2017-04-13-21:00,23
2017-04-14-00:00,21
2017-04-14-03:00,25
2017-04-14-06:00,38
2017-04-14-09:00,40
2017-04-14-12:00,40
2017-04-14-15:00,29
2017-04-14-18:00,27
2017-04-14-21:00,24
2017-04-15-00:00,23
2017-04-15-03:00,28
2017-04-15-04:00,32
2017-04-15-06:00,37
2017-04-15-09:00,40
2017-04-15-12:00,40
2017-04-15-15:00,30
2017-04-15-18:00,27
2017-04-15-21:00,24
2017-04-16-00:00,22
2017-04-16-03:00,28
2017-04-16-06:00,37
2017-04-16-09:00,39
2017-04-16-12:00,38
2017-04-16-15:00,30
2017-04-16-18:00,27
2017-04-16-21:00,27
2017-04-17-00:00,26
2017-04-17-03:00,28
2017-04-17-05:30,35
2017-04-17-06:00,36
2017-04-17-09:00,40
2017-04-17-12:00,39
2017-04-17-15:00,32
2017-04-17-18:00,29
2017-04-17-21:00,28
2017-04-18-00:00,26
2017-04-18-03:00,29
2017-04-18-05:00,36
2017-04-18-06:00,37
2017-04-18-09:00,42
2017-04-18-12:00,42
2017-04-18-15:00,34
2017-04-18-18:00,31
2017-04-18-21:00,29
2017-04-19-00:00,26
2017-04-19-03:00,32
2017-04-19-06:00,39
2017-04-19-09:00,42
2017-04-19-12:00,41
2017-04-19-15:00,33
2017-04-19-18:00,29
2017-04-19-21:00,26
2017-04-20-00:00,27
2017-04-20-03:00,30
2017-04-20-06:00,38
2017-04-20-09:00,42
2017-04-20-12:00,42
2017-04-20-15:00,34
2017-04-20-18:00,32
2017-04-20-21:00,31
2017-04-21-00:00,30
2017-04-21-03:00,30
2017-04-21-06:00,36
2017-04-21-09:00,39
2017-04-21-12:00,39
2017-04-21-15:00,35
2017-04-21-18:00,33
2017-04-21-21:00,32
2017-04-22-00:00,30
2017-04-22-03:00,32
2017-04-22-06:00,34
2017-04-22-08:00,38
2017-04-22-09:00,38
2017-04-22-12:00,34
2017-04-22-12:30,33
2017-04-22-15:00,32
2017-04-22-18:00,30
2017-04-22-21:00,28
2017-04-23-00:00,27
2017-04-23-03:00,30
2017-04-23-06:00,36
2017-04-23-09:00,39
2017-04-23-12:00,39
2017-04-23-15:00,33
2017-04-23-18:00,30
2017-04-23-21:00,29
2017-04-24-00:00,26
2017-04-24-03:00,28
2017-04-24-06:00,34
2017-04-24-09:00,38
2017-04-24-12:00,36
2017-04-24-15:00,32
2017-04-24-18:00,30
